station_abbr;reference_timestamp;ths2dymn;ths2dymx;ths200m0;th9120mv;th91dnmv;th91dxmv;ths00nm0;pva2hsm0;ths25xm0;pv9120mv;ths00xm0;ths20nm0;thl200mx;phsstam0;thl200mn;ph9120mv;ths30xm0;xhs000m0;fhs010m0;fh9120mv;rhs001m0;ths35xm0;rhs150m0;rh9120mv;ghs000m0;gh9120mv;shs000m0;sh9120mv;xhs00om0;xhs012m0
BAS;01.01.1755 00:00;;;-5.4;-7.6;;;;;;;;;;;;;;;;;;;;;;;;;;
BAS;01.02.1755 00:00;;;-2.8;-6;;;;;;;;;;;;;;;;;;;;;;;;;;
BAS;01.03.1755 00:00;;;3.5;-3.5;;;;;;;;;;;;;;;;;;;;;;;;;;
BAS;01.04.1755 00:00;;;13.2;2.5;;;;;;;;;;;;;;;;;;;;;;;;;;
BAS;01.05.1755 00:00;;;10.4;-4.2;;;;;;;;;;;;;;;;;;;;;;;;;;
BAS;01.06.1755 00:00;;;18.4;0.2;;;;;;;;;;;;;;;;;;;;;;;;;;
BAS;01.07.1755 00:00;;;17.7;-2.5;;;;;;;;;;;;;;;;;;;;;;;;;;
BAS;01.08.1755 00:00;;;15.1;-4.6;;;;;;;;;;;;;;;;;;;;;;;;;;
BAS;01.09.1755 00:00;;;12.6;-2.8;;;;;;;;;;;;;;;;;;;;;;;;;;
BAS;01.10.1755 00:00;;;8;-3.1;;;;;;;;;;;;;;;;;;;;;;;;;;
BAS;01.11.1755 00:00;;;4.9;-1.1;;;;;;;;;;;;;;;;;;;;;;;;;;
BAS;01.12.1755 00:00;;;0.6;-2.3;;;;;;;;;;;;;;;;;;;;;;;;;;
BAS;01.01.1756 00:00;;;2.3;0.1;;;;;;;;;;;;;;;;;;;;;;;;;;
BAS;01.02.1756 00:00;;;1.6;-1.6;;;;;;;;;;;;;;;;;;;;;;;;;;
BAS;01.03.1756 00:00;;;4;-3;;;;;;;;;;;;;;;;;;;;;;;;;;
BAS;01.04.1756 00:00;;;6.9;-3.8;;;;;;;;;;;;;;;;;;;;;;;;;;
BAS;01.05.1756 00:00;;;11;-3.6;;;;;;;;;;;;;;;;;;;;;;;;;;
BAS;01.06.1756 00:00;;;18;-0.2;;;;;;;;;;;;;;;;;;;;;;;;;;
BAS;01.07.1756 00:00;;;17.7;-2.5;;;;;;;;;;;;;;;;;;;;;;;;;;
BAS;01.08.1756 00:00;;;16.3;-3.4;;;;;;;;;;;;;;;;;;;;;;;;;;
BAS;01.09.1756 00:00;;;14.4;-1;;;;;;;;;;;;;;;;;;;;;;;;;;
BAS;01.10.1756 00:00;;;8.2;-2.9;;;;;;;;;;;;;;;;;;;;;;;;;;
BAS;01.11.1756 00:00;;;1.7;-4.3;;;;;;;;;;;;;;;;;;;;;;;;;;
BAS;01.12.1756 00:00;;;-2.5;-5.4;;;;;;;;;;;;;;;;;;;;;;;;;;
BAS;01.01.1757 00:00;;;-2.5;-4.7;;;;;;;;;;;;;;;;;;;;;;;;;;
BAS;01.02.1757 00:00;;;-0.2;-3.4;;;;;;;;;;;;;;;;;;;;;;;;;;
BAS;01.03.1757 00:00;;;2.9;-4.1;;;;;;;;;;;;;;;;;;;;;;;;;;
BAS;01.04.1757 00:00;;;9.5;-1.2;;;;;;;;;;;;;;;;;;;;;;;;;;
BAS;01.05.1757 00:00;;;13.1;-1.5;;;;;;;;;;;;;;;;;;;;;;;;;;
BAS;01.06.1757 00:00;;;17;-1.2;;;;;;;;;;;;;;;;;;;;;;;;;;
BAS;01.07.1757 00:00;;;19.5;-0.7;;;;;;;;;;;;;;;;;;;;;;;;;;
BAS;01.08.1757 00:00;;;16.5;-3.2;;;;;;;;;;;;;;;;;;;;;;;;;;
BAS;01.09.1757 00:00;;;11.1;-4.3;;;;;;;;;;;;;;;;;;;;;;;;;;
BAS;01.10.1757 00:00;;;4.1;-7;;;;;;;;;;;;;;;;;;;;;;;;;;
BAS;01.11.1757 00:00;;;4.7;-1.3;;;;;;;;;;;;;;;;;;;;;;;;;;
BAS;01.12.1757 00:00;;;-0.1;-3;;;;;;;;;;;;;;;;;;;;;;;;;;
BAS;01.01.1758 00:00;;;-4.9;-7.1;;;;;;;;;;;;;;;;;;;;;;;;;;
BAS;01.02.1758 00:00;;;-0.2;-3.4;;;;;;;;;;;;;;;;;;;;;;;;;;
BAS;01.03.1758 00:00;;;4.8;-2.2;;;;;;;;;;;;;;;;;;;;;;;;;;
BAS;01.04.1758 00:00;;;7.7;-3;;;;;;;;;;;;;;;;;;;;;;;;;;
BAS;01.05.1758 00:00;;;14.1;-0.5;;;;;;;;;;;;;;;;;;;;;;;;;;
BAS;01.06.1758 00:00;;;17;-1.2;;;;;;;;;;;;;;;;;;;;;;;;;;
BAS;01.07.1758 00:00;;;14.3;-5.9;;;;;;;;;;;;;;;;;;;;;;;;;;
BAS;01.08.1758 00:00;;;16.5;-3.2;;;;;;;;;;;;;;;;;;;;;;;;;;
BAS;01.09.1758 00:00;;;11.8;-3.6;;;;;;;;;;;;;;;;;;;;;;;;;;
BAS;01.10.1758 00:00;;;6.8;-4.3;;;;;;;;;;;;;;;;;;;;;;;;;;
BAS;01.11.1758 00:00;;;2.8;-3.2;;;;;;;;;;;;;;;;;;;;;;;;;;
BAS;01.12.1758 00:00;;;0.9;-2;;;;;;;;;;;;;;;;;;;;;;;;;;
BAS;01.01.1759 00:00;;;0.6;-1.6;;;;;;;;;;;;;;;;;;;;;;;;;;
BAS;01.02.1759 00:00;;;1.7;-1.5;;;;;;;;;;;;;;;;;;;;;;;;;;
BAS;01.03.1759 00:00;;;4.1;-2.9;;;;;;;;;;;;;;;;;;;;;;;;;;
BAS;01.04.1759 00:00;;;9.8;-0.9;;;;;;;;;;;;;;;;;;;;;;;;;;
BAS;01.05.1759 00:00;;;13.3;-1.3;;;;;;;;;;;;;;;;;;;;;;;;;;
BAS;01.06.1759 00:00;;;15.8;-2.4;;;;;;;;;;;;;;;;;;;;;;;;;;
BAS;01.07.1759 00:00;;;20.3;0.1;;;;;;;;;;;;;;;;;;;;;;;;;;
BAS;01.08.1759 00:00;;;17.1;-2.6;;;;;;;;;;;;;;;;;;;;;;;;;;
BAS;01.09.1759 00:00;;;14.4;-1;;;;;;;;;;;;;;;;;;;;;;;;;;
BAS;01.10.1759 00:00;;;10.5;-0.6;;;;;;;;;;;;;;;;;;;;;;;;;;
BAS;01.11.1759 00:00;;;0.7;-5.3;;;;;;;;;;;;;;;;;;;;;;;;;;
BAS;01.12.1759 00:00;;;-1;-3.9;;;;;;;;;;;;;;;;;;;;;;;;;;
BAS;01.01.1760 00:00;;;-0.5;-2.7;;;;;;;;;;;;;;;;;;;;;;;;;;
BAS;01.02.1760 00:00;;;1.2;-2;;;;;;;;;;;;;;;;;;;;;;;;;;
BAS;01.03.1760 00:00;;;2.8;-4.2;;;;;;;;;;;;;;;;;;;;;;;;;;
BAS;01.04.1760 00:00;;;11;0.3;;;;;;;;;;;;;;;;;;;;;;;;;;
BAS;01.05.1760 00:00;;;14;-0.6;;;;;;;;;;;;;;;;;;;;;;;;;;
BAS;01.06.1760 00:00;;;17.1;-1.1;;;;;;;;;;;;;;;;;;;;;;;;;;
BAS;01.07.1760 00:00;;;18.5;-1.7;;;;;;;;;;;;;;;;;;;;;;;;;;
BAS;01.08.1760 00:00;;;16.7;-3;;;;;;;;;;;;;;;;;;;;;;;;;;
BAS;01.09.1760 00:00;;;14.5;-0.9;;;;;;;;;;;;;;;;;;;;;;;;;;
BAS;01.10.1760 00:00;;;9.3;-1.8;;;;;;;;;;;;;;;;;;;;;;;;;;
BAS;01.11.1760 00:00;;;4.7;-1.3;;;;;;;;;;;;;;;;;;;;;;;;;;
BAS;01.12.1760 00:00;;;4.1;1.2;;;;;;;;;;;;;;;;;;;;;;;;;;
BAS;01.01.1761 00:00;;;-2.9;-5.1;;;;;;;;;;;;;;;;;;;;;;;;;;
BAS;01.02.1761 00:00;;;3.1;-0.1;;;;;;;;;;;;;;;;;;;;;;;;;;
BAS;01.03.1761 00:00;;;6.1;-0.9;;;;;;;;;;;;;;;;;;;;;;;;;;
BAS;01.04.1761 00:00;;;8.7;-2;;;;;;;;;;;;;;;;;;;;;;;;;;
BAS;01.05.1761 00:00;;;14.7;0.1;;;;;;;;;;;;;;;;;;;;;;;;;;
BAS;01.06.1761 00:00;;;16.8;-1.4;;;;;;;;;;;;;;;;;;;;;;;;;;
BAS;01.07.1761 00:00;;;18.2;-2;;;;;;;;;;;;;;;;;;;;;;;;;;
BAS;01.08.1761 00:00;;;18.3;-1.4;;;;;;;;;;;;;;;;;;;;;;;;;;
BAS;01.09.1761 00:00;;;15.1;-0.3;;;;;;;;;;;;;;;;;;;;;;;;;;
BAS;01.10.1761 00:00;;;7.6;-3.5;;;;;;;;;;;;;;;;;;;;;;;;;;
BAS;01.11.1761 00:00;;;3.7;-2.3;;;;;;;;;;;;;;;;;;;;;;;;;;
BAS;01.12.1761 00:00;;;-2.8;-5.7;;;;;;;;;;;;;;;;;;;;;;;;;;
BAS;01.01.1762 00:00;;;1.5;-0.7;;;;;;;;;;;;;;;;;;;;;;;;;;
BAS;01.02.1762 00:00;;;0.5;-2.7;;;;;;;;;;;;;;;;;;;;;;;;;;
BAS;01.03.1762 00:00;;;1.3;-5.7;;;;;;;;;;;;;;;;;;;;;;;;;;
BAS;01.04.1762 00:00;;;11.7;1;;;;;;;;;;;;;;;;;;;;;;;;;;
BAS;01.05.1762 00:00;;;15.2;0.6;;;;;;;;;;;;;;;;;;;;;;;;;;
BAS;01.06.1762 00:00;;;16.4;-1.8;;;;;;;;;;;;;;;;;;;;;;;;;;
BAS;01.07.1762 00:00;;;19.8;-0.4;;;;;;;;;;;;;;;;;;;;;;;;;;
BAS;01.08.1762 00:00;;;17;-2.7;;;;;;;;;;;;;;;;;;;;;;;;;;
BAS;01.09.1762 00:00;;;13.5;-1.9;;;;;;;;;;;;;;;;;;;;;;;;;;
BAS;01.10.1762 00:00;;;7.5;-3.6;;;;;;;;;;;;;;;;;;;;;;;;;;
BAS;01.11.1762 00:00;;;2.9;-3.1;;;;;;;;;;;;;;;;;;;;;;;;;;
BAS;01.12.1762 00:00;;;-3.9;-6.8;;;;;;;;;;;;;;;;;;;;;;;;;;
BAS;01.01.1763 00:00;;;-5.7;-7.9;;;;;;;;;;;;;;;;;;;;;;;;;;
BAS;01.02.1763 00:00;;;4;0.8;;;;;;;;;;;;;;;;;;;;;;;;;;
BAS;01.03.1763 00:00;;;2.5;-4.5;;;;;;;;;;;;;;;;;;;;;;;;;;
BAS;01.04.1763 00:00;;;8.5;-2.2;;;;;;;;;;;;;;;;;;;;;;;;;;
BAS;01.05.1763 00:00;;;11.7;-2.9;;;;;;;;;;;;;;;;;;;;;;;;;;
BAS;01.06.1763 00:00;;;16.5;-1.7;;;;;;;;;;;;;;;;;;;;;;;;;;
BAS;01.07.1763 00:00;;;17.9;-2.3;;;;;;;;;;;;;;;;;;;;;;;;;;
BAS;01.08.1763 00:00;;;19.4;-0.3;;;;;;;;;;;;;;;;;;;;;;;;;;
BAS;01.09.1763 00:00;;;12.9;-2.5;;;;;;;;;;;;;;;;;;;;;;;;;;
BAS;01.10.1763 00:00;;;7.2;-3.9;;;;;;;;;;;;;;;;;;;;;;;;;;
BAS;01.11.1763 00:00;;;3.3;-2.7;;;;;;;;;;;;;;;;;;;;;;;;;;
BAS;01.12.1763 00:00;;;2.4;-0.5;;;;;;;;;;;;;;;;;;;;;;;;;;
BAS;01.01.1764 00:00;;;3.9;1.7;;;;;;;;;;;;;;;;;;;;;;;;;;
BAS;01.02.1764 00:00;;;3.6;0.4;;;;;;;;;;;;;;;;;;;;;;;;;;
BAS;01.03.1764 00:00;;;1.8;-5.2;;;;;;;;;;;;;;;;;;;;;;;;;;
BAS;01.04.1764 00:00;;;7.4;-3.3;;;;;;;;;;;;;;;;;;;;;;;;;;
BAS;01.05.1764 00:00;;;15;0.4;;;;;;;;;;;;;;;;;;;;;;;;;;
BAS;01.06.1764 00:00;;;17.1;-1.1;;;;;;;;;;;;;;;;;;;;;;;;;;
BAS;01.07.1764 00:00;;;19.3;-0.9;;;;;;;;;;;;;;;;;;;;;;;;;;
BAS;01.08.1764 00:00;;;15.8;-3.9;;;;;;;;;;;;;;;;;;;;;;;;;;
BAS;01.09.1764 00:00;;;12.4;-3;;;;;;;;;;;;;;;;;;;;;;;;;;
BAS;01.10.1764 00:00;;;7;-4.1;;;;;;;;;;;;;;;;;;;;;;;;;;
BAS;01.11.1764 00:00;;;4.1;-1.9;;;;;;;;;;;;;;;;;;;;;;;;;;
BAS;01.12.1764 00:00;;;1.8;-1.1;;;;;;;;;;;;;;;;;;;;;;;;;;
BAS;01.01.1765 00:00;;;1.7;-0.5;;;;;;;;;;;;;;;;;;;;;;;;;;
BAS;01.02.1765 00:00;;;-1.7;-4.9;;;;;;;;;;;;;;;;;;;;;;;;;;
BAS;01.03.1765 00:00;;;6.1;-0.9;;;;;;;;;;;;;;;;;;;;;;;;;;
BAS;01.04.1765 00:00;;;8.7;-2;;;;;;;;;;;;;;;;;;;;;;;;;;
BAS;01.05.1765 00:00;;;13;-1.6;;;;;;;;;;;;;;;;;;;;;;;;;;
BAS;01.06.1765 00:00;;;17.8;-0.4;;;;;;;;;;;;;;;;;;;;;;;;;;
BAS;01.07.1765 00:00;;;17;-3.2;;;;;;;;;;;;;;;;;;;;;;;;;;
BAS;01.08.1765 00:00;;;17.3;-2.4;;;;;;;;;;;;;;;;;;;;;;;;;;
BAS;01.09.1765 00:00;;;13.8;-1.6;;;;;;;;;;;;;;;;;;;;;;;;;;
BAS;01.10.1765 00:00;;;9.8;-1.3;;;;;;;;;;;;;;;;;;;;;;;;;;
BAS;01.11.1765 00:00;;;3.1;-2.9;;;;;;;;;;;;;;;;;;;;;;;;;;
BAS;01.12.1765 00:00;;;-1.6;-4.5;;;;;;;;;;;;;;;;;;;;;;;;;;
BAS;01.01.1766 00:00;;;-7.5;-9.7;;;;;;;;;;;;;;;;;;;;;;;;;;
BAS;01.02.1766 00:00;;;-2;-5.2;;;;;;;;;;;;;;;;;;;;;;;;;;
BAS;01.03.1766 00:00;;;3.5;-3.5;;;;;;;;;;;;;;;;;;;;;;;;;;
BAS;01.04.1766 00:00;;;10.5;-0.2;;;;;;;;;;;;;;;;;;;;;;;;;;
BAS;01.05.1766 00:00;;;14.3;-0.3;;;;;;;;;;;;;;;;;;;;;;;;;;
BAS;01.06.1766 00:00;;;16.5;-1.7;;;;;;;;;;;;;;;;;;;;;;;;;;
BAS;01.07.1766 00:00;;;16.9;-3.3;;;;;;;;;;;;;;;;;;;;;;;;;;
BAS;01.08.1766 00:00;;;17.9;-1.8;;;;;;;;;;;;;;;;;;;;;;;;;;
BAS;01.09.1766 00:00;;;14.7;-0.7;;;;;;;;;;;;;;;;;;;;;;;;;;
BAS;01.10.1766 00:00;;;9.4;-1.7;;;;;;;;;;;;;;;;;;;;;;;;;;
BAS;01.11.1766 00:00;;;2.8;-3.2;;;;;;;;;;;;;;;;;;;;;;;;;;
BAS;01.12.1766 00:00;;;-1.6;-4.5;;;;;;;;;;;;;;;;;;;;;;;;;;
BAS;01.01.1767 00:00;;;-5.6;-7.8;;;;;;;;;;;;;;;;;;;;;;;;;;
BAS;01.02.1767 00:00;;;5.1;1.9;;;;;;;;;;;;;;;;;;;;;;;;;;
BAS;01.03.1767 00:00;;;3.5;-3.5;;;;;;;;;;;;;;;;;;;;;;;;;;
BAS;01.04.1767 00:00;;;7.2;-3.5;;;;;;;;;;;;;;;;;;;;;;;;;;
BAS;01.05.1767 00:00;;;11.9;-2.7;;;;;;;;;;;;;;;;;;;;;;;;;;
BAS;01.06.1767 00:00;;;15.6;-2.6;;;;;;;;;;;;;;;;;;;;;;;;;;
BAS;01.07.1767 00:00;;;18;-2.2;;;;;;;;;;;;;;;;;;;;;;;;;;
BAS;01.08.1767 00:00;;;17.9;-1.8;;;;;;;;;;;;;;;;;;;;;;;;;;
BAS;01.09.1767 00:00;;;14.2;-1.2;;;;;;;;;;;;;;;;;;;;;;;;;;
BAS;01.10.1767 00:00;;;8.8;-2.3;;;;;;;;;;;;;;;;;;;;;;;;;;
BAS;01.11.1767 00:00;;;6.3;0.3;;;;;;;;;;;;;;;;;;;;;;;;;;
BAS;01.12.1767 00:00;;;-2;-4.9;;;;;;;;;;;;;;;;;;;;;;;;;;
BAS;01.01.1768 00:00;;;-3;-5.2;;;;;;;;;;;;;;;;;;;;;;;;;;
BAS;01.02.1768 00:00;;;1.4;-1.8;;;;;;;;;;;;;;;;;;;;;;;;;;
BAS;01.03.1768 00:00;;;1.7;-5.3;;;;;;;;;;;;;;;;;;;;;;;;;;
BAS;01.04.1768 00:00;;;9.2;-1.5;;;;;;;;;;;;;;;;;;;;;;;;;;
BAS;01.05.1768 00:00;;;14.3;-0.3;;;;;;;;;;;;;;;;;;;;;;;;;;
BAS;01.06.1768 00:00;;;15.8;-2.4;;;;;;;;;;;;;;;;;;;;;;;;;;
BAS;01.07.1768 00:00;;;17.9;-2.3;;;;;;;;;;;;;;;;;;;;;;;;;;
BAS;01.08.1768 00:00;;;17.5;-2.2;;;;;;;;;;;;;;;;;;;;;;;;;;
BAS;01.09.1768 00:00;;;13.4;-2;;;;;;;;;;;;;;;;;;;;;;;;;;
BAS;01.10.1768 00:00;;;9.7;-1.4;;;;;;;;;;;;;;;;;;;;;;;;;;
BAS;01.11.1768 00:00;;;5.1;-0.9;;;;;;;;;;;;;;;;;;;;;;;;;;
BAS;01.12.1768 00:00;;;0.5;-2.4;;;;;;;;;;;;;;;;;;;;;;;;;;
BAS;01.01.1769 00:00;;;0.6;-1.6;;;;;;;;;;;;;;;;;;;;;;;;;;
BAS;01.02.1769 00:00;;;1.9;-1.3;;;;;;;;;;;;;;;;;;;;;;;;;;
BAS;01.03.1769 00:00;;;3;-4;;;;;;;;;;;;;;;;;;;;;;;;;;
BAS;01.04.1769 00:00;;;9.2;-1.5;;;;;;;;;;;;;;;;;;;;;;;;;;
BAS;01.05.1769 00:00;;;14;-0.6;;;;;;;;;;;;;;;;;;;;;;;;;;
BAS;01.06.1769 00:00;;;15;-3.2;;;;;;;;;;;;;;;;;;;;;;;;;;
BAS;01.07.1769 00:00;;;18.1;-2.1;;;;;;;;;;;;;;;;;;;;;;;;;;
BAS;01.08.1769 00:00;;;17.3;-2.4;;;;;;;;;;;;;;;;;;;;;;;;;;
BAS;01.09.1769 00:00;;;14.3;-1.1;;;;;;;;;;;;;;;;;;;;;;;;;;
BAS;01.10.1769 00:00;;;4.7;-6.4;;;;;;;;;;;;;;;;;;;;;;;;;;
BAS;01.11.1769 00:00;;;6.2;0.2;;;;;;;;;;;;;;;;;;;;;;;;;;
BAS;01.12.1769 00:00;;;1.4;-1.5;;;;;;;;;;;;;;;;;;;;;;;;;;
BAS;01.01.1770 00:00;;;-1.4;-3.6;;;;;;;;;;;;;;;;;;;;;;;;;;
BAS;01.02.1770 00:00;;;-0.5;-3.7;;;;;;;;;;;;;;;;;;;;;;;;;;
BAS;01.03.1770 00:00;;;1.7;-5.3;;;;;;;;;;;;;;;;;;;;;;;;;;
BAS;01.04.1770 00:00;;;5.8;-4.9;;;;;;;;;;;;;;;;;;;;;;;;;;
BAS;01.05.1770 00:00;;;13.5;-1.1;;;;;;;;;;;;;;;;;;;;;;;;;;
BAS;01.06.1770 00:00;;;15.5;-2.7;;;;;;;;;;;;;;;;;;;;;;;;;;
BAS;01.07.1770 00:00;;;16.2;-4;;;;;;;;;;;;;;;;;;;;;;;;;;
BAS;01.08.1770 00:00;;;18.1;-1.6;;;;;;;;;;;;;;;;;;;;;;;;;;
BAS;01.09.1770 00:00;;;16.1;0.7;;;;;;;;;;;;;;;;;;;;;;;;;;
BAS;01.10.1770 00:00;;;8.9;-2.2;;;;;;;;;;;;;;;;;;;;;;;;;;
BAS;01.11.1770 00:00;;;5.8;-0.2;;;;;;;;;;;;;;;;;;;;;;;;;;
BAS;01.12.1770 00:00;;;2.6;-0.3;;;;;;;;;;;;;;;;;;;;;;;;;;
BAS;01.01.1771 00:00;;;0;-2.2;;;;;;;;;;;;;;;;;;;;;;;;;;
BAS;01.02.1771 00:00;;;0.1;-3.1;;;;;;;;;;;;;;;;;;;;;;;;;;
BAS;01.03.1771 00:00;;;3.1;-3.9;;;;;;;;;;;;;;;;;;;;;;;;;;
BAS;01.04.1771 00:00;;;6.2;-4.5;;;;;;;;;;;;;;;;;;;;;;;;;;
BAS;01.05.1771 00:00;;;16.2;1.6;;;;;;;;;;;;;;;;;;;;;;;;;;
BAS;01.06.1771 00:00;;;14.9;-3.3;;;;;;;;;;;;;;;;;;;;;;;;;;
BAS;01.07.1771 00:00;;;18.8;-1.4;;;;;;;;;;;;;;;;;;;;;;;;;;
BAS;01.08.1771 00:00;;;17;-2.7;;;;;;;;;;;;;;;;;;;;;;;;;;
BAS;01.09.1771 00:00;;;14.5;-0.9;;;;;;;;;;;;;;;;;;;;;;;;;;
BAS;01.10.1771 00:00;;;9.2;-1.9;;;;;;;;;;;;;;;;;;;;;;;;;;
BAS;01.11.1771 00:00;;;1.3;-4.7;;;;;;;;;;;;;;;;;;;;;;;;;;
BAS;01.12.1771 00:00;;;2.2;-0.7;;;;;;;;;;;;;;;;;;;;;;;;;;
BAS;01.01.1772 00:00;;;-0.8;-3;;;;;;;;;;;;;;;;;;;;;;;;;;
BAS;01.02.1772 00:00;;;3.7;0.5;;;;;;;;;;;;;;;;;;;;;;;;;;
BAS;01.03.1772 00:00;;;6.3;-0.7;;;;;;;;;;;;;;;;;;;;;;;;;;
BAS;01.04.1772 00:00;;;8.3;-2.4;;;;;;;;;;;;;;;;;;;;;;;;;;
BAS;01.05.1772 00:00;;;12;-2.6;;;;;;;;;;;;;;;;;;;;;;;;;;
BAS;01.06.1772 00:00;;;18.5;0.3;;;;;;;;;;;;;;;;;;;;;;;;;;
BAS;01.07.1772 00:00;;;18.2;-2;;;;;;;;;;;;;;;;;;;;;;;;;;
BAS;01.08.1772 00:00;;;17.8;-1.9;;;;;;;;;;;;;;;;;;;;;;;;;;
BAS;01.09.1772 00:00;;;16.1;0.7;;;;;;;;;;;;;;;;;;;;;;;;;;
BAS;01.10.1772 00:00;;;11.3;0.2;;;;;;;;;;;;;;;;;;;;;;;;;;
BAS;01.11.1772 00:00;;;6;0;;;;;;;;;;;;;;;;;;;;;;;;;;
BAS;01.12.1772 00:00;;;1.6;-1.3;;;;;;;;;;;;;;;;;;;;;;;;;;
BAS;01.01.1773 00:00;;;2;-0.2;;;;;;;;;;;;;;;;;;;;;;;;;;
BAS;01.02.1773 00:00;;;-2.1;-5.3;;;;;;;;;;;;;;;;;;;;;;;;;;
BAS;01.03.1773 00:00;;;3.8;-3.2;;;;;;;;;;;;;;;;;;;;;;;;;;
BAS;01.04.1773 00:00;;;8.3;-2.4;;;;;;;;;;;;;;;;;;;;;;;;;;
BAS;01.05.1773 00:00;;;13;-1.6;;;;;;;;;;;;;;;;;;;;;;;;;;
BAS;01.06.1773 00:00;;;16;-2.2;;;;;;;;;;;;;;;;;;;;;;;;;;
BAS;01.07.1773 00:00;;;16.3;-3.9;;;;;;;;;;;;;;;;;;;;;;;;;;
BAS;01.08.1773 00:00;;;17.3;-2.4;;;;;;;;;;;;;;;;;;;;;;;;;;
BAS;01.09.1773 00:00;;;14.9;-0.5;;;;;;;;;;;;;;;;;;;;;;;;;;
BAS;01.10.1773 00:00;;;10;-1.1;;;;;;;;;;;;;;;;;;;;;;;;;;
BAS;01.11.1773 00:00;;;4.9;-1.1;;;;;;;;;;;;;;;;;;;;;;;;;;
BAS;01.12.1773 00:00;;;3.6;0.7;;;;;;;;;;;;;;;;;;;;;;;;;;
BAS;01.01.1774 00:00;;;0.7;-1.5;;;;;;;;;;;;;;;;;;;;;;;;;;
BAS;01.02.1774 00:00;;;2;-1.2;;;;;;;;;;;;;;;;;;;;;;;;;;
BAS;01.03.1774 00:00;;;7.3;0.3;;;;;;;;;;;;;;;;;;;;;;;;;;
BAS;01.04.1774 00:00;;;10.9;0.2;;;;;;;;;;;;;;;;;;;;;;;;;;
BAS;01.05.1774 00:00;;;13.6;-1;;;;;;;;;;;;;;;;;;;;;;;;;;
BAS;01.06.1774 00:00;;;16.9;-1.3;;;;;;;;;;;;;;;;;;;;;;;;;;
BAS;01.07.1774 00:00;;;17.5;-2.7;;;;;;;;;;;;;;;;;;;;;;;;;;
BAS;01.08.1774 00:00;;;19.3;-0.4;;;;;;;;;;;;;;;;;;;;;;;;;;
BAS;01.09.1774 00:00;;;13.9;-1.5;;;;;;;;;;;;;;;;;;;;;;;;;;
BAS;01.10.1774 00:00;;;7.9;-3.2;;;;;;;;;;;;;;;;;;;;;;;;;;
BAS;01.11.1774 00:00;;;1.7;-4.3;;;;;;;;;;;;;;;;;;;;;;;;;;
BAS;01.12.1774 00:00;;;-1.6;-4.5;;;;;;;;;;;;;;;;;;;;;;;;;;
BAS;01.01.1775 00:00;;;0.9;-1.3;;;;;;;;;;;;;;;;;;;;;;;;;;
BAS;01.02.1775 00:00;;;4.3;1.1;;;;;;;;;;;;;;;;;;;;;;;;;;
BAS;01.03.1775 00:00;;;5.3;-1.7;;;;;;;;;;;;;;;;;;;;;;;;;;
BAS;01.04.1775 00:00;;;8.1;-2.6;;;;;;;;;;;;;;;;;;;;;;;;;;
BAS;01.05.1775 00:00;;;12.1;-2.5;;;;;;;;;;;;;;;;;;;;;;;;;;
BAS;01.06.1775 00:00;;;17.9;-0.3;;;;;;;;;;;;;;;;;;;;;;;;;;
BAS;01.07.1775 00:00;;;18.4;-1.8;;;;;;;;;;;;;;;;;;;;;;;;;;
BAS;01.08.1775 00:00;;;18;-1.7;;;;;;;;;;;;;;;;;;;;;;;;;;
BAS;01.09.1775 00:00;;;15.8;0.4;;;;;;;;;;;;;;;;;;;;;;;;;;
BAS;01.10.1775 00:00;;;9.5;-1.6;;;;;;;;;;;;;;;;;;;;;;;;;;
BAS;01.11.1775 00:00;;;3.7;-2.3;;;;;;;;;;;;;;;;;;;;;;;;;;
BAS;01.12.1775 00:00;;;-0.6;-3.5;;;;;;;;;;;;;;;;;;;;;;;;;;
BAS;01.01.1776 00:00;;;-4.9;-7.1;;;;;;;;;;;;;;;;;;;;;;;;;;
BAS;01.02.1776 00:00;;;3.4;0.2;;;;;;;;;;;;;;;;;;;;;;;;;;
BAS;01.03.1776 00:00;;;6.1;-0.9;;;;;;;;;;;;;;;;;;;;;;;;;;
BAS;01.04.1776 00:00;;;9.1;-1.6;;;;;;;;;;;;;;;;;;;;;;;;;;
BAS;01.05.1776 00:00;;;10.9;-3.7;;;;;;;;;;;;;;;;;;;;;;;;;;
BAS;01.06.1776 00:00;;;16.4;-1.8;;;;;;;;;;;;;;;;;;;;;;;;;;
BAS;01.07.1776 00:00;;;18.3;-1.9;;;;;;;;;;;;;;;;;;;;;;;;;;
BAS;01.08.1776 00:00;;;18;-1.7;;;;;;;;;;;;;;;;;;;;;;;;;;
BAS;01.09.1776 00:00;;;12.6;-2.8;;;;;;;;;;;;;;;;;;;;;;;;;;
BAS;01.10.1776 00:00;;;9;-2.1;;;;;;;;;;;;;;;;;;;;;;;;;;
BAS;01.11.1776 00:00;;;3.7;-2.3;;;;;;;;;;;;;;;;;;;;;;;;;;
BAS;01.12.1776 00:00;;;0.2;-2.7;;;;;;;;;;;;;;;;;;;;;;;;;;
BAS;01.01.1777 00:00;;;-1.3;-3.5;;;;;;;;;;;;;;;;;;;;;;;;;;
BAS;01.02.1777 00:00;;;-0.7;-3.9;;;;;;;;;;;;;;;;;;;;;;;;;;
BAS;01.03.1777 00:00;;;6.6;-0.4;;;;;;;;;;;;;;;;;;;;;;;;;;
BAS;01.04.1777 00:00;;;7.2;-3.5;;;;;;;;;;;;;;;;;;;;;;;;;;
BAS;01.05.1777 00:00;;;12.2;-2.4;;;;;;;;;;;;;;;;;;;;;;;;;;
BAS;01.06.1777 00:00;;;15.4;-2.8;;;;;;;;;;;;;;;;;;;;;;;;;;
BAS;01.07.1777 00:00;;;16.8;-3.4;;;;;;;;;;;;;;;;;;;;;;;;;;
BAS;01.08.1777 00:00;;;18.7;-1;;;;;;;;;;;;;;;;;;;;;;;;;;
BAS;01.09.1777 00:00;;;14.2;-1.2;;;;;;;;;;;;;;;;;;;;;;;;;;
BAS;01.10.1777 00:00;;;10.3;-0.8;;;;;;;;;;;;;;;;;;;;;;;;;;
BAS;01.11.1777 00:00;;;4.8;-1.2;;;;;;;;;;;;;;;;;;;;;;;;;;
BAS;01.12.1777 00:00;;;-1.3;-4.2;;;;;;;;;;;;;;;;;;;;;;;;;;
BAS;01.01.1778 00:00;;;-0.2;-2.4;;;;;;;;;;;;;;;;;;;;;;;;;;
BAS;01.02.1778 00:00;;;0;-3.2;;;;;;;;;;;;;;;;;;;;;;;;;;
BAS;01.03.1778 00:00;;;4.2;-2.8;;;;;;;;;;;;;;;;;;;;;;;;;;
BAS;01.04.1778 00:00;;;10.4;-0.3;;;;;;;;;;;;;;;;;;;;;;;;;;
BAS;01.05.1778 00:00;;;14.2;-0.4;;;;;;;;;;;;;;;;;;;;;;;;;;
BAS;01.06.1778 00:00;;;15.7;-2.5;;;;;;;;;;;;;;;;;;;;;;;;;;
BAS;01.07.1778 00:00;;;19.7;-0.5;;;;;;;;;;;;;;;;;;;;;;;;;;
BAS;01.08.1778 00:00;;;18.3;-1.4;;;;;;;;;;;;;;;;;;;;;;;;;;
BAS;01.09.1778 00:00;;;12.3;-3.1;;;;;;;;;;;;;;;;;;;;;;;;;;
BAS;01.10.1778 00:00;;;8.6;-2.5;;;;;;;;;;;;;;;;;;;;;;;;;;
BAS;01.11.1778 00:00;;;5.1;-0.9;;;;;;;;;;;;;;;;;;;;;;;;;;
BAS;01.12.1778 00:00;;;3.7;0.8;;;;;;;;;;;;;;;;;;;;;;;;;;
BAS;01.01.1779 00:00;;;-6.7;-8.9;;;;;;;;;;;;;;;;;;;;;;;;;;
BAS;01.02.1779 00:00;;;1.6;-1.6;;;;;;;;;;;;;;;;;;;;;;;;;;
BAS;01.03.1779 00:00;;;4.5;-2.5;;;;;;;;;;;;;;;;;;;;;;;;;;
BAS;01.04.1779 00:00;;;11.8;1.1;;;;;;;;;;;;;;;;;;;;;;;;;;
BAS;01.05.1779 00:00;;;14.4;-0.2;;;;;;;;;;;;;;;;;;;;;;;;;;
BAS;01.06.1779 00:00;;;14.6;-3.6;;;;;;;;;;;;;;;;;;;;;;;;;;
BAS;01.07.1779 00:00;;;17.3;-2.9;;;;;;;;;;;;;;;;;;;;;;;;;;
BAS;01.08.1779 00:00;;;17.9;-1.8;;;;;;;;;;;;;;;;;;;;;;;;;;
BAS;01.09.1779 00:00;;;15.4;0;;;;;;;;;;;;;;;;;;;;;;;;;;
BAS;01.10.1779 00:00;;;11.3;0.2;;;;;;;;;;;;;;;;;;;;;;;;;;
BAS;01.11.1779 00:00;;;5.5;-0.5;;;;;;;;;;;;;;;;;;;;;;;;;;
BAS;01.12.1779 00:00;;;5.4;2.5;;;;;;;;;;;;;;;;;;;;;;;;;;
BAS;01.01.1780 00:00;;;-2.9;-5.1;;;;;;;;;;;;;;;;;;;;;;;;;;
BAS;01.02.1780 00:00;;;-2.4;-5.6;;;;;;;;;;;;;;;;;;;;;;;;;;
BAS;01.03.1780 00:00;;;7.5;0.5;;;;;;;;;;;;;;;;;;;;;;;;;;
BAS;01.04.1780 00:00;;;7.4;-3.3;;;;;;;;;;;;;;;;;;;;;;;;;;
BAS;01.05.1780 00:00;;;14.5;-0.1;;;;;;;;;;;;;;;;;;;;;;;;;;
BAS;01.06.1780 00:00;;;17.1;-1.1;;;;;;;;;;;;;;;;;;;;;;;;;;
BAS;01.07.1780 00:00;;;18.5;-1.7;;;;;;;;;;;;;;;;;;;;;;;;;;
BAS;01.08.1780 00:00;;;19.2;-0.5;;;;;;;;;;;;;;;;;;;;;;;;;;
BAS;01.09.1780 00:00;;;14.8;-0.6;;;;;;;;;;;;;;;;;;;;;;;;;;
BAS;01.10.1780 00:00;;;10.2;-0.9;;;;;;;;;;;;;;;;;;;;;;;;;;
BAS;01.11.1780 00:00;;;3.7;-2.3;;;;;;;;;;;;;;;;;;;;;;;;;;
BAS;01.12.1780 00:00;;;-0.8;-3.7;;;;;;;;;;;;;;;;;;;;;;;;;;
BAS;01.01.1781 00:00;;;0.5;-1.7;;;;;;;;;;;;;;;;;;;;;;;;;;
BAS;01.02.1781 00:00;;;3;-0.2;;;;;;;;;;;;;;;;;;;;;;;;;;
BAS;01.03.1781 00:00;;;5.8;-1.2;;;;;;;;;;;;;;;;;;;;;;;;;;
BAS;01.04.1781 00:00;;;11.3;0.6;;;;;;;;;;;;;;;;;;;;;;;;;;
BAS;01.05.1781 00:00;;;15;0.4;;;;;;;;;;;;;;;;;;;;;;;;;;
BAS;01.06.1781 00:00;;;16.8;-1.4;;;;;;;;;;;;;;;;;;;;;;;;;;
BAS;01.07.1781 00:00;;;18.2;-2;;;;;;;;;;;;;;;;;;;;;;;;;;
BAS;01.08.1781 00:00;;;19.3;-0.4;;;;;;;;;;;;;;;;;;;;;;;;;;
BAS;01.09.1781 00:00;;;15.3;-0.1;;;;;;;;;;;;;;;;;;;;;;;;;;
BAS;01.10.1781 00:00;;;7.8;-3.3;;;;;;;;;;;;;;;;;;;;;;;;;;
BAS;01.11.1781 00:00;;;4.5;-1.5;;;;;;;;;;;;;;;;;;;;;;;;;;
BAS;01.12.1781 00:00;;;2.8;-0.1;;;;;;;;;;;;;;;;;;;;;;;;;;
BAS;01.01.1782 00:00;;;2.5;0.3;;;;;;;;;;;;;;;;;;;;;;;;;;
BAS;01.02.1782 00:00;;;-4.4;-7.6;;;;;;;;;;;;;;;;;;;;;;;;;;
BAS;01.03.1782 00:00;;;3.6;-3.4;;;;;;;;;;;;;;;;;;;;;;;;;;
BAS;01.04.1782 00:00;;;7.7;-3;;;;;;;;;;;;;;;;;;;;;;;;;;
BAS;01.05.1782 00:00;;;12.2;-2.4;;;;;;;;;;;;;;;;;;;;;;;;;;
BAS;01.06.1782 00:00;;;17.5;-0.7;;;;;;;;;;;;;;;;;;;;;;;;;;
BAS;01.07.1782 00:00;;;19.4;-0.8;;;;;;;;;;;;;;;;;;;;;;;;;;
BAS;01.08.1782 00:00;;;17.2;-2.5;;;;;;;;;;;;;;;;;;;;;;;;;;
BAS;01.09.1782 00:00;;;13.8;-1.6;;;;;;;;;;;;;;;;;;;;;;;;;;
BAS;01.10.1782 00:00;;;6.5;-4.6;;;;;;;;;;;;;;;;;;;;;;;;;;
BAS;01.11.1782 00:00;;;0.7;-5.3;;;;;;;;;;;;;;;;;;;;;;;;;;
BAS;01.12.1782 00:00;;;-1.1;-4;;;;;;;;;;;;;;;;;;;;;;;;;;
BAS;01.01.1783 00:00;;;4.1;1.9;;;;;;;;;;;;;;;;;;;;;;;;;;
BAS;01.02.1783 00:00;;;3.2;0;;;;;;;;;;;;;;;;;;;;;;;;;;
BAS;01.03.1783 00:00;;;3.6;-3.4;;;;;;;;;;;;;;;;;;;;;;;;;;
BAS;01.04.1783 00:00;;;9.6;-1.1;;;;;;;;;;;;;;;;;;;;;;;;;;
BAS;01.05.1783 00:00;;;14.3;-0.3;;;;;;;;;;;;;;;;;;;;;;;;;;
BAS;01.06.1783 00:00;;;16.7;-1.5;;;;;;;;;;;;;;;;;;;;;;;;;;
BAS;01.07.1783 00:00;;;20;-0.2;;;;;;;;;;;;;;;;;;;;;;;;;;
BAS;01.08.1783 00:00;;;17.6;-2.1;;;;;;;;;;;;;;;;;;;;;;;;;;
BAS;01.09.1783 00:00;;;14.4;-1;;;;;;;;;;;;;;;;;;;;;;;;;;
BAS;01.10.1783 00:00;;;10;-1.1;;;;;;;;;;;;;;;;;;;;;;;;;;
BAS;01.11.1783 00:00;;;4.2;-1.8;;;;;;;;;;;;;;;;;;;;;;;;;;
BAS;01.12.1783 00:00;;;-0.3;-3.2;;;;;;;;;;;;;;;;;;;;;;;;;;
BAS;01.01.1784 00:00;;;-3.6;-5.8;;;;;;;;;;;;;;;;;;;;;;;;;;
BAS;01.02.1784 00:00;;;-2.2;-5.4;;;;;;;;;;;;;;;;;;;;;;;;;;
BAS;01.03.1784 00:00;;;3.6;-3.4;;;;;;;;;;;;;;;;;;;;;;;;;;
BAS;01.04.1784 00:00;;;6.4;-4.3;;;;;;;;;;;;;;;;;;;;;;;;;;
BAS;01.05.1784 00:00;;;15.8;1.2;;;;;;;;;;;;;;;;;;;;;;;;;;
BAS;01.06.1784 00:00;;;17.2;-1;;;;;;;;;;;;;;;;;;;;;;;;;;
BAS;01.07.1784 00:00;;;18.3;-1.9;;;;;;;;;;;;;;;;;;;;;;;;;;
BAS;01.08.1784 00:00;;;16.3;-3.4;;;;;;;;;;;;;;;;;;;;;;;;;;
BAS;01.09.1784 00:00;;;16;0.6;;;;;;;;;;;;;;;;;;;;;;;;;;
BAS;01.10.1784 00:00;;;5.3;-5.8;;;;;;;;;;;;;;;;;;;;;;;;;;
BAS;01.11.1784 00:00;;;4.2;-1.8;;;;;;;;;;;;;;;;;;;;;;;;;;
BAS;01.12.1784 00:00;;;-1.3;-4.2;;;;;;;;;;;;;;;;;;;;;;;;;;
BAS;01.01.1785 00:00;;;0.4;-1.8;;;;;;;;;;;;;;;;;;;;;;;;;;
BAS;01.02.1785 00:00;;;-1.8;-5;;;;;;;;;;;;;;;;;;;;;;;;;;
BAS;01.03.1785 00:00;;;-2.7;-9.7;;;;;;;;;;;;;;;;;;;;;;;;;;
BAS;01.04.1785 00:00;;;6;-4.7;;;;;;;;;;;;;;;;;;;;;;;;;;
BAS;01.05.1785 00:00;;;14;-0.6;;;;;;;;;;;;;;;;;;;;;;;;;;
BAS;01.06.1785 00:00;;;15.7;-2.5;;;;;;;;;;;;;;;;;;;;;;;;;;
BAS;01.07.1785 00:00;;;17;-3.2;;;;;;;;;;;;;;;;;;;;;;;;;;
BAS;01.08.1785 00:00;;;16.3;-3.4;;;;;;;;;;;;;;;;;;;;;;;;;;
BAS;01.09.1785 00:00;;;16.1;0.7;;;;;;;;;;;;;;;;;;;;;;;;;;
BAS;01.10.1785 00:00;;;8.4;-2.7;;;;;;;;;;;;;;;;;;;;;;;;;;
BAS;01.11.1785 00:00;;;4.6;-1.4;;;;;;;;;;;;;;;;;;;;;;;;;;
BAS;01.12.1785 00:00;;;1;-1.9;;;;;;;;;;;;;;;;;;;;;;;;;;
BAS;01.01.1786 00:00;;;0.5;-1.7;;;;;;;;;;;;;;;;;;;;;;;;;;
BAS;01.02.1786 00:00;;;1.8;-1.4;;;;;;;;;;;;;;;;;;;;;;;;;;
BAS;01.03.1786 00:00;;;2;-5;;;;;;;;;;;;;;;;;;;;;;;;;;
BAS;01.04.1786 00:00;;;10.5;-0.2;;;;;;;;;;;;;;;;;;;;;;;;;;
BAS;01.05.1786 00:00;;;12.9;-1.7;;;;;;;;;;;;;;;;;;;;;;;;;;
BAS;01.06.1786 00:00;;;17.7;-0.5;;;;;;;;;;;;;;;;;;;;;;;;;;
BAS;01.07.1786 00:00;;;16.3;-3.9;;;;;;;;;;;;;;;;;;;;;;;;;;
BAS;01.08.1786 00:00;;;16.3;-3.4;;;;;;;;;;;;;;;;;;;;;;;;;;
BAS;01.09.1786 00:00;;;12.9;-2.5;;;;;;;;;;;;;;;;;;;;;;;;;;
BAS;01.10.1786 00:00;;;6.3;-4.8;;;;;;;;;;;;;;;;;;;;;;;;;;
BAS;01.11.1786 00:00;;;2.4;-3.6;;;;;;;;;;;;;;;;;;;;;;;;;;
BAS;01.12.1786 00:00;;;1.2;-1.7;;;;;;;;;;;;;;;;;;;;;;;;;;
BAS;01.01.1787 00:00;;;-2.6;-4.8;;;;;;;;;;;;;;;;;;;;;;;;;;
BAS;01.02.1787 00:00;;;1.8;-1.4;;;;;;;;;;;;;;;;;;;;;;;;;;
BAS;01.03.1787 00:00;;;6.5;-0.5;;;;;;;;;;;;;;;;;;;;;;;;;;
BAS;01.04.1787 00:00;;;8.3;-2.4;;;;;;;;;;;;;;;;;;;;;;;;;;
BAS;01.05.1787 00:00;;;11.2;-3.4;;;;;;;;;;;;;;;;;;;;;;;;;;
BAS;01.06.1787 00:00;;;17;-1.2;;;;;;;;;;;;;;;;;;;;;;;;;;
BAS;01.07.1787 00:00;;;17.2;-3;;;;;;;;;;;;;;;;;;;;;;;;;;
BAS;01.08.1787 00:00;;;18.1;-1.6;;;;;;;;;;;;;;;;;;;;;;;;;;
BAS;01.09.1787 00:00;;;14;-1.4;;;;;;;;;;;;;;;;;;;;;;;;;;
BAS;01.10.1787 00:00;;;11;-0.1;;;;;;;;;;;;;;;;;;;;;;;;;;
BAS;01.11.1787 00:00;;;4.8;-1.2;;;;;;;;;;;;;;;;;;;;;;;;;;
BAS;01.12.1787 00:00;;;4.2;1.3;;;;;;;;;;;;;;;;;;;;;;;;;;
BAS;01.01.1788 00:00;;;1.4;-0.8;;;;;;;;;;;;;;;;;;;;;;;;;;
BAS;01.02.1788 00:00;;;4;0.8;;;;;;;;;;;;;;;;;;;;;;;;;;
BAS;01.03.1788 00:00;;;5.7;-1.3;;;;;;;;;;;;;;;;;;;;;;;;;;
BAS;01.04.1788 00:00;;;9.8;-0.9;;;;;;;;;;;;;;;;;;;;;;;;;;
BAS;01.05.1788 00:00;;;14.7;0.1;;;;;;;;;;;;;;;;;;;;;;;;;;
BAS;01.06.1788 00:00;;;16.9;-1.3;;;;;;;;;;;;;;;;;;;;;;;;;;
BAS;01.07.1788 00:00;;;19.2;-1;;;;;;;;;;;;;;;;;;;;;;;;;;
BAS;01.08.1788 00:00;;;16.9;-2.8;;;;;;;;;;;;;;;;;;;;;;;;;;
BAS;01.09.1788 00:00;;;15.8;0.4;;;;;;;;;;;;;;;;;;;;;;;;;;
BAS;01.10.1788 00:00;;;8.2;-2.9;;;;;;;;;;;;;;;;;;;;;;;;;;
BAS;01.11.1788 00:00;;;0.5;-5.5;;;;;;;;;;;;;;;;;;;;;;;;;;
BAS;01.12.1788 00:00;;;-9.3;-12.2;;;;;;;;;;;;;;;;;;;;;;;;;;
BAS;01.01.1789 00:00;;;-1.5;-3.7;;;;;;;;;;;;;;;;;;;;;;;;;;
BAS;01.02.1789 00:00;;;3.4;0.2;;;;;;;;;;;;;;;;;;;;;;;;;;
BAS;01.03.1789 00:00;;;1.2;-5.8;;;;;;;;;;;;;;;;;;;;;;;;;;
BAS;01.04.1789 00:00;;;9.9;-0.8;;;;;;;;;;;;;;;;;;;;;;;;;;
BAS;01.05.1789 00:00;;;15.3;0.7;;;;;;;;;;;;;;;;;;;;;;;;;;
BAS;01.06.1789 00:00;;;14;-4.2;;;;;;;;;;;;;;;;;;;;;;;;;;
BAS;01.07.1789 00:00;;;16.9;-3.3;;;;;;;;;;;;;;;;;;;;;;;;;;
BAS;01.08.1789 00:00;;;17.4;-2.3;;;;;;;;;;;;;;;;;;;;;;;;;;
BAS;01.09.1789 00:00;;;13.4;-2;;;;;;;;;;;;;;;;;;;;;;;;;;
BAS;01.10.1789 00:00;;;8.4;-2.7;;;;;;;;;;;;;;;;;;;;;;;;;;
BAS;01.11.1789 00:00;;;3.2;-2.8;;;;;;;;;;;;;;;;;;;;;;;;;;
BAS;01.12.1789 00:00;;;1.8;-1.1;;;;;;;;;;;;;;;;;;;;;;;;;;
BAS;01.01.1790 00:00;;;1;-1.2;;;;;;;;;;;;;;;;;;;;;;;;;;
BAS;01.02.1790 00:00;;;2.9;-0.3;;;;;;;;;;;;;;;;;;;;;;;;;;
BAS;01.03.1790 00:00;;;4.9;-2.1;;;;;;;;;;;;;;;;;;;;;;;;;;
BAS;01.04.1790 00:00;;;8;-2.7;;;;;;;;;;;;;;;;;;;;;;;;;;
BAS;01.05.1790 00:00;;;14.2;-0.4;;;;;;;;;;;;;;;;;;;;;;;;;;
BAS;01.06.1790 00:00;;;16.7;-1.5;;;;;;;;;;;;;;;;;;;;;;;;;;
BAS;01.07.1790 00:00;;;16.5;-3.7;;;;;;;;;;;;;;;;;;;;;;;;;;
BAS;01.08.1790 00:00;;;18.1;-1.6;;;;;;;;;;;;;;;;;;;;;;;;;;
BAS;01.09.1790 00:00;;;13.1;-2.3;;;;;;;;;;;;;;;;;;;;;;;;;;
BAS;01.10.1790 00:00;;;10.6;-0.5;;;;;;;;;;;;;;;;;;;;;;;;;;
BAS;01.11.1790 00:00;;;4.4;-1.6;;;;;;;;;;;;;;;;;;;;;;;;;;
BAS;01.12.1790 00:00;;;2.4;-0.5;;;;;;;;;;;;;;;;;;;;;;;;;;
BAS;01.01.1791 00:00;;;3.4;1.2;;;;;;;;;;;;;;;;;;;;;;;;;;
BAS;01.02.1791 00:00;;;0.9;-2.3;;;;;;;;;;;;;;;;;;;;;;;;;;
BAS;01.03.1791 00:00;;;4.5;-2.5;;;;;;;;;;;;;;;;;;;;;;;;;;
BAS;01.04.1791 00:00;;;11.7;1;;;;;;;;;;;;;;;;;;;;;;;;;;
BAS;01.05.1791 00:00;;;12.9;-1.7;;;;;;;;;;;;;;;;;;;;;;;;;;
BAS;01.06.1791 00:00;;;16.2;-2;;;;;;;;;;;;;;;;;;;;;;;;;;
BAS;01.07.1791 00:00;;;17.9;-2.3;;;;;;;;;;;;;;;;;;;;;;;;;;
BAS;01.08.1791 00:00;;;18.9;-0.8;;;;;;;;;;;;;;;;;;;;;;;;;;
BAS;01.09.1791 00:00;;;13.5;-1.9;;;;;;;;;;;;;;;;;;;;;;;;;;
BAS;01.10.1791 00:00;;;9;-2.1;;;;;;;;;;;;;;;;;;;;;;;;;;
BAS;01.11.1791 00:00;;;1.6;-4.4;;;;;;;;;;;;;;;;;;;;;;;;;;
BAS;01.12.1791 00:00;;;2.4;-0.5;;;;;;;;;;;;;;;;;;;;;;;;;;
BAS;01.01.1792 00:00;;;1.2;-1;;;;;;;;;;;;;;;;;;;;;;;;;;
BAS;01.02.1792 00:00;;;1.3;-1.9;;;;;;;;;;;;;;;;;;;;;;;;;;
BAS;01.03.1792 00:00;;;6;-1;;;;;;;;;;;;;;;;;;;;;;;;;;
BAS;01.04.1792 00:00;;;10.8;0.1;;;;;;;;;;;;;;;;;;;;;;;;;;
BAS;01.05.1792 00:00;;;12.5;-2.1;;;;;;;;;;;;;;;;;;;;;;;;;;
BAS;01.06.1792 00:00;;;16.2;-2;;;;;;;;;;;;;;;;;;;;;;;;;;
BAS;01.07.1792 00:00;;;17.7;-2.5;;;;;;;;;;;;;;;;;;;;;;;;;;
BAS;01.08.1792 00:00;;;18.2;-1.5;;;;;;;;;;;;;;;;;;;;;;;;;;
BAS;01.09.1792 00:00;;;12.5;-2.9;;;;;;;;;;;;;;;;;;;;;;;;;;
BAS;01.10.1792 00:00;;;10.2;-0.9;;;;;;;;;;;;;;;;;;;;;;;;;;
BAS;01.11.1792 00:00;;;3.7;-2.3;;;;;;;;;;;;;;;;;;;;;;;;;;
BAS;01.12.1792 00:00;;;1.9;-1;;;;;;;;;;;;;;;;;;;;;;;;;;
BAS;01.01.1793 00:00;;;-1.4;-3.6;;;;;;;;;;;;;;;;;;;;;;;;;;
BAS;01.02.1793 00:00;;;3.2;0;;;;;;;;;;;;;;;;;;;;;;;;;;
BAS;01.03.1793 00:00;;;5.1;-1.9;;;;;;;;;;;;;;;;;;;;;;;;;;
BAS;01.04.1793 00:00;;;8;-2.7;;;;;;;;;;;;;;;;;;;;;;;;;;
BAS;01.05.1793 00:00;;;12.1;-2.5;;;;;;;;;;;;;;;;;;;;;;;;;;
BAS;01.06.1793 00:00;;;15;-3.2;;;;;;;;;;;;;;;;;;;;;;;;;;
BAS;01.07.1793 00:00;;;19.7;-0.5;;;;;;;;;;;;;;;;;;;;;;;;;;
BAS;01.08.1793 00:00;;;18.8;-0.9;;;;;;;;;;;;;;;;;;;;;;;;;;
BAS;01.09.1793 00:00;;;13.1;-2.3;;;;;;;;;;;;;;;;;;;;;;;;;;
BAS;01.10.1793 00:00;;;10;-1.1;;;;;;;;;;;;;;;;;;;;;;;;;;
BAS;01.11.1793 00:00;;;4.6;-1.4;;;;;;;;;;;;;;;;;;;;;;;;;;
BAS;01.12.1793 00:00;;;2.8;-0.1;;;;;;;;;;;;;;;;;;;;;;;;;;
BAS;01.01.1794 00:00;;;0.7;-1.5;;;;;;;;;;;;;;;;;;;;;;;;;;
BAS;01.02.1794 00:00;;;5;1.8;;;;;;;;;;;;;;;;;;;;;;;;;;
BAS;01.03.1794 00:00;;;7.5;0.5;;;;;;;;;;;;;;;;;;;;;;;;;;
BAS;01.04.1794 00:00;;;12;1.3;;;;;;;;;;;;;;;;;;;;;;;;;;
BAS;01.05.1794 00:00;;;12.7;-1.9;;;;;;;;;;;;;;;;;;;;;;;;;;
BAS;01.06.1794 00:00;;;16.8;-1.4;;;;;;;;;;;;;;;;;;;;;;;;;;
BAS;01.07.1794 00:00;;;20.5;0.3;;;;;;;;;;;;;;;;;;;;;;;;;;
BAS;01.08.1794 00:00;;;16.9;-2.8;;;;;;;;;;;;;;;;;;;;;;;;;;
BAS;01.09.1794 00:00;;;12.4;-3;;;;;;;;;;;;;;;;;;;;;;;;;;
BAS;01.10.1794 00:00;;;8.7;-2.4;;;;;;;;;;;;;;;;;;;;;;;;;;
BAS;01.11.1794 00:00;;;5.2;-0.8;;;;;;;;;;;;;;;;;;;;;;;;;;
BAS;01.12.1794 00:00;;;-2.1;-5;;;;;;;;;;;;;;;;;;;;;;;;;;
BAS;01.01.1795 00:00;;;-7.1;-9.3;;;;;;;;;;;;;;;;;;;;;;;;;;
BAS;01.02.1795 00:00;;;2;-1.2;;;;;;;;;;;;;;;;;;;;;;;;;;
BAS;01.03.1795 00:00;;;4;-3;;;;;;;;;;;;;;;;;;;;;;;;;;
BAS;01.04.1795 00:00;;;10.9;0.2;;;;;;;;;;;;;;;;;;;;;;;;;;
BAS;01.05.1795 00:00;;;13.6;-1;;;;;;;;;;;;;;;;;;;;;;;;;;
BAS;01.06.1795 00:00;;;16.4;-1.8;;;;;;;;;;;;;;;;;;;;;;;;;;
BAS;01.07.1795 00:00;;;15.7;-4.5;;;;;;;;;;;;;;;;;;;;;;;;;;
BAS;01.08.1795 00:00;;;17.7;-2;;;;;;;;;;;;;;;;;;;;;;;;;;
BAS;01.09.1795 00:00;;;15.3;-0.1;;;;;;;;;;;;;;;;;;;;;;;;;;
BAS;01.10.1795 00:00;;;11.6;0.5;;;;;;;;;;;;;;;;;;;;;;;;;;
BAS;01.11.1795 00:00;;;2.6;-3.4;;;;;;;;;;;;;;;;;;;;;;;;;;
BAS;01.12.1795 00:00;;;3.5;0.6;;;;;;;;;;;;;;;;;;;;;;;;;;
BAS;01.01.1796 00:00;;;3.7;1.5;;;;;;;;;;;;;;;;;;;;;;;;;;
BAS;01.02.1796 00:00;;;2.3;-0.9;;;;;;;;;;;;;;;;;;;;;;;;;;
BAS;01.03.1796 00:00;;;1.4;-5.6;;;;;;;;;;;;;;;;;;;;;;;;;;
BAS;01.04.1796 00:00;;;8.8;-1.9;;;;;;;;;;;;;;;;;;;;;;;;;;
BAS;01.05.1796 00:00;;;12.7;-1.9;;;;;;;;;;;;;;;;;;;;;;;;;;
BAS;01.06.1796 00:00;;;15.4;-2.8;;;;;;;;;;;;;;;;;;;;;;;;;;
BAS;01.07.1796 00:00;;;16.9;-3.3;;;;;;;;;;;;;;;;;;;;;;;;;;
BAS;01.08.1796 00:00;;;17.5;-2.2;;;;;;;;;;;;;;;;;;;;;;;;;;
BAS;01.09.1796 00:00;;;15.8;0.4;;;;;;;;;;;;;;;;;;;;;;;;;;
BAS;01.10.1796 00:00;;;8.8;-2.3;;;;;;;;;;;;;;;;;;;;;;;;;;
BAS;01.11.1796 00:00;;;4.1;-1.9;;;;;;;;;;;;;;;;;;;;;;;;;;
BAS;01.12.1796 00:00;;;-1.7;-4.6;;;;;;;;;;;;;;;;;;;;;;;;;;
BAS;01.01.1797 00:00;;;1;-1.2;;;;;;;;;;;;;;;;;;;;;;;;;;
BAS;01.02.1797 00:00;;;0.6;-2.6;;;;;;;;;;;;;;;;;;;;;;;;;;
BAS;01.03.1797 00:00;;;3.1;-3.9;;;;;;;;;;;;;;;;;;;;;;;;;;
BAS;01.04.1797 00:00;;;10.6;-0.1;;;;;;;;;;;;;;;;;;;;;;;;;;
BAS;01.05.1797 00:00;;;14.6;0;;;;;;;;;;;;;;;;;;;;;;;;;;
BAS;01.06.1797 00:00;;;13.6;-4.6;;;;;;;;;;;;;;;;;;;;;;;;;;
BAS;01.07.1797 00:00;;;19.2;-1;;;;;;;;;;;;;;;;;;;;;;;;;;
BAS;01.08.1797 00:00;;;18.5;-1.2;;;;;;;;;;;;;;;;;;;;;;;;;;
BAS;01.09.1797 00:00;;;13.8;-1.6;;;;;;;;;;;;;;;;;;;;;;;;;;
BAS;01.10.1797 00:00;;;8.8;-2.3;;;;;;;;;;;;;;;;;;;;;;;;;;
BAS;01.11.1797 00:00;;;5;-1;;;;;;;;;;;;;;;;;;;;;;;;;;
BAS;01.12.1797 00:00;;;4;1.1;;;;;;;;;;;;;;;;;;;;;;;;;;
BAS;01.01.1798 00:00;;;0.8;-1.4;;;;;;;;;;;;;;;;;;;;;;;;;;
BAS;01.02.1798 00:00;;;1.1;-2.1;;;;;;;;;;;;;;;;;;;;;;;;;;
BAS;01.03.1798 00:00;;;3.9;-3.1;;;;;;;;;;;;;;;;;;;;;;;;;;
BAS;01.04.1798 00:00;;;10.4;-0.3;;;;;;;;;;;;;;;;;;;;;;;;;;
BAS;01.05.1798 00:00;;;14.5;-0.1;;;;;;;;;;;;;;;;;;;;;;;;;;
BAS;01.06.1798 00:00;;;17.4;-0.8;;;;;;;;;;;;;;;;;;;;;;;;;;
BAS;01.07.1798 00:00;;;17.7;-2.5;;;;;;;;;;;;;;;;;;;;;;;;;;
BAS;01.08.1798 00:00;;;17.9;-1.8;;;;;;;;;;;;;;;;;;;;;;;;;;
BAS;01.09.1798 00:00;;;14.7;-0.7;;;;;;;;;;;;;;;;;;;;;;;;;;
BAS;01.10.1798 00:00;;;9.3;-1.8;;;;;;;;;;;;;;;;;;;;;;;;;;
BAS;01.11.1798 00:00;;;4.4;-1.6;;;;;;;;;;;;;;;;;;;;;;;;;;
BAS;01.12.1798 00:00;;;-1.3;-4.2;;;;;;;;;;;;;;;;;;;;;;;;;;
BAS;01.01.1799 00:00;;;-4.3;-6.5;;;;;;;;;;;;;;;;;;;;;;;;;;
BAS;01.02.1799 00:00;;;2.9;-0.3;;;;;;;;;;;;;;;;;;;;;;;;;;
BAS;01.03.1799 00:00;;;3.6;-3.4;;;;;;;;;;;;;;;;;;;;;;;;;;
BAS;01.04.1799 00:00;;;6.8;-3.9;;;;;;;;;;;;;;;;;;;;;;;;;;
BAS;01.05.1799 00:00;;;11.3;-3.3;;;;;;;;;;;;;;;;;;;;;;;;;;
BAS;01.06.1799 00:00;;;15;-3.2;;;;;;;;;;;;;;;;;;;;;;;;;;
BAS;01.07.1799 00:00;;;17;-3.2;;;;;;;;;;;;;;;;;;;;;;;;;;
BAS;01.08.1799 00:00;;;17.4;-2.3;;;;;;;;;;;;;;;;;;;;;;;;;;
BAS;01.09.1799 00:00;;;13.6;-1.8;;;;;;;;;;;;;;;;;;;;;;;;;;
BAS;01.10.1799 00:00;;;8.6;-2.5;;;;;;;;;;;;;;;;;;;;;;;;;;
BAS;01.11.1799 00:00;;;3.3;-2.7;;;;;;;;;;;;;;;;;;;;;;;;;;
BAS;01.12.1799 00:00;;;-4.5;-7.4;;;;;;;;;;;;;;;;;;;;;;;;;;
BAS;01.01.1800 00:00;;;1.9;-0.3;;;;;;;;;;;;;;;;;;;;;;;;;;
BAS;01.02.1800 00:00;;;-0.5;-3.7;;;;;;;;;;;;;;;;;;;;;;;;;;
BAS;01.03.1800 00:00;;;1.7;-5.3;;;;;;;;;;;;;;;;;;;;;;;;;;
BAS;01.04.1800 00:00;;;12.6;1.9;;;;;;;;;;;;;;;;;;;;;;;;;;
BAS;01.05.1800 00:00;;;15.2;0.6;;;;;;;;;;;;;;;;;;;;;;;;;;
BAS;01.06.1800 00:00;;;13.9;-4.3;;;;;;;;;;;;;;;;;;;;;;;;;;
BAS;01.07.1800 00:00;;;18;-2.2;;;;;;;;;;;;;;;;;;;;;;;;;;
BAS;01.08.1800 00:00;;;18.6;-1.1;;;;;;;;;;;;;;;;;;;;;;;;;;
BAS;01.09.1800 00:00;;;14.7;-0.7;;;;;;;;;;;;;;;;;;;;;;;;;;
BAS;01.10.1800 00:00;;;7.4;-3.7;;;;;;;;;;;;;;;;;;;;;;;;;;
BAS;01.11.1800 00:00;;;5.5;-0.5;;;;;;;;;;;;;;;;;;;;;;;;;;
BAS;01.12.1800 00:00;;;0.7;-2.2;;;;;;;;;;;;;;;;;;;;;;;;;;
BAS;01.01.1801 00:00;;;2.5;0.3;;;;;;;;;;;;;;;;;;;;;;;;;;
BAS;01.02.1801 00:00;;;1.8;-1.4;;;;;;;;;;;;;;;;;;;;;;;;;;
BAS;01.03.1801 00:00;;;6;-1;;;;;;;;;;;;;;;;;;;;;;;;;;
BAS;01.04.1801 00:00;;;9.4;-1.3;;;;;;;;;;;;;;;;;;;;;;;;;;
BAS;01.05.1801 00:00;;;14.1;-0.5;;;;;;;;;;;;;;;;;;;;;;;;;;
BAS;01.06.1801 00:00;;;14.7;-3.5;;;;;;;;;;;;;;;;;;;;;;;;;;
BAS;01.07.1801 00:00;;;17.4;-2.8;;;;;;;;;;;;;;;;;;;;;;;;;;
BAS;01.08.1801 00:00;;;17;-2.7;;;;;;;;;;;;;;;;;;;;;;;;;;
BAS;01.09.1801 00:00;;;14.6;-0.8;;;;;;;;;;;;;;;;;;;;;;;;;;
BAS;01.10.1801 00:00;;;9.5;-1.6;;;;;;;;;;;;;;;;;;;;;;;;;;
BAS;01.11.1801 00:00;;;5.3;-0.7;;;;;;;;;;;;;;;;;;;;;;;;;;
BAS;01.12.1801 00:00;;;2.8;-0.1;;;;;;;;;;;;;;;;;;;;;;;;;;
BAS;01.01.1802 00:00;;;-5.5;-7.7;;;;;;;;;;;;;;;;;;;;;;;;;;
BAS;01.02.1802 00:00;;;1.6;-1.6;;;;;;;;;;;;;;;;;;;;;;;;;;
BAS;01.03.1802 00:00;;;4.4;-2.6;;;;;;;;;;;;;;;;;;;;;;;;;;
BAS;01.04.1802 00:00;;;9.7;-1;;;;;;;;;;;;;;;;;;;;;;;;;;
BAS;01.05.1802 00:00;;;13.3;-1.3;;;;;;;;;;;;;;;;;;;;;;;;;;
BAS;01.06.1802 00:00;;;17.4;-0.8;;;;;;;;;;;;;;;;;;;;;;;;;;
BAS;01.07.1802 00:00;;;16.6;-3.6;;;;;;;;;;;;;;;;;;;;;;;;;;
BAS;01.08.1802 00:00;;;20.3;0.6;;;;;;;;;;;;;;;;;;;;;;;;;;
BAS;01.09.1802 00:00;;;14.8;-0.6;;;;;;;;;;;;;;;;;;;;;;;;;;
BAS;01.10.1802 00:00;;;10.8;-0.3;;;;;;;;;;;;;;;;;;;;;;;;;;
BAS;01.11.1802 00:00;;;4.8;-1.2;;;;;;;;;;;;;;;;;;;;;;;;;;
BAS;01.12.1802 00:00;;;1.8;-1.1;;;;;;;;;;;;;;;;;;;;;;;;;;
BAS;01.01.1803 00:00;;;-2.7;-4.9;;;;;;;;;;;;;;;;;;;;;;;;;;
BAS;01.02.1803 00:00;;;-2.8;-6;;;;;;;;;;;;;;;;;;;;;;;;;;
BAS;01.03.1803 00:00;;;3.3;-3.7;;;;;;;;;;;;;;;;;;;;;;;;;;
BAS;01.04.1803 00:00;;;10.6;-0.1;;;;;;;;;;;;;;;;;;;;;;;;;;
BAS;01.05.1803 00:00;;;10.8;-3.8;;;;;;;;;;;;;;;;;;;;;;;;;;
BAS;01.06.1803 00:00;;;16.1;-2.1;;;;;;;;;;;;;;;;;;;;;;;;;;
BAS;01.07.1803 00:00;;;19;-1.2;;;;;;;;;;;;;;;;;;;;;;;;;;
BAS;01.08.1803 00:00;;;18.9;-0.8;;;;;;;;;;;;;;;;;;;;;;;;;;
BAS;01.09.1803 00:00;;;11.4;-4;;;;;;;;;;;;;;;;;;;;;;;;;;
BAS;01.10.1803 00:00;;;7.6;-3.5;;;;;;;;;;;;;;;;;;;;;;;;;;
BAS;01.11.1803 00:00;;;5.1;-0.9;;;;;;;;;;;;;;;;;;;;;;;;;;
BAS;01.12.1803 00:00;;;3;0.1;;;;;;;;;;;;;;;;;;;;;;;;;;
BAS;01.01.1804 00:00;;;4.7;2.5;;;;;;;;;;;;;;;;;;;;;;;;;;
BAS;01.02.1804 00:00;;;-0.9;-4.1;;;;;;;;;;;;;;;;;;;;;;;;;;
BAS;01.03.1804 00:00;;;2.9;-4.1;;;;;;;;;;;;;;;;;;;;;;;;;;
BAS;01.04.1804 00:00;;;8.6;-2.1;;;;;;;;;;;;;;;;;;;;;;;;;;
BAS;01.05.1804 00:00;;;14.9;0.3;;;;;;;;;;;;;;;;;;;;;;;;;;
BAS;01.06.1804 00:00;;;17.5;-0.7;;;;;;;;;;;;;;;;;;;;;;;;;;
BAS;01.07.1804 00:00;;;17.3;-2.9;;;;;;;;;;;;;;;;;;;;;;;;;;
BAS;01.08.1804 00:00;;;16.6;-3.1;;;;;;;;;;;;;;;;;;;;;;;;;;
BAS;01.09.1804 00:00;;;14.4;-1;;;;;;;;;;;;;;;;;;;;;;;;;;
BAS;01.10.1804 00:00;;;9.4;-1.7;;;;;;;;;;;;;;;;;;;;;;;;;;
BAS;01.11.1804 00:00;;;5;-1;;;;;;;;;;;;;;;;;;;;;;;;;;
BAS;01.12.1804 00:00;;;-1.5;-4.4;;;;;;;;;;;;;;;;;;;;;;;;;;
BAS;01.01.1805 00:00;;;-2.2;-4.4;;;;;;;;;;;;;;;;;;;;;;;;;;
BAS;01.02.1805 00:00;;;1.1;-2.1;;;;;;;;;;;;;;;;;;;;;;;;;;
BAS;01.03.1805 00:00;;;3.3;-3.7;;;;;;;;;;;;;;;;;;;;;;;;;;
BAS;01.04.1805 00:00;;;7.2;-3.5;;;;;;;;;;;;;;;;;;;;;;;;;;
BAS;01.05.1805 00:00;;;11.3;-3.3;;;;;;;;;;;;;;;;;;;;;;;;;;
BAS;01.06.1805 00:00;;;14.4;-3.8;;;;;;;;;;;;;;;;;;;;;;;;;;
BAS;01.07.1805 00:00;;;16.2;-4;;;;;;;;;;;;;;;;;;;;;;;;;;
BAS;01.08.1805 00:00;;;15.7;-4;;;;;;;;;;;;;;;;;;;;;;;;;;
BAS;01.09.1805 00:00;;;13.8;-1.6;;;;;;;;;;;;;;;;;;;;;;;;;;
BAS;01.10.1805 00:00;;;5.7;-5.4;;;;;;;;;;;;;;;;;;;;;;;;;;
BAS;01.11.1805 00:00;;;0.4;-5.6;;;;;;;;;;;;;;;;;;;;;;;;;;
BAS;01.12.1805 00:00;;;-0.5;-3.4;;;;;;;;;;;;;;;;;;;;;;;;;;
BAS;01.01.1806 00:00;;;3.9;1.7;;;;;;;;;;;;;;;;;;;;;;;;;;
BAS;01.02.1806 00:00;;;4.3;1.1;;;;;;;;;;;;;;;;;;;;;;;;;;
BAS;01.03.1806 00:00;;;4.8;-2.2;;;;;;;;;;;;;;;;;;;;;;;;;;
BAS;01.04.1806 00:00;;;6.2;-4.5;;;;;;;;;;;;;;;;;;;;;;;;;;
BAS;01.05.1806 00:00;;;15.2;0.6;;;;;;;;;;;;;;;;;;;;;;;;;;
BAS;01.06.1806 00:00;;;16.4;-1.8;;;;;;;;;;;;;;;;;;;;;;;;;;
BAS;01.07.1806 00:00;;;17.3;-2.9;;;;;;;;;;;;;;;;;;;;;;;;;;
BAS;01.08.1806 00:00;;;16.7;-3;;;;;;;;;;;;;;;;;;;;;;;;;;
BAS;01.09.1806 00:00;;;13.6;-1.8;;;;;;;;;;;;;;;;;;;;;;;;;;
BAS;01.10.1806 00:00;;;8.7;-2.4;;;;;;;;;;;;;;;;;;;;;;;;;;
BAS;01.11.1806 00:00;;;6.3;0.3;;;;;;;;;;;;;;;;;;;;;;;;;;
BAS;01.12.1806 00:00;;;6;3.1;;;;;;;;;;;;;;;;;;;;;;;;;;
BAS;01.01.1807 00:00;;;-2.1;-4.3;;;;;;;;;;;;;;;;;;;;;;;;;;
BAS;01.02.1807 00:00;;;2.9;-0.3;;;;;;;;;;;;;;;;;;;;;;;;;;
BAS;01.03.1807 00:00;;;0.5;-6.5;;;;;;;;;;;;;;;;;;;;;;;;;;
BAS;01.04.1807 00:00;;;7.4;-3.3;;;;;;;;;;;;;;;;;;;;;;;;;;
BAS;01.05.1807 00:00;;;15.1;0.5;;;;;;;;;;;;;;;;;;;;;;;;;;
BAS;01.06.1807 00:00;;;15.5;-2.7;;;;;;;;;;;;;;;;;;;;;;;;;;
BAS;01.07.1807 00:00;;;20.8;0.6;;;;;;;;;;;;;;;;;;;;;;;;;;
BAS;01.08.1807 00:00;;;21.2;1.5;;;;;;;;;;;;;;;;;;;;;;;;;;
BAS;01.09.1807 00:00;;;12.1;-3.3;;;;;;;;;;;;;;;;;;;;;;;;;;
BAS;01.10.1807 00:00;;;10.6;-0.5;;;;;;;;;;;;;;;;;;;;;;;;;;
BAS;01.11.1807 00:00;;;5.2;-0.8;;;;;;;;;;;;;;;;;;;;;;;;;;
BAS;01.12.1807 00:00;;;-1.1;-4;;;;;;;;;;;;;;;;;;;;;;;;;;
BAS;01.01.1808 00:00;;;-0.2;-2.4;;;;;;;;;;;;;;;;;;;;;;;;;;
BAS;01.02.1808 00:00;;;-1;-4.2;;;;;;;;;;;;;;;;;;;;;;;;;;
BAS;01.03.1808 00:00;;;0.1;-6.9;;;;;;;;;;;;;;;;;;;;;;;;;;
BAS;01.04.1808 00:00;;;6.5;-4.2;;;;;;;;;;;;;;;;;;;;;;;;;;
BAS;01.05.1808 00:00;;;16;1.4;;;;;;;;;;;;;;;;;;;;;;;;;;
BAS;01.06.1808 00:00;;;14.5;-3.7;;;;;;;;;;;;;;;;;;;;;;;;;;
BAS;01.07.1808 00:00;;;19.3;-0.9;;;;;;;;;;;;;;;;;;;;;;;;;;
BAS;01.08.1808 00:00;;;18.3;-1.4;;;;;;;;;;;;;;;;;;;;;;;;;;
BAS;01.09.1808 00:00;;;13.2;-2.2;;;;;;;;;;;;;;;;;;;;;;;;;;
BAS;01.10.1808 00:00;;;6.2;-4.9;;;;;;;;;;;;;;;;;;;;;;;;;;
BAS;01.11.1808 00:00;;;4.3;-1.7;;;;;;;;;;;;;;;;;;;;;;;;;;
BAS;01.12.1808 00:00;;;-4.1;-7;;;;;;;;;;;;;;;;;;;;;;;;;;
BAS;01.01.1809 00:00;;;1.4;-0.8;;;;;;;;;;;;;;;;;;;;;;;;;;
BAS;01.02.1809 00:00;;;5;1.8;;;;;;;;;;;;;;;;;;;;;;;;;;
BAS;01.03.1809 00:00;;;4.7;-2.3;;;;;;;;;;;;;;;;;;;;;;;;;;
BAS;01.04.1809 00:00;;;4.2;-6.5;;;;;;;;;;;;;;;;;;;;;;;;;;
BAS;01.05.1809 00:00;;;13.5;-1.1;;;;;;;;;;;;;;;;;;;;;;;;;;
BAS;01.06.1809 00:00;;;14.9;-3.3;;;;;;;;;;;;;;;;;;;;;;;;;;
BAS;01.07.1809 00:00;;;16.9;-3.3;;;;;;;;;;;;;;;;;;;;;;;;;;
BAS;01.08.1809 00:00;;;17;-2.7;;;;;;;;;;;;;;;;;;;;;;;;;;
BAS;01.09.1809 00:00;;;12.6;-2.8;;;;;;;;;;;;;;;;;;;;;;;;;;
BAS;01.10.1809 00:00;;;6.6;-4.5;;;;;;;;;;;;;;;;;;;;;;;;;;
BAS;01.11.1809 00:00;;;1.7;-4.3;;;;;;;;;;;;;;;;;;;;;;;;;;
BAS;01.12.1809 00:00;;;2;-0.9;;;;;;;;;;;;;;;;;;;;;;;;;;
BAS;01.01.1810 00:00;;;-5.9;-8.1;;;;;;;;;;;;;;;;;;;;;;;;;;
BAS;01.02.1810 00:00;;;-2.5;-5.7;;;;;;;;;;;;;;;;;;;;;;;;;;
BAS;01.03.1810 00:00;;;6.9;-0.1;;;;;;;;;;;;;;;;;;;;;;;;;;
BAS;01.04.1810 00:00;;;8.1;-2.6;;;;;;;;;;;;;;;;;;;;;;;;;;
BAS;01.05.1810 00:00;;;12.7;-1.9;;;;;;;;;;;;;;;;;;;;;;;;;;
BAS;01.06.1810 00:00;;;15;-3.2;;;;;;;;;;;;;;;;;;;;;;;;;;
BAS;01.07.1810 00:00;;;16.8;-3.4;;;;;;;;;;;;;;;;;;;;;;;;;;
BAS;01.08.1810 00:00;;;16.3;-3.4;;;;;;;;;;;;;;;;;;;;;;;;;;
BAS;01.09.1810 00:00;;;15.7;0.3;;;;;;;;;;;;;;;;;;;;;;;;;;
BAS;01.10.1810 00:00;;;9.3;-1.8;;;;;;;;;;;;;;;;;;;;;;;;;;
BAS;01.11.1810 00:00;;;5.4;-0.6;;;;;;;;;;;;;;;;;;;;;;;;;;
BAS;01.12.1810 00:00;;;2.5;-0.4;;;;;;;;;;;;;;;;;;;;;;;;;;
BAS;01.01.1811 00:00;;;-4;-6.2;;;;;;;;;;;;;;;;;;;;;;;;;;
BAS;01.02.1811 00:00;;;3.7;0.5;;;;;;;;;;;;;;;;;;;;;;;;;;
BAS;01.03.1811 00:00;;;6.7;-0.3;;;;;;;;;;;;;;;;;;;;;;;;;;
BAS;01.04.1811 00:00;;;11;0.3;;;;;;;;;;;;;;;;;;;;;;;;;;
BAS;01.05.1811 00:00;;;15.7;1.1;;;;;;;;;;;;;;;;;;;;;;;;;;
BAS;01.06.1811 00:00;;;17.8;-0.4;;;;;;;;;;;;;;;;;;;;;;;;;;
BAS;01.07.1811 00:00;;;19;-1.2;;;;;;;;;;;;;;;;;;;;;;;;;;
BAS;01.08.1811 00:00;;;17;-2.7;;;;;;;;;;;;;;;;;;;;;;;;;;
BAS;01.09.1811 00:00;;;14.2;-1.2;;;;;;;;;;;;;;;;;;;;;;;;;;
BAS;01.10.1811 00:00;;;12;0.9;;;;;;;;;;;;;;;;;;;;;;;;;;
BAS;01.11.1811 00:00;;;5.2;-0.8;;;;;;;;;;;;;;;;;;;;;;;;;;
BAS;01.12.1811 00:00;;;0.6;-2.3;;;;;;;;;;;;;;;;;;;;;;;;;;
BAS;01.01.1812 00:00;;;-4.1;-6.3;;;;;;;;;;;;;;;;;;;;;;;;;;
BAS;01.02.1812 00:00;;;3.2;0;;;;;;;;;;;;;;;;;;;;;;;;;;
BAS;01.03.1812 00:00;;;3.7;-3.3;;;;;;;;;;;;;;;;;;;;;;;;;;
BAS;01.04.1812 00:00;;;5.6;-5.1;;;;;;;;;;;;;;;;;;;;;;;;;;
BAS;01.05.1812 00:00;;;14;-0.6;;;;;;;;;;;;;;;;;;;;;;;;;;
BAS;01.06.1812 00:00;;;15.3;-2.9;;;;;;;;;;;;;;;;;;;;;;;;;;
BAS;01.07.1812 00:00;;;16.1;-4.1;;;;;;;;;;;;;;;;;;;;;;;;;;
BAS;01.08.1812 00:00;;;16.2;-3.5;;;;;;;;;;;;;;;;;;;;;;;;;;
BAS;01.09.1812 00:00;;;12.9;-2.5;;;;;;;;;;;;;;;;;;;;;;;;;;
BAS;01.10.1812 00:00;;;9.3;-1.8;;;;;;;;;;;;;;;;;;;;;;;;;;
BAS;01.11.1812 00:00;;;1.5;-4.5;;;;;;;;;;;;;;;;;;;;;;;;;;
BAS;01.12.1812 00:00;;;-4.4;-7.3;;;;;;;;;;;;;;;;;;;;;;;;;;
BAS;01.01.1813 00:00;;;-3.6;-5.8;;;;;;;;;;;;;;;;;;;;;;;;;;
BAS;01.02.1813 00:00;;;3.2;0;;;;;;;;;;;;;;;;;;;;;;;;;;
BAS;01.03.1813 00:00;;;3.4;-3.6;;;;;;;;;;;;;;;;;;;;;;;;;;
BAS;01.04.1813 00:00;;;9.5;-1.2;;;;;;;;;;;;;;;;;;;;;;;;;;
BAS;01.05.1813 00:00;;;13.5;-1.1;;;;;;;;;;;;;;;;;;;;;;;;;;
BAS;01.06.1813 00:00;;;14.4;-3.8;;;;;;;;;;;;;;;;;;;;;;;;;;
BAS;01.07.1813 00:00;;;15.4;-4.8;;;;;;;;;;;;;;;;;;;;;;;;;;
BAS;01.08.1813 00:00;;;15.3;-4.4;;;;;;;;;;;;;;;;;;;;;;;;;;
BAS;01.09.1813 00:00;;;11.8;-3.6;;;;;;;;;;;;;;;;;;;;;;;;;;
BAS;01.10.1813 00:00;;;8.6;-2.5;;;;;;;;;;;;;;;;;;;;;;;;;;
BAS;01.11.1813 00:00;;;3.4;-2.6;;;;;;;;;;;;;;;;;;;;;;;;;;
BAS;01.12.1813 00:00;;;-0.6;-3.5;;;;;;;;;;;;;;;;;;;;;;;;;;
BAS;01.01.1814 00:00;;;-2.2;-4.4;;;;;;;;;;;;;;;;;;;;;;;;;;
BAS;01.02.1814 00:00;;;-3.7;-6.9;;;;;;;;;;;;;;;;;;;;;;;;;;
BAS;01.03.1814 00:00;;;2;-5;;;;;;;;;;;;;;;;;;;;;;;;;;
BAS;01.04.1814 00:00;;;10.5;-0.2;;;;;;;;;;;;;;;;;;;;;;;;;;
BAS;01.05.1814 00:00;;;11.2;-3.4;;;;;;;;;;;;;;;;;;;;;;;;;;
BAS;01.06.1814 00:00;;;14.5;-3.7;;;;;;;;;;;;;;;;;;;;;;;;;;
BAS;01.07.1814 00:00;;;18;-2.2;;;;;;;;;;;;;;;;;;;;;;;;;;
BAS;01.08.1814 00:00;;;15.9;-3.8;;;;;;;;;;;;;;;;;;;;;;;;;;
BAS;01.09.1814 00:00;;;11.7;-3.7;;;;;;;;;;;;;;;;;;;;;;;;;;
BAS;01.10.1814 00:00;;;7.2;-3.9;;;;;;;;;;;;;;;;;;;;;;;;;;
BAS;01.11.1814 00:00;;;5.4;-0.6;;;;;;;;;;;;;;;;;;;;;;;;;;
BAS;01.12.1814 00:00;;;3.8;0.9;;;;;;;;;;;;;;;;;;;;;;;;;;
BAS;01.01.1815 00:00;;;-4;-6.2;;;;;;;;;;;;;;;;;;;;;;;;;;
BAS;01.02.1815 00:00;;;4.6;1.4;;;;;;;;;;;;;;;;;;;;;;;;;;
BAS;01.03.1815 00:00;;;7.1;0.1;;;;;;;;;;;;;;;;;;;;;;;;;;
BAS;01.04.1815 00:00;;;9.5;-1.2;;;;;;;;;;;;;;;;;;;;;;;;;;
BAS;01.05.1815 00:00;;;14.4;-0.2;;;;;;;;;;;;;;;;;;;;;;;;;;
BAS;01.06.1815 00:00;;;15;-3.2;;;;;;;;;;;;;;;;;;;;;;;;;;
BAS;01.07.1815 00:00;;;16.3;-3.9;;;;;;;;;;;;;;;;;;;;;;;;;;
BAS;01.08.1815 00:00;;;15.7;-4;;;;;;;;;;;;;;;;;;;;;;;;;;
BAS;01.09.1815 00:00;;;13.6;-1.8;;;;;;;;;;;;;;;;;;;;;;;;;;
BAS;01.10.1815 00:00;;;9.4;-1.7;;;;;;;;;;;;;;;;;;;;;;;;;;
BAS;01.11.1815 00:00;;;1.3;-4.7;;;;;;;;;;;;;;;;;;;;;;;;;;
BAS;01.12.1815 00:00;;;-0.7;-3.6;;;;;;;;;;;;;;;;;;;;;;;;;;
BAS;01.01.1816 00:00;;;0;-2.2;;;;;;;;;;;;;;;;;;;;;;;;;;
BAS;01.02.1816 00:00;;;-1.2;-4.4;;;;;;;;;;;;;;;;;;;;;;;;;;
BAS;01.03.1816 00:00;;;3.3;-3.7;;;;;;;;;;;;;;;;;;;;;;;;;;
BAS;01.04.1816 00:00;;;8.1;-2.6;;;;;;;;;;;;;;;;;;;;;;;;;;
BAS;01.05.1816 00:00;;;11.3;-3.3;;;;;;;;;;;;;;;;;;;;;;;;;;
BAS;01.06.1816 00:00;;;13.1;-5.1;;;;;;;;;;;;;;;;;;;;;;;;;;
BAS;01.07.1816 00:00;;;14.6;-5.6;;;;;;;;;;;;;;;;;;;;;;;;;;
BAS;01.08.1816 00:00;;;14.5;-5.2;;;;;;;;;;;;;;;;;;;;;;;;;;
BAS;01.09.1816 00:00;;;12.6;-2.8;;;;;;;;;;;;;;;;;;;;;;;;;;
BAS;01.10.1816 00:00;;;8.4;-2.7;;;;;;;;;;;;;;;;;;;;;;;;;;
BAS;01.11.1816 00:00;;;1.6;-4.4;;;;;;;;;;;;;;;;;;;;;;;;;;
BAS;01.12.1816 00:00;;;0.2;-2.7;;;;;;;;;;;;;;;;;;;;;;;;;;
BAS;01.01.1817 00:00;;;2.8;0.6;;;;;;;;;;;;;;;;;;;;;;;;;;
BAS;01.02.1817 00:00;;;4.2;1;;;;;;;;;;;;;;;;;;;;;;;;;;
BAS;01.03.1817 00:00;;;3.6;-3.4;;;;;;;;;;;;;;;;;;;;;;;;;;
BAS;01.04.1817 00:00;;;4.8;-5.9;;;;;;;;;;;;;;;;;;;;;;;;;;
BAS;01.05.1817 00:00;;;11.4;-3.2;;;;;;;;;;;;;;;;;;;;;;;;;;
BAS;01.06.1817 00:00;;;16.9;-1.3;;;;;;;;;;;;;;;;;;;;;;;;;;
BAS;01.07.1817 00:00;;;16.3;-3.9;;;;;;;;;;;;;;;;;;;;;;;;;;
BAS;01.08.1817 00:00;;;15.7;-4;;;;;;;;;;;;;;;;;;;;;;;;;;
BAS;01.09.1817 00:00;;;15.5;0.1;;;;;;;;;;;;;;;;;;;;;;;;;;
BAS;01.10.1817 00:00;;;5.1;-6;;;;;;;;;;;;;;;;;;;;;;;;;;
BAS;01.11.1817 00:00;;;5;-1;;;;;;;;;;;;;;;;;;;;;;;;;;
BAS;01.12.1817 00:00;;;-0.1;-3;;;;;;;;;;;;;;;;;;;;;;;;;;
BAS;01.01.1818 00:00;;;1.2;-1;;;;;;;;;;;;;;;;;;;;;;;;;;
BAS;01.02.1818 00:00;;;2.3;-0.9;;;;;;;;;;;;;;;;;;;;;;;;;;
BAS;01.03.1818 00:00;;;4.2;-2.8;;;;;;;;;;;;;;;;;;;;;;;;;;
BAS;01.04.1818 00:00;;;9.9;-0.8;;;;;;;;;;;;;;;;;;;;;;;;;;
BAS;01.05.1818 00:00;;;12;-2.6;;;;;;;;;;;;;;;;;;;;;;;;;;
BAS;01.06.1818 00:00;;;16.4;-1.8;;;;;;;;;;;;;;;;;;;;;;;;;;
BAS;01.07.1818 00:00;;;18.6;-1.6;;;;;;;;;;;;;;;;;;;;;;;;;;
BAS;01.08.1818 00:00;;;16.5;-3.2;;;;;;;;;;;;;;;;;;;;;;;;;;
BAS;01.09.1818 00:00;;;12.9;-2.5;;;;;;;;;;;;;;;;;;;;;;;;;;
BAS;01.10.1818 00:00;;;7.8;-3.3;;;;;;;;;;;;;;;;;;;;;;;;;;
BAS;01.11.1818 00:00;;;5.9;-0.1;;;;;;;;;;;;;;;;;;;;;;;;;;
BAS;01.12.1818 00:00;;;-1.3;-4.2;;;;;;;;;;;;;;;;;;;;;;;;;;
BAS;01.01.1819 00:00;;;1.4;-0.8;;;;;;;;;;;;;;;;;;;;;;;;;;
BAS;01.02.1819 00:00;;;2.7;-0.5;;;;;;;;;;;;;;;;;;;;;;;;;;
BAS;01.03.1819 00:00;;;5;-2;;;;;;;;;;;;;;;;;;;;;;;;;;
BAS;01.04.1819 00:00;;;10.7;0;;;;;;;;;;;;;;;;;;;;;;;;;;
BAS;01.05.1819 00:00;;;13.9;-0.7;;;;;;;;;;;;;;;;;;;;;;;;;;
BAS;01.06.1819 00:00;;;15.8;-2.4;;;;;;;;;;;;;;;;;;;;;;;;;;
BAS;01.07.1819 00:00;;;18.4;-1.8;;;;;;;;;;;;;;;;;;;;;;;;;;
BAS;01.08.1819 00:00;;;17.4;-2.3;;;;;;;;;;;;;;;;;;;;;;;;;;
BAS;01.09.1819 00:00;;;14.1;-1.3;;;;;;;;;;;;;;;;;;;;;;;;;;
BAS;01.10.1819 00:00;;;8.5;-2.6;;;;;;;;;;;;;;;;;;;;;;;;;;
BAS;01.11.1819 00:00;;;3.3;-2.7;;;;;;;;;;;;;;;;;;;;;;;;;;
BAS;01.12.1819 00:00;;;1.2;-1.7;;;;;;;;;;;;;;;;;;;;;;;;;;
BAS;01.01.1820 00:00;;;-2.8;-5;;;;;;;;;;;;;;;;;;;;;;;;;;
BAS;01.02.1820 00:00;;;1.5;-1.7;;;;;;;;;;;;;;;;;;;;;;;;;;
BAS;01.03.1820 00:00;;;2.1;-4.9;;;;;;;;;;;;;;;;;;;;;;;;;;
BAS;01.04.1820 00:00;;;11.4;0.7;;;;;;;;;;;;;;;;;;;;;;;;;;
BAS;01.05.1820 00:00;;;13.7;-0.9;;;;;;;;;;;;;;;;;;;;;;;;;;
BAS;01.06.1820 00:00;;;14.9;-3.3;;;;;;;;;;;;;;;;;;;;;;;;;;
BAS;01.07.1820 00:00;;;17.1;-3.1;;;;;;;;;;;;;;;;;;;;;;;;;;
BAS;01.08.1820 00:00;;;18.8;-0.9;;;;;;;;;;;;;;;;;;;;;;;;;;
BAS;01.09.1820 00:00;;;11.6;-3.8;;;;;;;;;;;;;;;;;;;;;;;;;;
BAS;01.10.1820 00:00;;;7.7;-3.4;;;;;;;;;;;;;;;;;;;;;;;;;;
BAS;01.11.1820 00:00;;;1;-5;;;;;;;;;;;;;;;;;;;;;;;;;;
BAS;01.12.1820 00:00;;;0.5;-2.4;;;;;;;;;;;;;;;;;;;;;;;;;;
BAS;01.01.1821 00:00;;;1.3;-0.9;;;;;;;;;;;;;;;;;;;;;;;;;;
BAS;01.02.1821 00:00;;;-1.3;-4.5;;;;;;;;;;;;;;;;;;;;;;;;;;
BAS;01.03.1821 00:00;;;5;-2;;;;;;;;;;;;;;;;;;;;;;;;;;
BAS;01.04.1821 00:00;;;10.2;-0.5;;;;;;;;;;;;;;;;;;;;;;;;;;
BAS;01.05.1821 00:00;;;11.6;-3;;;;;;;;;;;;;;;;;;;;;;;;;;
BAS;01.06.1821 00:00;;;13.6;-4.6;;;;;;;;;;;;;;;;;;;;;;;;;;
BAS;01.07.1821 00:00;;;15.7;-4.5;;;;;;;;;;;;;;;;;;;;;;;;;;
BAS;01.08.1821 00:00;;;17.3;-2.4;;;;;;;;;;;;;;;;;;;;;;;;;;
BAS;01.09.1821 00:00;;;13.9;-1.5;;;;;;;;;;;;;;;;;;;;;;;;;;
BAS;01.10.1821 00:00;;;8.3;-2.8;;;;;;;;;;;;;;;;;;;;;;;;;;
BAS;01.11.1821 00:00;;;6.8;0.8;;;;;;;;;;;;;;;;;;;;;;;;;;
BAS;01.12.1821 00:00;;;5;2.1;;;;;;;;;;;;;;;;;;;;;;;;;;
BAS;01.01.1822 00:00;;;1.1;-1.1;;;;;;;;;;;;;;;;;;;;;;;;;;
BAS;01.02.1822 00:00;;;3.9;0.7;;;;;;;;;;;;;;;;;;;;;;;;;;
BAS;01.03.1822 00:00;;;8;1;;;;;;;;;;;;;;;;;;;;;;;;;;
BAS;01.04.1822 00:00;;;9.3;-1.4;;;;;;;;;;;;;;;;;;;;;;;;;;
BAS;01.05.1822 00:00;;;15.4;0.8;;;;;;;;;;;;;;;;;;;;;;;;;;
BAS;01.06.1822 00:00;;;20.4;2.2;;;;;;;;;;;;;;;;;;;;;;;;;;
BAS;01.07.1822 00:00;;;18.3;-1.9;;;;;;;;;;;;;;;;;;;;;;;;;;
BAS;01.08.1822 00:00;;;17.1;-2.6;;;;;;;;;;;;;;;;;;;;;;;;;;
BAS;01.09.1822 00:00;;;13.9;-1.5;;;;;;;;;;;;;;;;;;;;;;;;;;
BAS;01.10.1822 00:00;;;10.5;-0.6;;;;;;;;;;;;;;;;;;;;;;;;;;
BAS;01.11.1822 00:00;;;6.8;0.8;;;;;;;;;;;;;;;;;;;;;;;;;;
BAS;01.12.1822 00:00;;;-3.3;-6.2;;;;;;;;;;;;;;;;;;;;;;;;;;
BAS;01.01.1823 00:00;;;-3.7;-5.9;;;;;;;;;;;;;;;;;;;;;;;;;;
BAS;01.02.1823 00:00;;;3.6;0.4;;;;;;;;;;;;;;;;;;;;;;;;;;
BAS;01.03.1823 00:00;;;3.9;-3.1;;;;;;;;;;;;;;;;;;;;;;;;;;
BAS;01.04.1823 00:00;;;7.7;-3;;;;;;;;;;;;;;;;;;;;;;;;;;
BAS;01.05.1823 00:00;;;14.1;-0.5;;;;;;;;;;;;;;;;;;;;;;;;;;
BAS;01.06.1823 00:00;;;14.1;-4.1;;;;;;;;;;;;;;;;;;;;;;;;;;
BAS;01.07.1823 00:00;;;16.3;-3.9;;;;;;;;;;;;;;;;;;;;;;;;;;
BAS;01.08.1823 00:00;;;17.5;-2.2;;;;;;;;;;;;;;;;;;;;;;;;;;
BAS;01.09.1823 00:00;;;14;-1.4;;;;;;;;;;;;;;;;;;;;;;;;;;
BAS;01.10.1823 00:00;;;7.7;-3.4;;;;;;;;;;;;;;;;;;;;;;;;;;
BAS;01.11.1823 00:00;;;2.4;-3.6;;;;;;;;;;;;;;;;;;;;;;;;;;
BAS;01.12.1823 00:00;;;3;0.1;;;;;;;;;;;;;;;;;;;;;;;;;;
BAS;01.01.1824 00:00;;;-0.6;-2.8;;;;;;;;;;;;;;;;;;;;;;;;;;
BAS;01.02.1824 00:00;;;2.7;-0.5;;;;;;;;;;;;;;;;;;;;;;;;;;
BAS;01.03.1824 00:00;;;2.8;-4.2;;;;;;;;;;;;;;;;;;;;;;;;;;
BAS;01.04.1824 00:00;;;6.8;-3.9;;;;;;;;;;;;;;;;;;;;;;;;;;
BAS;01.05.1824 00:00;;;12.2;-2.4;;;;;;;;;;;;;;;;;;;;;;;;;;
BAS;01.06.1824 00:00;;;14.8;-3.4;;;;;;;;;;;;;;;;;;;;;;;;;;
BAS;01.07.1824 00:00;;;18.9;-1.3;;;;;;;;;;;;;;;;;;;;;;;;;;
BAS;01.08.1824 00:00;;;17.1;-2.6;;;;;;;;;;;;;;;;;;;;;;;;;;
BAS;01.09.1824 00:00;;;14.6;-0.8;;;;;;;;;;;;;;;;;;;;;;;;;;
BAS;01.10.1824 00:00;;;9.1;-2;;;;;;;;;;;;;;;;;;;;;;;;;;
BAS;01.11.1824 00:00;;;6.7;0.7;;;;;;;;;;;;;;;;;;;;;;;;;;
BAS;01.12.1824 00:00;;;4.8;1.9;;;;;;;;;;;;;;;;;;;;;;;;;;
BAS;01.01.1825 00:00;;;0.8;-1.4;;;;;;;;;;;;;;;;;;;;;;;;;;
BAS;01.02.1825 00:00;;;0.7;-2.5;;;;;;;;;;;;;;;;;;;;;;;;;;
BAS;01.03.1825 00:00;;;2.6;-4.4;;;;;;;;;;;;;;;;;;;;;;;;;;
BAS;01.04.1825 00:00;;;11;0.3;;;;;;;;;;;;;;;;;;;;;;;;;;
BAS;01.05.1825 00:00;;;13;-1.6;;;;;;;;;;;;;;;;;;;;;;;;;;
BAS;01.06.1825 00:00;;;15.9;-2.3;;;;;;;;;;;;;;;;;;;;;;;;;;
BAS;01.07.1825 00:00;;;17.6;-2.6;;;;;;;;;;;;;;;;;;;;;;;;;;
BAS;01.08.1825 00:00;;;17.3;-2.4;;;;;;;;;;;;;;;;;;;;;;;;;;
BAS;01.09.1825 00:00;;;14.7;-0.7;;;;;;;;;;;;;;;;;;;;;;;;;;
BAS;01.10.1825 00:00;;;8.4;-2.7;;;;;;;;;;;;;;;;;;;;;;;;;;
BAS;01.11.1825 00:00;;;5.7;-0.3;;;;;;;;;;;;;;;;;;;;;;;;;;
BAS;01.12.1825 00:00;;;4.2;1.3;;;;;;;;;;;;;;;;;;;;;;;;;;
BAS;01.01.1826 00:00;;;-6.7;-8.9;;;;;;;;;;;;;;;;;;;;;;;;;;
BAS;01.02.1826 00:00;;;2.9;-0.3;;;;;;;;;;;;;;;;;;;;;;;;;;
BAS;01.03.1826 00:00;;;5.4;-1.6;;;;;;;;;;;;;;;;;;;;;;;;;;
BAS;01.04.1826 00:00;;;9.1;-1.6;;;;;;;;;;;;;;;;;;;;;;;;;;
BAS;01.05.1826 00:00;;;11.5;-3.1;;;;;;;;;;;;;;;;;;;;;;;;;;
BAS;01.06.1826 00:00;;;16.7;-1.5;;;;;;;;;;;;;;;;;;;;;;;;;;
BAS;01.07.1826 00:00;;;19.2;-1;;;;;;;;;;;;;;;;;;;;;;;;;;
BAS;01.08.1826 00:00;;;20.1;0.4;;;;;;;;;;;;;;;;;;;;;;;;;;
BAS;01.09.1826 00:00;;;15.4;0;;;;;;;;;;;;;;;;;;;;;;;;;;
BAS;01.10.1826 00:00;;;10.2;-0.9;;;;;;;;;;;;;;;;;;;;;;;;;;
BAS;01.11.1826 00:00;;;2.7;-3.3;;;;;;;;;;;;;;;;;;;;;;;;;;
BAS;01.12.1826 00:00;;;1.2;-1.7;;;;;;;;;;;;;;;;;;;;;;;;;;
BAS;01.01.1827 00:00;;;-1.8;-4;;;;;;;;;;;;;;;;;;;;;;;;;;
BAS;01.02.1827 00:00;;;-4.2;-7.4;;;;;;;;;;;;;;;;;;;;;;;;;;
BAS;01.03.1827 00:00;;;6;-1;;;;;;;;;;;;;;;;;;;;;;;;;;
BAS;01.04.1827 00:00;;;10.3;-0.4;;;;;;;;;;;;;;;;;;;;;;;;;;
BAS;01.05.1827 00:00;;;14.7;0.1;;;;;;;;;;;;;;;;;;;;;;;;;;
BAS;01.06.1827 00:00;;;16.3;-1.9;;;;;;;;;;;;;;;;;;;;;;;;;;
BAS;01.07.1827 00:00;;;20.3;0.1;;;;;;;;;;;;;;;;;;;;;;;;;;
BAS;01.08.1827 00:00;;;17;-2.7;;;;;;;;;;;;;;;;;;;;;;;;;;
BAS;01.09.1827 00:00;;;14;-1.4;;;;;;;;;;;;;;;;;;;;;;;;;;
BAS;01.10.1827 00:00;;;10;-1.1;;;;;;;;;;;;;;;;;;;;;;;;;;
BAS;01.11.1827 00:00;;;2;-4;;;;;;;;;;;;;;;;;;;;;;;;;;
BAS;01.12.1827 00:00;;;4.5;1.6;;;;;;;;;;;;;;;;;;;;;;;;;;
BAS;01.01.1828 00:00;;;2.8;0.6;;;;;;;;;;;;;;;;;;;;;;;;;;
BAS;01.02.1828 00:00;;;2.5;-0.7;;;;;;;;;;;;;;;;;;;;;;;;;;
BAS;01.03.1828 00:00;;;5.1;-1.9;;;;;;;;;;;;;;;;;;;;;;;;;;
BAS;01.04.1828 00:00;;;9.4;-1.3;;;;;;;;;;;;;;;;;;;;;;;;;;
BAS;01.05.1828 00:00;;;13.8;-0.8;;;;;;;;;;;;;;;;;;;;;;;;;;
BAS;01.06.1828 00:00;;;17.2;-1;;;;;;;;;;;;;;;;;;;;;;;;;;
BAS;01.07.1828 00:00;;;18.6;-1.6;;;;;;;;;;;;;;;;;;;;;;;;;;
BAS;01.08.1828 00:00;;;16;-3.7;;;;;;;;;;;;;;;;;;;;;;;;;;
BAS;01.09.1828 00:00;;;13.9;-1.5;;;;;;;;;;;;;;;;;;;;;;;;;;
BAS;01.10.1828 00:00;;;8.7;-2.4;;;;;;;;;;;;;;;;;;;;;;;;;;
BAS;01.11.1828 00:00;;;4;-2;;;;;;;;;;;;;;;;;;;;;;;;;;
BAS;01.12.1828 00:00;;;2.6;-0.3;;;;;;;;;;;;;;;;;;;;;;;;;;
BAS;01.01.1829 00:00;;;-3.5;-5.7;;;;;;;;;;;;;;;;;;;;;;;;;;
BAS;01.02.1829 00:00;;;-1.6;-4.8;;;;;;;;;;;;;;;;;;;;;;;;;;
BAS;01.03.1829 00:00;;;4.5;-2.5;;;;;;;;;;;;;;;;;;;;;;;;;;
BAS;01.04.1829 00:00;;;9.1;-1.6;;;;;;;;;;;;;;;;;;;;;;;;;;
BAS;01.05.1829 00:00;;;13.4;-1.2;;;;;;;;;;;;;;;;;;;;;;;;;;
BAS;01.06.1829 00:00;;;15;-3.2;;;;;;;;;;;;;;;;;;;;;;;;;;
BAS;01.07.1829 00:00;;;17.9;-2.3;;;;;;;;;;;;;;;;;;;;;;;;;;
BAS;01.08.1829 00:00;;;15.9;-3.8;;;;;;;;;;;;;;;;;;;;;;;;;;
BAS;01.09.1829 00:00;;;12.3;-3.1;;;;;;;;;;;;;;;;;;;;;;;;;;
BAS;01.10.1829 00:00;;;7.5;-3.6;;;;;;;;;;;;;;;;;;;;;;;;;;
BAS;01.11.1829 00:00;;;1.7;-4.3;;;;;;;;;;;;;;;;;;;;;;;;;;
BAS;01.12.1829 00:00;;;-4.9;-7.8;;;;;;;;;;;;;;;;;;;;;;;;;;
BAS;01.01.1830 00:00;;;-8.5;-10.7;;;;;;;;;;;;;;;;;;;;;;;;;;
BAS;01.02.1830 00:00;;;-2.1;-5.3;;;;;;;;;;;;;;;;;;;;;;;;;;
BAS;01.03.1830 00:00;;;6.6;-0.4;;;;;;;;;;;;;;;;;;;;;;;;;;
BAS;01.04.1830 00:00;;;11.2;0.5;;;;;;;;;;;;;;;;;;;;;;;;;;
BAS;01.05.1830 00:00;;;13.4;-1.2;;;;;;;;;;;;;;;;;;;;;;;;;;
BAS;01.06.1830 00:00;;;15.4;-2.8;;;;;;;;;;;;;;;;;;;;;;;;;;
BAS;01.07.1830 00:00;;;18.6;-1.6;;;;;;;;;;;;;;;;;;;;;;;;;;
BAS;01.08.1830 00:00;;;16.8;-2.9;;;;;;;;;;;;;;;;;;;;;;;;;;
BAS;01.09.1830 00:00;;;11.9;-3.5;;;;;;;;;;;;;;;;;;;;;;;;;;
BAS;01.10.1830 00:00;;;7.9;-3.2;;;;;;;;;;;;;;;;;;;;;;;;;;
BAS;01.11.1830 00:00;;;5.4;-0.6;;;;;;;;;;;;;;;;;;;;;;;;;;
BAS;01.12.1830 00:00;;;0.4;-2.5;;;;;;;;;;;;;;;;;;;;;;;;;;
BAS;01.01.1831 00:00;;;-2;-4.2;;;;;;;;;;;;;;;;;;;;;;;;;;
BAS;01.02.1831 00:00;;;2.4;-0.8;;;;;;;;;;;;;;;;;;;;;;;;;;
BAS;01.03.1831 00:00;;;6.7;-0.3;;;;;;;;;;;;;;;;;;;;;;;;;;
BAS;01.04.1831 00:00;;;10;-0.7;;;;;;;;;;;;;;;;;;;;;;;;;;
BAS;01.05.1831 00:00;;;12.7;-1.9;;;;;;;;;;;;;;;;;;;;;;;;;;
BAS;01.06.1831 00:00;;;15.4;-2.8;;;;;;;;;;;;;;;;;;;;;;;;;;
BAS;01.07.1831 00:00;;;17.6;-2.6;;;;;;;;;;;;;;;;;;;;;;;;;;
BAS;01.08.1831 00:00;;;16.9;-2.8;;;;;;;;;;;;;;;;;;;;;;;;;;
BAS;01.09.1831 00:00;;;12.6;-2.8;;;;;;;;;;;;;;;;;;;;;;;;;;
BAS;01.10.1831 00:00;;;12.4;1.3;;;;;;;;;;;;;;;;;;;;;;;;;;
BAS;01.11.1831 00:00;;;4.9;-1.1;;;;;;;;;;;;;;;;;;;;;;;;;;
BAS;01.12.1831 00:00;;;2.2;-0.7;;;;;;;;;;;;;;;;;;;;;;;;;;
BAS;01.01.1832 00:00;;;-0.7;-2.9;;;;;;;;;;;;;;;;;;;;;;;;;;
BAS;01.02.1832 00:00;;;0.9;-2.3;;;;;;;;;;;;;;;;;;;;;;;;;;
BAS;01.03.1832 00:00;;;3.4;-3.6;;;;;;;;;;;;;;;;;;;;;;;;;;
BAS;01.04.1832 00:00;;;8.9;-1.8;;;;;;;;;;;;;;;;;;;;;;;;;;
BAS;01.05.1832 00:00;;;12.1;-2.5;;;;;;;;;;;;;;;;;;;;;;;;;;
BAS;01.06.1832 00:00;;;15.1;-3.1;;;;;;;;;;;;;;;;;;;;;;;;;;
BAS;01.07.1832 00:00;;;18.4;-1.8;;;;;;;;;;;;;;;;;;;;;;;;;;
BAS;01.08.1832 00:00;;;19.5;-0.2;;;;;;;;;;;;;;;;;;;;;;;;;;
BAS;01.09.1832 00:00;;;13;-2.4;;;;;;;;;;;;;;;;;;;;;;;;;;
BAS;01.10.1832 00:00;;;8;-3.1;;;;;;;;;;;;;;;;;;;;;;;;;;
BAS;01.11.1832 00:00;;;3.9;-2.1;;;;;;;;;;;;;;;;;;;;;;;;;;
BAS;01.12.1832 00:00;;;1.3;-1.6;;;;;;;;;;;;;;;;;;;;;;;;;;
BAS;01.01.1833 00:00;;;-3.9;-6.1;;;;;;;;;;;;;;;;;;;;;;;;;;
BAS;01.02.1833 00:00;;;5.2;2;;;;;;;;;;;;;;;;;;;;;;;;;;
BAS;01.03.1833 00:00;;;2.8;-4.2;;;;;;;;;;;;;;;;;;;;;;;;;;
BAS;01.04.1833 00:00;;;7;-3.7;;;;;;;;;;;;;;;;;;;;;;;;;;
BAS;01.05.1833 00:00;;;16.8;2.2;;;;;;;;;;;;;;;;;;;;;;;;;;
BAS;01.06.1833 00:00;;;17.4;-0.8;;;;;;;;;;;;;;;;;;;;;;;;;;
BAS;01.07.1833 00:00;;;16;-4.2;;;;;;;;;;;;;;;;;;;;;;;;;;
BAS;01.08.1833 00:00;;;14.9;-4.8;;;;;;;;;;;;;;;;;;;;;;;;;;
BAS;01.09.1833 00:00;;;12.4;-3;;;;;;;;;;;;;;;;;;;;;;;;;;
BAS;01.10.1833 00:00;;;8.9;-2.2;;;;;;;;;;;;;;;;;;;;;;;;;;
BAS;01.11.1833 00:00;;;4.4;-1.6;;;;;;;;;;;;;;;;;;;;;;;;;;
BAS;01.12.1833 00:00;;;6.3;3.4;;;;;;;;;;;;;;;;;;;;;;;;;;
BAS;01.01.1834 00:00;;;5.7;3.5;;;;;;;;;;;;;;;;;;;;;;;;;;
BAS;01.02.1834 00:00;;;1.9;-1.3;;;;;;;;;;;;;;;;;;;;;;;;;;
BAS;01.03.1834 00:00;;;4.6;-2.4;;;;;;;;;;;;;;;;;;;;;;;;;;
BAS;01.04.1834 00:00;;;7.1;-3.6;;;;;;;;;;;;;;;;;;;;;;;;;;
BAS;01.05.1834 00:00;;;15.6;1;;;;;;;;;;;;;;;;;;;;;;;;;;
BAS;01.06.1834 00:00;;;17.1;-1.1;;;;;;;;;;;;;;;;;;;;;;;;;;
BAS;01.07.1834 00:00;;;20.3;0.1;;;;;;;;;;;;;;;;;;;;;;;;;;
BAS;01.08.1834 00:00;;;18.3;-1.4;;;;;;;;;;;;;;;;;;;;;;;;;;
BAS;01.09.1834 00:00;;;16.3;0.9;;;;;;;;;;;;;;;;;;;;;;;;;;
BAS;01.10.1834 00:00;;;9.2;-1.9;;;;;;;;;;;;;;;;;;;;;;;;;;
BAS;01.11.1834 00:00;;;4.9;-1.1;;;;;;;;;;;;;;;;;;;;;;;;;;
BAS;01.12.1834 00:00;;;0.3;-2.6;;;;;;;;;;;;;;;;;;;;;;;;;;
BAS;01.01.1835 00:00;;;1;-1.2;;;;;;;;;;;;;;;;;;;;;;;;;;
BAS;01.02.1835 00:00;;;3.1;-0.1;;;;;;;;;;;;;;;;;;;;;;;;;;
BAS;01.03.1835 00:00;;;4.5;-2.5;;;;;;;;;;;;;;;;;;;;;;;;;;
BAS;01.04.1835 00:00;;;7.7;-3;;;;;;;;;;;;;;;;;;;;;;;;;;
BAS;01.05.1835 00:00;;;12.9;-1.7;;;;;;;;;;;;;;;;;;;;;;;;;;
BAS;01.06.1835 00:00;;;16.3;-1.9;;;;;;;;;;;;;;;;;;;;;;;;;;
BAS;01.07.1835 00:00;;;19.8;-0.4;;;;;;;;;;;;;;;;;;;;;;;;;;
BAS;01.08.1835 00:00;;;17.3;-2.4;;;;;;;;;;;;;;;;;;;;;;;;;;
BAS;01.09.1835 00:00;;;13.8;-1.6;;;;;;;;;;;;;;;;;;;;;;;;;;
BAS;01.10.1835 00:00;;;7.4;-3.7;;;;;;;;;;;;;;;;;;;;;;;;;;
BAS;01.11.1835 00:00;;;0.5;-5.5;;;;;;;;;;;;;;;;;;;;;;;;;;
BAS;01.12.1835 00:00;;;-3.1;-6;;;;;;;;;;;;;;;;;;;;;;;;;;
BAS;01.01.1836 00:00;;;-0.6;-2.8;;;;;;;;;;;;;;;;;;;;;;;;;;
BAS;01.02.1836 00:00;;;0.4;-2.8;;;;;;;;;;;;;;;;;;;;;;;;;;
BAS;01.03.1836 00:00;;;7.7;0.7;;;;;;;;;;;;;;;;;;;;;;;;;;
BAS;01.04.1836 00:00;;;7.6;-3.1;;;;;;;;;;;;;;;;;;;;;;;;;;
BAS;01.05.1836 00:00;;;10.8;-3.8;;;;;;;;;;;;;;;;;;;;;;;;;;
BAS;01.06.1836 00:00;;;16.6;-1.6;;;;;;;;;;;;;;;;;;;;;;;;;;
BAS;01.07.1836 00:00;;;17.7;-2.5;;;;;;;;;;;;;;;;;;;;;;;;;;
BAS;01.08.1836 00:00;;;17;-2.7;;;;;;;;;;;;;;;;;;;;;;;;;;
BAS;01.09.1836 00:00;;;12.2;-3.2;;;;;;;;;;;;;;;;;;;;;;;;;;
BAS;01.10.1836 00:00;;;9.1;-2;;;;;;;;;;;;;;;;;;;;;;;;;;
BAS;01.11.1836 00:00;;;4.5;-1.5;;;;;;;;;;;;;;;;;;;;;;;;;;
BAS;01.12.1836 00:00;;;1.7;-1.2;;;;;;;;;;;;;;;;;;;;;;;;;;
BAS;01.01.1837 00:00;;;-1.5;-3.7;;;;;;;;;;;;;;;;;;;;;;;;;;
BAS;01.02.1837 00:00;;;1.5;-1.7;;;;;;;;;;;;;;;;;;;;;;;;;;
BAS;01.03.1837 00:00;;;0.3;-6.7;;;;;;;;;;;;;;;;;;;;;;;;;;
BAS;01.04.1837 00:00;;;4.9;-5.8;;;;;;;;;;;;;;;;;;;;;;;;;;
BAS;01.05.1837 00:00;;;9.9;-4.7;;;;;;;;;;;;;;;;;;;;;;;;;;
BAS;01.06.1837 00:00;;;17.8;-0.4;;;;;;;;;;;;;;;;;;;;;;;;;;
BAS;01.07.1837 00:00;;;17;-3.2;;;;;;;;;;;;;;;;;;;;;;;;;;
BAS;01.08.1837 00:00;;;18.8;-0.9;;;;;;;;;;;;;;;;;;;;;;;;;;
BAS;01.09.1837 00:00;;;11.8;-3.6;;;;;;;;;;;;;;;;;;;;;;;;;;
BAS;01.10.1837 00:00;;;8.2;-2.9;;;;;;;;;;;;;;;;;;;;;;;;;;
BAS;01.11.1837 00:00;;;3.5;-2.5;;;;;;;;;;;;;;;;;;;;;;;;;;
BAS;01.12.1837 00:00;;;1.6;-1.3;;;;;;;;;;;;;;;;;;;;;;;;;;
BAS;01.01.1838 00:00;;;-6.5;-8.7;;;;;;;;;;;;;;;;;;;;;;;;;;
BAS;01.02.1838 00:00;;;-0.2;-3.4;;;;;;;;;;;;;;;;;;;;;;;;;;
BAS;01.03.1838 00:00;;;4.7;-2.3;;;;;;;;;;;;;;;;;;;;;;;;;;
BAS;01.04.1838 00:00;;;5.7;-5;;;;;;;;;;;;;;;;;;;;;;;;;;
BAS;01.05.1838 00:00;;;13;-1.6;;;;;;;;;;;;;;;;;;;;;;;;;;
BAS;01.06.1838 00:00;;;15.1;-3.1;;;;;;;;;;;;;;;;;;;;;;;;;;
BAS;01.07.1838 00:00;;;16.9;-3.3;;;;;;;;;;;;;;;;;;;;;;;;;;
BAS;01.08.1838 00:00;;;15.4;-4.3;;;;;;;;;;;;;;;;;;;;;;;;;;
BAS;01.09.1838 00:00;;;13.4;-2;;;;;;;;;;;;;;;;;;;;;;;;;;
BAS;01.10.1838 00:00;;;8.2;-2.9;;;;;;;;;;;;;;;;;;;;;;;;;;
BAS;01.11.1838 00:00;;;5.3;-0.7;;;;;;;;;;;;;;;;;;;;;;;;;;
BAS;01.12.1838 00:00;;;-0.7;-3.6;;;;;;;;;;;;;;;;;;;;;;;;;;
BAS;01.01.1839 00:00;;;-0.7;-2.9;;;;;;;;;;;;;;;;;;;;;;;;;;
BAS;01.02.1839 00:00;;;1.6;-1.6;;;;;;;;;;;;;;;;;;;;;;;;;;
BAS;01.03.1839 00:00;;;3.3;-3.7;;;;;;;;;;;;;;;;;;;;;;;;;;
BAS;01.04.1839 00:00;;;5.5;-5.2;;;;;;;;;;;;;;;;;;;;;;;;;;
BAS;01.05.1839 00:00;;;11.7;-2.9;;;;;;;;;;;;;;;;;;;;;;;;;;
BAS;01.06.1839 00:00;;;18.5;0.3;;;;;;;;;;;;;;;;;;;;;;;;;;
BAS;01.07.1839 00:00;;;17.9;-2.3;;;;;;;;;;;;;;;;;;;;;;;;;;
BAS;01.08.1839 00:00;;;15.3;-4.4;;;;;;;;;;;;;;;;;;;;;;;;;;
BAS;01.09.1839 00:00;;;13.1;-2.3;;;;;;;;;;;;;;;;;;;;;;;;;;
BAS;01.10.1839 00:00;;;10;-1.1;;;;;;;;;;;;;;;;;;;;;;;;;;
BAS;01.11.1839 00:00;;;5.3;-0.7;;;;;;;;;;;;;;;;;;;;;;;;;;
BAS;01.12.1839 00:00;;;3.8;0.9;;;;;;;;;;;;;;;;;;;;;;;;;;
BAS;01.01.1840 00:00;;;1.6;-0.6;;;;;;;;;;;;;;;;;;;;;;;;;;
BAS;01.02.1840 00:00;;;0.2;-3;;;;;;;;;;;;;;;;;;;;;;;;;;
BAS;01.03.1840 00:00;;;0.1;-6.9;;;;;;;;;;;;;;;;;;;;;;;;;;
BAS;01.04.1840 00:00;;;10.2;-0.5;;;;;;;;;;;;;;;;;;;;;;;;;;
BAS;01.05.1840 00:00;;;12.8;-1.8;;;;;;;;;;;;;;;;;;;;;;;;;;
BAS;01.06.1840 00:00;;;16;-2.2;;;;;;;;;;;;;;;;;;;;;;;;;;
BAS;01.07.1840 00:00;;;15.2;-5;;;;;;;;;;;;;;;;;;;;;;;;;;
BAS;01.08.1840 00:00;;;17.2;-2.5;;;;;;;;;;;;;;;;;;;;;;;;;;
BAS;01.09.1840 00:00;;;12.9;-2.5;;;;;;;;;;;;;;;;;;;;;;;;;;
BAS;01.10.1840 00:00;;;5.7;-5.4;;;;;;;;;;;;;;;;;;;;;;;;;;
BAS;01.11.1840 00:00;;;5.8;-0.2;;;;;;;;;;;;;;;;;;;;;;;;;;
BAS;01.12.1840 00:00;;;-5.5;-8.4;;;;;;;;;;;;;;;;;;;;;;;;;;
BAS;01.01.1841 00:00;;;-1.7;-3.9;;;;;;;;;;;;;;;;;;;;;;;;;;
BAS;01.02.1841 00:00;;;-0.6;-3.8;;;;;;;;;;;;;;;;;;;;;;;;;;
BAS;01.03.1841 00:00;;;6.6;-0.4;;;;;;;;;;;;;;;;;;;;;;;;;;
BAS;01.04.1841 00:00;;;8.6;-2.1;;;;;;;;;;;;;;;;;;;;;;;;;;
BAS;01.05.1841 00:00;;;16.2;1.6;;;;;;;;;;;;;;;;;;;;;;;;;;
BAS;01.06.1841 00:00;;;14.4;-3.8;;;;;;;;;;;;;;;;;;;;;;;;;;
BAS;01.07.1841 00:00;;;15.7;-4.5;;;;;;;;;;;;;;;;;;;;;;;;;;
BAS;01.08.1841 00:00;;;15.9;-3.8;;;;;;;;;;;;;;;;;;;;;;;;;;
BAS;01.09.1841 00:00;;;15.2;-0.2;;;;;;;;;;;;;;;;;;;;;;;;;;
BAS;01.10.1841 00:00;;;9.8;-1.3;;;;;;;;;;;;;;;;;;;;;;;;;;
BAS;01.11.1841 00:00;;;4.9;-1.1;;;;;;;;;;;;;;;;;;;;;;;;;;
BAS;01.12.1841 00:00;;;3.8;0.9;;;;;;;;;;;;;;;;;;;;;;;;;;
BAS;01.01.1842 00:00;;;-3.4;-5.6;;;;;;;;;;;;;;;;;;;;;;;;;;
BAS;01.02.1842 00:00;;;-1.4;-4.6;;;;;;;;;;;;;;;;;;;;;;;;;;
BAS;01.03.1842 00:00;;;5.5;-1.5;;;;;;;;;;;;;;;;;;;;;;;;;;
BAS;01.04.1842 00:00;;;7.9;-2.8;;;;;;;;;;;;;;;;;;;;;;;;;;
BAS;01.05.1842 00:00;;;13.9;-0.7;;;;;;;;;;;;;;;;;;;;;;;;;;
BAS;01.06.1842 00:00;;;18.3;0.1;;;;;;;;;;;;;;;;;;;;;;;;;;
BAS;01.07.1842 00:00;;;17;-3.2;;;;;;;;;;;;;;;;;;;;;;;;;;
BAS;01.08.1842 00:00;;;18.8;-0.9;;;;;;;;;;;;;;;;;;;;;;;;;;
BAS;01.09.1842 00:00;;;12.6;-2.8;;;;;;;;;;;;;;;;;;;;;;;;;;
BAS;01.10.1842 00:00;;;5;-6.1;;;;;;;;;;;;;;;;;;;;;;;;;;
BAS;01.11.1842 00:00;;;2.3;-3.7;;;;;;;;;;;;;;;;;;;;;;;;;;
BAS;01.12.1842 00:00;;;0.8;-2.1;;;;;;;;;;;;;;;;;;;;;;;;;;
BAS;01.01.1843 00:00;;;1.5;-0.7;;;;;;;;;;;;;;;;;;;;;;;;;;
BAS;01.02.1843 00:00;;;3.1;-0.1;;;;;;;;;;;;;;;;;;;;;;;;;;
BAS;01.03.1843 00:00;;;4.3;-2.7;;;;;;;;;;;;;;;;;;;;;;;;;;
BAS;01.04.1843 00:00;;;9.3;-1.4;;;;;;;;;;;;;;;;;;;;;;;;;;
BAS;01.05.1843 00:00;;;11.7;-2.9;;;;;;;;;;;;;;;;;;;;;;;;;;
BAS;01.06.1843 00:00;;;13.8;-4.4;;;;;;;;;;;;;;;;;;;;;;;;;;
BAS;01.07.1843 00:00;;;15.8;-4.4;;;;;;;;;;;;;;;;;;;;;;;;;;
BAS;01.08.1843 00:00;;;17;-2.7;;;;;;;;;;;;;;;;;;;;;;;;;;
BAS;01.09.1843 00:00;;;14.5;-0.9;;;;;;;;;;;;;;;;;;;;;;;;;;
BAS;01.10.1843 00:00;;;8.9;-2.2;;;;;;;;;;;;;;;;;;;;;;;;;;
BAS;01.11.1843 00:00;;;5.1;-0.9;;;;;;;;;;;;;;;;;;;;;;;;;;
BAS;01.12.1843 00:00;;;1;-1.9;;;;;;;;;;;;;;;;;;;;;;;;;;
BAS;01.01.1844 00:00;;;-1.2;-3.4;;;;;;;;;;;;;;;;;;;;;;;;;;
BAS;01.02.1844 00:00;;;0.1;-3.1;;;;;;;;;;;;;;;;;;;;;;;;;;
BAS;01.03.1844 00:00;;;4.3;-2.7;;;;;;;;;;;;;;;;;;;;;;;;;;
BAS;01.04.1844 00:00;;;10.6;-0.1;;;;;;;;;;;;;;;;;;;;;;;;;;
BAS;01.05.1844 00:00;;;11.8;-2.8;;;;;;;;;;;;;;;;;;;;;;;;;;
BAS;01.06.1844 00:00;;;17.7;-0.5;;;;;;;;;;;;;;;;;;;;;;;;;;
BAS;01.07.1844 00:00;;;17;-3.2;;;;;;;;;;;;;;;;;;;;;;;;;;
BAS;01.08.1844 00:00;;;14.3;-5.4;;;;;;;;;;;;;;;;;;;;;;;;;;
BAS;01.09.1844 00:00;;;14.2;-1.2;;;;;;;;;;;;;;;;;;;;;;;;;;
BAS;01.10.1844 00:00;;;9;-2.1;;;;;;;;;;;;;;;;;;;;;;;;;;
BAS;01.11.1844 00:00;;;5.5;-0.5;;;;;;;;;;;;;;;;;;;;;;;;;;
BAS;01.12.1844 00:00;;;-2.1;-5;;;;;;;;;;;;;;;;;;;;;;;;;;
BAS;01.01.1845 00:00;;;-0.1;-2.3;;;;;;;;;;;;;;;;;;;;;;;;;;
BAS;01.02.1845 00:00;;;-4.7;-7.9;;;;;;;;;;;;;;;;;;;;;;;;;;
BAS;01.03.1845 00:00;;;-1;-8;;;;;;;;;;;;;;;;;;;;;;;;;;
BAS;01.04.1845 00:00;;;9.1;-1.6;;;;;;;;;;;;;;;;;;;;;;;;;;
BAS;01.05.1845 00:00;;;10;-4.6;;;;;;;;;;;;;;;;;;;;;;;;;;
BAS;01.06.1845 00:00;;;16.6;-1.6;;;;;;;;;;;;;;;;;;;;;;;;;;
BAS;01.07.1845 00:00;;;17.6;-2.6;;;;;;;;;;;;;;;;;;;;;;;;;;
BAS;01.08.1845 00:00;;;13.9;-5.8;;;;;;;;;;;;;;;;;;;;;;;;;;
BAS;01.09.1845 00:00;;;13.3;-2.1;;;;;;;;;;;;;;;;;;;;;;;;;;
BAS;01.10.1845 00:00;;;8.3;-2.8;;;;;;;;;;;;;;;;;;;;;;;;;;
BAS;01.11.1845 00:00;;;5.5;-0.5;;;;;;;;;;;;;;;;;;;;;;;;;;
BAS;01.12.1845 00:00;;;3.3;0.4;;;;;;;;;;;;;;;;;;;;;;;;;;
BAS;01.01.1846 00:00;;;0.4;-1.8;;;;;;;;;;;;;;;;;;;;;;;;;;
BAS;01.02.1846 00:00;;;4.4;1.2;;;;;;;;;;;;;;;;;;;;;;;;;;
BAS;01.03.1846 00:00;;;6;-1;;;;;;;;;;;;;;;;;;;;;;;;;;
BAS;01.04.1846 00:00;;;8.6;-2.1;;;;;;;;;;;;;;;;;;;;;;;;;;
BAS;01.05.1846 00:00;;;13.1;-1.5;;;;;;;;;;;;;;;;;;;;;;;;;;
BAS;01.06.1846 00:00;;;18.9;0.7;;;;;;;;;;;;;;;;;;;;;;;;;;
BAS;01.07.1846 00:00;;;19.2;-1;;;;;;;;;;;;;;;;;;;;;;;;;;
BAS;01.08.1846 00:00;;;18.5;-1.2;;;;;;;;;;;;;;;;;;;;;;;;;;
BAS;01.09.1846 00:00;;;14.4;-1;;;;;;;;;;;;;;;;;;;;;;;;;;
BAS;01.10.1846 00:00;;;9.1;-2;;;;;;;;;;;;;;;;;;;;;;;;;;
BAS;01.11.1846 00:00;;;3.6;-2.4;;;;;;;;;;;;;;;;;;;;;;;;;;
BAS;01.12.1846 00:00;;;-3.4;-6.3;;;;;;;;;;;;;;;;;;;;;;;;;;
BAS;01.01.1847 00:00;;;-0.1;-2.3;;;;;;;;;;;;;;;;;;;;;;;;;;
BAS;01.02.1847 00:00;;;-0.6;-3.8;;;;;;;;;;;;;;;;;;;;;;;;;;
BAS;01.03.1847 00:00;;;3;-4;;;;;;;;;;;;;;;;;;;;;;;;;;
BAS;01.04.1847 00:00;;;5.7;-5;;;;;;;;;;;;;;;;;;;;;;;;;;
BAS;01.05.1847 00:00;;;15.4;0.8;;;;;;;;;;;;;;;;;;;;;;;;;;
BAS;01.06.1847 00:00;;;13.5;-4.7;;;;;;;;;;;;;;;;;;;;;;;;;;
BAS;01.07.1847 00:00;;;18.5;-1.7;;;;;;;;;;;;;;;;;;;;;;;;;;
BAS;01.08.1847 00:00;;;17;-2.7;;;;;;;;;;;;;;;;;;;;;;;;;;
BAS;01.09.1847 00:00;;;11.1;-4.3;;;;;;;;;;;;;;;;;;;;;;;;;;
BAS;01.10.1847 00:00;;;8.1;-3;;;;;;;;;;;;;;;;;;;;;;;;;;
BAS;01.11.1847 00:00;;;3.8;-2.2;;;;;;;;;;;;;;;;;;;;;;;;;;
BAS;01.12.1847 00:00;;;-1.5;-4.4;;;;;;;;;;;;;;;;;;;;;;;;;;
BAS;01.01.1848 00:00;;;-6.1;-8.3;;;;;;;;;;;;;;;;;;;;;;;;;;
BAS;01.02.1848 00:00;;;2.6;-0.6;;;;;;;;;;;;;;;;;;;;;;;;;;
BAS;01.03.1848 00:00;;;4.9;-2.1;;;;;;;;;;;;;;;;;;;;;;;;;;
BAS;01.04.1848 00:00;;;9.8;-0.9;;;;;;;;;;;;;;;;;;;;;;;;;;
BAS;01.05.1848 00:00;;;13.7;-0.9;;;;;;;;;;;;;;;;;;;;;;;;;;
BAS;01.06.1848 00:00;;;16.1;-2.1;;;;;;;;;;;;;;;;;;;;;;;;;;
BAS;01.07.1848 00:00;;;17.3;-2.9;;;;;;;;;;;;;;;;;;;;;;;;;;
BAS;01.08.1848 00:00;;;16.9;-2.8;;;;;;;;;;;;;;;;;;;;;;;;;;
BAS;01.09.1848 00:00;;;12.7;-2.7;;;;;;;;;;;;;;;;;;;;;;;;;;
BAS;01.10.1848 00:00;;;8.6;-2.5;;;;;;;;;;;;;;;;;;;;;;;;;;
BAS;01.11.1848 00:00;;;2.7;-3.3;;;;;;;;;;;;;;;;;;;;;;;;;;
BAS;01.12.1848 00:00;;;0.9;-2;;;;;;;;;;;;;;;;;;;;;;;;;;
BAS;01.01.1849 00:00;;;1.7;-0.5;;;;;;;;;;;;;;;;;;;;;;;;;;
BAS;01.02.1849 00:00;;;3.2;0;;;;;;;;;;;;;;;;;;;;;;;;;;
BAS;01.03.1849 00:00;;;2.8;-4.2;;;;;;;;;;;;;;;;;;;;;;;;;;
BAS;01.04.1849 00:00;;;6.7;-4;;;;;;;;;;;;;;;;;;;;;;;;;;
BAS;01.05.1849 00:00;;;13.4;-1.2;;;;;;;;;;;;;;;;;;;;;;;;;;
BAS;01.06.1849 00:00;;;17.1;-1.1;;;;;;;;;;;;;;;;;;;;;;;;;;
BAS;01.07.1849 00:00;;;18;-2.2;;;;;;;;;;;;;;;;;;;;;;;;;;
BAS;01.08.1849 00:00;;;15.8;-3.9;;;;;;;;;;;;;;;;;;;;;;;;;;
BAS;01.09.1849 00:00;;;14;-1.4;;;;;;;;;;;;;;;;;;;;;;;;;;
BAS;01.10.1849 00:00;;;10;-1.1;;;;;;;;;;;;;;;;;;;;;;;;;;
BAS;01.11.1849 00:00;;;1.5;-4.5;;;;;;;;;;;;;;;;;;;;;;;;;;
BAS;01.12.1849 00:00;;;-0.4;-3.3;;;;;;;;;;;;;;;;;;;;;;;;;;
BAS;01.01.1850 00:00;;;-3.7;-5.9;;;;;;;;;;;;;;;;;;;;;;;;;;
BAS;01.02.1850 00:00;;;4.5;1.3;;;;;;;;;;;;;;;;;;;;;;;;;;
BAS;01.03.1850 00:00;;;1.9;-5.1;;;;;;;;;;;;;;;;;;;;;;;;;;
BAS;01.04.1850 00:00;;;8.9;-1.8;;;;;;;;;;;;;;;;;;;;;;;;;;
BAS;01.05.1850 00:00;;;11.1;-3.5;;;;;;;;;;;;;;;;;;;;;;;;;;
BAS;01.06.1850 00:00;;;16.3;-1.9;;;;;;;;;;;;;;;;;;;;;;;;;;
BAS;01.07.1850 00:00;;;17.5;-2.7;;;;;;;;;;;;;;;;;;;;;;;;;;
BAS;01.08.1850 00:00;;;16.1;-3.6;;;;;;;;;;;;;;;;;;;;;;;;;;
BAS;01.09.1850 00:00;;;11.5;-3.9;;;;;;;;;;;;;;;;;;;;;;;;;;
BAS;01.10.1850 00:00;;;6.1;-5;;;;;;;;;;;;;;;;;;;;;;;;;;
BAS;01.11.1850 00:00;;;6.2;0.2;;;;;;;;;;;;;;;;;;;;;;;;;;
BAS;01.12.1850 00:00;;;1.1;-1.8;;;;;;;;;;;;;;;;;;;;;;;;;;
BAS;01.01.1851 00:00;;;1.2;-1;;;;;;;;;;;;;;;;;;;;;;;;;;
BAS;01.02.1851 00:00;;;0.6;-2.6;;;;;;;;;;;;;;;;;;;;;;;;;;
BAS;01.03.1851 00:00;;;4.3;-2.7;;;;;;;;;;;;;;;;;;;;;;;;;;
BAS;01.04.1851 00:00;;;9.2;-1.5;;;;;;;;;;;;;;;;;;;;;;;;;;
BAS;01.05.1851 00:00;;;9.6;-5;;;;;;;;;;;;;;;;;;;;;;;;;;
BAS;01.06.1851 00:00;;;16.9;-1.3;;;;;;;;;;;;;;;;;;;;;;;;;;
BAS;01.07.1851 00:00;;;16.9;-3.3;;;;;;;;;;;;;;;;;;;;;;;;;;
BAS;01.08.1851 00:00;;;17.2;-2.5;;;;;;;;;;;;;;;;;;;;;;;;;;
BAS;01.09.1851 00:00;;;10.6;-4.8;;;;;;;;;;;;;;;;;;;;;;;;;;
BAS;01.10.1851 00:00;;;9.1;-2;;;;;;;;;;;;;;;;;;;;;;;;;;
BAS;01.11.1851 00:00;;;0.1;-5.9;;;;;;;;;;;;;;;;;;;;;;;;;;
BAS;01.12.1851 00:00;;;-2.1;-5;;;;;;;;;;;;;;;;;;;;;;;;;;
BAS;01.01.1852 00:00;;;2.3;0.1;;;;;;;;;;;;;;;;;;;;;;;;;;
BAS;01.02.1852 00:00;;;2.4;-0.8;;;;;;;;;;;;;;;;;;;;;;;;;;
BAS;01.03.1852 00:00;;;2.3;-4.7;;;;;;;;;;;;;;;;;;;;;;;;;;
BAS;01.04.1852 00:00;;;7.2;-3.5;;;;;;;;;;;;;;;;;;;;;;;;;;
BAS;01.05.1852 00:00;;;13.2;-1.4;;;;;;;;;;;;;;;;;;;;;;;;;;
BAS;01.06.1852 00:00;;;15.3;-2.9;;;;;;;;;;;;;;;;;;;;;;;;;;
BAS;01.07.1852 00:00;;;19.4;-0.8;;;;;;;;;;;;;;;;;;;;;;;;;;
BAS;01.08.1852 00:00;;;16.4;-3.3;;;;;;;;;;;;;;;;;;;;;;;;;;
BAS;01.09.1852 00:00;;;13.3;-2.1;;;;;;;;;;;;;;;;;;;;;;;;;;
BAS;01.10.1852 00:00;;;8.2;-2.9;;;;;;;;;;;;;;;;;;;;;;;;;;
BAS;01.11.1852 00:00;;;8.1;2.1;;;;;;;;;;;;;;;;;;;;;;;;;;
BAS;01.12.1852 00:00;;;4.3;1.4;;;;;;;;;;;;;;;;;;;;;;;;;;
BAS;01.01.1853 00:00;;;3.4;1.2;;;;;;;;;;;;;;;;;;;;;;;;;;
BAS;01.02.1853 00:00;;;-1.1;-4.3;;;;;;;;;;;;;;;;;;;;;;;;;;
BAS;01.03.1853 00:00;;;0;-7;;;;;;;;;;;;;;;;;;;;;;;;;;
BAS;01.04.1853 00:00;;;6.7;-4;;;;;;;;;;;;;;;;;;;;;;;;;;
BAS;01.05.1853 00:00;;;11.7;-2.9;;;;;;;;;;;;;;;;;;;;;;;;;;
BAS;01.06.1853 00:00;;;15.5;-2.7;;;;;;;;;;;;;;;;;;;;;;;;;;
BAS;01.07.1853 00:00;;;18.3;-1.9;;;;;;;;;;;;;;;;;;;;;;;;;;
BAS;01.08.1853 00:00;;;18;-1.7;;;;;;;;;;;;;;;;;;;;;;;;;;
BAS;01.09.1853 00:00;;;13.5;-1.9;;;;;;;;;;;;;;;;;;;;;;;;;;
BAS;01.10.1853 00:00;;;9.4;-1.7;;;;;;;;;;;;;;;;;;;;;;;;;;
BAS;01.11.1853 00:00;;;3.5;-2.5;;;;;;;;;;;;;;;;;;;;;;;;;;
BAS;01.12.1853 00:00;;;-4.7;-7.6;;;;;;;;;;;;;;;;;;;;;;;;;;
BAS;01.01.1854 00:00;;;0;-2.2;;;;;;;;;;;;;;;;;;;;;;;;;;
BAS;01.02.1854 00:00;;;-1.4;-4.6;;;;;;;;;;;;;;;;;;;;;;;;;;
BAS;01.03.1854 00:00;;;4.2;-2.8;;;;;;;;;;;;;;;;;;;;;;;;;;
BAS;01.04.1854 00:00;;;9.5;-1.2;;;;;;;;;;;;;;;;;;;;;;;;;;
BAS;01.05.1854 00:00;;;13.1;-1.5;;;;;;;;;;;;;;;;;;;;;;;;;;
BAS;01.06.1854 00:00;;;15.1;-3.1;;;;;;;;;;;;;;;;;;;;;;;;;;
BAS;01.07.1854 00:00;;;17.7;-2.5;;;;;;;;;;;;;;;;;;;;;;;;;;
BAS;01.08.1854 00:00;;;16.1;-3.6;;;;;;;;;;;;;;;;;;;;;;;;;;
BAS;01.09.1854 00:00;;;13.7;-1.7;;;;;;;;;;;;;;;;;;;;;;;;;;
BAS;01.10.1854 00:00;;;9.2;-1.9;;;;;;;;;;;;;;;;;;;;;;;;;;
BAS;01.11.1854 00:00;;;2.1;-3.9;;;;;;;;;;;;;;;;;;;;;;;;;;
BAS;01.12.1854 00:00;;;2.7;-0.2;;;;;;;;;;;;;;;;;;;;;;;;;;
BAS;01.01.1855 00:00;;;-3.8;-6;;;;;;;;;;;;;;;;;;;;;;;;;;
BAS;01.02.1855 00:00;;;-0.8;-4;;;;;;;;;;;;;;;;;;;;;;;;;;
BAS;01.03.1855 00:00;;;3.9;-3.1;;;;;;;;;;;;;;;;;;;;;;;;;;
BAS;01.04.1855 00:00;;;7.8;-2.9;;;;;;;;;;;;;;;;;;;;;;;;;;
BAS;01.05.1855 00:00;;;11.2;-3.4;;;;;;;;;;;;;;;;;;;;;;;;;;
BAS;01.06.1855 00:00;;;15.4;-2.8;;;;;;;;;;;;;;;;;;;;;;;;;;
BAS;01.07.1855 00:00;;;16.5;-3.7;;;;;;;;;;;;;;;;;;;;;;;;;;
BAS;01.08.1855 00:00;;;18.3;-1.4;;;;;;;;;;;;;;;;;;;;;;;;;;
BAS;01.09.1855 00:00;;;13.3;-2.1;;;;;;;;;;;;;;;;;;;;;;;;;;
BAS;01.10.1855 00:00;;;10.7;-0.4;;;;;;;;;;;;;;;;;;;;;;;;;;
BAS;01.11.1855 00:00;;;2.5;-3.5;;;;;;;;;;;;;;;;;;;;;;;;;;
BAS;01.12.1855 00:00;;;-2.4;-5.3;;;;;;;;;;;;;;;;;;;;;;;;;;
BAS;01.01.1856 00:00;;;1.7;-0.5;;;;;;;;;;;;;;;;;;;;;;;;;;
BAS;01.02.1856 00:00;;;2.4;-0.8;;;;;;;;;;;;;;;;;;;;;;;;;;
BAS;01.03.1856 00:00;;;3.4;-3.6;;;;;;;;;;;;;;;;;;;;;;;;;;
BAS;01.04.1856 00:00;;;9.6;-1.1;;;;;;;;;;;;;;;;;;;;;;;;;;
BAS;01.05.1856 00:00;;;11;-3.6;;;;;;;;;;;;;;;;;;;;;;;;;;
BAS;01.06.1856 00:00;;;17;-1.2;;;;;;;;;;;;;;;;;;;;;;;;;;
BAS;01.07.1856 00:00;;;17;-3.2;;;;;;;;;;;;;;;;;;;;;;;;;;
BAS;01.08.1856 00:00;;;19.6;-0.1;;;;;;;;;;;;;;;;;;;;;;;;;;
BAS;01.09.1856 00:00;;;12.7;-2.7;;;;;;;;;;;;;;;;;;;;;;;;;;
BAS;01.10.1856 00:00;;;9.2;-1.9;;;;;;;;;;;;;;;;;;;;;;;;;;
BAS;01.11.1856 00:00;;;1;-5;;;;;;;;;;;;;;;;;;;;;;;;;;
BAS;01.12.1856 00:00;;;1.1;-1.8;;;;;;;;;;;;;;;;;;;;;;;;;;
BAS;01.01.1857 00:00;;;-0.5;-2.7;;;;;;;;;;;;;;;;;;;;;;;;;;
BAS;01.02.1857 00:00;;;0.2;-3;;;;;;;;;;;;;;;;;;;;;;;;;;
BAS;01.03.1857 00:00;;;4.1;-2.9;;;;;;;;;;;;;;;;;;;;;;;;;;
BAS;01.04.1857 00:00;;;8.1;-2.6;;;;;;;;;;;;;;;;;;;;;;;;;;
BAS;01.05.1857 00:00;;;14;-0.6;;;;;;;;;;;;;;;;;;;;;;;;;;
BAS;01.06.1857 00:00;;;16.1;-2.1;;;;;;;;;;;;;;;;;;;;;;;;;;
BAS;01.07.1857 00:00;;;19.8;-0.4;;;;;;;;;;;;;;;;;;;;;;;;;;
BAS;01.08.1857 00:00;;;18.2;-1.5;;;;;;;;;;;;;;;;;;;;;;;;;;
BAS;01.09.1857 00:00;;;15.1;-0.3;;;;;;;;;;;;;;;;;;;;;;;;;;
BAS;01.10.1857 00:00;;;9.9;-1.2;;;;;;;;;;;;;;;;;;;;;;;;;;
BAS;01.11.1857 00:00;;;3.8;-2.2;;;;;;;;;;;;;;;;;;;;;;;;;;
BAS;01.12.1857 00:00;;;0.4;-2.5;;;;;;;;;;;;;;;;;;;;;;;;;;
BAS;01.01.1858 00:00;;;-3.8;-6;;;;;;;;;;;;;;;;;;;;;;;;;;
BAS;01.02.1858 00:00;;;-1.4;-4.6;;;;;;;;;;;;;;;;;;;;;;;;;;
BAS;01.03.1858 00:00;;;3.5;-3.5;;;;;;;;;;;;;;;;;;;;;;;;;;
BAS;01.04.1858 00:00;;;10.5;-0.2;;;;;;;;;;;;;;;;;;;;;;;;;;
BAS;01.05.1858 00:00;;;10.8;-3.8;;;;;;;;;;;;;;;;;;;;;;;;;;
BAS;01.06.1858 00:00;;;19.7;1.5;;;;;;;;;;;;;;;;;;;;;;;;;;
BAS;01.07.1858 00:00;;;16.6;-3.6;;;;;;;;;;;;;;;;;;;;;;;;;;
BAS;01.08.1858 00:00;;;16.6;-3.1;;;;;;;;;;;;;;;;;;;;;;;;;;
BAS;01.09.1858 00:00;;;15.6;0.2;;;;;;;;;;;;;;;;;;;;;;;;;;
BAS;01.10.1858 00:00;;;9.2;-1.9;;;;;;;;;;;;;;;;;;;;;;;;;;
BAS;01.11.1858 00:00;;;0.5;-5.5;;;;;;;;;;;;;;;;;;;;;;;;;;
BAS;01.12.1858 00:00;;;1.6;-1.3;;;;;;;;;;;;;;;;;;;;;;;;;;
BAS;01.01.1859 00:00;;;-0.3;-2.5;;;;;;;;;;;;;;;;;;;;;;;;;;
BAS;01.02.1859 00:00;;;2.8;-0.4;;;;;;;;;;;;;;;;;;;;;;;;;;
BAS;01.03.1859 00:00;;;7;0;;;;;;;;;;;;;;;;;;;;;;;;;;
BAS;01.04.1859 00:00;;;9.2;-1.5;;;;;;;;;;;;;;;;;;;;;;;;;;
BAS;01.05.1859 00:00;;;12.6;-2;;;;;;;;;;;;;;;;;;;;;;;;;;
BAS;01.06.1859 00:00;;;16.5;-1.7;;;;;;;;;;;;;;;;;;;;;;;;;;
BAS;01.07.1859 00:00;;;21.2;1;;;;;;;;;;;;;;;;;;;;;;;;;;
BAS;01.08.1859 00:00;;;19.9;0.2;;;;;;;;;;;;;;;;;;;;;;;;;;
BAS;01.09.1859 00:00;;;13.8;-1.6;;;;;;;;;;;;;;;;;;;;;;;;;;
BAS;01.10.1859 00:00;;;10.6;-0.5;;;;;;;;;;;;;;;;;;;;;;;;;;
BAS;01.11.1859 00:00;;;3.1;-2.9;;;;;;;;;;;;;;;;;;;;;;;;;;
BAS;01.12.1859 00:00;;;-1.8;-4.7;;;;;;;;;;;;;;;;;;;;;;;;;;
BAS;01.01.1860 00:00;;;3;0.8;;;;;;;;;;;;;;;;;;;;;;;;;;
BAS;01.02.1860 00:00;;;-1.7;-4.9;;;;;;;;;;;;;;;;;;;;;;;;;;
BAS;01.03.1860 00:00;;;2.7;-4.3;;;;;;;;;;;;;;;;;;;;;;;;;;
BAS;01.04.1860 00:00;;;6.8;-3.9;;;;;;;;;;;;;;;;;;;;;;;;;;
BAS;01.05.1860 00:00;;;13.8;-0.8;;;;;;;;;;;;;;;;;;;;;;;;;;
BAS;01.06.1860 00:00;;;15.6;-2.6;;;;;;;;;;;;;;;;;;;;;;;;;;
BAS;01.07.1860 00:00;;;15.7;-4.5;;;;;;;;;;;;;;;;;;;;;;;;;;
BAS;01.08.1860 00:00;;;16;-3.7;;;;;;;;;;;;;;;;;;;;;;;;;;
BAS;01.09.1860 00:00;;;12.7;-2.7;;;;;;;;;;;;;;;;;;;;;;;;;;
BAS;01.10.1860 00:00;;;8.4;-2.7;;;;;;;;;;;;;;;;;;;;;;;;;;
BAS;01.11.1860 00:00;;;2.2;-3.8;;;;;;;;;;;;;;;;;;;;;;;;;;
BAS;01.12.1860 00:00;;;1;-1.9;;;;;;;;;;;;;;;;;;;;;;;;;;
BAS;01.01.1861 00:00;;;-4.6;-6.8;;;;;;;;;;;;;;;;;;;;;;;;;;
BAS;01.02.1861 00:00;;;3.7;0.5;;;;;;;;;;;;;;;;;;;;;;;;;;
BAS;01.03.1861 00:00;;;5.6;-1.4;;;;;;;;;;;;;;;;;;;;;;;;;;
BAS;01.04.1861 00:00;;;7.8;-2.9;;;;;;;;;;;;;;;;;;;;;;;;;;
BAS;01.05.1861 00:00;;;12.3;-2.3;;;;;;;;;;;;;;;;;;;;;;;;;;
BAS;01.06.1861 00:00;;;17.9;-0.3;;;;;;;;;;;;;;;;;;;;;;;;;;
BAS;01.07.1861 00:00;;;17.5;-2.7;;;;;;;;;;;;;;;;;;;;;;;;;;
BAS;01.08.1861 00:00;;;19.6;-0.1;;;;;;;;;;;;;;;;;;;;;;;;;;
BAS;01.09.1861 00:00;;;13.9;-1.5;;;;;;;;;;;;;;;;;;;;;;;;;;
BAS;01.10.1861 00:00;;;10.8;-0.3;;;;;;;;;;;;;;;;;;;;;;;;;;
BAS;01.11.1861 00:00;;;4.9;-1.1;;;;;;;;;;;;;;;;;;;;;;;;;;
BAS;01.12.1861 00:00;;;-0.3;-3.2;;;;;;;;;;;;;;;;;;;;;;;;;;
BAS;01.01.1862 00:00;;;0.3;-1.9;;;;;;;;;;;;;;;;;;;;;;;;;;
BAS;01.02.1862 00:00;;;2.6;-0.6;;;;;;;;;;;;;;;;;;;;;;;;;;
BAS;01.03.1862 00:00;;;7.5;0.5;;;;;;;;;;;;;;;;;;;;;;;;;;
BAS;01.04.1862 00:00;;;11.2;0.5;;;;;;;;;;;;;;;;;;;;;;;;;;
BAS;01.05.1862 00:00;;;15.3;0.7;;;;;;;;;;;;;;;;;;;;;;;;;;
BAS;01.06.1862 00:00;;;16;-2.2;;;;;;;;;;;;;;;;;;;;;;;;;;
BAS;01.07.1862 00:00;;;18.8;-1.4;;;;;;;;;;;;;;;;;;;;;;;;;;
BAS;01.08.1862 00:00;;;16.7;-3;;;;;;;;;;;;;;;;;;;;;;;;;;
BAS;01.09.1862 00:00;;;14.5;-0.9;;;;;;;;;;;;;;;;;;;;;;;;;;
BAS;01.10.1862 00:00;;;10.6;-0.5;;;;;;;;;;;;;;;;;;;;;;;;;;
BAS;01.11.1862 00:00;;;3.9;-2.1;;;;;;;;;;;;;;;;;;;;;;;;;;
BAS;01.12.1862 00:00;;;1.8;-1.1;;;;;;;;;;;;;;;;;;;;;;;;;;
BAS;01.01.1863 00:00;;;2.5;0.3;;;;;;;;;;;;;;;;;;;;;;;;;;
BAS;01.02.1863 00:00;;;1.6;-1.6;;;;;;;;;;;;;;;;;;;;;;;;;;
BAS;01.03.1863 00:00;;;4.9;-2.1;;;;;;;;;;;;;;;;;;;;;;;;;;
BAS;01.04.1863 00:00;;;10.2;-0.5;;;;;;;;;;;;;;;;;;;;;;;;;;
BAS;01.05.1863 00:00;;;13.9;-0.7;;;;;;;;;;;;;;;;;;;;;;;;;;
BAS;01.06.1863 00:00;;;16.8;-1.4;;;;;;;;;;;;;;;;;;;;;;;;;;
BAS;01.07.1863 00:00;;;18;-2.2;;;;;;;;;;;;;;;;;;;;;;;;;;
BAS;01.08.1863 00:00;;;19.3;-0.4;;;;;;;;;;;;;;;;;;;;;;;;;;
BAS;01.09.1863 00:00;;;13.1;-2.3;;;;;;;;;;;;;;;;;;;;;;;;;;
BAS;01.10.1863 00:00;;;10.4;-0.7;;;;;;;;;;;;;;;;;;;;;;;;;;
BAS;01.11.1863 00:00;;;4.9;-1.1;;;;;;;;;;;;;;;;;;;;;;;;;;
BAS;01.12.1863 00:00;;;2.4;-0.5;;;;;;;;;;;;;;;;;;;;;;;;;;
BAS;01.01.1864 00:00;;;-5.5;-7.7;;;;;;;;;;;;;;;;;;;20.6;43;;;;;;
BAS;01.02.1864 00:00;;;-0.2;-3.4;;;;;;;;;;;;;;;;;;;16;35;;;;;;
BAS;01.03.1864 00:00;;;6;-1;;;;;;;;;;;;;;;;;;;48.4;98;;;;;;
BAS;01.04.1864 00:00;;;8.2;-2.5;;;;;;;;;;;;;;;;;;;49;77;;;;;;
BAS;01.05.1864 00:00;;;13.1;-1.5;;;;;;;;;;;;;;;;;;;53.2;55;;;;;;
BAS;01.06.1864 00:00;;;15.3;-2.9;;;;;;;;;;;;;;;;;;;139.9;162;;;;;;
BAS;01.07.1864 00:00;;;17.4;-2.8;;;;;;;;;;;;;;;;;;;50;56;;;;;;
BAS;01.08.1864 00:00;;;16.1;-3.6;;;;;;;;;;;;;;;;;;;59.4;67;;;;;;
BAS;01.09.1864 00:00;;;13.2;-2.2;;;;;;;;;;;;;;;;;;;81.2;116;;;;;;
BAS;01.10.1864 00:00;;;7.1;-4;;;;;;;;;;;;;;;;;;;10.2;14;;;;;;
BAS;01.11.1864 00:00;;;3.9;-2.1;;;;;;;;;;;;;;;;;;;74.1;114;;;;;;
BAS;01.12.1864 00:00;;;-2.2;-5.1;;;;;;;;;;;;;;;;;;;4.4;7;;;;;;
BAS;01.01.1865 00:00;;;1.3;-0.9;;;;;;;;;;;;;;;;;;;49.7;104;;;;;;
BAS;01.02.1865 00:00;;;-1;-4.2;;;;;;;;;;;;;;;;;;;69.1;153;;;;;;
BAS;01.03.1865 00:00;;;0.7;-6.3;;;;;;;;;;;;;;;;;;;30.1;61;;;;;;
BAS;01.04.1865 00:00;;;12.9;2.2;;;;;;;;;;;;;;;;;;;11.7;18;;;;;;
BAS;01.05.1865 00:00;;;15.9;1.3;;;;;;;;;;;;;;;;;;;85.3;87;;;;;;
BAS;01.06.1865 00:00;;;16.2;-2;;;;;;;;;;;;;;;;;;;67.1;77;;;;;;
BAS;01.07.1865 00:00;;;19.4;-0.8;;;;;;;;;;;;;;;;;;;36.9;42;;;;;;
BAS;01.08.1865 00:00;;;16.4;-3.3;;;;;;;;;;;;;;;;;;;122.1;138;;;;;;
BAS;01.09.1865 00:00;;;15.3;-0.1;;;;;;;;;;;;;;;;;;;0;0;;;;;;
BAS;01.10.1865 00:00;;;9.8;-1.3;;;;;;;;;;;;;;;;;;;99.3;133;;;;;;
BAS;01.11.1865 00:00;;;5.4;-0.6;;;;;;;;;;;;;;;;;;;70.1;108;;;;;;
BAS;01.12.1865 00:00;;;-1.1;-4;;;;;;;;;;;;;;;;;;;10.3;16;;;;;;
BAS;01.01.1866 00:00;;;3;0.8;;;;;;;;;;;;;;;;;;;36.9;77;;;;;;
BAS;01.02.1866 00:00;;;5.2;2;;;;;;;;;;;;;;;;;;;70.7;156;;;;;;
BAS;01.03.1866 00:00;;;4.7;-2.3;;;;;;;;;;;;;;;;;;;87.3;176;;;;;;
BAS;01.04.1866 00:00;;;10.1;-0.6;;;;;;;;;;;;;;;;;;;90.9;143;;;;;;
BAS;01.05.1866 00:00;;;10.8;-3.8;;;;;;;;;;;;;;;;;;;78.5;80;;;;;;
BAS;01.06.1866 00:00;;;18.2;0;;;;;;;;;;;;;;;;;;;44.8;52;;;;;;
BAS;01.07.1866 00:00;;;17.7;-2.5;;;;;;;;;;;;;;;;;;;43.3;49;;;;;;
BAS;01.08.1866 00:00;;;15.6;-4.1;;;;;;;;;;;;;;;;;;;144.8;164;;;;;;
BAS;01.09.1866 00:00;;;14.4;-1;;;;;;;;;;;;;;;;;;;76.2;109;;;;;;
BAS;01.10.1866 00:00;;;9;-2.1;;;;;;;;;;;;;;;;;;;28.2;38;;;;;;
BAS;01.11.1866 00:00;;;4.9;-1.1;;;;;;;;;;;;;;;;;;;59.8;92;;;;;;
BAS;01.12.1866 00:00;;;3.3;0.4;;;;;;;;;;;;;;;;;;;128.9;198;;;;;;
BAS;01.01.1867 00:00;;;-0.2;-2.4;;;;;;;;;;;;;;;;;;;140.9;295;;;;;;
BAS;01.02.1867 00:00;;;5.7;2.5;;;;;;;;;;;;;;;;;;;66.9;148;;;;;;
BAS;01.03.1867 00:00;;;4.9;-2.1;;;;;;;;;;;;;;;;;;;70.8;143;;;;;;
BAS;01.04.1867 00:00;;;10;-0.7;;;;;;;;;;;;;;;;;;;92.5;146;;;;;;
BAS;01.05.1867 00:00;;;13.6;-1;;;;;;;;;;;;;;;;;;;73.9;76;;;;;;
BAS;01.06.1867 00:00;;;16.1;-2.1;;;;;;;;;;;;;;;;;;;140.6;162;;;;;;
BAS;01.07.1867 00:00;;;16.8;-3.4;;;;;;;;;;;;;;;;;;;67.4;76;;;;;;
BAS;01.08.1867 00:00;;;18;-1.7;;;;;;;;;;;;;;;;;;;48.8;55;;;;;;
BAS;01.09.1867 00:00;;;14.9;-0.5;;;;;;;;;;;;;;;;;;;55.9;80;;;;;;
BAS;01.10.1867 00:00;;;7.6;-3.5;;;;;;;;;;;;;;;;;;;102.4;138;;;;;;
BAS;01.11.1867 00:00;;;2.2;-3.8;;;;;;;;;;;;;;;;;;;27;42;;;;;;
BAS;01.12.1867 00:00;;;-0.6;-3.5;;;;;;;;;;;;;;;;;;;39;60;;;;;;
BAS;01.01.1868 00:00;;;-1.5;-3.7;;;;;;;;;;;;;;;;;;;38.7;81;;;;;;
BAS;01.02.1868 00:00;;;3;-0.2;;;;;;;;;;;;;;;;;;;10.6;23;;;;;;
BAS;01.03.1868 00:00;;;4.2;-2.8;;;;;;;;;;;;;;;;;;;46;93;;;;;;
BAS;01.04.1868 00:00;;;8.7;-2;;;;;;;;;;;;;;;;;;;65.3;103;;;;;;
BAS;01.05.1868 00:00;;;17.9;3.3;;;;;;;;;;;;;;;;;;;12.7;13;;;;;;
BAS;01.06.1868 00:00;;;17.8;-0.4;;;;;;;;;;;;;;;;;;;70.2;81;;;;;;
BAS;01.07.1868 00:00;;;19.1;-1.1;;;;;;;;;;;;;;;;;;;59.4;67;;;;;;
BAS;01.08.1868 00:00;;;18.1;-1.6;;;;;;;;;;;;;;;;;;;77.8;88;;;;;;
BAS;01.09.1868 00:00;;;16;0.6;;;;;;;;;;;;;;;;;;;114.6;163;;;;;;
BAS;01.10.1868 00:00;;;9.3;-1.8;;;;;;;;;;;;;;;;;;;96.4;130;;;;;;
BAS;01.11.1868 00:00;;;2;-4;;;;;;;;;;;;;;;;;;;36.3;56;;;;;;
BAS;01.12.1868 00:00;;;7.1;4.2;;;;;;;;;;;;;;;;;;;136.2;210;;;;;;
BAS;01.01.1869 00:00;;;0.1;-2.1;;;;;;;;;;;;;;;;;;;26.2;55;;;;;;
BAS;01.02.1869 00:00;;;5.9;2.7;;;;;;;;;;;;;;;;;;;18.1;40;;;;;;
BAS;01.03.1869 00:00;;;1.9;-5.1;;;;;;;;;;;;;;;;;;;55.4;112;;;;;;
BAS;01.04.1869 00:00;;;10.8;0.1;;;;;;;;;;;;;;;;;;;32.5;51;;;;;;
BAS;01.05.1869 00:00;;;14.1;-0.5;;;;;;;;;;;;;;;;;;;132.8;136;;;;;;
BAS;01.06.1869 00:00;;;13.9;-4.3;;;;;;;;;;;;;;;;;;;57.2;66;;;;;;
BAS;01.07.1869 00:00;;;19.7;-0.5;;;;;;;;;;;;;;;;;;;42.6;48;;;;;;
BAS;01.08.1869 00:00;;;15.8;-3.9;;;;;;;;;;;;;;;;;;;101.4;115;;;;;;
BAS;01.09.1869 00:00;;;14.7;-0.7;;;;;;;;;;;;;;;;;;;86.7;124;;;;;;
BAS;01.10.1869 00:00;;;6.8;-4.3;;;;;;;;;;;;;;;;;;;49.6;67;;;;;;
BAS;01.11.1869 00:00;;;4.8;-1.2;;;;;;;;;;;;;;;;;;;65.8;101;;;;;;
BAS;01.12.1869 00:00;;;-0.3;-3.2;;;;;;;;;;;;;;;;;;;76;117;;;;;;
BAS;01.01.1870 00:00;;;-0.1;-2.3;;;;;;;;;;;;;;;;;;;20.4;43;;;;;;
BAS;01.02.1870 00:00;;;-2;-5.2;;;;;;;;;;;;;;;;;;;20;44;;;;;;
BAS;01.03.1870 00:00;;;3.5;-3.5;;;;;;;;;;;;;;;;;;;56.1;113;;;;;;
BAS;01.04.1870 00:00;;;9.2;-1.5;;;;;;;;;;;;;;;;;;;17.1;27;;;;;;
BAS;01.05.1870 00:00;;;14.3;-0.3;;;;;;;;;;;;;;;;;;;38.6;40;;;;;;
BAS;01.06.1870 00:00;;;17.3;-0.9;;;;;;;;;;;;;;;;;;;25.6;30;;;;;;
BAS;01.07.1870 00:00;;;20.3;0.1;;;;;;;;;;;;;;;;;;;56.4;63;;;;;;
BAS;01.08.1870 00:00;;;15.5;-4.2;;;;;;;;;;;;;;;;;;;101.4;115;;;;;;
BAS;01.09.1870 00:00;;;12.2;-3.2;;;;;;;;;;;;;;;;;;;49.8;71;;;;;;
BAS;01.10.1870 00:00;;;9.3;-1.8;;;;;;;;;;;;;;;;;;;86.3;116;;;;;;
BAS;01.11.1870 00:00;;;4.9;-1.1;;;;;;;;;;;;;;;;;;;105.5;163;;;;;;
BAS;01.12.1870 00:00;;;-3.8;-6.7;;;;;;;;;;;;;;;;;;;85;131;;;;;;
BAS;01.01.1871 00:00;;;-4.4;-6.6;;;;;;;;;;;;;;;;;;;31.3;65;;;;;;
BAS;01.02.1871 00:00;;;2.4;-0.8;;;;;;;;;;;;;;;;;;;27.4;61;;;;;;
BAS;01.03.1871 00:00;;;5.5;-1.5;;;;;;;;;;;;;;;;;;;17.1;35;;;;;;
BAS;01.04.1871 00:00;;;9.9;-0.8;;;;;;;;;;;;;;;;;;;94.8;149;;;;;;
BAS;01.05.1871 00:00;;;11.9;-2.7;;;;;;;;;;;;;;;;;;;30.6;31;;;;;;
BAS;01.06.1871 00:00;;;13.4;-4.8;;;;;;;;;;;;;;;;;;;93.9;108;;;;;;
BAS;01.07.1871 00:00;;;18.4;-1.8;;;;;;;;;;;;;;;;;;;99.5;112;;;;;;
BAS;01.08.1871 00:00;;;18.1;-1.6;;;;;;;;;;;;;;;;;;;39.8;45;;;;;;
BAS;01.09.1871 00:00;;;15.6;0.2;;;;;;;;;;;;;;;;;;;27.1;39;;;;;;
BAS;01.10.1871 00:00;;;6.9;-4.2;;;;;;;;;;;;;;;;;;;74.4;100;;;;;;
BAS;01.11.1871 00:00;;;1;-5;;;;;;;;;;;;;;;;;;;31.5;49;;;;;;
BAS;01.12.1871 00:00;;;-5.7;-8.6;;;;;;;;;;;;;;;;;;;5.9;9;;;;;;
BAS;01.01.1872 00:00;;;1.5;-0.7;;;;;;;;;;;;;;;;;;;46.1;96;;;;;;
BAS;01.02.1872 00:00;;;2.8;-0.4;;;;;;;;;;;;;;;;;;;28.1;62;;;;;;
BAS;01.03.1872 00:00;;;6.1;-0.9;;;;;;;;;;;;;;;;;;;37.2;75;;;;;;
BAS;01.04.1872 00:00;;;9.7;-1;;;;;;;;;;;;;;;;;;;87.9;138;;;;;;
BAS;01.05.1872 00:00;;;12.2;-2.4;;;;;;;;;;;;;;;;;;;228.1;234;;;;;;
BAS;01.06.1872 00:00;;;15.9;-2.3;;;;;;;;;;;;;;;;;;;150.9;174;;;;;;
BAS;01.07.1872 00:00;;;19.1;-1.1;;;;;;;;;;;;;;;;;;;72.8;82;;;;;;
BAS;01.08.1872 00:00;;;16;-3.7;;;;;;;;;;;;;;;;;;;74.6;84;;;;;;
BAS;01.09.1872 00:00;;;14.4;-1;;;;;;;;;;;;;;;;;;;19.2;27;;;;;;
BAS;01.10.1872 00:00;;;9.2;-1.9;;;;;;;;;;;;;;;;;;;115.7;156;;;;;;
BAS;01.11.1872 00:00;;;7.2;1.2;;;;;;;;;;;;;;;;;;;94;145;;;;;;
BAS;01.12.1872 00:00;;;4;1.1;;;;;;;;;;;;;;;;;;;50.1;77;;;;;;
BAS;01.01.1873 00:00;;;1.9;-0.3;;;;;;;;;;;;;;;;;;;20.9;44;;;;;;
BAS;01.02.1873 00:00;;;1.4;-1.8;;;;;;;;;;;;;;;;;;;14.3;32;;;;;;
BAS;01.03.1873 00:00;;;7.1;0.1;;;;;;;;;;;;;;;;;;;29.4;59;;;;;;
BAS;01.04.1873 00:00;;;8;-2.7;;;;;;;;;;;;;;;;;;;93.2;147;;;;;;
BAS;01.05.1873 00:00;;;11.2;-3.4;;;;;;;;;;;;;;;;;;;73.9;76;;;;;;
BAS;01.06.1873 00:00;;;16.5;-1.7;;;;;;;;;;;;;;;;;;;75.6;87;;;;;;
BAS;01.07.1873 00:00;;;19.6;-0.6;;;;;;;;;;;;;;;;;;;94.5;106;;;;;;
BAS;01.08.1873 00:00;;;19;-0.7;;;;;;;;;;;;;;;;;;;46.9;53;;;;;;
BAS;01.09.1873 00:00;;;13.2;-2.2;;;;;;;;;;;;;;;;;;;101.5;145;;;;;;
BAS;01.10.1873 00:00;;;9.9;-1.2;;;;;;;;;;;;;;;;;;;71.1;96;;;;;;
BAS;01.11.1873 00:00;;;4.8;-1.2;;;;;;;;;;;;;;;;;;;67.4;104;;;;;;
BAS;01.12.1873 00:00;;;0.2;-2.7;;;;;;;;;;;;;;;;;;;11.8;18;;;;;;
BAS;01.01.1874 00:00;;;1;-1.2;;;;;;;;;;;;;;;;;;;13.6;28;;;;;;
BAS;01.02.1874 00:00;;;1;-2.2;;;;;;;;;;;;;;;;;;;7.7;17;;;;;;
BAS;01.03.1874 00:00;;;4.5;-2.5;;;;;;;;;;;;;;;;;;;25.7;52;;;;;;
BAS;01.04.1874 00:00;;;11.1;0.4;;;;;;;;;;;;;;;;;;;65.2;103;;;;;;
BAS;01.05.1874 00:00;;;10.3;-4.3;;;;;;;;;;;;;;;;;;;74.1;76;;;;;;
BAS;01.06.1874 00:00;;;16.7;-1.5;;;;;;;;;;;;;;;;;;;118.7;137;;;;;;
BAS;01.07.1874 00:00;;;20.5;0.3;;;;;;;;;;;;;;;;;;;73.1;82;;;;;;
BAS;01.08.1874 00:00;;;15.6;-4.1;;;;;;;;;;;;;;;;;;;60.6;69;;;;;;
BAS;01.09.1874 00:00;;;14.9;-0.5;;;;;;;;;;;;;;;;;;;24.9;35;;;;;;
BAS;01.10.1874 00:00;;;9.3;-1.8;;;;;;;;;;;;;;;;;;;34.9;47;;;;;;
BAS;01.11.1874 00:00;;;2.2;-3.8;;;;;;;;;;;;;;;;;;;41.4;64;;;;;;
BAS;01.12.1874 00:00;;;-0.3;-3.2;;;;;;;;;;;;;;;;;;;72.4;111;;;;;;
BAS;01.01.1875 00:00;;;3.2;1;;;;;;;;;;;;;;;;;;;39.5;83;;;;;;
BAS;01.02.1875 00:00;;;-2;-5.2;;;;;;;;;;;;;;;;;;;16.9;37;;;;;;
BAS;01.03.1875 00:00;;;3.3;-3.7;;;;;;;;;;;;;;;;;;;30.2;61;;;;;;
BAS;01.04.1875 00:00;;;8.8;-1.9;;;;;;;;;;;;;;;;;;;27.6;43;;;;;;
BAS;01.05.1875 00:00;;;15;0.4;;;;;;;;;;;;;;;;;;;73.3;75;;;;;;
BAS;01.06.1875 00:00;;;17.1;-1.1;;;;;;;;;;;;;;;;;;;91.5;106;;;;;;
BAS;01.07.1875 00:00;;;16.4;-3.8;;;;;;;;;;;;;;;;;;;137.7;155;;;;;;
BAS;01.08.1875 00:00;;;18.8;-0.9;;;;;;;;;;;;;;;;;;;49.5;56;;;;;;
BAS;01.09.1875 00:00;;;15.2;-0.2;;;;;;;;;;;;;;;;;;;54.6;78;;;;;;
BAS;01.10.1875 00:00;;;8;-3.1;;;;;;;;;;;;;;;;;;;107;144;;;;;;
BAS;01.11.1875 00:00;;;4.3;-1.7;;;;;;;;;;;;;;;;;;;91.2;141;;;;;;
BAS;01.12.1875 00:00;;;-2.1;-5;;;;;;;;;;;;;;;;;;;11;17;;;;;;
BAS;01.01.1876 00:00;;;-2.8;-5;;;;;;;;;;;;;;;;;;;17.2;36;;;;;;
BAS;01.02.1876 00:00;;;2.9;-0.3;;;;;;;;;;;;;;;;;;;72.7;161;;;;;;
BAS;01.03.1876 00:00;;;5.6;-1.4;;;;;;;;;;;;;;;;;;;106.4;215;;;;;;
BAS;01.04.1876 00:00;;;9.3;-1.4;;;;;;;;;;;;;;;;;;;97.8;154;;;;;;
BAS;01.05.1876 00:00;;;10.4;-4.2;;;;;;;;;;;;;;;;;;;51.8;53;;;;;;
BAS;01.06.1876 00:00;;;16.1;-2.1;;;;;;;;;;;;;;;;;;;178.8;206;;;;;;
BAS;01.07.1876 00:00;;;19.2;-1;;;;;;;;;;;;;;;;;;;37.8;43;;;;;;
BAS;01.08.1876 00:00;;;18.8;-0.9;;;;;;;;;;;;;;;;;;;116.8;132;;;;;;
BAS;01.09.1876 00:00;;;12.7;-2.7;;;;;;;;;;;;;;;;;;;125.9;179;;;;;;
BAS;01.10.1876 00:00;;;11.5;0.4;;;;;;;;;;;;;;;;;;;8.8;12;;;;;;
BAS;01.11.1876 00:00;;;3.5;-2.5;;;;;;;;;;;;;;;;;;;84.3;130;;;;;;
BAS;01.12.1876 00:00;;;4.8;1.9;;;;;;;;;;;;;;;;;;;42.4;65;;;;;;
BAS;01.01.1877 00:00;;;3.9;1.7;;;;;;;;;;;;;;;;;;;32.6;68;;;;;;
BAS;01.02.1877 00:00;;;4.8;1.6;;;;;;;;;;;;;;;;;;;68.8;152;;;;;;
BAS;01.03.1877 00:00;;;3.4;-3.6;;;;;;;;;;;;;;;;;;;72.6;147;;;;;;
BAS;01.04.1877 00:00;;;8.5;-2.2;;;;;;;;;;;;;;;;;;;58.6;92;;;;;;
BAS;01.05.1877 00:00;;;10.5;-4.1;;;;;;;;;;;;;;;;;;;149.8;153;;;;;;
BAS;01.06.1877 00:00;;;19.2;1;;;;;;;;;;;;;;;;;;;44.5;51;;;;;;
BAS;01.07.1877 00:00;;;17.3;-2.9;;;;;;;;;;;;;;;;;;;107.5;121;;;;;;
BAS;01.08.1877 00:00;;;18.3;-1.4;;;;;;;;;;;;;;;;;;;73.1;83;;;;;;
BAS;01.09.1877 00:00;;;11.5;-3.9;;;;;;;;;;;;;;;;;;;59.1;84;;;;;;
BAS;01.10.1877 00:00;;;7.2;-3.9;;;;;;;;;;;;;;;;;;;28.8;39;;;;;;
BAS;01.11.1877 00:00;;;6.8;0.8;;;;;;;;;;;;;;;;;;;88.2;136;;;;;;
BAS;01.12.1877 00:00;;;2;-0.9;;;;;;;;;;;;;;;;;;;72.9;112;;;;;;
BAS;01.01.1878 00:00;;;-1.2;-3.4;;;;;;;;;;;;;;;;;;;40.5;85;;;;;;
BAS;01.02.1878 00:00;;;2.2;-1;;;;;;;;;;;;;;;;;;;19.6;43;;;;;;
BAS;01.03.1878 00:00;;;4.2;-2.8;;;;;;;;;;;;;;;;;;;33;67;;;;;;
BAS;01.04.1878 00:00;;;9.5;-1.2;;;;;;;;;;;;;;;;;;;123.9;195;;;;;;
BAS;01.05.1878 00:00;;;14.1;-0.5;;;;;;;;;;;;;;;;;;;109.3;112;;;;;;
BAS;01.06.1878 00:00;;;15.6;-2.6;;;;;;;;;;;;;;;;;;;199.9;231;;;;;;
BAS;01.07.1878 00:00;;;17;-3.2;;;;;;;;;;;;;;;;;;;55.2;62;;;;;;
BAS;01.08.1878 00:00;;;17.2;-2.5;;;;;;;;;;;;;;;;;;;134.2;152;;;;;;
BAS;01.09.1878 00:00;;;14.4;-1;;;;;;;;;;;;;;;;;;;58.5;83;;;;;;
BAS;01.10.1878 00:00;;;9.8;-1.3;;;;;;;;;;;;;;;;;;;88;118;;;;;;
BAS;01.11.1878 00:00;;;3.1;-2.9;;;;;;;;;;;;;;;;;;;49.9;77;;;;;;
BAS;01.12.1878 00:00;;;-1.5;-4.4;;;;;;;;;;;;;;;;;;;70.9;109;;;;;;
BAS;01.01.1879 00:00;;;-0.1;-2.3;;;;;;;;;;;;;;;;;;;26.7;56;;;;;;
BAS;01.02.1879 00:00;;;2.7;-0.5;;;;;;;;;;;;;;;;;;;64.3;142;;;;;;
BAS;01.03.1879 00:00;;;4.6;-2.4;;;;;;;;;;;;;;;;;;;35.7;72;;;;;;
BAS;01.04.1879 00:00;;;6.9;-3.8;;;;;;;;;;;;;;;;;;;76.4;120;;;;;;
BAS;01.05.1879 00:00;;;9.2;-5.4;;;;;;;;;;;;;;;;;;;76.8;79;;;;;;
BAS;01.06.1879 00:00;;;16.5;-1.7;;;;;;;;;;;;;;;;;;;108.8;126;;;;;;
BAS;01.07.1879 00:00;;;15.2;-5;;;;;;;;;;;;;;;;;;;86.9;98;;;;;;
BAS;01.08.1879 00:00;;;18.6;-1.1;;;;;;;;;;;;;;;;;;;40.2;46;;;;;;
BAS;01.09.1879 00:00;;;14.3;-1.1;;;;;;;;;;;;;;;;;;;140.1;200;;;;;;
BAS;01.10.1879 00:00;;;7.5;-3.6;;;;;;;;;;;;;;;;;;;52.9;71;;;;;;
BAS;01.11.1879 00:00;;;1.2;-4.8;;;;;;;;;;;;;;;;;;;65.9;102;;;;;;
BAS;01.12.1879 00:00;;;-9.5;-12.4;;;;;;;;;;;;;;;;;;;22.3;34;;;;;;
BAS;01.01.1880 00:00;;;-4.1;-6.3;;;;;;;;;;;;;;;;;;;10.3;22;;;;;;
BAS;01.02.1880 00:00;;;2.2;-1;;;;;;;;;;;;;;;;;;;59.4;131;;;;;;
BAS;01.03.1880 00:00;;;7.5;0.5;;;;;;;;;;;;;;;;;;;19;38;;;;;;
BAS;01.04.1880 00:00;;;9.3;-1.4;;;;;;;;;;;;;;;;;;;154.5;243;;;;;;
BAS;01.05.1880 00:00;;;12;-2.6;;;;;;;;;;;;;;;;;;;51.8;53;;;;;;
BAS;01.06.1880 00:00;;;14.8;-3.4;;;;;;;;;;;;;;;;;;;151.2;175;;;;;;
BAS;01.07.1880 00:00;;;18.5;-1.7;;;;;;;;;;;;;;;;;;;89.9;101;;;;;;
BAS;01.08.1880 00:00;;;16.6;-3.1;;;;;;;;;;;;;;;;;;;160.2;181;;;;;;
BAS;01.09.1880 00:00;;;14.4;-1;;;;;;;;;;;;;;;;;;;101.7;145;;;;;;
BAS;01.10.1880 00:00;;;8.8;-2.3;;;;;;;;;;;;;;;;;;;193;259;;;;;;
BAS;01.11.1880 00:00;;;5.1;-0.9;;;;;;;;;;;;;;;;;;;18.4;28;;;;;;
BAS;01.12.1880 00:00;;;6.5;3.6;;;;;;;;;;;;;;;;;;;42.3;65;;;;;;
BAS;01.01.1881 00:00;;;-3.6;-5.8;;;;;;;;;;;;;;;;;;;45.7;96;;;;;;
BAS;01.02.1881 00:00;;;2.9;-0.3;;;;;;;;;;;;;;;;;;;50.8;112;;;;;;
BAS;01.03.1881 00:00;;;6.4;-0.6;;;;;;;;;;;;;;;;;;;34.8;70;;;;;;
BAS;01.04.1881 00:00;;;7.8;-2.9;;;;;;;;;;;;;;;;;;;99.4;157;;;;;;
BAS;01.05.1881 00:00;;;12.1;-2.5;;;;;;;;;;;;;;;;;;;63.5;65;;;;;;
BAS;01.06.1881 00:00;;;15.9;-2.3;;;;;;;;;;;;;;;;;;;74.4;86;;;;;;
BAS;01.07.1881 00:00;;;20.7;0.5;;;;;;;;;;;;;;;;;;;17.2;19;;;;;;
BAS;01.08.1881 00:00;;;17.5;-2.2;;;;;;;;;;;;;;;;;;;163.1;185;;;;;;
BAS;01.09.1881 00:00;;;12.5;-2.9;;;;;;;;;;;;;;;;;;;203.5;290;;;;;;
BAS;01.10.1881 00:00;;;5.1;-6;;;;;;;;;;;;;;;;;;;85.8;115;;;;;;
BAS;01.11.1881 00:00;;;6.5;0.5;;;;;;;;;;;;;;;;;;;45.9;71;;;;;;
BAS;01.12.1881 00:00;;;1.3;-1.6;;;;;;;;;;;;;;;;;;;41;63;;;;;;
BAS;01.01.1882 00:00;;;-0.4;-2.6;;;;;;;;;;;;;;;;;;;18.8;39;;;;;;
BAS;01.02.1882 00:00;;;1.5;-1.7;;;;;;;;;;;;;;;;;;;18.7;41;;;;;;
BAS;01.03.1882 00:00;;;6.9;-0.1;;;;;;;;;;;;;;;;;;;28.6;58;;;;;;
BAS;01.04.1882 00:00;;;9.1;-1.6;;;;;;;;;;;;;;;;;;;59;93;;;;;;
BAS;01.05.1882 00:00;;;13.4;-1.2;;;;;;;;;;;;;;;;;;;43.1;44;;;;;;
BAS;01.06.1882 00:00;;;15.4;-2.8;;;;;;;;;;;;;;;;;;;136.5;158;;;;;;
BAS;01.07.1882 00:00;;;16.1;-4.1;;;;;;;;;;;;;;;;;;;116.3;131;;;;;;
BAS;01.08.1882 00:00;;;15.7;-4;;;;;;;;;;;;;;;;;;;70.9;80;;;;;;
BAS;01.09.1882 00:00;;;12.3;-3.1;;;;;;;;;;;;;;;;;;;206.8;295;;;;;;
BAS;01.10.1882 00:00;;;9.9;-1.2;;;;;;;;;;;;;;;;;;;76.5;103;;;;;;
BAS;01.11.1882 00:00;;;5.8;-0.2;;;;;;;;;;;;;;;;;;;145.1;224;;;;;;
BAS;01.12.1882 00:00;;;2.7;-0.2;;;;;;;;;;;;;;;;;;;61.8;95;;;;;;
BAS;01.01.1883 00:00;;;1.2;-1;;;;;;;;;;;;;;;;;;;24.1;50;;;;;;
BAS;01.02.1883 00:00;;;4.2;1;;;;;;;;;;;;;;;;;;;27.8;62;;;;;;
BAS;01.03.1883 00:00;;;1.7;-5.3;;;;;;;;;;;;;;;;;;;14.4;29;;;;;;
BAS;01.04.1883 00:00;;;8.3;-2.4;;;;;;;;;;;;;;;;;;;41;65;;;;;;
BAS;01.05.1883 00:00;;;13.5;-1.1;;;;;;;;;;;;;;;;;;;89.8;92;;;;;;
BAS;01.06.1883 00:00;;;15.5;-2.7;;;;;;;;;;;;;;;;;;;104.4;121;;;;;;
BAS;01.07.1883 00:00;;;16.3;-3.9;;;;;;;;;;;;;;;;;;;119.7;135;;;;;;
BAS;01.08.1883 00:00;;;16.5;-3.2;;;;;;;;;;;;;;;;;;;39.5;45;;;;;;
BAS;01.09.1883 00:00;;;13.2;-2.2;;;;;;;;;;;;;;;;;;;92.8;132;;;;;;
BAS;01.10.1883 00:00;;;8.5;-2.6;;;;;;;;;;;;;;;;;;;44.8;60;;;;;;
BAS;01.11.1883 00:00;;;5.4;-0.6;;;;;;;;;;;;;;;;;;;70.4;108;;;;;;
BAS;01.12.1883 00:00;;;1;-1.9;;;;;;;;;;;;;;;;;;;25.6;39;;;;;;
BAS;01.01.1884 00:00;;;3.3;1.1;;;;;;;;;;;;;;;;;;;25.2;53;;;;;;
BAS;01.02.1884 00:00;;;3.5;0.3;;;;;;;;;;;;;;;;;;;41.7;92;;;;;;
BAS;01.03.1884 00:00;;;6.3;-0.7;;;;;;;;;;;;;;;;;;;5;10;;;;;;
BAS;01.04.1884 00:00;;;7.4;-3.3;;;;;;;;;;;;;;;;;;;47.5;75;;;;;;
BAS;01.05.1884 00:00;;;13.9;-0.7;;;;;;;;;;;;;;;;;;;57.3;59;;;;;;
BAS;01.06.1884 00:00;;;13.6;-4.6;;;;;;;;;;;;;;;;;;;61.4;71;;;;;;
BAS;01.07.1884 00:00;;;19.1;-1.1;;;;;;;;;;;;;;;;;;;69.6;78;;;;;;
BAS;01.08.1884 00:00;;;18.1;-1.6;;;;;;;;;;;;;;;;;;;66;75;;;;;;
BAS;01.09.1884 00:00;;;13.9;-1.5;;;;;;;;;;;;;;;;;;;107.1;153;;;;;;
BAS;01.10.1884 00:00;;;8.4;-2.7;;;;;;;;;;;;;;;;;;;18.1;24;;;;;;
BAS;01.11.1884 00:00;;;3;-3;;;;;;;;;;;;;;;;;;;17.4;27;;;;;;
BAS;01.12.1884 00:00;;;1.8;-1.1;;;;;;;;;;;;;;;;;;;58.7;90;;;;;;
BAS;01.01.1885 00:00;;;-2.8;-5;;;;;;;;;;;;;;;;;;;4.9;10;;;;;;
BAS;01.02.1885 00:00;;;4.9;1.7;;;;;;;;;;;;;;;;;;;31.6;70;;;;;;
BAS;01.03.1885 00:00;;;4.1;-2.9;;;;;;;;;;;;;;;;;;;66.7;135;;;;;;
BAS;01.04.1885 00:00;;;9.7;-1;;;;;;;;;;;;;;;;;;;17.7;28;;;;;;
BAS;01.05.1885 00:00;;;10.6;-4;;;;;;;;;;;;;;;;;;;59;60;;;;;;
BAS;01.06.1885 00:00;;;17.8;-0.4;;;;;;;;;;;;;;;;;;;29.8;34;;;;;;
BAS;01.07.1885 00:00;;;18.6;-1.6;;;;;;;;;;;;;;;;;;;39.5;44;;;;;;
BAS;01.08.1885 00:00;;;16.3;-3.4;;;;;;;;;;;;;;;;;;;54.4;62;;;16144;124;;
BAS;01.09.1885 00:00;;;13;-2.4;;;;;;;;;;;;;;;;;;;131.1;187;;;10383;108;;
BAS;01.10.1885 00:00;;;7.3;-3.8;;;;;;;;;;;;;;;;;;;118.6;159;;;5230;81;;
BAS;01.11.1885 00:00;;;4.9;-1.1;;;;;;;;;;;;;;;;;;;32.9;51;;;3319;85;;
BAS;01.12.1885 00:00;;;-0.2;-3.1;;;;;;;;;;;;;;;;;;;57.8;89;;;3202;98;;
BAS;01.01.1886 00:00;;;-0.5;-2.7;;;;;;;;;;;;;;;;;;;47.5;99;;;1833;47;;
BAS;01.02.1886 00:00;;;-1.4;-4.6;;;;;;;;;;;;;;;;;;;14.1;31;;;6354;124;;
BAS;01.03.1886 00:00;;;3.4;-3.6;;;;;;;;;;;;;;;;;;;42.6;86;;;10163;126;;
BAS;01.04.1886 00:00;;;10;-0.7;;;;;;;;;;;;;;;;;;;29;46;;;10329;103;;
BAS;01.05.1886 00:00;;;12.9;-1.7;;;;;;;;;;;;;;;;;;;87.8;90;;;15111;136;;
BAS;01.06.1886 00:00;;;14.3;-3.9;;;;;;;;;;;;;;;;;;;166.5;192;;;7620;60;;
BAS;01.07.1886 00:00;;;18;-2.2;;;;;;;;;;;;;;;;;;;75.9;85;;;16278;115;;
BAS;01.08.1886 00:00;;;17.2;-2.5;;;;;;;;;;;;;;;;;;;64.7;73;;;11656;90;;
BAS;01.09.1886 00:00;;;15.8;0.4;;;;;;;;;;;;;;;;;;;50.9;73;;;12638;132;;
BAS;01.10.1886 00:00;;;10.1;-1;;;;;;;;;;;;;;;;;;;88.6;119;;;7362;115;;
BAS;01.11.1886 00:00;;;5.3;-0.7;;;;;;;;;;;;;;;;;;;87;134;;;4004;102;;
BAS;01.12.1886 00:00;;;1.7;-1.2;;;;;;;;;;;;;;;;;;;113.6;175;;;1349;41;;
BAS;01.01.1887 00:00;;;-2.6;-4.8;;;;;;;;;;;;;;;;;;;5.4;11;;;4093;106;;
BAS;01.02.1887 00:00;;;-0.8;-4;;;;;;;;;;;;;;;;;;;3.5;8;;;7657;150;;
BAS;01.03.1887 00:00;;;1.7;-5.3;;;;;;;;;;;;;;;;;;;64.5;130;;;6565;81;;
BAS;01.04.1887 00:00;;;8.3;-2.4;;;;;;;;;;;;;;;;;;;20.8;33;;;11050;110;;
BAS;01.05.1887 00:00;;;10.3;-4.3;;;;;;;;;;;;;;;;;;;101.2;104;;;7597;68;;
BAS;01.06.1887 00:00;;;17.1;-1.1;;;;;;;;;;;;;;;;;;;35.3;41;;;17577;138;;
BAS;01.07.1887 00:00;;;19.8;-0.4;;;;;;;;;;;;;;;;;;;78;88;;;15367;109;;
BAS;01.08.1887 00:00;;;16.9;-2.8;;;;;;;;;;;;;;;;;;;101.9;115;;;15841;122;;
BAS;01.09.1887 00:00;;;12;-3.4;;;;;;;;;;;;;;;;;;;70.6;101;;;9225;96;;
BAS;01.10.1887 00:00;;;4.8;-6.3;;;;;;;;;;;;;;;;;;;36.8;49;;;4592;71;;
BAS;01.11.1887 00:00;;;3.4;-2.6;;;;;;;;;;;;;;;;;;;49.2;76;;;3387;86;;
BAS;01.12.1887 00:00;;;-0.4;-3.3;;;;;;;;;;;;;;;;;;;52.9;81;;;2528;78;;
BAS;01.01.1888 00:00;;;-1.8;-4;;;;;;;;;;;;;;;;;;;8.1;17;;;4659;120;;
BAS;01.02.1888 00:00;;;-1.5;-4.7;;;;;;;;;;;;;;;;;;;33.4;74;;;1895;37;;
BAS;01.03.1888 00:00;;;3.6;-3.4;;;;;;;;;;;;;;;;;;;101.6;205;;;4357;54;;
BAS;01.04.1888 00:00;;;6.6;-4.1;;;;;;;;;;;;;;;;;;;84.4;133;;;4302;43;;
BAS;01.05.1888 00:00;;;13.8;-0.8;;;;;;;;;;;;;;;;;;;25.5;26;;;15622;140;;
BAS;01.06.1888 00:00;;;16.3;-1.9;;;;;;;;;;;;;;;;;;;142;164;;;12211;96;;
BAS;01.07.1888 00:00;;;15.6;-4.6;;;;;;;;;;;;;;;;;;;67.3;76;;;9949;71;;
BAS;01.08.1888 00:00;;;15.9;-3.8;;;;;;;;;;;;;;;;;;;77.4;88;;;12522;96;;
BAS;01.09.1888 00:00;;;13.8;-1.6;;;;;;;;;;;;;;;;;;;84.9;121;;;9689;101;;
BAS;01.10.1888 00:00;;;5.9;-5.2;;;;;;;;;;;;;;;;;;;97.4;131;;;9888;154;;
BAS;01.11.1888 00:00;;;5.3;-0.7;;;;;;;;;;;;;;;;;;;50.3;78;;;2896;74;;
BAS;01.12.1888 00:00;;;-0.3;-3.2;;;;;;;;;;;;;;;;;;;16;25;;;5310;163;;
BAS;01.01.1889 00:00;;;-1.6;-3.8;;;;;;;;;;;;;;;;;;;10.1;21;;;2946;76;;
BAS;01.02.1889 00:00;;;-0.8;-4;;;;;;;;;;;;;;;;;;;68.5;152;;;2941;57;;
BAS;01.03.1889 00:00;;;2.1;-4.9;;;;;;;;;;;;;;;;;;;43.5;88;;;4477;55;;
BAS;01.04.1889 00:00;;;7.7;-3;;;;;;;;;;;;;;;;;;;19.3;30;;;7251;72;;
BAS;01.05.1889 00:00;;;14.6;0;;;;;;;;;;;;;;;;;;;73.9;76;;;8729;78;;
BAS;01.06.1889 00:00;;;17.7;-0.5;;;;;;;;;;;;;;;;;;;155.7;180;;;9129;72;;
BAS;01.07.1889 00:00;;;17.1;-3.1;;;;;;;;;;;;;;;;;;;67;75;;;13659;97;;
BAS;01.08.1889 00:00;;;16.3;-3.4;;;;;;;;;;;;;;;;;;;66.2;75;;;13161;101;;
BAS;01.09.1889 00:00;;;12.1;-3.3;;;;;;;;;;;;;;;;;;;45.6;65;;;9733;101;;
BAS;01.10.1889 00:00;;;8.3;-2.8;;;;;;;;;;;;;;;;;;;141.9;191;;;4003;62;;
BAS;01.11.1889 00:00;;;3.5;-2.5;;;;;;;;;;;;;;;;;;;37.8;58;;;6295;160;;
BAS;01.12.1889 00:00;;;-1.9;-4.8;;;;;;;;;;;;;;;;;;;18;28;;;1583;49;;
BAS;01.01.1890 00:00;;;2.8;0.6;;;;;;;;;;;;;;;;;;;49.9;104;;;3602;93;;
BAS;01.02.1890 00:00;;;-1.7;-4.9;;;;;;;;;;;;;;;;;;;3.5;8;;;6458;126;;
BAS;01.03.1890 00:00;;;4.8;-2.2;;;;;;;;;;;;;;;;;;;8;16;;;7169;89;;
BAS;01.04.1890 00:00;;;8.1;-2.6;;;;;;;;;;;;;;;;;;;45.5;72;;;9567;95;;
BAS;01.05.1890 00:00;;;13.8;-0.8;;;;;;;;;;;;;;;;;;;91.1;93;;;10288;92;;
BAS;01.06.1890 00:00;;;14.9;-3.3;;;;;;;;;;;;;;;;;;;66.4;77;;;12554;99;;
BAS;01.07.1890 00:00;;;16.1;-4.1;;;;;;;;;;;;;;;;;;;72.7;82;;;13451;95;;
BAS;01.08.1890 00:00;;;16.6;-3.1;;;;;;;;;;;;;;;;;;;175.2;198;;;12699;98;;
BAS;01.09.1890 00:00;;;13;-2.4;;;;;;;;;;;;;;;;;;;18.2;26;;;11213;117;;
BAS;01.10.1890 00:00;;;6.5;-4.6;;;;;;;;;;;;;;;;;;;68.9;93;;;8446;132;;
BAS;01.11.1890 00:00;;;4;-2;;;;;;;;;;;;;;;;;;;45.8;71;;;2239;57;;
BAS;01.12.1890 00:00;;;-4.6;-7.5;;;;;;;;;;;;;;;;;;;12.3;19;;;2788;86;;
BAS;01.01.1891 00:00;;;-4.8;-7;;;;;;;;;;;;;;;;;;;18;38;;;4053;105;;
BAS;01.02.1891 00:00;;;-1;-4.2;;;;;;;;;;;;;;;;;;;5.3;12;;;9091;178;;
BAS;01.03.1891 00:00;;;4.1;-2.9;;;;;;;;;;;;;;;;;;;71.5;144;;;6604;82;;
BAS;01.04.1891 00:00;;;6.8;-3.9;;;;;;;;;;;;;;;;;;;39.1;62;;;8580;85;;
BAS;01.05.1891 00:00;;;12.5;-2.1;;;;;;;;;;;;;;;;;;;101.5;104;;;8252;74;;
BAS;01.06.1891 00:00;;;15.7;-2.5;;;;;;;;;;;;;;;;;;;160;185;;;11341;89;;
BAS;01.07.1891 00:00;;;16.6;-3.6;;;;;;;;;;;;;;;;;;;117.6;132;;;12141;86;;
BAS;01.08.1891 00:00;;;16;-3.7;;;;;;;;;;;;;;;;;;;66.5;75;;;14355;110;;
BAS;01.09.1891 00:00;;;14.2;-1.2;;;;;;;;;;;;;;;;;;;41.2;59;;;13914;145;;
BAS;01.10.1891 00:00;;;10.3;-0.8;;;;;;;;;;;;;;;;;;;88;118;;;9102;142;;
BAS;01.11.1891 00:00;;;3.3;-2.7;;;;;;;;;;;;;;;;;;;103.1;159;;;5267;134;;
BAS;01.12.1891 00:00;;;2.5;-0.4;;;;;;;;;;;;;;;;;;;54.2;83;;;3696;114;;
BAS;01.01.1892 00:00;;;-0.3;-2.5;;;;;;;;;;;;;;;;;;;46;96;;;1433;37;;
BAS;01.02.1892 00:00;;;2.1;-1.1;;;;;;;;;;;;;;;;;;;37.2;82;;;3109;61;;
BAS;01.03.1892 00:00;;;2.1;-4.9;;;;;;;;;;;;;;;;;;;33;67;;;8139;101;;
BAS;01.04.1892 00:00;;;9.1;-1.6;;;;;;;;;;;;;;;;;;;47.3;74;;;11044;110;;
BAS;01.05.1892 00:00;;;13.4;-1.2;;;;;;;;;;;;;;;;;;;66.8;68;;;13438;121;;
BAS;01.06.1892 00:00;;;16.4;-1.8;;;;;;;;;;;;;;;;;;;86.8;100;;;10945;86;;
BAS;01.07.1892 00:00;;;17;-3.2;;;;;;;;;;;;;;;;;;;116.6;131;;;14522;103;;
BAS;01.08.1892 00:00;;;18.5;-1.2;;;;;;;;;;;;;;;;;;;48.9;55;;;16789;129;;
BAS;01.09.1892 00:00;;;14.5;-0.9;;;;;;;;;;;;;;;;;;;69.1;98;;;10179;106;;
BAS;01.10.1892 00:00;;;8.1;-3;;;;;;;;;;;;;;;;;;;110;148;;;4634;72;;
BAS;01.11.1892 00:00;;;6.6;0.6;;;;;;;;;;;;;;;;;;;40.2;62;;;3067;78;;
BAS;01.12.1892 00:00;;;-1.2;-4.1;;;;;;;;;;;;;;;;;;;33.8;52;;;3377;104;;
BAS;01.01.1893 00:00;;;-5.9;-8.1;;;;;;;;;;;;;;;;;;;47;98;;;2224;57;;
BAS;01.02.1893 00:00;;;3.6;0.4;;;;;;;;;;;;;;;;;;;38.1;84;;;4014;78;;
BAS;01.03.1893 00:00;;;6.2;-0.8;;;;;;;;;;;;;;;;;;;22.1;45;;;11983;148;;
BAS;01.04.1893 00:00;;;11.9;1.2;;;;;;;;;;;;;;;;;;;0;0;;;17917;178;;
BAS;01.05.1893 00:00;;;13.2;-1.4;;;;;;;;;;;;;;;;;;;54.5;56;;;12104;109;;
BAS;01.06.1893 00:00;;;16.7;-1.5;;;;;;;;;;;;;;;;;;;63.7;74;;;15743;124;;
BAS;01.07.1893 00:00;;;18;-2.2;;;;;;;;;;;;;;;;;;;86.5;97;;;11431;81;;
BAS;01.08.1893 00:00;;;18.9;-0.8;;;;;;;;;;;;;;;;;;;5.6;6;;;19172;148;;
BAS;01.09.1893 00:00;;;14;-1.4;;;;;;;;;;;;;;;;;;;99.1;141;;;8723;91;;
BAS;01.10.1893 00:00;;;10.2;-0.9;;;;;;;;;;;;;;;;;;;65.2;88;;;8965;140;;
BAS;01.11.1893 00:00;;;3.6;-2.4;;;;;;;;;;;;;;;;;;;39;60;;;1617;41;;
BAS;01.12.1893 00:00;;;0.4;-2.5;;;;;;;;;;;;;;;;;;;21.3;33;;;4503;138;;
BAS;01.01.1894 00:00;;;-1.1;-3.3;;;;;;;;;;;;;;;;;;;26.4;55;;;4448;115;;
BAS;01.02.1894 00:00;;;2.6;-0.6;;;;;;;;;;;;;;;;;;;13.3;29;;;5736;112;;
BAS;01.03.1894 00:00;;;5.7;-1.3;;;;;;;;;;;;;;;;;;;22.2;45;;;9947;123;;
BAS;01.04.1894 00:00;;;10.7;0;;;;;;;;;;;;;;;;;;;58.5;92;;;10347;103;;
BAS;01.05.1894 00:00;;;11.6;-3;;;;;;;;;;;;;;;;;;;119.9;123;;;8532;77;;
BAS;01.06.1894 00:00;;;15.3;-2.9;;;;;;;;;;;;;;;;;;;63.5;73;;;12051;95;;
BAS;01.07.1894 00:00;;;18.3;-1.9;;;;;;;;;;;;;;;;;;;143.8;162;;;14798;105;;
BAS;01.08.1894 00:00;;;16.6;-3.1;;;;;;;;;;;;;;;;;;;52.5;59;;;11606;89;;
BAS;01.09.1894 00:00;;;11.8;-3.6;;;;;;;;;;;;;;;;;;;111.6;159;;;7986;83;;
BAS;01.10.1894 00:00;;;8.8;-2.3;;;;;;;;;;;;;;;;;;;126.2;170;;;5778;90;;
BAS;01.11.1894 00:00;;;5.1;-0.9;;;;;;;;;;;;;;;;;;;28.4;44;;;3873;99;;
BAS;01.12.1894 00:00;;;0.3;-2.6;;;;;;;;;;;;;;;;;;;32.8;50;;;3170;97;;
BAS;01.01.1895 00:00;;;-3.8;-6;;;;;;;;;;;;;;;;;;;59.9;125;;;2730;71;;
BAS;01.02.1895 00:00;;;-7.4;-10.6;;;;;;;;;;;;;;;;;;;8.8;19;;;5323;104;;
BAS;01.03.1895 00:00;;;2.9;-4.1;;;;;;;;;;;;;;;;;;;37.4;76;;;7066;87;;
BAS;01.04.1895 00:00;;;9.9;-0.8;;;;;;;;;;;;;;;;;;;58.6;92;;;10536;105;;
BAS;01.05.1895 00:00;;;12.9;-1.7;;;;;;;;;;;;;;;;;;;39.3;40;;;12426;112;;
BAS;01.06.1895 00:00;;;16.3;-1.9;;;;;;;;;;;;;;;;;;;82.4;95;;;12726;100;;
BAS;01.07.1895 00:00;;;18.4;-1.8;;;;;;;;;;;;;;;;;;;47.7;54;;;15686;111;;
BAS;01.08.1895 00:00;;;17.5;-2.2;;;;;;;;;;;;;;;;;;;62;70;;;15828;122;;
BAS;01.09.1895 00:00;;;16.9;1.5;;;;;;;;;;;;;;;;;;;1.8;3;;;16919;176;;
BAS;01.10.1895 00:00;;;8;-3.1;;;;;;;;;;;;;;;;;;;65.2;88;;;9596;149;;
BAS;01.11.1895 00:00;;;7.3;1.3;;;;;;;;;;;;;;;;;;;76.6;118;;;4764;121;;
BAS;01.12.1895 00:00;;;2.4;-0.5;;;;;;;;;;;;;;;;;;;83.1;128;;;2055;63;;
BAS;01.01.1896 00:00;;;-0.9;-3.1;;;;;;;;;;;;;;;;;;;11.2;23;;;3842;99;;
BAS;01.02.1896 00:00;;;-0.6;-3.8;;;;;;;;;;;;;;;;;;;6.3;14;;;4940;97;;
BAS;01.03.1896 00:00;;;7.5;0.5;;;;;;;;;;;;;;;;;;;53.8;109;;;6245;77;;
BAS;01.04.1896 00:00;;;6.8;-3.9;;;;;;;;;;;;;;;;;;;62.8;99;;;5886;59;;
BAS;01.05.1896 00:00;;;11.4;-3.2;;;;;;;;;;;;;;;;;;;45.7;47;;;11140;100;;
BAS;01.06.1896 00:00;;;16.6;-1.6;;;;;;;;;;;;;;;;;;;96.7;112;;;11122;87;;
BAS;01.07.1896 00:00;;;18.2;-2;;;;;;;;;;;;;;;;;;;90.8;102;;;12937;92;;
BAS;01.08.1896 00:00;;;14.8;-4.9;;;;;;;;;;;;;;;;;;;113.8;129;;;9494;73;;
BAS;01.09.1896 00:00;;;13.4;-2;;;;;;;;;;;;;;;;;;;141.5;202;;;8116;84;;
BAS;01.10.1896 00:00;;;8;-3.1;;;;;;;;;;;;;;;;;;;174;234;;;5409;84;;
BAS;01.11.1896 00:00;;;2.2;-3.8;;;;;;;;;;;;;;;;;;;39.7;61;;;3050;78;;
BAS;01.12.1896 00:00;;;1.1;-1.8;;;;;;;;;;;;;;;;;;;51.7;80;;;1503;46;;
BAS;01.01.1897 00:00;;;-1.1;-3.3;;;;;;;;;;;;;;;;;;;23.8;50;;;937;24;;
BAS;01.02.1897 00:00;;;4.9;1.7;;;;;;;;;;;;;;;;;;;70.3;156;;;3465;68;;
BAS;01.03.1897 00:00;;;7.7;0.7;;;;;;;;;;;;;;;;;;;65.4;132;;;5766;71;;
BAS;01.04.1897 00:00;;;8.8;-1.9;;;;;;;;;;;;;;;;;;;96.3;152;;;7392;74;;
BAS;01.05.1897 00:00;6.7;17.3;11.4;-3.2;-2.8;-2.7;;;;;;;;;;;;;;;;;18.7;19;;;11152;100;;
BAS;01.06.1897 00:00;12.9;24.5;18.2;0;-0.2;0.8;;;;;;;;;;;;;;;;;70.4;81;;;13755;108;;
BAS;01.07.1897 00:00;13.6;24.6;18.2;-2;-1.3;-1.2;;;;;;;;;;;;;;;;;63.1;71;;;14694;104;;
BAS;01.08.1897 00:00;13.2;23.2;17.2;-2.5;-1.6;-2.1;;;;;;;;;;;;;;;;;167.2;189;;;11144;86;;
BAS;01.09.1897 00:00;9.7;18;12.9;-2.5;-1.3;-2.7;;;;;;;;;;;;;;;;;103.9;148;;;6511;68;;
BAS;01.10.1897 00:00;4.2;13.6;8;-3.1;-3.4;-1.8;;;;;;;;;;;;;;;;;5;7;;;9334;145;;
BAS;01.11.1897 00:00;0.2;8;3.5;-2.5;-3;-1.2;;;;;;;;;;;;;;;;;10.6;16;;;5746;146;;
BAS;01.12.1897 00:00;-2.2;4.6;1.2;-1.7;-2.6;-1.1;;;;;;;;;;;;;;;;;36.4;56;;;4875;150;;
BAS;01.01.1898 00:00;-1.9;4.8;1.6;-0.6;-1.4;-0.3;;;;;;;;;;;;;;;;;14.8;31;;;3932;102;;
BAS;01.02.1898 00:00;-1.5;5.6;1.8;-1.4;-1.4;-1.5;;;;;;;;;;;;;;;;;78.7;174;;;5181;101;;
BAS;01.03.1898 00:00;-0.2;7.9;3.7;-3.3;-2.8;-3.9;;;;;;;;;;;;;;;;;39;79;;;5013;62;;
BAS;01.04.1898 00:00;4.1;14.1;9;-1.7;-1.4;-2.1;;;;;;;;;;;;;;;;;72.9;115;;;7292;73;;
BAS;01.05.1898 00:00;7.8;17.2;11.8;-2.8;-1.7;-2.8;;;;;;;;;;;;;;;;;89.1;91;;;6793;61;;
BAS;01.06.1898 00:00;10.5;21.6;15.1;-3.1;-2.6;-2.1;;;;;;;;;;;;;;;;;96.8;112;;;10690;84;;
BAS;01.07.1898 00:00;11.3;22.7;16.4;-3.8;-3.6;-3.1;;;;;;;;;;;;;;;;;41.5;47;;;12765;91;;
BAS;01.08.1898 00:00;13.4;26.9;19.2;-0.5;-1.4;1.6;;;;;;;;;;;;;;;;;48.1;54;;;16701;129;;
BAS;01.09.1898 00:00;9.9;22.6;14.9;-0.5;-1.1;1.9;;;;;;;;;;;;;;;;;14;20;;;14478;151;;
BAS;01.10.1898 00:00;7.4;15.4;10.8;-0.3;-0.2;0;;;;;;;;;;;;;;;;;103.9;140;;;5266;82;;
BAS;01.11.1898 00:00;2.8;9.3;5.8;-0.2;-0.4;0.1;;;;;;;;;;;;;;;;;86.1;133;;;3473;88;;
BAS;01.12.1898 00:00;-0.8;5.2;2.2;-0.7;-1.2;-0.5;;;;;;;;;;;;;;;;;29.9;46;;;3643;112;;
BAS;01.01.1899 00:00;0.2;6.7;3.6;1.4;0.7;1.6;;;;;;;;;;;;;;;;;60.3;126;;;2831;73;;
BAS;01.02.1899 00:00;-1.1;9;3.3;0.1;-1;1.9;;;;;;;;;;;;;;;;;11.9;26;;;8663;169;;
BAS;01.03.1899 00:00;-1.3;10.5;4.2;-2.8;-3.9;-1.3;;;;;;;;;;;;;;;;;26.9;54;;;10808;134;;
BAS;01.04.1899 00:00;3.8;13.5;8.3;-2.4;-1.7;-2.7;;;;;;;;;;;;;;;;;154.3;243;;;6328;63;;
BAS;01.05.1899 00:00;6.7;17.9;11.9;-2.7;-2.8;-2.1;;;;;;;;;;;;;;;;;46.1;47;;;10558;95;;
BAS;01.06.1899 00:00;10.2;22.9;16.1;-2.1;-2.9;-0.8;;;;;;;;;;;;;;;;;59.5;69;;;12634;99;;
BAS;01.07.1899 00:00;13.4;24.1;17.8;-2.4;-1.5;-1.7;;;;;;;;;;;;;;;;;89.6;101;;;14232;101;;
BAS;01.08.1899 00:00;13;26.1;18.6;-1.1;-1.8;0.8;;;;;;;;;;;;;;;;;27.9;32;;;18132;140;;
BAS;01.09.1899 00:00;10.3;20;13.7;-1.7;-0.7;-0.7;;;;;;;;;;;;;;;;;70.8;101;;;7504;78;;
BAS;01.10.1899 00:00;4.3;15.3;8.9;-2.2;-3.3;-0.1;;;;;;;;;;;;;;;;;53.5;72;;;9781;152;;
BAS;01.11.1899 00:00;1.1;9.2;5;-1;-2.1;0;;;;;;;;;;;;;;;;;13.3;20;;;7054;180;;
BAS;01.12.1899 00:00;-4.9;1.3;-1.6;-4.5;-5.3;-4.4;;;;;;;;;;;;;;;;;85.8;132;;;4611;142;;
BAS;01.01.1900 00:00;0.1;5.5;2.7;0.5;0.6;0.4;;;;;;;;;;;;;;;;;102.3;214;;;927;24;;
BAS;01.02.1900 00:00;0;7.7;3.8;0.6;0.1;0.6;;;;;;;;;;;;;;;;;72.5;160;;;2180;43;;
BAS;01.03.1900 00:00;-2.2;6.6;1.8;-5.2;-4.8;-5.2;;;;;;;;;;;;;;;;;30.5;62;;;5414;67;;
BAS;01.04.1900 00:00;3.1;14;8.6;-2.1;-2.4;-2.2;;;;;;;;;;;;;;;;;26.1;41;;;9646;96;;
BAS;01.05.1900 00:00;6.6;17.6;11.7;-2.9;-2.9;-2.4;;;;;;;;;;;;;;;;;52.7;54;;;9926;89;;
BAS;01.06.1900 00:00;11.2;24.1;17;-1.2;-1.9;0.4;;;;;;;;;;;;;;;;;57;66;;;15049;118;;
BAS;01.07.1900 00:00;14.7;26.2;19.6;-0.6;-0.2;0.4;;;;;;;;;;;;;;;;;138.5;156;;;14076;100;;
BAS;01.08.1900 00:00;11.7;22.4;16.1;-3.6;-3.1;-2.9;;;;;;;;;;;;;;;;;135.1;153;;;13487;104;;
BAS;01.09.1900 00:00;10.7;21.7;15;-0.4;-0.3;1;;;;;;;;;;;;;;;;;62.1;88;;;9754;102;;
BAS;01.10.1900 00:00;5.4;14.9;9.3;-1.8;-2.2;-0.5;;;;;;;;;;;;;;;;;47.5;64;;;7810;122;;
BAS;01.11.1900 00:00;2.4;8.3;5.3;-0.7;-0.8;-0.9;;;;;;;;;;;;;;;;;58.5;90;;;2215;56;;
BAS;01.12.1900 00:00;0.4;6.5;3.4;0.5;0;0.8;;;;;;;;;;;;;;;;;30.2;46;;;3187;98;;
BAS;01.01.1901 00:00;-5.5;1.9;-1.6;-3.8;-5;-3.2;;;;;;;;;;;;;;;;;41.4;87;;;3565;92;;
BAS;01.02.1901 00:00;-7.8;0.8;-3.6;-6.8;-7.7;-6.3;;;;;;;;;;;;;;;;;34.6;77;;;4499;88;;
BAS;01.03.1901 00:00;-0.6;7.8;3.3;-3.7;-3.2;-4;;;;;;;;;;;;;;;;;58.6;118;;;4394;54;;
BAS;01.04.1901 00:00;4.3;14.9;9.3;-1.4;-1.2;-1.3;;;;;;;;;;;;;;;;;126.5;199;;;8555;85;;
BAS;01.05.1901 00:00;7;20.1;13.6;-1;-2.5;0.1;;;;;;;;;;;;;;;;;23.5;24;;;14679;132;;
BAS;01.06.1901 00:00;11;23.2;16.5;-1.7;-2.1;-0.5;;;;;;;;;;;;;;;;;149.2;172;;;13740;108;;
BAS;01.07.1901 00:00;13.4;25.4;18.6;-1.6;-1.5;-0.4;;;;;;;;;;;;;;;;;69.6;78;;;15024;107;;
BAS;01.08.1901 00:00;11.7;22.2;16.1;-3.6;-3.1;-3.1;;;;;;;;;;;;;;;;;96.5;109;;;11886;91;;
BAS;01.09.1901 00:00;10.9;19.2;14;-1.4;-0.1;-1.5;;;;;;;;;;;;;;;;;121.1;173;;;6069;63;;
BAS;01.10.1901 00:00;5.2;13.5;8.8;-2.3;-2.4;-1.9;;;;;;;;;;;;;;;;;54.4;73;;;5255;82;;
BAS;01.11.1901 00:00;-1.5;6.2;2.3;-3.7;-4.7;-3;;;;;;;;;;;;;;;;;34.1;53;;;4558;116;;
BAS;01.12.1901 00:00;-0.9;4.7;2.2;-0.7;-1.3;-1;;;;;;;;;;;;;;;;;56.9;88;;;1405;43;;
BAS;01.01.1902 00:00;-1.4;5.3;1.9;-0.3;-0.9;0.2;;;;;;;;;;;;;;;;;25.6;54;;;3970;103;;
BAS;01.02.1902 00:00;-2.2;4.3;0.8;-2.4;-2.1;-2.8;;;;;;;;;;;;;;;;;75.5;167;;;2826;55;;
BAS;01.03.1902 00:00;0.8;11;5.4;-1.6;-1.8;-0.8;;;;;;;;;;;;;;;;;50.9;103;;;8005;99;;
BAS;01.04.1902 00:00;6.1;16.1;10.7;0;0.6;-0.1;;;;;;;;;;;;;;;;;48.3;76;;;8259;82;;
BAS;01.05.1902 00:00;4.9;14.8;9.4;-5.2;-4.6;-5.2;;;;;;;;;;;;;;;;;64.1;66;;;7470;67;;
BAS;01.06.1902 00:00;10;21.7;15.4;-2.8;-3.1;-2;;;;;;;;;;;;;;;;;36.8;42;;;11426;90;;
BAS;01.07.1902 00:00;12.4;25.3;18.1;-2.1;-2.5;-0.5;;;;;;;;;;;;;;;;;155.6;175;;;15297;109;;
BAS;01.08.1902 00:00;12.1;22.1;16.3;-3.4;-2.7;-3.2;;;;;;;;;;;;;;;;;92;104;;;11036;85;;
BAS;01.09.1902 00:00;9.4;19.1;13.2;-2.2;-1.6;-1.6;;;;;;;;;;;;;;;;;52.2;74;;;8991;94;;
BAS;01.10.1902 00:00;5.1;12.4;8.1;-3;-2.5;-3;;;;;;;;;;;;;;;;;84.8;114;;;2844;44;;
BAS;01.11.1902 00:00;-0.2;6.1;3;-3;-3.4;-3.1;;;;;;;;;;;;;;;;;33.8;52;;;3501;89;;
BAS;01.12.1902 00:00;-3.8;3;-0.2;-3.1;-4.2;-2.7;;;;;;;;;;;;;;;;;76.3;117;;;2816;87;;
BAS;01.01.1903 00:00;-3.2;3.8;0.4;-1.8;-2.7;-1.3;;;;;;;;;;;;;;;;;41.1;86;;;3770;97;;
BAS;01.02.1903 00:00;-0.7;8.8;3.6;0.4;-0.6;1.7;;;;;;;;;;;;;;;;;18.9;42;;;6793;133;;
BAS;01.03.1903 00:00;1.5;12.6;6.7;-0.3;-1.1;0.8;;;;;;;;;;;;;;;;;30.6;62;;;8993;111;;
BAS;01.04.1903 00:00;1.5;10.4;5.7;-5;-4;-5.8;;;;;;;;;;;;;;;;;50.8;80;;;4820;48;;
BAS;01.05.1903 00:00;7.3;19.5;12.8;-1.8;-2.2;-0.5;;;;;;;;;;;;;;;;;60.2;62;;;13530;122;;
BAS;01.06.1903 00:00;9.6;20.3;14.5;-3.7;-3.5;-3.4;;;;;;;;;;;;;;;;;98.2;113;;;8001;63;;
BAS;01.07.1903 00:00;12.1;22.9;16.6;-3.6;-2.8;-2.9;;;;;;;;;;;;;;;;;69.1;78;;;10765;76;;
BAS;01.08.1903 00:00;12;23.3;16.8;-2.9;-2.8;-2;;;;;;;;;;;;;;;;;70.7;80;;;13454;104;;
BAS;01.09.1903 00:00;10;20.4;14.2;-1.2;-1;-0.3;;;;;;;;;;;;;;;;;43.3;62;;;11228;117;;
BAS;01.10.1903 00:00;6.6;15.4;10.3;-0.8;-1;0;;;;;;;;;;;;;;;;;74.2;100;;;7082;110;;
BAS;01.11.1903 00:00;1.8;8;5.1;-0.9;-1.4;-1.2;;;;;;;;;;;;;;;;;52;80;;;2285;58;;
BAS;01.12.1903 00:00;-2.2;2.3;0.3;-2.6;-2.6;-3.4;;;;;;;;;;;;;;;;;41.3;64;;;566;17;;
BAS;01.01.1904 00:00;-4.4;2;-0.7;-2.9;-3.9;-3.1;;;;;;;;;;;;;;;;;30.6;64;;;2587;67;;
BAS;01.02.1904 00:00;-0.4;6.2;2.9;-0.3;-0.3;-0.9;;;;;;;;;;;;;;;;;133.5;295;;;2414;47;;
BAS;01.03.1904 00:00;0.4;9.2;4.4;-2.6;-2.2;-2.6;;;;;;;;;;;;;;;;;39.7;80;;;4015;50;;
BAS;01.04.1904 00:00;5.4;15.8;10.3;-0.4;-0.1;-0.4;;;;;;;;;;;;;;;;;58.9;93;;;6347;63;;
BAS;01.05.1904 00:00;8.6;20.5;14;-0.6;-0.9;0.5;;;;;;;;;;;;;;;;;77;79;;;12714;114;;
BAS;01.06.1904 00:00;11.2;23.3;16.6;-1.6;-1.9;-0.4;;;;;;;;;;;;;;;;;43.3;50;;;13034;103;;
BAS;01.07.1904 00:00;14.5;28.2;20.8;0.6;-0.4;2.4;;;;;;;;;;;;;;;;;8.5;10;;;18913;134;;
BAS;01.08.1904 00:00;12.7;25.5;18.3;-1.4;-2.1;0.2;;;;;;;;;;;;;;;;;51.1;58;;;16636;128;;
BAS;01.09.1904 00:00;8.8;17.7;12.3;-3.1;-2.2;-3;;;;;;;;;;;;;;;;;91.6;130;;;6940;72;;
BAS;01.10.1904 00:00;5.4;13.9;9;-2.1;-2.2;-1.5;;;;;;;;;;;;;;;;;30.8;41;;;3309;52;;
BAS;01.11.1904 00:00;-0.4;6.9;3.1;-2.9;-3.6;-2.3;;;;;;;;;;;;;;;;;16.8;26;;;3418;87;;
BAS;01.12.1904 00:00;-1.2;5.3;2.3;-0.6;-1.6;-0.4;;;;;;;;;;;;;;;;;20.8;32;;;3291;101;;
BAS;01.01.1905 00:00;-5.9;1.3;-1.9;-4.1;-5.4;-3.8;;;;;;;;;;;;;;;;;36.2;76;;;5379;139;;
BAS;01.02.1905 00:00;-1.8;5.6;1.7;-1.5;-1.7;-1.5;;;;;;;;;;;;;;;;;21.4;47;;;5659;111;;
BAS;01.03.1905 00:00;2.2;11.1;6.4;-0.6;-0.4;-0.7;;;;;;;;;;;;;;;;;60.2;122;;;4477;55;;
BAS;01.04.1905 00:00;3.7;14.3;8.7;-2;-1.8;-1.9;;;;;;;;;;;;;;;;;94.3;149;;;8196;82;;
BAS;01.05.1905 00:00;6.2;17.3;11.6;-3;-3.3;-2.7;;;;;;;;;;;;;;;;;93.2;95;;;9945;89;;
BAS;01.06.1905 00:00;11.6;23.6;16.9;-1.3;-1.5;-0.1;;;;;;;;;;;;;;;;;89.6;103;;;13740;108;;
BAS;01.07.1905 00:00;14.5;27.7;20.5;0.3;-0.4;1.9;;;;;;;;;;;;;;;;;43.2;49;;;20277;144;;
BAS;01.08.1905 00:00;13.2;23.4;17.4;-2.3;-1.6;-1.9;;;;;;;;;;;;;;;;;178.4;202;;;13276;102;;
BAS;01.09.1905 00:00;10.4;18.4;13.6;-1.8;-0.6;-2.3;;;;;;;;;;;;;;;;;147.7;210;;;6915;72;;
BAS;01.10.1905 00:00;1;9.4;4.5;-6.6;-6.6;-6;;;;;;;;;;;;;;;;;69.2;93;;;4815;75;;
BAS;01.11.1905 00:00;0.8;7.4;4;-2;-2.4;-1.8;;;;;;;;;;;;;;;;;72.9;112;;;2720;69;;
BAS;01.12.1905 00:00;-1.6;3.7;1.3;-1.6;-2;-2;;;;;;;;;;;;;;;;;33.9;52;;;3115;96;;
BAS;01.01.1906 00:00;-2.2;5.4;1.9;-0.3;-1.7;0.3;;;;;;;;;;;;;;;;;36.4;76;;;4922;127;;
BAS;01.02.1906 00:00;-2.5;4.2;0.9;-2.3;-2.4;-2.9;;;;;;;;;;;;;;;;;55.4;123;;;4024;79;;
BAS;01.03.1906 00:00;-0.7;9.5;4;-3;-3.3;-2.3;;;;;;;;;;;;;;;;;43.9;89;;;9159;113;;
BAS;01.04.1906 00:00;3.1;14;8.4;-2.3;-2.4;-2.2;;;;;;;;;;;;;;;;;48.5;76;;;9550;95;;
BAS;01.05.1906 00:00;8.1;19.1;13.1;-1.5;-1.4;-0.9;;;;;;;;;;;;;;;;;99.1;102;;;11744;105;;
BAS;01.06.1906 00:00;10;21.3;15;-3.2;-3.1;-2.4;;;;;;;;;;;;;;;;;43.5;50;;;11827;93;;
BAS;01.07.1906 00:00;13.2;24.5;18.3;-1.9;-1.7;-1.3;;;;;;;;;;;;;;;;;79.5;89;;;13349;95;;
BAS;01.08.1906 00:00;12.7;25.4;18.4;-1.3;-2.1;0.1;;;;;;;;;;;;;;;;;25.5;29;;;17123;132;;
BAS;01.09.1906 00:00;8.4;20.7;13.4;-2;-2.6;0;;;;;;;;;;;;;;;;;21.9;31;;;11433;119;;
BAS;01.10.1906 00:00;6.7;17.1;11;-0.1;-0.9;1.7;;;;;;;;;;;;;;;;;49;66;;;9291;145;;
BAS;01.11.1906 00:00;1.5;8.8;5.4;-0.6;-1.7;-0.4;;;;;;;;;;;;;;;;;108.4;167;;;2823;72;;
BAS;01.12.1906 00:00;-4.5;1.9;-1.1;-4;-4.9;-3.8;;;;;;;;;;;;;;;;;49.7;76;;;1366;42;;
BAS;01.01.1907 00:00;-4.5;2.8;-0.5;-2.7;-4;-2.3;;;;;;;;;;;;;;;;;36.7;77;;;2458;64;;
BAS;01.02.1907 00:00;-4.3;2.3;-1;-4.2;-4.2;-4.8;;;;;;;;;;;;;;;;;35.2;78;;;4214;82;;
BAS;01.03.1907 00:00;-1;9.4;4.1;-2.9;-3.6;-2.4;;;;;;;;;;;;;;;;;43.3;87;;;9833;122;;
BAS;01.04.1907 00:00;2.7;12.9;7.6;-3.1;-2.8;-3.3;;;;;;;;;;;;;;;;;74.6;117;;;7053;70;;
BAS;01.05.1907 00:00;7.6;19.7;13.5;-1.1;-1.9;-0.3;;;;;;;;;;;;;;;;;58.9;60;;;9805;88;;
BAS;01.06.1907 00:00;10.9;21.1;15.4;-2.8;-2.2;-2.6;;;;;;;;;;;;;;;;;74.3;86;;;10708;84;;
BAS;01.07.1907 00:00;10.6;21.6;15.5;-4.7;-4.3;-4.2;;;;;;;;;;;;;;;;;79.3;89;;;12602;89;;
BAS;01.08.1907 00:00;12.2;24.5;17.4;-2.3;-2.6;-0.8;;;;;;;;;;;;;;;;;68.6;78;;;17809;137;;
BAS;01.09.1907 00:00;9.9;20.8;14.3;-1.1;-1.1;0.1;;;;;;;;;;;;;;;;;46.4;66;;;11375;118;;
BAS;01.10.1907 00:00;6.6;15.4;10.2;-0.9;-1;0;;;;;;;;;;;;;;;;;61;82;;;6316;98;;
BAS;01.11.1907 00:00;1.9;8.7;5.2;-0.8;-1.3;-0.5;;;;;;;;;;;;;;;;;11.3;17;;;4244;108;;
BAS;01.12.1907 00:00;-0.2;6.3;3.2;0.3;-0.6;0.6;;;;;;;;;;;;;;;;;93.5;144;;;3993;123;;
BAS;01.01.1908 00:00;-6.8;0.6;-2.7;-4.9;-6.3;-4.5;;;;;;;;;;;;;;;;;25.3;53;;;6325;163;;
BAS;01.02.1908 00:00;-2.6;4.8;1.2;-2;-2.5;-2.3;;;;;;;;;;;;;;;;;71.9;159;;;4064;79;;
BAS;01.03.1908 00:00;-0.4;8.3;3.7;-3.3;-3;-3.5;;;;;;;;;;;;;;;;;31.2;63;;;5453;68;;
BAS;01.04.1908 00:00;2;11.4;6.6;-4.1;-3.5;-4.8;;;;;;;;;;;;;;;;;49.6;78;;;7339;73;;
BAS;01.05.1908 00:00;8.4;20.8;14.2;-0.4;-1.1;0.8;;;;;;;;;;;;;;;;;106.6;109;;;12698;114;;
BAS;01.06.1908 00:00;12.3;24.5;18;-0.2;-0.8;0.8;;;;;;;;;;;;;;;;;62.5;72;;;13922;109;;
BAS;01.07.1908 00:00;12.6;23.8;17.6;-2.6;-2.3;-2;;;;;;;;;;;;;;;;;166.3;187;;;13597;96;;
BAS;01.08.1908 00:00;10.7;21.1;15.2;-4.5;-4.1;-4.2;;;;;;;;;;;;;;;;;74.8;85;;;13079;101;;
BAS;01.09.1908 00:00;8.9;18.5;12.8;-2.6;-2.1;-2.2;;;;;;;;;;;;;;;;;112.1;160;;;9072;94;;
BAS;01.10.1908 00:00;4;14.4;8.2;-2.9;-3.6;-1;;;;;;;;;;;;;;;;;13.3;18;;;9404;146;;
BAS;01.11.1908 00:00;-1;6.4;2.8;-3.2;-4.2;-2.8;;;;;;;;;;;;;;;;;48.5;75;;;4475;114;;
BAS;01.12.1908 00:00;-2;3.4;1;-1.9;-2.4;-2.3;;;;;;;;;;;;;;;;;33.7;52;;;2855;88;;
BAS;01.01.1909 00:00;-6;1.4;-1.8;-4;-5.5;-3.7;;;;;;;;;;;;;;;;;22.1;46;;;5552;143;;
BAS;01.02.1909 00:00;-5;2.6;-1.1;-4.3;-4.9;-4.5;;;;;;;;;;;;;;;;;20.2;45;;;6549;128;;
BAS;01.03.1909 00:00;-0.9;7.7;3.2;-3.8;-3.5;-4.1;;;;;;;;;;;;;;;;;42;85;;;5915;73;;
BAS;01.04.1909 00:00;3.9;16.4;10.1;-0.6;-1.6;0.2;;;;;;;;;;;;;;;;;51.3;81;;;12354;123;;
BAS;01.05.1909 00:00;5.8;19.6;12.5;-2.1;-3.7;-0.4;;;;;;;;;;;;;;;;;24.6;25;;;17113;154;;
BAS;01.06.1909 00:00;10;20.1;14.2;-4;-3.1;-3.6;;;;;;;;;;;;;;;;;172.5;199;;;10137;80;;
BAS;01.07.1909 00:00;11.2;20.8;15.3;-4.9;-3.7;-5;;;;;;;;;;;;;;;;;111.4;125;;;11261;80;;
BAS;01.08.1909 00:00;12.2;23;16.9;-2.8;-2.6;-2.3;;;;;;;;;;;;;;;;;49.3;56;;;12141;93;;
BAS;01.09.1909 00:00;9.1;18.2;12.8;-2.6;-1.9;-2.5;;;;;;;;;;;;;;;;;80;114;;;8586;89;;
BAS;01.10.1909 00:00;6.6;15.4;10.4;-0.7;-1;0;;;;;;;;;;;;;;;;;115.1;155;;;7289;113;;
BAS;01.11.1909 00:00;-0.6;5.6;2.7;-3.3;-3.8;-3.6;;;;;;;;;;;;;;;;;46.1;71;;;3169;81;;
BAS;01.12.1909 00:00;0.1;6.7;3.5;0.6;-0.3;1;;;;;;;;;;;;;;;;;68.2;105;;;3055;94;;
BAS;01.01.1910 00:00;-2.3;4.7;1.6;-0.6;-1.8;-0.4;;;;;;;;;;;;;;;;;111.4;233;;;3496;90;;
BAS;01.02.1910 00:00;-0.5;6.8;3;-0.2;-0.4;-0.3;;;;;;;;;;;;;;;;;67.5;149;;;4851;95;;
BAS;01.03.1910 00:00;0;10.6;5;-2;-2.6;-1.2;;;;;;;;;;;;;;;;;11;22;;;9080;112;;
BAS;01.04.1910 00:00;3;13.6;8.1;-2.6;-2.5;-2.6;;;;;;;;;;;;;;;;;36.8;58;;;7751;77;;
BAS;01.05.1910 00:00;6.7;17.4;11.8;-2.8;-2.8;-2.6;;;;;;;;;;;;;;;;;55.7;57;;;10408;93;;
BAS;01.06.1910 00:00;11.6;21.9;16.1;-2.1;-1.5;-1.8;;;;;;;;;;;;;;;;;190.1;220;;;11721;92;;
BAS;01.07.1910 00:00;11.8;21.4;15.9;-4.3;-3.1;-4.4;;;;;;;;;;;;;;;;;125.8;142;;;12637;90;;
BAS;01.08.1910 00:00;12.4;22.2;16.6;-3.1;-2.4;-3.1;;;;;;;;;;;;;;;;;92.8;105;;;12354;95;;
BAS;01.09.1910 00:00;8.6;16.9;11.9;-3.5;-2.4;-3.8;;;;;;;;;;;;;;;;;53.5;76;;;6781;71;;
BAS;01.10.1910 00:00;6.5;15.2;10.1;-1;-1.1;-0.2;;;;;;;;;;;;;;;;;22.7;31;;;6529;102;;
BAS;01.11.1910 00:00;0.5;7.7;4.2;-1.8;-2.7;-1.5;;;;;;;;;;;;;;;;;129.7;200;;;3382;86;;
BAS;01.12.1910 00:00;0.3;6;3.5;0.6;-0.1;0.3;;;;;;;;;;;;;;;;;67.2;103;;;3199;98;;
BAS;01.01.1911 00:00;-6.4;0;-2.8;-5;-5.9;-5.1;;;;;;;;;;;;;;;;;30.8;64;;;4142;107;;
BAS;01.02.1911 00:00;-2.4;5.8;1.8;-1.4;-2.3;-1.3;;;;;;;;;;;;;;;;;36.2;80;;;5062;99;;
BAS;01.03.1911 00:00;0.1;10.5;5;-2;-2.5;-1.3;;;;;;;;;;;;;;;;;41.3;83;;;6478;80;;
BAS;01.04.1911 00:00;1.9;13.2;7.7;-3;-3.6;-3;;;;;;;;;;;;;;;;;33.1;52;;;9253;92;;
BAS;01.05.1911 00:00;7.9;18.6;13.2;-1.4;-1.6;-1.4;;;;;;;;;;;;;;;;;47.5;49;;;10151;91;;
BAS;01.06.1911 00:00;10.4;21.1;15.5;-2.7;-2.7;-2.6;;;;;;;;;;;;;;;;;108.3;125;;;11957;94;;
BAS;01.07.1911 00:00;14;27.8;20.7;0.5;-0.9;2;;;;;;;;;;;;;;;;;13.3;15;;;18948;134;;
BAS;01.08.1911 00:00;14.6;28.4;21.1;1.4;-0.2;3.1;;;;;;;;;;;;;;;;;47.7;54;;;16716;129;;
BAS;01.09.1911 00:00;10.8;22.9;16;0.6;-0.2;2.2;;;;;;;;;;;;;;;;;71.7;102;;;9913;103;;
BAS;01.10.1911 00:00;5.6;14.2;9.3;-1.8;-2;-1.2;;;;;;;;;;;;;;;;;64.2;86;;;5437;85;;
BAS;01.11.1911 00:00;2.1;9.1;5.7;-0.3;-1.1;-0.1;;;;;;;;;;;;;;;;;73.9;114;;;4197;107;;
BAS;01.12.1911 00:00;1;7.2;4.4;1.5;0.6;1.5;;;;;;;;;;;;;;;;;55.6;86;;;3343;103;;
BAS;01.01.1912 00:00;-2;4.4;1.7;-0.5;-1.5;-0.7;;;;;;;;;;;;;;;;;53.5;112;;;3337;86;;
BAS;01.02.1912 00:00;0;9.3;4.6;1.4;0.1;2.2;;;;;;;;;;;;;;;;;47;104;;;5683;111;;
BAS;01.03.1912 00:00;3;12.9;7.9;0.9;0.4;1.1;;;;;;;;;;;;;;;;;77.4;156;;;7147;88;;
BAS;01.04.1912 00:00;2;14.1;8.1;-2.6;-3.5;-2.1;;;;;;;;;;;;;;;;;18.9;30;;;10040;100;;
BAS;01.05.1912 00:00;8.2;19.8;13.9;-0.7;-1.3;-0.2;;;;;;;;;;;;;;;;;81.9;84;;;11538;104;;
BAS;01.06.1912 00:00;11.1;21.6;15.9;-2.3;-2;-2.1;;;;;;;;;;;;;;;;;108.5;125;;;11404;90;;
BAS;01.07.1912 00:00;12.3;23.1;17.4;-2.8;-2.6;-2.7;;;;;;;;;;;;;;;;;75.4;85;;;11615;82;;
BAS;01.08.1912 00:00;10.7;19;14.1;-5.6;-4.1;-6.3;;;;;;;;;;;;;;;;;144.9;164;;;6560;50;;
BAS;01.09.1912 00:00;5.1;14.5;9.1;-6.3;-5.9;-6.2;;;;;;;;;;;;;;;;;42.6;61;;;5286;55;;
BAS;01.10.1912 00:00;4.1;12.8;7.8;-3.3;-3.5;-2.6;;;;;;;;;;;;;;;;;94.3;127;;;4821;75;;
BAS;01.11.1912 00:00;-1;5.9;2.6;-3.4;-4.2;-3.3;;;;;;;;;;;;;;;;;31.9;49;;;2956;75;;
BAS;01.12.1912 00:00;-1.1;5.9;2.6;-0.3;-1.5;0.2;;;;;;;;;;;;;;;;;32.8;50;;;5791;178;;
BAS;01.01.1913 00:00;-1;4.9;2.3;0.1;-0.5;-0.2;;;;;;;;;;;;;;;;;45.6;95;;;3404;88;;
BAS;01.02.1913 00:00;-2.7;6.8;1.8;-1.4;-2.6;-0.3;;;;;;;;;;;;;;;;;33.8;75;;;7918;155;;
BAS;01.03.1913 00:00;1.8;13;6.9;-0.1;-0.8;1.2;;;;;;;;;;;;;;;;;62;125;;;6781;84;;
BAS;01.04.1913 00:00;3.5;13.8;8.4;-2.3;-2;-2.4;;;;;;;;;;;;;;;;;49.5;78;;;7324;73;;
BAS;01.05.1913 00:00;7.2;18.9;12.8;-1.8;-2.3;-1.1;;;;;;;;;;;;;;;;;84.1;86;;;10509;94;;
BAS;01.06.1913 00:00;11;21.1;15.7;-2.5;-2.1;-2.6;;;;;;;;;;;;;;;;;74.5;86;;;9680;76;;
BAS;01.07.1913 00:00;10.8;20.1;15;-5.2;-4.1;-5.7;;;;;;;;;;;;;;;;;52.9;60;;;9171;65;;
BAS;01.08.1913 00:00;11.3;21.8;16;-3.7;-3.5;-3.5;;;;;;;;;;;;;;;;;86.5;98;;;11932;92;;
BAS;01.09.1913 00:00;9.3;18.8;13.1;-2.3;-1.7;-1.9;;;;;;;;;;;;;;;;;75.8;108;;;8596;89;;
BAS;01.10.1913 00:00;6.5;15.7;10.5;-0.6;-1.1;0.3;;;;;;;;;;;;;;;;;48.8;66;;;6579;102;;
BAS;01.11.1913 00:00;4.5;11.1;7.8;1.8;1.3;1.9;;;;;;;;;;;;;;;;;108.5;167;;;2622;67;;
BAS;01.12.1913 00:00;-1.4;4.8;1.8;-1.1;-1.8;-0.9;;;;;;;;;;;;;;;;;54.3;84;;;3143;97;;
BAS;01.01.1914 00:00;-7;-0.6;-3.3;-5.5;-6.5;-5.7;;;;;;;;;;;;;;;;;51.2;107;;;3272;85;;
BAS;01.02.1914 00:00;-0.9;7.6;3.2;0;-0.8;0.5;;;;;;;;;;;;;;;;;28.5;63;;;5488;107;;
BAS;01.03.1914 00:00;2.1;11.4;6.5;-0.5;-0.5;-0.4;;;;;;;;;;;;;;;;;83.6;169;;;5844;72;;
BAS;01.04.1914 00:00;4.9;17.6;11.3;0.6;-0.6;1.4;;;;;;;;;;;;;;;;;40.5;64;;;11684;116;;
BAS;01.05.1914 00:00;6.8;15.6;11;-3.6;-2.7;-4.4;;;;;;;;;;;;;;;;;123.9;127;;;6816;61;;
BAS;01.06.1914 00:00;9.8;19.9;14.5;-3.7;-3.3;-3.8;;;;;;;;;;;;;;;;;110.6;128;;;11119;87;;
BAS;01.07.1914 00:00;12.3;21.8;16.6;-3.6;-2.6;-4;;;;;;;;;;;;;;;;;111.4;125;;;10678;76;;
BAS;01.08.1914 00:00;12.4;23.1;17;-2.7;-2.4;-2.2;;;;;;;;;;;;;;;;;140.6;159;;;12198;94;;
BAS;01.09.1914 00:00;9;18.8;13.1;-2.3;-2;-1.9;;;;;;;;;;;;;;;;;78.8;112;;;8617;90;;
BAS;01.10.1914 00:00;4.7;13.1;8.6;-2.5;-2.9;-2.3;;;;;;;;;;;;;;;;;22.4;30;;;5729;89;;
BAS;01.11.1914 00:00;0.3;6.7;3.7;-2.3;-2.9;-2.5;;;;;;;;;;;;;;;;;29.7;46;;;4274;109;;
BAS;01.12.1914 00:00;0.4;7.4;4.3;1.4;0;1.7;;;;;;;;;;;;;;;;;84;129;;;4204;129;;
BAS;01.01.1915 00:00;-1.9;3.9;1.6;-0.6;-1.4;-1.2;;;;;;;;;;;;;;;;;55.6;116;;;1974;51;;
BAS;01.02.1915 00:00;-1.5;5.3;2.2;-1;-1.4;-1.8;;;;;;;;;;;;;;;;;37.8;84;;;3737;73;;
BAS;01.03.1915 00:00;-0.6;7.9;3.7;-3.3;-3.2;-3.9;;;;;;;;;;;;;;;;;78.8;159;;;4696;58;;
BAS;01.04.1915 00:00;2.2;13;7.7;-3;-3.3;-3.2;;;;;;;;;;;;;;;;;99.5;157;;;9103;91;;
BAS;01.05.1915 00:00;9.5;20.2;14.7;0.1;0;0.2;;;;;;;;;;;;;;;;;123.1;126;;;11026;99;;
BAS;01.06.1915 00:00;12.5;24.4;18;-0.2;-0.6;0.7;;;;;;;;;;;;;;;;;76;88;;;13822;109;;
BAS;01.07.1915 00:00;12;22.9;17.1;-3.1;-2.9;-2.9;;;;;;;;;;;;;;;;;83.6;94;;;13649;97;;
BAS;01.08.1915 00:00;11.3;22.3;16.2;-3.5;-3.5;-3;;;;;;;;;;;;;;;;;61.1;69;;;12940;100;;
BAS;01.09.1915 00:00;7.9;18.2;12.3;-3.1;-3.1;-2.5;;;;;;;;;;;;;;;;;72.3;103;;;9562;100;;
BAS;01.10.1915 00:00;3.4;11.4;7;-4.1;-4.2;-4;;;;;;;;;;;;;;;;;36.9;50;;;4607;72;;
BAS;01.11.1915 00:00;-1.4;5.3;2.3;-3.7;-4.6;-3.9;;;;;;;;;;;;;;;;;83.9;129;;;3227;82;;
BAS;01.12.1915 00:00;2.3;9.1;6.2;3.3;1.9;3.4;;;;;;;;;;;;;;;;;68.8;106;;;2518;77;;
BAS;01.01.1916 00:00;0.7;7.6;4.7;2.5;1.2;2.5;;;;;;;;;;;;;;;;;23.1;48;;;3473;90;;
BAS;01.02.1916 00:00;-0.8;6.4;3;-0.2;-0.7;-0.7;;;;;;;;;;;;;;;;;66.8;148;;;4226;83;;
BAS;01.03.1916 00:00;1;10.3;5.5;-1.5;-1.6;-1.5;;;;;;;;;;;;;;;;;38.1;77;;;5538;69;;
BAS;01.04.1916 00:00;3.5;14.2;9.1;-1.6;-2;-2;;;;;;;;;;;;;;;;;58.6;92;;;9533;95;;
BAS;01.05.1916 00:00;8.5;19.5;13.8;-0.8;-1;-0.5;;;;;;;;;;;;;;;;;68.5;70;;;10886;98;;
BAS;01.06.1916 00:00;9.2;18.7;13.4;-4.8;-3.9;-5;;;;;;;;;;;;;;;;;135.9;157;;;7802;61;;
BAS;01.07.1916 00:00;12;22.1;16.7;-3.5;-2.9;-3.7;;;;;;;;;;;;;;;;;137.1;154;;;11327;80;;
BAS;01.08.1916 00:00;12.3;23.1;17;-2.7;-2.5;-2.2;;;;;;;;;;;;;;;;;105.3;119;;;13593;105;;
BAS;01.09.1916 00:00;8.3;17.6;12.1;-3.3;-2.7;-3.1;;;;;;;;;;;;;;;;;75.5;108;;;7086;74;;
BAS;01.10.1916 00:00;5.7;14.4;9.3;-1.8;-1.9;-1;;;;;;;;;;;;;;;;;73.2;98;;;6463;101;;
BAS;01.11.1916 00:00;1.5;8.3;5;-1;-1.7;-0.9;;;;;;;;;;;;;;;;;82.5;127;;;3374;86;;
BAS;01.12.1916 00:00;-0.6;5.5;2.8;-0.1;-1;-0.2;;;;;;;;;;;;;;;;;92.9;143;;;1989;61;;
BAS;01.01.1917 00:00;-3.8;1.3;-0.9;-3.1;-3.3;-3.8;;;;;;;;;;;;;;;;;20.9;44;;;2333;60;;
BAS;01.02.1917 00:00;-5.8;2.2;-1.8;-5;-5.7;-4.9;;;;;;;;;;;;;;;;;17;38;;;5649;110;;
BAS;01.03.1917 00:00;-1.8;6.7;2.2;-4.8;-4.4;-5.1;;;;;;;;;;;;;;;;;77.1;156;;;4924;61;;
BAS;01.04.1917 00:00;1.5;11;6.1;-4.6;-4;-5.2;;;;;;;;;;;;;;;;;40.2;63;;;7793;78;;
BAS;01.05.1917 00:00;10.7;22.2;16.1;1.5;1.2;2.2;;;;;;;;;;;;;;;;;76.4;78;;;12334;111;;
BAS;01.06.1917 00:00;12.9;24.9;18.2;0;-0.2;1.2;;;;;;;;;;;;;;;;;134.2;155;;;15088;119;;
BAS;01.07.1917 00:00;13.3;23.7;17.7;-2.5;-1.6;-2.1;;;;;;;;;;;;;;;;;95.1;107;;;13236;94;;
BAS;01.08.1917 00:00;12.3;22.5;16.5;-3.2;-2.5;-2.8;;;;;;;;;;;;;;;;;148.6;168;;;10579;81;;
BAS;01.09.1917 00:00;11.3;22;15.7;0.3;0.3;1.3;;;;;;;;;;;;;;;;;83.8;119;;;10735;112;;
BAS;01.10.1917 00:00;4;12.7;7.7;-3.4;-3.6;-2.7;;;;;;;;;;;;;;;;;117.9;158;;;4112;64;;
BAS;01.11.1917 00:00;1.1;8;4.9;-1.1;-2.1;-1.2;;;;;;;;;;;;;;;;;36.2;56;;;1670;43;;
BAS;01.12.1917 00:00;-6.8;-0.5;-3.1;-6;-7.2;-6.2;;;;;;;;;;;;;;;;;13.2;20;;;3576;110;;
BAS;01.01.1918 00:00;-3.8;4.9;0.7;-1.5;-3.3;-0.2;;;;;;;;;;;;;;;;;40.4;85;;;5294;137;;
BAS;01.02.1918 00:00;-2.4;6.9;2;-1.2;-2.3;-0.2;;;;;;;;;;;;;;;;;15.7;35;;;6851;134;;
BAS;01.03.1918 00:00;-0.4;11.2;4.8;-2.2;-3;-0.6;;;;;;;;;;;;;;;;;32.5;66;;;9636;119;;
BAS;01.04.1918 00:00;4.2;13.3;8.5;-2.2;-1.3;-2.9;;;;;;;;;;;;;;;;;92.4;146;;;4350;43;;
BAS;01.05.1918 00:00;9.1;20.9;14.8;0.2;-0.4;0.9;;;;;;;;;;;;;;;;;33.3;34;;;13329;120;;
BAS;01.06.1918 00:00;8.7;20.1;14;-4.2;-4.4;-3.6;;;;;;;;;;;;;;;;;66.2;76;;;12853;101;;
BAS;01.07.1918 00:00;12.5;24.3;17.9;-2.3;-2.4;-1.5;;;;;;;;;;;;;;;;;40.8;46;;;14969;106;;
BAS;01.08.1918 00:00;12;23.8;17.3;-2.4;-2.8;-1.5;;;;;;;;;;;;;;;;;52.1;59;;;14855;114;;
BAS;01.09.1918 00:00;9.9;20.4;14;-1.4;-1.1;-0.3;;;;;;;;;;;;;;;;;134.9;192;;;7347;76;;
BAS;01.10.1918 00:00;3.6;12;7.2;-3.9;-4;-3.4;;;;;;;;;;;;;;;;;53.7;72;;;6495;101;;
BAS;01.11.1918 00:00;0.5;7.4;4;-2;-2.7;-1.8;;;;;;;;;;;;;;;;;46.6;72;;;4350;111;;
BAS;01.12.1918 00:00;1.3;7.9;4.8;1.9;0.9;2.2;;;;;;;;;;;;;;;;;69.2;106;;;2628;81;;
BAS;01.01.1919 00:00;-1.7;3.6;1.1;-1.1;-1.2;-1.5;;;;;;;;;;;;;;;;;12.6;26;;;2143;55;;
BAS;01.02.1919 00:00;-3.4;4.7;0.7;-2.5;-3.3;-2.4;;;;;;;;;;;;;;;;;77.3;171;;;4655;91;;
BAS;01.03.1919 00:00;0.8;9.4;4.6;-2.4;-1.8;-2.4;;;;;;;;;;;;;;;;;103.4;209;;;5418;67;;
BAS;01.04.1919 00:00;1.7;10.5;6;-4.7;-3.8;-5.7;;;;;;;;;;;;;;;;;73.9;116;;;5655;56;;
BAS;01.05.1919 00:00;6.9;19.8;13.5;-1.1;-2.6;-0.2;;;;;;;;;;;;;;;;;20.8;21;;;16096;145;;
BAS;01.06.1919 00:00;11.2;23.3;16.7;-1.5;-1.9;-0.4;;;;;;;;;;;;;;;;;53.2;61;;;15486;122;;
BAS;01.07.1919 00:00;10.8;20.8;14.9;-5.3;-4.1;-5;;;;;;;;;;;;;;;;;84.9;96;;;10414;74;;
BAS;01.08.1919 00:00;13;26.9;19.3;-0.4;-1.8;1.6;;;;;;;;;;;;;;;;;23.5;27;;;17032;131;;
BAS;01.09.1919 00:00;11.2;22.7;15.9;0.5;0.2;2;;;;;;;;;;;;;;;;;54.6;78;;;10778;112;;
BAS;01.10.1919 00:00;2.6;10;5.7;-5.4;-5;-5.4;;;;;;;;;;;;;;;;;34.3;46;;;3910;61;;
BAS;01.11.1919 00:00;-0.4;6.5;3.1;-2.9;-3.6;-2.7;;;;;;;;;;;;;;;;;114.5;176;;;2744;70;;
BAS;01.12.1919 00:00;-0.4;6.2;3.1;0.2;-0.8;0.5;;;;;;;;;;;;;;;;;75.5;116;;;2887;89;;
BAS;01.01.1920 00:00;0.2;7;3.7;1.5;0.7;1.9;;;;;;;;;;;;;;;;;51.6;108;;;4634;120;;
BAS;01.02.1920 00:00;-1.2;8.6;3.2;0;-1.1;1.5;;;;;;;;;;;;;;;;;9.4;21;;;8333;163;;
BAS;01.03.1920 00:00;1.7;12.7;6.8;-0.2;-0.9;0.9;;;;;;;;;;;;;;;;;64.1;129;;;8886;110;;
BAS;01.04.1920 00:00;5.1;14.9;9.7;-1;-0.4;-1.3;;;;;;;;;;;;;;;;;53.7;85;;;5982;60;;
BAS;01.05.1920 00:00;9.8;21.5;15.1;0.5;0.3;1.5;;;;;;;;;;;;;;;;;81.7;84;;;10951;98;;
BAS;01.06.1920 00:00;10.8;21.9;15.9;-2.3;-2.3;-1.8;;;;;;;;;;;;;;;;;61;70;;;10936;86;;
BAS;01.07.1920 00:00;12.5;24.3;17.6;-2.6;-2.4;-1.5;;;;;;;;;;;;;;;;;113.3;127;;;14556;103;;
BAS;01.08.1920 00:00;11.1;21.9;15.6;-4.1;-3.7;-3.4;;;;;;;;;;;;;;;;;90.1;102;;;13225;102;;
BAS;01.09.1920 00:00;10.4;19.3;13.8;-1.6;-0.6;-1.4;;;;;;;;;;;;;;;;;116.4;166;;;6999;73;;
BAS;01.10.1920 00:00;4.8;12.8;8.2;-2.9;-2.8;-2.6;;;;;;;;;;;;;;;;;12.2;16;;;5644;88;;
BAS;01.11.1920 00:00;-2.4;5.6;1.6;-4.4;-5.6;-3.6;;;;;;;;;;;;;;;;;1.8;3;;;4247;108;;
BAS;01.12.1920 00:00;-2.3;3.6;1.1;-1.8;-2.7;-2.1;;;;;;;;;;;;;;;;;39.4;61;;;1267;39;;
BAS;01.01.1921 00:00;1.5;8;5;2.8;2;2.9;;;;;;;;;;;;;;;;;36.7;77;;;3402;88;;
BAS;01.02.1921 00:00;-2.2;6.2;1.6;-1.6;-2.1;-0.9;;;;;;;;;;;;;;;;;1.5;3;;;5896;115;;
BAS;01.03.1921 00:00;-0.1;13.1;6;-1;-2.7;1.3;;;;;;;;;;;;;;;;;18.1;37;;;11761;146;;
BAS;01.04.1921 00:00;2.2;14;8.1;-2.6;-3.3;-2.2;;;;;;;;;;;;;;;;;41.3;65;;;8684;86;;
BAS;01.05.1921 00:00;9.1;20.2;14;-0.6;-0.4;0.2;;;;;;;;;;;;;;;;;84.6;87;;;10016;90;;
BAS;01.06.1921 00:00;11;23.2;16.5;-1.7;-2.1;-0.5;;;;;;;;;;;;;;;;;48.5;56;;;13440;106;;
BAS;01.07.1921 00:00;14.4;28.7;21.1;0.9;-0.5;2.9;;;;;;;;;;;;;;;;;31.2;35;;;17989;128;;
BAS;01.08.1921 00:00;12.5;24.7;17.6;-2.1;-2.3;-0.6;;;;;;;;;;;;;;;;;96.2;109;;;14319;110;;
BAS;01.09.1921 00:00;10.7;21.4;15;-0.4;-0.3;0.7;;;;;;;;;;;;;;;;;62.7;89;;;11224;117;;
BAS;01.10.1921 00:00;7.1;18.4;11.7;0.6;-0.5;3;;;;;;;;;;;;;;;;;18.2;24;;;10293;160;;
BAS;01.11.1921 00:00;-1.8;4.6;1.4;-4.6;-5;-4.6;;;;;;;;;;;;;;;;;39.3;61;;;4957;126;;
BAS;01.12.1921 00:00;-2.7;4.4;1.3;-1.6;-3.1;-1.3;;;;;;;;;;;;;;;;;20.8;32;;;2783;86;;
BAS;01.01.1922 00:00;-3.2;3;0.2;-2;-2.7;-2.1;;;;;;;;;;;;;;;;;72;151;;;2328;60;;
BAS;01.02.1922 00:00;-3.4;5.1;0.8;-2.4;-3.3;-2;;;;;;;;;;;;;;;;;82.6;183;;;4913;96;;
BAS;01.03.1922 00:00;0.5;10.3;4.9;-2.1;-2.1;-1.5;;;;;;;;;;;;;;;;;81.8;165;;;5288;65;;
BAS;01.04.1922 00:00;2.4;12.3;7;-3.7;-3.1;-3.9;;;;;;;;;;;;;;;;;178.6;281;;;4350;43;;
BAS;01.05.1922 00:00;8.7;21.8;15.1;0.5;-0.8;1.8;;;;;;;;;;;;;;;;;52.5;54;;;15659;141;;
BAS;01.06.1922 00:00;12;22.7;16.5;-1.7;-1.1;-1;;;;;;;;;;;;;;;;;106.7;123;;;12159;96;;
BAS;01.07.1922 00:00;11.6;22.7;16.5;-3.7;-3.3;-3.1;;;;;;;;;;;;;;;;;123;138;;;12791;91;;
BAS;01.08.1922 00:00;11.8;22.7;16.3;-3.4;-3;-2.6;;;;;;;;;;;;;;;;;102.3;116;;;12924;99;;
BAS;01.09.1922 00:00;8.4;16.9;11.9;-3.5;-2.6;-3.8;;;;;;;;;;;;;;;;;86.1;123;;;6027;63;;
BAS;01.10.1922 00:00;3.6;10.4;6.5;-4.6;-4;-5;;;;;;;;;;;;;;;;;96.1;129;;;3409;53;;
BAS;01.11.1922 00:00;-0.4;6.6;3.3;-2.7;-3.6;-2.6;;;;;;;;;;;;;;;;;66.5;102;;;3737;95;;
BAS;01.12.1922 00:00;-0.7;5.2;2.5;-0.4;-1.1;-0.5;;;;;;;;;;;;;;;;;93.2;143;;;2794;86;;
BAS;01.01.1923 00:00;-1.9;3.4;1.2;-1;-1.4;-1.7;;;;;;;;;;;;;;;;;39.5;83;;;2622;68;;
BAS;01.02.1923 00:00;1.6;8.2;4.7;1.5;1.7;1.1;;;;;;;;;;;;;;;;;84.3;187;;;2459;48;;
BAS;01.03.1923 00:00;1.7;10.8;5.8;-1.2;-0.9;-1;;;;;;;;;;;;;;;;;49.3;100;;;5163;64;;
BAS;01.04.1923 00:00;3.8;14.9;8.8;-1.9;-1.7;-1.3;;;;;;;;;;;;;;;;;45.2;71;;;8630;86;;
BAS;01.05.1923 00:00;7.4;18.8;12.6;-2;-2.1;-1.2;;;;;;;;;;;;;;;;;144.1;148;;;12243;110;;
BAS;01.06.1923 00:00;8.1;18.6;12.4;-5.8;-5;-5.1;;;;;;;;;;;;;;;;;36.3;42;;;9547;75;;
BAS;01.07.1923 00:00;14.7;27.4;20.4;0.2;-0.2;1.6;;;;;;;;;;;;;;;;;24.5;28;;;16509;117;;
BAS;01.08.1923 00:00;12.5;25.4;18;-1.7;-2.3;0.1;;;;;;;;;;;;;;;;;61.4;70;;;15765;121;;
BAS;01.09.1923 00:00;9.2;20.7;13.6;-1.8;-1.8;0;;;;;;;;;;;;;;;;;71.1;101;;;11327;118;;
BAS;01.10.1923 00:00;8;17.3;11.6;0.5;0.4;1.9;;;;;;;;;;;;;;;;;159.9;215;;;5873;91;;
BAS;01.11.1923 00:00;0.6;7.4;3.7;-2.3;-2.6;-1.8;;;;;;;;;;;;;;;;;142.2;219;;;3401;87;;
BAS;01.12.1923 00:00;-1.7;4.1;1.3;-1.6;-2.1;-1.6;;;;;;;;;;;;;;;;;83.3;128;;;1515;47;;
BAS;01.01.1924 00:00;-4.1;2.2;-0.6;-2.8;-3.6;-2.9;;;;;;;;;;;;;;;;;20.5;43;;;5326;138;;
BAS;01.02.1924 00:00;-3.9;2.1;-0.7;-3.9;-3.8;-5;;;;;;;;;;;;;;;;;14;31;;;3689;72;;
BAS;01.03.1924 00:00;-0.3;10.3;4.6;-2.4;-2.9;-1.5;;;;;;;;;;;;;;;;;54.8;111;;;9266;115;;
BAS;01.04.1924 00:00;3.8;14.4;8.8;-1.9;-1.7;-1.8;;;;;;;;;;;;;;;;;68.2;107;;;6455;64;;
BAS;01.05.1924 00:00;9.3;19.9;14.2;-0.4;-0.2;-0.1;;;;;;;;;;;;;;;;;126.5;130;;;10091;91;;
BAS;01.06.1924 00:00;11.4;21.4;15.8;-2.4;-1.7;-2.3;;;;;;;;;;;;;;;;;92.2;106;;;12568;99;;
BAS;01.07.1924 00:00;13.4;23.8;17.7;-2.5;-1.5;-2;;;;;;;;;;;;;;;;;108.2;122;;;11795;84;;
BAS;01.08.1924 00:00;10.9;19.8;14.5;-5.2;-3.9;-5.5;;;;;;;;;;;;;;;;;90.9;103;;;8346;64;;
BAS;01.09.1924 00:00;10.1;19.8;14.1;-1.3;-0.9;-0.9;;;;;;;;;;;;;;;;;71.4;102;;;8487;88;;
BAS;01.10.1924 00:00;6.6;14.8;9.9;-1.2;-1;-0.6;;;;;;;;;;;;;;;;;51.4;69;;;6277;98;;
BAS;01.11.1924 00:00;0.5;7.5;4.1;-1.9;-2.7;-1.7;;;;;;;;;;;;;;;;;7.5;12;;;4171;106;;
BAS;01.12.1924 00:00;-2.1;3.5;0.9;-2;-2.5;-2.2;;;;;;;;;;;;;;;;;13.5;21;;;4111;126;;
BAS;01.01.1925 00:00;-1.2;5.6;2.4;0.2;-0.7;0.5;;;;;;;;;;;;;;;;;24.4;51;;;4879;126;;
BAS;01.02.1925 00:00;0.5;8.3;4.2;1;0.6;1.2;;;;;;;;;;;;;;;;;60;133;;;4269;83;;
BAS;01.03.1925 00:00;-1.7;6.1;2;-5;-4.3;-5.7;;;;;;;;;;;;;;;;;31.4;63;;;4788;59;;
BAS;01.04.1925 00:00;4.5;14.2;9.1;-1.6;-1;-2;;;;;;;;;;;;;;;;;97.6;154;;;6988;70;;
BAS;01.05.1925 00:00;8.6;19.2;13.5;-1.1;-0.9;-0.8;;;;;;;;;;;;;;;;;110.2;113;;;12021;108;;
BAS;01.06.1925 00:00;11.2;23.1;16.9;-1.3;-1.9;-0.6;;;;;;;;;;;;;;;;;30;35;;;16197;127;;
BAS;01.07.1925 00:00;12.9;23.6;17.5;-2.7;-2;-2.2;;;;;;;;;;;;;;;;;168.3;189;;;12730;90;;
BAS;01.08.1925 00:00;12.8;22.8;17;-2.7;-2;-2.5;;;;;;;;;;;;;;;;;108.6;123;;;11941;92;;
BAS;01.09.1925 00:00;8;16.8;11.5;-3.9;-3;-3.9;;;;;;;;;;;;;;;;;95;135;;;8183;85;;
BAS;01.10.1925 00:00;5.9;14.4;9.4;-1.7;-1.7;-1;;;;;;;;;;;;;;;;;37.6;51;;;4846;75;;
BAS;01.11.1925 00:00;-0.4;5.3;2.7;-3.3;-3.6;-3.9;;;;;;;;;;;;;;;;;35.1;54;;;1313;33;;
BAS;01.12.1925 00:00;-2;5.3;2.2;-0.7;-2.4;-0.4;;;;;;;;;;;;;;;;;83.2;128;;;3786;116;;
BAS;01.01.1926 00:00;-2.1;4;1.3;-0.9;-1.6;-1.1;;;;;;;;;;;;;;;;;41.5;87;;;4438;115;;
BAS;01.02.1926 00:00;2.7;10.5;6.5;3.3;2.8;3.4;;;;;;;;;;;;;;;;;28;62;;;4612;90;;
BAS;01.03.1926 00:00;1.5;10;5.6;-1.4;-1.1;-1.8;;;;;;;;;;;;;;;;;37.6;76;;;5060;63;;
BAS;01.04.1926 00:00;4.7;16.5;10.6;-0.1;-0.8;0.3;;;;;;;;;;;;;;;;;22.6;36;;;10577;105;;
BAS;01.05.1926 00:00;6.8;16.3;11.3;-3.3;-2.7;-3.7;;;;;;;;;;;;;;;;;102.1;105;;;8686;78;;
BAS;01.06.1926 00:00;9.9;19.3;14;-4.2;-3.2;-4.4;;;;;;;;;;;;;;;;;125.1;144;;;9132;72;;
BAS;01.07.1926 00:00;13.3;23;17.6;-2.6;-1.6;-2.8;;;;;;;;;;;;;;;;;86.6;97;;;11751;83;;
BAS;01.08.1926 00:00;12.1;24.2;17.5;-2.2;-2.7;-1.1;;;;;;;;;;;;;;;;;28.6;32;;;14604;112;;
BAS;01.09.1926 00:00;11.3;23;16;0.6;0.3;2.3;;;;;;;;;;;;;;;;;39.8;57;;;11511;120;;
BAS;01.10.1926 00:00;5.8;14.5;9.5;-1.6;-1.8;-0.9;;;;;;;;;;;;;;;;;127.8;172;;;5830;91;;
BAS;01.11.1926 00:00;3;10.6;6.6;0.6;-0.2;1.4;;;;;;;;;;;;;;;;;40.2;62;;;4236;108;;
BAS;01.12.1926 00:00;-2.7;2.3;0.1;-2.8;-3.1;-3.4;;;;;;;;;;;;;;;;;18.8;29;;;2810;86;;
BAS;01.01.1927 00:00;-1;4.3;2;-0.2;-0.5;-0.8;;;;;;;;;;;;;;;;;43.1;90;;;3129;81;;
BAS;01.02.1927 00:00;-1.8;6.2;2;-1.2;-1.7;-0.9;;;;;;;;;;;;;;;;;67.4;149;;;5853;114;;
BAS;01.03.1927 00:00;2;11.7;6.6;-0.4;-0.6;-0.1;;;;;;;;;;;;;;;;;58.2;118;;;6793;84;;
BAS;01.04.1927 00:00;4.6;14.5;9.6;-1.1;-0.9;-1.7;;;;;;;;;;;;;;;;;75.4;119;;;8336;83;;
BAS;01.05.1927 00:00;8.2;19.4;13.4;-1.2;-1.3;-0.6;;;;;;;;;;;;;;;;;67.5;69;;;13767;124;;
BAS;01.06.1927 00:00;11;21.8;16;-2.2;-2.1;-1.9;;;;;;;;;;;;;;;;;82.6;95;;;13025;102;;
BAS;01.07.1927 00:00;13.3;23.9;18.1;-2.1;-1.6;-1.9;;;;;;;;;;;;;;;;;92.3;104;;;13819;98;;
BAS;01.08.1927 00:00;12.7;22.3;16.6;-3.1;-2.1;-3;;;;;;;;;;;;;;;;;198;224;;;10947;84;;
BAS;01.09.1927 00:00;10.9;19.4;14.3;-1.1;-0.1;-1.3;;;;;;;;;;;;;;;;;89;127;;;6684;70;;
BAS;01.10.1927 00:00;4.9;14.1;8.8;-2.3;-2.7;-1.3;;;;;;;;;;;;;;;;;10.9;15;;;7591;118;;
BAS;01.11.1927 00:00;1.3;7.8;4.5;-1.5;-1.9;-1.4;;;;;;;;;;;;;;;;;57.7;89;;;3851;98;;
BAS;01.12.1927 00:00;-2.6;2.9;0.5;-2.4;-3;-2.8;;;;;;;;;;;;;;;;;17.3;27;;;2364;73;;
BAS;01.01.1928 00:00;-0.3;5.9;3.1;0.9;0.2;0.8;;;;;;;;;;;;;;;;;46.5;97;;;2726;70;;
BAS;01.02.1928 00:00;-0.5;8.3;3.6;0.4;-0.4;1.2;;;;;;;;;;;;;;;;;36.1;80;;;6739;132;;
BAS;01.03.1928 00:00;0.8;10.4;5.1;-1.9;-1.8;-1.4;;;;;;;;;;;;;;;;;55.4;112;;;6467;80;;
BAS;01.04.1928 00:00;3.7;14.6;9.2;-1.5;-1.8;-1.6;;;;;;;;;;;;;;;;;43.3;68;;;8695;87;;
BAS;01.05.1928 00:00;6.3;16.7;11.2;-3.4;-3.2;-3.3;;;;;;;;;;;;;;;;;78.9;81;;;10183;91;;
BAS;01.06.1928 00:00;11;22.1;16.2;-2;-2.1;-1.6;;;;;;;;;;;;;;;;;81.1;94;;;12304;97;;
BAS;01.07.1928 00:00;14.7;27.9;21;0.8;-0.2;2.1;;;;;;;;;;;;;;;;;23.7;27;;;18446;131;;
BAS;01.08.1928 00:00;13.7;24.6;18.4;-1.3;-1.1;-0.7;;;;;;;;;;;;;;;;;99.1;112;;;11868;91;;
BAS;01.09.1928 00:00;9.3;19.4;13.8;-1.6;-1.7;-1.3;;;;;;;;;;;;;;;;;46.1;66;;;8324;87;;
BAS;01.10.1928 00:00;5.2;14.6;9.2;-1.9;-2.4;-0.8;;;;;;;;;;;;;;;;;73.3;99;;;6793;106;;
BAS;01.11.1928 00:00;2.9;10;6.5;0.5;-0.3;0.8;;;;;;;;;;;;;;;;;89.9;139;;;3211;82;;
BAS;01.12.1928 00:00;-1.6;3.4;1.4;-1.5;-2;-2.3;;;;;;;;;;;;;;;;;53.4;82;;;1703;52;;
BAS;01.01.1929 00:00;-6.3;-0.9;-3.2;-5.4;-5.8;-6;;;;;;;;;;;;;;;;;12;25;;;3948;102;;
BAS;01.02.1929 00:00;-11;-0.7;-5.8;-9;-10.9;-7.8;;;;;;;;;;;;;;;;;17.3;38;;;7984;156;;
BAS;01.03.1929 00:00;-0.7;9.8;4.5;-2.5;-3.3;-2;;;;;;;;;;;;;;;;;14.2;29;;;11403;141;;
BAS;01.04.1929 00:00;1.8;11.4;6.6;-4.1;-3.7;-4.8;;;;;;;;;;;;;;;;;57.7;91;;;9207;92;;
BAS;01.05.1929 00:00;8.2;19.9;13.9;-0.7;-1.3;-0.1;;;;;;;;;;;;;;;;;61.8;63;;;12247;110;;
BAS;01.06.1929 00:00;11.9;22.1;16.6;-1.6;-1.2;-1.6;;;;;;;;;;;;;;;;;60.5;70;;;12044;95;;
BAS;01.07.1929 00:00;13.5;25.2;18.9;-1.3;-1.4;-0.6;;;;;;;;;;;;;;;;;82.7;93;;;15869;113;;
BAS;01.08.1929 00:00;13.1;23.5;17.5;-2.2;-1.7;-1.8;;;;;;;;;;;;;;;;;61;69;;;12439;96;;
BAS;01.09.1929 00:00;11.2;24.8;17;1.6;0.2;4.1;;;;;;;;;;;;;;;;;15.3;22;;;14502;151;;
BAS;01.10.1929 00:00;6.5;14.9;10.3;-0.8;-1.1;-0.5;;;;;;;;;;;;;;;;;87.4;117;;;4960;77;;
BAS;01.11.1929 00:00;1.6;8.7;5.3;-0.7;-1.6;-0.5;;;;;;;;;;;;;;;;;43.4;67;;;4493;114;;
BAS;01.12.1929 00:00;1.3;8.1;5.1;2.2;0.9;2.4;;;;;;;;;;;;;;;;;98.8;152;;;4529;139;;
BAS;01.01.1930 00:00;0;6;3.1;0.9;0.5;0.9;;;;;;;;;;;;;;;;;29.7;62;;;6261;162;;
BAS;01.02.1930 00:00;-1.9;4.9;1.4;-1.8;-1.8;-2.2;;;;;;;;;;;;;;;;;19.9;44;;;5503;108;;
BAS;01.03.1930 00:00;1.6;11.3;6.3;-0.7;-1;-0.5;;;;;;;;;;;;;;;;;29.7;60;;;7351;91;;
BAS;01.04.1930 00:00;5;14.5;9.6;-1.1;-0.5;-1.7;;;;;;;;;;;;;;;;;112.3;177;;;8010;80;;
BAS;01.05.1930 00:00;7.9;16.8;11.8;-2.8;-1.6;-3.2;;;;;;;;;;;;;;;;;119.2;122;;;6922;62;;
BAS;01.06.1930 00:00;13.5;25.2;18.7;0.5;0.4;1.5;;;;;;;;;;;;;;;;;103.8;120;;;14248;112;;
BAS;01.07.1930 00:00;12.9;21.7;16.5;-3.7;-2;-4.1;;;;;;;;;;;;;;;;;198;223;;;10763;76;;
BAS;01.08.1930 00:00;13.1;22.7;16.9;-2.8;-1.7;-2.6;;;;;;;;;;;;;;;;;52.8;60;;;12085;93;;
BAS;01.09.1930 00:00;11.4;19.7;14.4;-1;0.4;-1;;;;;;;;;;;;;;;;;60.6;86;;;7776;81;;
BAS;01.10.1930 00:00;6.6;14.3;9.8;-1.3;-1;-1.1;;;;;;;;;;;;;;;;;101.8;137;;;5886;92;;
BAS;01.11.1930 00:00;3.4;11;7.1;1.1;0.2;1.8;;;;;;;;;;;;;;;;;96.3;148;;;3758;96;;
BAS;01.12.1930 00:00;-0.8;4.1;2;-0.9;-1.2;-1.6;;;;;;;;;;;;;;;;;36.5;56;;;3256;100;;
BAS;01.01.1931 00:00;-2;4.3;1.4;-0.8;-1.5;-0.8;;;;;;;;;;;;;;;;;52.8;110;;;3649;94;;
BAS;01.02.1931 00:00;-3.1;3.3;0.4;-2.8;-3;-3.8;;;;;;;;;;;;;;;;;37.9;84;;;3911;76;;
BAS;01.03.1931 00:00;-3;7.1;2;-5;-5.6;-4.7;;;;;;;;;;;;;;;;;96;194;;;9319;115;;
BAS;01.04.1931 00:00;3.5;12.9;8;-2.7;-2;-3.3;;;;;;;;;;;;;;;;;33.4;53;;;8518;85;;
BAS;01.05.1931 00:00;10.1;21.7;15.4;0.8;0.6;1.7;;;;;;;;;;;;;;;;;82.2;84;;;11922;107;;
BAS;01.06.1931 00:00;12.7;24.8;18.2;0;-0.4;1.1;;;;;;;;;;;;;;;;;89.8;104;;;15486;122;;
BAS;01.07.1931 00:00;12.9;22.3;16.9;-3.3;-2;-3.5;;;;;;;;;;;;;;;;;109.9;124;;;10709;76;;
BAS;01.08.1931 00:00;12.4;20.5;15.7;-4;-2.4;-4.8;;;;;;;;;;;;;;;;;130.8;148;;;8559;66;;
BAS;01.09.1931 00:00;6.3;14.3;9.7;-5.7;-4.7;-6.4;;;;;;;;;;;;;;;;;66.6;95;;;6014;63;;
BAS;01.10.1931 00:00;3.4;14;8;-3.1;-4.2;-1.4;;;;;;;;;;;;;;;;;67.7;91;;;9429;147;;
BAS;01.11.1931 00:00;2.8;9.3;5.8;-0.2;-0.4;0.1;;;;;;;;;;;;;;;;;11.1;17;;;4242;108;;
BAS;01.12.1931 00:00;-3.4;2.5;0.1;-2.8;-3.8;-3.2;;;;;;;;;;;;;;;;;37.8;58;;;3901;120;;
BAS;01.01.1932 00:00;-1.5;4.3;1.7;-0.5;-1;-0.8;;;;;;;;;;;;;;;;;38.1;80;;;4041;104;;
BAS;01.02.1932 00:00;-7.3;2;-2.7;-5.9;-7.2;-5.1;;;;;;;;;;;;;;;;;8.2;18;;;8330;163;;
BAS;01.03.1932 00:00;-2;7.8;2.7;-4.3;-4.6;-4;;;;;;;;;;;;;;;;;56.1;113;;;8367;104;;
BAS;01.04.1932 00:00;2.9;13;7.8;-2.9;-2.6;-3.2;;;;;;;;;;;;;;;;;51.5;81;;;8419;84;;
BAS;01.05.1932 00:00;7.9;17.8;11.9;-2.7;-1.6;-2.2;;;;;;;;;;;;;;;;;153.3;157;;;9169;82;;
BAS;01.06.1932 00:00;10.5;21.2;15.2;-3;-2.6;-2.5;;;;;;;;;;;;;;;;;83.8;97;;;11998;94;;
BAS;01.07.1932 00:00;13.6;22.5;17.3;-2.9;-1.3;-3.3;;;;;;;;;;;;;;;;;121.3;136;;;9693;69;;
BAS;01.08.1932 00:00;15;26.7;19.9;0.2;0.2;1.4;;;;;;;;;;;;;;;;;30.2;34;;;16175;124;;
BAS;01.09.1932 00:00;12.8;21.9;16.4;1;1.8;1.2;;;;;;;;;;;;;;;;;94.5;135;;;7922;82;;
BAS;01.10.1932 00:00;5.8;14.7;9.5;-1.6;-1.8;-0.7;;;;;;;;;;;;;;;;;73.8;99;;;5029;78;;
BAS;01.11.1932 00:00;2.4;8.1;5.3;-0.7;-0.8;-1.1;;;;;;;;;;;;;;;;;10.1;16;;;3321;85;;
BAS;01.12.1932 00:00;-1.5;3.5;1.3;-1.6;-1.9;-2.2;;;;;;;;;;;;;;;;;17.1;26;;;3753;115;;
BAS;01.01.1933 00:00;-4.1;0.9;-1;-3.2;-3.6;-4.2;;;;;;;;;;;;;;;;;22.5;47;;;3825;99;;
BAS;01.02.1933 00:00;-2.2;5.9;1.9;-1.3;-2.1;-1.2;;;;;;;;;;;;;;;;;34.4;76;;;5307;104;;
BAS;01.03.1933 00:00;1.3;11.6;6.4;-0.6;-1.3;-0.2;;;;;;;;;;;;;;;;;58.8;119;;;9465;117;;
BAS;01.04.1933 00:00;3.2;15.6;9.3;-1.4;-2.3;-0.6;;;;;;;;;;;;;;;;;42.6;67;;;10954;109;;
BAS;01.05.1933 00:00;7.7;17.1;12;-2.6;-1.8;-2.9;;;;;;;;;;;;;;;;;109.4;112;;;8048;72;;
BAS;01.06.1933 00:00;9.5;19.4;13.9;-4.3;-3.6;-4.3;;;;;;;;;;;;;;;;;102;118;;;9314;73;;
BAS;01.07.1933 00:00;13.6;25.1;18.9;-1.3;-1.3;-0.7;;;;;;;;;;;;;;;;;55.2;62;;;15905;113;;
BAS;01.08.1933 00:00;13.1;26;18.9;-0.8;-1.7;0.7;;;;;;;;;;;;;;;;;25.7;29;;;16913;130;;
BAS;01.09.1933 00:00;10.6;21.3;15;-0.4;-0.4;0.6;;;;;;;;;;;;;;;;;90;128;;;9905;103;;
BAS;01.10.1933 00:00;6.5;14.8;9.8;-1.3;-1.1;-0.6;;;;;;;;;;;;;;;;;76.9;103;;;6166;96;;
BAS;01.11.1933 00:00;1.2;5.9;3.4;-2.6;-2;-3.3;;;;;;;;;;;;;;;;;62.4;96;;;1830;47;;
BAS;01.12.1933 00:00;-6.1;-1.3;-3.4;-6.3;-6.5;-7;;;;;;;;;;;;;;;;;5;8;;;3025;93;;
BAS;01.01.1934 00:00;-1.5;3;1;-1.2;-1;-2.1;;;;;;;;;;;;;;;;;50;105;;;3286;85;;
BAS;01.02.1934 00:00;-4;4.8;0;-3.2;-3.9;-2.3;;;;;;;;;;;;;;;;;13.3;29;;;6640;130;;
BAS;01.03.1934 00:00;0.9;9.5;5;-2;-1.7;-2.3;;;;;;;;;;;;;;;;;55.4;112;;;5658;70;;
BAS;01.04.1934 00:00;5.6;18.2;11.5;0.8;0.1;2;;;;;;;;;;;;;;;;;16;25;;;11813;118;;
BAS;01.05.1934 00:00;8.5;21.4;14.9;0.3;-1;1.4;;;;;;;;;;;;;;;;;11.8;12;;;14355;129;;
BAS;01.06.1934 00:00;11.7;23.8;17;-1.2;-1.4;0.1;;;;;;;;;;;;;;;;;135.9;157;;;12767;100;;
BAS;01.07.1934 00:00;13.1;25.7;18.9;-1.3;-1.8;-0.1;;;;;;;;;;;;;;;;;74.4;84;;;16555;117;;
BAS;01.08.1934 00:00;13;22.2;16.5;-3.2;-1.8;-3.1;;;;;;;;;;;;;;;;;101.6;115;;;10202;79;;
BAS;01.09.1934 00:00;11.9;22.6;15.9;0.5;0.9;1.9;;;;;;;;;;;;;;;;;48.1;69;;;9870;103;;
BAS;01.10.1934 00:00;5.8;15.1;9.5;-1.6;-1.8;-0.3;;;;;;;;;;;;;;;;;65.5;88;;;6418;100;;
BAS;01.11.1934 00:00;-0.3;6.3;2.8;-3.2;-3.5;-2.9;;;;;;;;;;;;;;;;;50.4;78;;;4160;106;;
BAS;01.12.1934 00:00;2.7;7.8;5.7;2.8;2.3;2.1;;;;;;;;;;;;;;;;;38.9;60;;;2113;65;;
BAS;01.01.1935 00:00;-3.6;1.7;-0.5;-2.7;-3.1;-3.4;;;;;;;;;;;;;;;;;41.8;87;;;2712;70;;
BAS;01.02.1935 00:00;0;7;3.5;0.3;0.1;-0.1;;;;;;;;;;;;;;;;;76.3;169;;;4021;79;;
BAS;01.03.1935 00:00;-0.3;9.8;4.4;-2.6;-2.9;-2;;;;;;;;;;;;;;;;;31.9;64;;;8892;110;;
BAS;01.04.1935 00:00;4.8;12.9;8.6;-2.1;-0.7;-3.3;;;;;;;;;;;;;;;;;92.9;146;;;4791;48;;
BAS;01.05.1935 00:00;6.3;17.1;11.5;-3.1;-3.2;-2.9;;;;;;;;;;;;;;;;;125.7;129;;;11358;102;;
BAS;01.06.1935 00:00;12.7;24.7;18.1;-0.1;-0.4;1;;;;;;;;;;;;;;;;;59.6;69;;;14601;115;;
BAS;01.07.1935 00:00;13.4;26.7;19.4;-0.8;-1.5;0.9;;;;;;;;;;;;;;;;;26.4;30;;;18198;129;;
BAS;01.08.1935 00:00;12.5;23.5;17.2;-2.5;-2.3;-1.8;;;;;;;;;;;;;;;;;82.2;93;;;12199;94;;
BAS;01.09.1935 00:00;10.6;21.3;14.8;-0.6;-0.4;0.6;;;;;;;;;;;;;;;;;80.5;115;;;11218;117;;
BAS;01.10.1935 00:00;6.9;12.7;9.1;-2;-0.7;-2.7;;;;;;;;;;;;;;;;;115.1;155;;;2006;31;;
BAS;01.11.1935 00:00;2.6;9.2;5.7;-0.3;-0.6;0;;;;;;;;;;;;;;;;;36.5;56;;;4813;123;;
BAS;01.12.1935 00:00;-1.9;3.1;0.9;-2;-2.3;-2.6;;;;;;;;;;;;;;;;;119.7;184;;;1930;59;;
BAS;01.01.1936 00:00;1.8;8.1;5.2;3;2.3;3;;;;;;;;;;;;;;;;;94.3;197;;;2261;58;;
BAS;01.02.1936 00:00;-0.5;5.9;2.3;-0.9;-0.4;-1.2;;;;;;;;;;;;;;;;;60;133;;;4949;97;;
BAS;01.03.1936 00:00;2;12.6;6.9;-0.1;-0.6;0.8;;;;;;;;;;;;;;;;;24.7;50;;;8706;108;;
BAS;01.04.1936 00:00;4.2;12.7;7.9;-2.8;-1.3;-3.5;;;;;;;;;;;;;;;;;90.3;142;;;5568;55;;
BAS;01.05.1936 00:00;8.3;19.2;13.5;-1.1;-1.2;-0.8;;;;;;;;;;;;;;;;;17;17;;;12009;108;;
BAS;01.06.1936 00:00;12;21.8;15.9;-2.3;-1.1;-1.9;;;;;;;;;;;;;;;;;104.3;120;;;8487;67;;
BAS;01.07.1936 00:00;13.5;22.8;17.1;-3.1;-1.4;-3;;;;;;;;;;;;;;;;;140.8;158;;;9380;67;;
BAS;01.08.1936 00:00;12.5;23.2;16.9;-2.8;-2.3;-2.1;;;;;;;;;;;;;;;;;86.8;98;;;13393;103;;
BAS;01.09.1936 00:00;11.6;19.5;14.4;-1;0.6;-1.2;;;;;;;;;;;;;;;;;124.7;178;;;6294;66;;
BAS;01.10.1936 00:00;3.3;11;6.6;-4.5;-4.3;-4.4;;;;;;;;;;;;;;;;;30.3;41;;;5332;83;;
BAS;01.11.1936 00:00;2.4;7.9;5;-1;-0.8;-1.3;;;;;;;;;;;;;;;;;71.5;110;;;2785;71;;
BAS;01.12.1936 00:00;-0.2;4.8;2.6;-0.3;-0.6;-0.9;;;;;;;;;;;;;;;;;25.1;39;;;3404;105;;
BAS;01.01.1937 00:00;-0.5;5.4;2.7;0.5;0;0.3;;;;;;;;;;;;;;;;;62.7;131;;;4428;114;;
BAS;01.02.1937 00:00;1.8;8.4;5;1.8;1.9;1.3;;;;;;;;;;;;;;;;;77.6;172;;;2152;42;;
BAS;01.03.1937 00:00;1.1;8.5;4.7;-2.3;-1.5;-3.3;;;;;;;;;;;;;;;;;137.1;277;;;4321;53;;
BAS;01.04.1937 00:00;4.6;13.9;9;-1.7;-0.9;-2.3;;;;;;;;;;;;;;;;;91.1;143;;;6608;66;;
BAS;01.05.1937 00:00;9.7;21.7;15.2;0.6;0.2;1.7;;;;;;;;;;;;;;;;;63.1;65;;;11498;103;;
BAS;01.06.1937 00:00;12.8;23.1;17.1;-1.1;-0.3;-0.6;;;;;;;;;;;;;;;;;66;76;;;11946;94;;
BAS;01.07.1937 00:00;13.3;24.3;18.3;-1.9;-1.6;-1.5;;;;;;;;;;;;;;;;;29;33;;;13091;93;;
BAS;01.08.1937 00:00;13.7;23.8;17.8;-1.9;-1.1;-1.5;;;;;;;;;;;;;;;;;59.7;68;;;9824;76;;
BAS;01.09.1937 00:00;10.8;18.6;13.8;-1.6;-0.2;-2.1;;;;;;;;;;;;;;;;;96.2;137;;;7426;77;;
BAS;01.10.1937 00:00;5.7;14.1;9.1;-2;-1.9;-1.3;;;;;;;;;;;;;;;;;33.7;45;;;5360;83;;
BAS;01.11.1937 00:00;1.1;7.5;4.1;-1.9;-2.1;-1.7;;;;;;;;;;;;;;;;;56.3;87;;;5029;128;;
BAS;01.12.1937 00:00;-1.7;2.5;0.7;-2.2;-2.1;-3.2;;;;;;;;;;;;;;;;;31;48;;;2966;91;;
BAS;01.01.1938 00:00;-0.9;5.2;2.7;0.5;-0.4;0.1;;;;;;;;;;;;;;;;;74.3;155;;;2319;60;;
BAS;01.02.1938 00:00;-1.8;5.4;1.7;-1.5;-1.7;-1.7;;;;;;;;;;;;;;;;;23.8;53;;;6097;119;;
BAS;01.03.1938 00:00;2;15.3;8.3;1.3;-0.6;3.5;;;;;;;;;;;;;;;;;17.7;36;;;13336;165;;
BAS;01.04.1938 00:00;-0.1;12;6;-4.7;-5.6;-4.2;;;;;;;;;;;;;;;;;13.7;22;;;11299;113;;
BAS;01.05.1938 00:00;6.2;16.8;11.5;-3.1;-3.3;-3.2;;;;;;;;;;;;;;;;;87.6;90;;;9883;89;;
BAS;01.06.1938 00:00;12;22.9;17.1;-1.1;-1.1;-0.8;;;;;;;;;;;;;;;;;152.9;177;;;14601;115;;
BAS;01.07.1938 00:00;13.1;22.9;17.4;-2.8;-1.8;-2.9;;;;;;;;;;;;;;;;;197;222;;;12087;86;;
BAS;01.08.1938 00:00;13.4;22.5;17.2;-2.5;-1.4;-2.8;;;;;;;;;;;;;;;;;152.9;173;;;11587;89;;
BAS;01.09.1938 00:00;11.2;20.4;14.7;-0.7;0.2;-0.3;;;;;;;;;;;;;;;;;66.3;94;;;9083;95;;
BAS;01.10.1938 00:00;4.9;14;8.5;-2.6;-2.7;-1.4;;;;;;;;;;;;;;;;;56.5;76;;;7258;113;;
BAS;01.11.1938 00:00;4;11.3;7.5;1.5;0.8;2.1;;;;;;;;;;;;;;;;;18.5;29;;;5209;133;;
BAS;01.12.1938 00:00;-4.8;1.3;-1.3;-4.2;-5.2;-4.4;;;;;;;;;;;;;;;;;50.2;77;;;2404;74;;
BAS;01.01.1939 00:00;1;6.3;3.6;1.4;1.5;1.2;;;;;;;;;;;;;;;;;49.8;104;;;3233;84;;
BAS;01.02.1939 00:00;-1.5;6.3;2.4;-0.8;-1.4;-0.8;;;;;;;;;;;;;;;;;24.6;54;;;6743;132;;
BAS;01.03.1939 00:00;-0.5;7.1;3.1;-3.9;-3.1;-4.7;;;;;;;;;;;;;;;;;97.5;197;;;4776;59;;
BAS;01.04.1939 00:00;5.8;15;10;-0.7;0.3;-1.2;;;;;;;;;;;;;;;;;99.4;157;;;7022;70;;
BAS;01.05.1939 00:00;7;13.8;10.3;-4.3;-2.5;-6.2;;;;;;;;;;;;;;;;;181.7;186;;;4442;40;;
BAS;01.06.1939 00:00;11.5;22.4;16.8;-1.4;-1.6;-1.3;;;;;;;;;;;;;;;;;117;135;;;10731;84;;
BAS;01.07.1939 00:00;12.4;22.2;16.7;-3.5;-2.5;-3.6;;;;;;;;;;;;;;;;;135.4;152;;;12642;90;;
BAS;01.08.1939 00:00;13.7;23.2;17.5;-2.2;-1.1;-2.1;;;;;;;;;;;;;;;;;111.9;127;;;10670;82;;
BAS;01.09.1939 00:00;10.4;18.3;13.2;-2.2;-0.6;-2.4;;;;;;;;;;;;;;;;;67.4;96;;;7210;75;;
BAS;01.10.1939 00:00;5.7;11.3;8.2;-2.9;-1.9;-4.1;;;;;;;;;;;;;;;;;215.2;289;;;1492;23;;
BAS;01.11.1939 00:00;4;10.2;7.3;1.3;0.8;1;;;;;;;;;;;;;;;;;63.6;98;;;3374;86;;
BAS;01.12.1939 00:00;-2.9;2.3;0.1;-2.8;-3.3;-3.4;;;;;;;;;;;;;;;;;41.1;63;;;2966;91;;
BAS;01.01.1940 00:00;-9.6;-3;-6.1;-8.3;-9.1;-8.1;;;;;;;;;;;;;;;;;29;61;;;4270;110;;
BAS;01.02.1940 00:00;-2.8;4.6;0.9;-2.3;-2.7;-2.5;;;;;;;;;;;;;;;;;25.6;57;;;3709;73;;
BAS;01.03.1940 00:00;0.9;10.6;5.5;-1.5;-1.7;-1.2;;;;;;;;;;;;;;;;;49.8;101;;;7876;98;;
BAS;01.04.1940 00:00;4.7;15.1;9.7;-1;-0.8;-1.1;;;;;;;;;;;;;;;;;50.9;80;;;8144;81;;
BAS;01.05.1940 00:00;7.8;19.2;13.2;-1.4;-1.7;-0.8;;;;;;;;;;;;;;;;;41.8;43;;;11922;107;;
BAS;01.06.1940 00:00;11;22;16.3;-1.9;-2.1;-1.7;;;;;;;;;;;;;;;;;115.8;134;;;10841;85;;
BAS;01.07.1940 00:00;12.6;22;16.7;-3.5;-2.3;-3.8;;;;;;;;;;;;;;;;;115.2;130;;;10568;75;;
BAS;01.08.1940 00:00;11.2;21.6;15.8;-3.9;-3.6;-3.7;;;;;;;;;;;;;;;;;67.9;77;;;13992;108;;
BAS;01.09.1940 00:00;10.7;19.6;14.1;-1.3;-0.3;-1.1;;;;;;;;;;;;;;;;;207.5;296;;;8605;90;;
BAS;01.10.1940 00:00;6.1;12.5;8.6;-2.5;-1.5;-2.9;;;;;;;;;;;;;;;;;82.5;111;;;3805;59;;
BAS;01.11.1940 00:00;3.1;9.5;6.1;0.1;-0.1;0.3;;;;;;;;;;;;;;;;;106.9;165;;;3455;88;;
BAS;01.12.1940 00:00;-6.6;-0.3;-2.9;-5.8;-7;-6;;;;;;;;;;;;;;;;;66.5;102;;;4126;127;;
BAS;01.01.1941 00:00;-6.6;-0.6;-3.5;-5.7;-6.1;-5.7;;;;;;;;;;;;;;;;;77.7;163;;;2653;69;;
BAS;01.02.1941 00:00;-0.8;5.7;2.4;-0.8;-0.7;-1.4;;;;;;;;;;;;;;;;;48.8;108;;;3819;75;;
BAS;01.03.1941 00:00;1;11.2;6;-1;-1.6;-0.6;;;;;;;;;;;;;;;;;53.1;107;;;9593;119;;
BAS;01.04.1941 00:00;3.1;11.8;7.5;-3.2;-2.4;-4.4;;;;;;;;;;;;;;;;;55.7;88;;;8506;85;;
BAS;01.05.1941 00:00;4.9;15.1;9.6;-5;-4.6;-4.9;;;;;;;;;;;;;;;;;109.3;112;;;9361;84;;
BAS;01.06.1941 00:00;11.9;22.5;16.7;-1.5;-1.2;-1.2;;;;;;;;;;;;;;;;;90.8;105;;;13126;103;;
BAS;01.07.1941 00:00;14.3;25;19;-1.2;-0.6;-0.8;;;;;;;;;;;;;;;;;53.8;61;;;15172;108;;
BAS;01.08.1941 00:00;12.3;21.6;16.1;-3.6;-2.5;-3.7;;;;;;;;;;;;;;;;;83.3;94;;;9590;74;;
BAS;01.09.1941 00:00;8;19.5;13;-2.4;-3;-1.2;;;;;;;;;;;;;;;;;12.5;18;;;12262;128;;
BAS;01.10.1941 00:00;5.7;12.5;8.7;-2.4;-1.9;-2.9;;;;;;;;;;;;;;;;;48;65;;;3486;54;;
BAS;01.11.1941 00:00;1;6.7;3.9;-2.1;-2.2;-2.5;;;;;;;;;;;;;;;;;38.8;60;;;3216;82;;
BAS;01.12.1941 00:00;-1.4;4.3;1.7;-1.2;-1.8;-1.4;;;;;;;;;;;;;;;;;18.9;29;;;2812;86;;
BAS;01.01.1942 00:00;-9.2;-2.3;-5.4;-7.6;-8.7;-7.4;;;;;;;;;;;;;;;;;62.5;131;;;2893;75;;
BAS;01.02.1942 00:00;-6.7;-0.5;-3.6;-6.8;-6.6;-7.6;;;;;;;;;;;;;;;;;15.2;34;;;2094;41;;
BAS;01.03.1942 00:00;1.4;10.6;5.7;-1.3;-1.2;-1.2;;;;;;;;;;;;;;;;;40.4;82;;;6995;87;;
BAS;01.04.1942 00:00;5;15.1;10.1;-0.6;-0.5;-1.1;;;;;;;;;;;;;;;;;32.5;51;;;11118;111;;
BAS;01.05.1942 00:00;8.2;19.6;13.2;-1.4;-1.3;-0.4;;;;;;;;;;;;;;;;;121.9;125;;;11114;100;;
BAS;01.06.1942 00:00;10.6;22.2;16.4;-1.8;-2.5;-1.5;;;;;;;;;;;;;;;;;69.4;80;;;15255;120;;
BAS;01.07.1942 00:00;13.2;23.1;17.4;-2.8;-1.7;-2.7;;;;;;;;;;;;;;;;;83.5;94;;;12276;87;;
BAS;01.08.1942 00:00;13.5;24.5;17.9;-1.8;-1.3;-0.8;;;;;;;;;;;;;;;;;76.6;87;;;13399;103;;
BAS;01.09.1942 00:00;12.1;22.5;16.1;0.7;1.1;1.8;;;;;;;;;;;;;;;;;143.9;205;;;11335;118;;
BAS;01.10.1942 00:00;8.9;17.1;12.2;1.1;1.3;1.7;;;;;;;;;;;;;;;;;60.1;81;;;6429;100;;
BAS;01.11.1942 00:00;1;5.7;3.3;-2.7;-2.2;-3.5;;;;;;;;;;;;;;;;;34.6;53;;;2628;67;;
BAS;01.12.1942 00:00;-0.8;5.1;2.2;-0.7;-1.2;-0.6;;;;;;;;;;;;;;;;;21.1;32;;;3878;119;;
BAS;01.01.1943 00:00;-1.4;3.8;1.8;-0.4;-0.9;-1.3;;;;;;;;;;;;;;;;;51.9;109;;;4340;112;;
BAS;01.02.1943 00:00;0.1;8.1;3.7;0.5;0.2;1;;;;;;;;;;;;;;;;;35.7;79;;;6322;124;;
BAS;01.03.1943 00:00;1.9;13.1;7;0;-0.7;1.3;;;;;;;;;;;;;;;;;24.5;49;;;9289;115;;
BAS;01.04.1943 00:00;5.4;16.6;10.8;0.1;-0.1;0.4;;;;;;;;;;;;;;;;;33.6;53;;;11486;114;;
BAS;01.05.1943 00:00;8.5;20.1;14.2;-0.4;-1;0.1;;;;;;;;;;;;;;;;;64;66;;;12363;111;;
BAS;01.06.1943 00:00;10.9;20.8;15.4;-2.8;-2.2;-2.9;;;;;;;;;;;;;;;;;62.9;73;;;12287;97;;
BAS;01.07.1943 00:00;12.8;25;18.6;-1.6;-2.1;-0.8;;;;;;;;;;;;;;;;;54.7;62;;;15290;108;;
BAS;01.08.1943 00:00;14.7;26.5;19.5;-0.2;-0.1;1.2;;;;;;;;;;;;;;;;;42.9;49;;;16235;125;;
BAS;01.09.1943 00:00;11.4;20.3;14.8;-0.6;0.4;-0.4;;;;;;;;;;;;;;;;;113.9;162;;;8062;84;;
BAS;01.10.1943 00:00;8;16.5;11.2;0.1;0.4;1.1;;;;;;;;;;;;;;;;;3.2;4;;;7549;118;;
BAS;01.11.1943 00:00;0.7;6.5;3.6;-2.4;-2.5;-2.7;;;;;;;;;;;;;;;;;60.5;93;;;1614;41;;
BAS;01.12.1943 00:00;-0.8;3.2;1.5;-1.4;-1.2;-2.5;;;;;;;;;;;;;;;;;24.2;37;;;1237;38;;
BAS;01.01.1944 00:00;-0.1;5.8;3;0.8;0.4;0.7;;;;;;;;;;;;;;;;;39.7;83;;;4164;108;;
BAS;01.02.1944 00:00;-3.1;1.4;-0.5;-3.7;-3;-5.7;;;;;;;;;;;;;;;;;63.3;140;;;2336;46;;
BAS;01.03.1944 00:00;-1.1;6.9;2.8;-4.2;-3.7;-4.9;;;;;;;;;;;;;;;;;27.1;55;;;6055;75;;
BAS;01.04.1944 00:00;5.8;16.2;10.9;0.2;0.3;0;;;;;;;;;;;;;;;;;29.9;47;;;9126;91;;
BAS;01.05.1944 00:00;6.9;19.2;13.1;-1.5;-2.6;-0.8;;;;;;;;;;;;;;;;;39.5;40;;;13309;120;;
BAS;01.06.1944 00:00;11.1;20.9;15.2;-3;-2;-2.8;;;;;;;;;;;;;;;;;73.9;85;;;10291;81;;
BAS;01.07.1944 00:00;13.7;23.5;18;-2.2;-1.2;-2.3;;;;;;;;;;;;;;;;;98.2;110;;;12228;87;;
BAS;01.08.1944 00:00;15.9;27.7;20.8;1.1;1.1;2.4;;;;;;;;;;;;;;;;;124.3;141;;;14016;108;;
BAS;01.09.1944 00:00;10.8;18.4;13.6;-1.8;-0.2;-2.3;;;;;;;;;;;;;;;;;92;131;;;6697;70;;
BAS;01.10.1944 00:00;6.1;12.4;8.4;-2.7;-1.5;-3;;;;;;;;;;;;;;;;;68.7;92;;;3275;51;;
BAS;01.11.1944 00:00;2.2;8.1;5.2;-0.8;-1;-1.1;;;;;;;;;;;;;;;;;136.1;210;;;1655;42;;
BAS;01.12.1944 00:00;-2;3.4;1;-1.9;-2.4;-2.3;;;;;;;;;;;;;;;;;37.7;58;;;3404;105;;
BAS;01.01.1945 00:00;-8.8;-2.3;-4.7;-6.9;-8.3;-7.4;;;;;;;;;;;;;;;;;55.9;117;;;2478;64;;
BAS;01.02.1945 00:00;1.5;9.4;5.2;2;1.6;2.3;;;;;;;;;;;;;;;;;31.4;69;;;4857;95;;
BAS;01.03.1945 00:00;3.2;12.3;7.7;0.7;0.6;0.5;;;;;;;;;;;;;;;;;37;75;;;7882;98;;
BAS;01.04.1945 00:00;5.3;17.6;11;0.3;-0.2;1.4;;;;;;;;;;;;;;;;;40;63;;;12473;124;;
BAS;01.05.1945 00:00;10.2;22.5;15.6;1;0.7;2.5;;;;;;;;;;;;;;;;;70.8;73;;;14041;126;;
BAS;01.06.1945 00:00;12.7;25.7;18.4;0.2;-0.4;2;;;;;;;;;;;;;;;;;71.1;82;;;16557;130;;
BAS;01.07.1945 00:00;13.4;26.3;19.7;-0.5;-1.5;0.5;;;;;;;;;;;;;;;;;40;45;;;18677;133;;
BAS;01.08.1945 00:00;13.2;22.6;17.1;-2.6;-1.6;-2.7;;;;;;;;;;;;;;;;;111.3;126;;;10742;83;;
BAS;01.09.1945 00:00;12.2;20.8;15.2;-0.2;1.2;0.1;;;;;;;;;;;;;;;;;77;110;;;9690;101;;
BAS;01.10.1945 00:00;5.4;14.8;9.3;-1.8;-2.2;-0.6;;;;;;;;;;;;;;;;;22.6;30;;;7435;116;;
BAS;01.11.1945 00:00;0.8;6;3.3;-2.7;-2.4;-3.2;;;;;;;;;;;;;;;;;30.2;47;;;4778;122;;
BAS;01.12.1945 00:00;-1.1;4.7;2.3;-0.6;-1.5;-1;;;;;;;;;;;;;;;;;57.3;88;;;1687;52;;
BAS;01.01.1946 00:00;-4.3;1.7;-0.9;-3.1;-3.8;-3.4;;;;;;;;;;;;;;;;;27.8;58;;;4791;124;;
BAS;01.02.1946 00:00;1.9;7.1;4.8;1.6;2;0;;;;;;;;;;;;;;;;;53.1;117;;;2031;40;;
BAS;01.03.1946 00:00;1.8;10.5;6.1;-0.9;-0.8;-1.3;;;;;;;;;;;;;;;;;27.7;56;;;7888;98;;
BAS;01.04.1946 00:00;4.8;18.2;11.1;0.4;-0.7;2;;;;;;;;;;;;;;;;;28.9;46;;;12882;128;;
BAS;01.05.1946 00:00;8.9;20.5;14.1;-0.5;-0.6;0.5;;;;;;;;;;;;;;;;;65.7;67;;;10162;91;;
BAS;01.06.1946 00:00;12;20.3;15.6;-2.6;-1.1;-3.4;;;;;;;;;;;;;;;;;212.5;245;;;8863;70;;
BAS;01.07.1946 00:00;14.3;25.2;19.1;-1.1;-0.6;-0.6;;;;;;;;;;;;;;;;;39.6;45;;;15000;106;;
BAS;01.08.1946 00:00;12.8;24;17.2;-2.5;-2;-1.3;;;;;;;;;;;;;;;;;116.2;132;;;13249;102;;
BAS;01.09.1946 00:00;10.9;21.3;14.8;-0.6;-0.1;0.6;;;;;;;;;;;;;;;;;77.5;110;;;10734;112;;
BAS;01.10.1946 00:00;5.1;13.4;8.3;-2.8;-2.5;-2;;;;;;;;;;;;;;;;;35;47;;;5915;92;;
BAS;01.11.1946 00:00;1.6;7.8;4.7;-1.3;-1.6;-1.4;;;;;;;;;;;;;;;;;34.1;53;;;3683;94;;
BAS;01.12.1946 00:00;-3.1;1.2;-0.8;-3.7;-3.5;-4.5;;;;;;;;;;;;;;;;;34.3;53;;;2125;65;;
BAS;01.01.1947 00:00;-5.2;0.6;-2;-4.2;-4.7;-4.5;;;;;;;;;;;;;;;;;37.6;79;;;4317;112;;
BAS;01.02.1947 00:00;-4.6;0.2;-1.9;-5.1;-4.5;-6.9;;;;;;;;;;;;;;;;;37.8;84;;;1725;34;;
BAS;01.03.1947 00:00;1.9;10.6;6.2;-0.8;-0.7;-1.2;;;;;;;;;;;;;;;;;91.2;184;;;3935;49;;
BAS;01.04.1947 00:00;6;18.2;12.2;1.5;0.5;2;;;;;;;;;;;;;;;;;17.1;27;;;12245;122;;
BAS;01.05.1947 00:00;9.6;20.8;15.1;0.5;0.1;0.8;;;;;;;;;;;;;;;;;31.1;32;;;9825;88;;
BAS;01.06.1947 00:00;12.8;25.6;19.1;0.9;-0.3;1.9;;;;;;;;;;;;;;;;;44.1;51;;;16036;126;;
BAS;01.07.1947 00:00;14.8;27.4;20.7;0.5;-0.1;1.6;;;;;;;;;;;;;;;;;28.2;32;;;15290;108;;
BAS;01.08.1947 00:00;14.2;28.2;20.9;1.2;-0.6;2.9;;;;;;;;;;;;;;;;;21.2;24;;;17099;132;;
BAS;01.09.1947 00:00;11.1;25.3;17;1.6;0.1;4.6;;;;;;;;;;;;;;;;;26.6;38;;;13045;136;;
BAS;01.10.1947 00:00;5.2;15.5;9.5;-1.6;-2.4;0.1;;;;;;;;;;;;;;;;;49.3;66;;;8978;140;;
BAS;01.11.1947 00:00;3.2;10.8;6.8;0.8;0;1.6;;;;;;;;;;;;;;;;;60.5;93;;;4164;106;;
BAS;01.12.1947 00:00;0.1;4.7;2.8;-0.1;-0.3;-1;;;;;;;;;;;;;;;;;69;106;;;1660;51;;
BAS;01.01.1948 00:00;2;7.6;5.3;3.1;2.5;2.5;;;;;;;;;;;;;;;;;106.2;222;;;2488;64;;
BAS;01.02.1948 00:00;-1;6.1;2.6;-0.6;-0.9;-1;;;;;;;;;;;;;;;;;28;62;;;4062;79;;
BAS;01.03.1948 00:00;2.3;15.5;8.3;1.3;-0.3;3.7;;;;;;;;;;;;;;;;;5.4;11;;;13390;166;;
BAS;01.04.1948 00:00;4.1;16.3;10.2;-0.5;-1.4;0.1;;;;;;;;;;;;;;;;;43.5;69;;;9861;98;;
BAS;01.05.1948 00:00;9;20.7;14.4;-0.2;-0.5;0.7;;;;;;;;;;;;;;;;;78.8;81;;;12009;108;;
BAS;01.06.1948 00:00;11.4;21.6;16;-2.2;-1.7;-2.1;;;;;;;;;;;;;;;;;120.8;139;;;10990;86;;
BAS;01.07.1948 00:00;12.3;20.9;15.7;-4.5;-2.6;-4.9;;;;;;;;;;;;;;;;;132.5;149;;;8600;61;;
BAS;01.08.1948 00:00;13.9;22.9;17.2;-2.5;-0.9;-2.4;;;;;;;;;;;;;;;;;93.8;106;;;10186;78;;
BAS;01.09.1948 00:00;9.8;20.2;13.9;-1.5;-1.2;-0.5;;;;;;;;;;;;;;;;;66.8;95;;;11266;117;;
BAS;01.10.1948 00:00;5.9;15.3;9.7;-1.4;-1.7;-0.1;;;;;;;;;;;;;;;;;50.2;67;;;7152;111;;
BAS;01.11.1948 00:00;1.9;8.4;4.6;-1.4;-1.3;-0.8;;;;;;;;;;;;;;;;;48;74;;;4652;118;;
BAS;01.12.1948 00:00;-1.6;3.9;1.3;-1.6;-2;-1.8;;;;;;;;;;;;;;;;;11.9;18;;;4698;144;;
BAS;01.01.1949 00:00;-2.3;3.8;1.1;-1.1;-1.8;-1.3;;;;;;;;;;;;;;;;;68;142;;;4865;126;;
BAS;01.02.1949 00:00;-2.4;8.2;2.4;-0.8;-2.3;1.1;;;;;;;;;;;;;;;;;11.5;25;;;8695;170;;
BAS;01.03.1949 00:00;-1;9.2;4.1;-2.9;-3.6;-2.6;;;;;;;;;;;;;;;;;33.1;67;;;8601;106;;
BAS;01.04.1949 00:00;6.3;19;12.5;1.8;0.8;2.8;;;;;;;;;;;;;;;;;108.1;170;;;10605;106;;
BAS;01.05.1949 00:00;7.9;16.8;11.9;-2.7;-1.6;-3.2;;;;;;;;;;;;;;;;;101.1;104;;;6937;62;;
BAS;01.06.1949 00:00;10.3;22.2;16.3;-1.9;-2.8;-1.5;;;;;;;;;;;;;;;;;22.6;26;;;16092;127;;
BAS;01.07.1949 00:00;12.3;27.4;19.9;-0.3;-2.6;1.6;;;;;;;;;;;;;;;;;7.8;9;;;18491;131;;
BAS;01.08.1949 00:00;13.3;25.8;19.1;-0.6;-1.5;0.5;;;;;;;;;;;;;;;;;42;48;;;14569;112;;
BAS;01.09.1949 00:00;13.6;24.6;18;2.6;2.6;3.9;;;;;;;;;;;;;;;;;57.6;82;;;10866;113;;
BAS;01.10.1949 00:00;7.2;17.8;11.3;0.2;-0.4;2.4;;;;;;;;;;;;;;;;;21.2;28;;;8006;125;;
BAS;01.11.1949 00:00;1.4;7.3;4.4;-1.6;-1.8;-1.9;;;;;;;;;;;;;;;;;53.4;82;;;3024;77;;
BAS;01.12.1949 00:00;1.2;6.8;4.2;1.3;0.8;1.1;;;;;;;;;;;;;;;;;42.2;65;;;2059;63;;
BAS;01.01.1950 00:00;-2.4;3.2;0.8;-1.4;-1.9;-1.9;;;;;;;;;;;;;;;;;33.8;71;;;3412;88;;
BAS;01.02.1950 00:00;1.3;9;5.2;2;1.4;1.9;;;;;;;;;;;;;;;;;55.4;123;;;4221;83;;
BAS;01.03.1950 00:00;0.9;12.3;6.4;-0.6;-1.7;0.5;;;;;;;;;;;;;;;;;8.5;17;;;9494;118;;
BAS;01.04.1950 00:00;3.4;12.1;7.3;-3.4;-2.1;-4.1;;;;;;;;;;;;;;;;;83.5;131;;;5036;50;;
BAS;01.05.1950 00:00;9.3;20.6;14.7;0.1;-0.2;0.6;;;;;;;;;;;;;;;;;105.9;109;;;12197;110;;
BAS;01.06.1950 00:00;13.2;25.5;19.1;0.9;0.1;1.8;;;;;;;;;;;;;;;;;44;51;;;16560;130;;
BAS;01.07.1950 00:00;15.2;26.8;20.7;0.5;0.3;1;;;;;;;;;;;;;;;;;83.9;94;;;16784;119;;
BAS;01.08.1950 00:00;14.3;24.6;18.2;-1.5;-0.5;-0.7;;;;;;;;;;;;;;;;;148.3;168;;;11502;89;;
BAS;01.09.1950 00:00;10.7;18.9;13.9;-1.5;-0.3;-1.8;;;;;;;;;;;;;;;;;93.8;134;;;6126;64;;
BAS;01.10.1950 00:00;5.8;14.1;9;-2.1;-1.8;-1.3;;;;;;;;;;;;;;;;;27.1;36;;;6545;102;;
BAS;01.11.1950 00:00;2.6;8.6;5.7;-0.3;-0.6;-0.6;;;;;;;;;;;;;;;;;220.2;339;;;1672;43;;
BAS;01.12.1950 00:00;-3.9;1.2;-1.1;-4;-4.3;-4.5;;;;;;;;;;;;;;;;;36.4;56;;;1834;56;;
BAS;01.01.1951 00:00;0.3;5;2.9;0.7;0.8;-0.1;;;;;;;;;;;;;;;;;34;71;;;2739;71;;
BAS;01.02.1951 00:00;0.9;7;3.8;0.6;1;-0.1;;;;;;;;;;;;;;;;;57;126;;;3668;72;;
BAS;01.03.1951 00:00;0.7;9.2;4.9;-2.1;-1.9;-2.6;;;;;;;;;;;;;;;;;70.4;142;;;4578;57;;
BAS;01.04.1951 00:00;3.9;14.8;9.1;-1.6;-1.6;-1.4;;;;;;;;;;;;;;;;;64.1;101;;;9689;96;;
BAS;01.05.1951 00:00;8;17.7;12.1;-2.5;-1.5;-2.3;;;;;;;;;;;;;;;;;85.7;88;;;8146;73;;
BAS;01.06.1951 00:00;11.9;21.5;15.9;-2.3;-1.2;-2.2;;;;;;;;;;;;;;;;;75.6;87;;;8753;69;;
BAS;01.07.1951 00:00;12.9;24.1;17.9;-2.3;-2;-1.7;;;;;;;;;;;;;;;;;205.4;231;;;14267;101;;
BAS;01.08.1951 00:00;13.5;22.5;17;-2.7;-1.3;-2.8;;;;;;;;;;;;;;;;;110.8;125;;;9251;71;;
BAS;01.09.1951 00:00;11.6;20.7;15.1;-0.3;0.6;0;;;;;;;;;;;;;;;;;65.2;93;;;8571;89;;
BAS;01.10.1951 00:00;5.3;13.1;8.3;-2.8;-2.3;-2.3;;;;;;;;;;;;;;;;;57.8;78;;;5773;90;;
BAS;01.11.1951 00:00;3.7;10.3;6.9;0.9;0.5;1.1;;;;;;;;;;;;;;;;;85.3;131;;;2924;74;;
BAS;01.12.1951 00:00;-1.5;4.8;1.8;-1.1;-1.9;-0.9;;;;;;;;;;;;;;;;;39.1;60;;;6386;196;;
BAS;01.01.1952 00:00;-2.5;3.8;1;-1.2;-2;-1.3;;;;;;;;;;;;;;;;;46.4;97;;;3362;87;;
BAS;01.02.1952 00:00;-3.1;3.5;0.1;-3.1;-3;-3.6;;;;;;;;;;;;;;;;;48.6;108;;;3832;75;;
BAS;01.03.1952 00:00;3;11.3;6.9;-0.1;0.4;-0.5;;;;;;;;;;;;;;;;;97.1;196;;;4866;60;;
BAS;01.04.1952 00:00;5.3;17.4;11;0.3;-0.2;1.2;;;;;;;;;;;;;;;;;109.7;173;;;10122;101;;
BAS;01.05.1952 00:00;8.7;20.3;14.3;-0.3;-0.8;0.3;;;;;;;;;;;;;;;;;47.5;49;;;12737;114;;
BAS;01.06.1952 00:00;12.4;24;17.8;-0.4;-0.7;0.3;;;;;;;;;;;;;;;;;60.5;70;;;14168;111;;
BAS;01.07.1952 00:00;14.7;27.9;21.3;1.1;-0.2;2.1;;;;;;;;;;;;;;;;;26.2;29;;;17491;124;;
BAS;01.08.1952 00:00;14.4;26.3;19.3;-0.4;-0.4;1;;;;;;;;;;;;;;;;;78.3;89;;;12255;94;;
BAS;01.09.1952 00:00;8.9;16.5;11.5;-3.9;-2.1;-4.2;;;;;;;;;;;;;;;;;86.7;124;;;5400;56;;
BAS;01.10.1952 00:00;5.8;13.2;8.5;-2.6;-1.8;-2.2;;;;;;;;;;;;;;;;;117;157;;;4035;63;;
BAS;01.11.1952 00:00;1.3;6.7;3.8;-2.2;-1.9;-2.5;;;;;;;;;;;;;;;;;105.6;163;;;2248;57;;
BAS;01.12.1952 00:00;-1;3;1.3;-1.6;-1.4;-2.7;;;;;;;;;;;;;;;;;97.2;150;;;1755;54;;
BAS;01.01.1953 00:00;-4.6;0.4;-1.8;-4;-4.1;-4.7;;;;;;;;;;;;;;;;;17.8;37;;;3011;78;;
BAS;01.02.1953 00:00;-1.9;4.4;1.1;-2.1;-1.8;-2.7;;;;;;;;;;;;;;;;;13.9;31;;;4084;80;;
BAS;01.03.1953 00:00;0.3;14;6.3;-0.7;-2.3;2.2;;;;;;;;;;;;;;;;;6.7;14;;;13301;165;;
BAS;01.04.1953 00:00;4.9;16.8;10.5;-0.2;-0.6;0.6;;;;;;;;;;;;;;;;;36.7;58;;;10300;103;;
BAS;01.05.1953 00:00;8.1;21.8;14.9;0.3;-1.4;1.8;;;;;;;;;;;;;;;;;28.8;30;;;13096;118;;
BAS;01.06.1953 00:00;11.6;20.9;15.5;-2.7;-1.5;-2.8;;;;;;;;;;;;;;;;;137;158;;;7988;63;;
BAS;01.07.1953 00:00;13.8;23.8;18.2;-2;-1.1;-2;;;;;;;;;;;;;;;;;89.7;101;;;12093;86;;
BAS;01.08.1953 00:00;12.9;24.8;17.9;-1.8;-1.9;-0.5;;;;;;;;;;;;;;;;;21.4;24;;;15971;123;;
BAS;01.09.1953 00:00;10.8;20.7;14.9;-0.5;-0.2;0;;;;;;;;;;;;;;;;;92.7;132;;;9264;96;;
BAS;01.10.1953 00:00;7.5;15.5;10.6;-0.5;-0.1;0.1;;;;;;;;;;;;;;;;;24.6;33;;;6371;99;;
BAS;01.11.1953 00:00;0.5;7.8;4;-2;-2.7;-1.4;;;;;;;;;;;;;;;;;12.8;20;;;6346;162;;
BAS;01.12.1953 00:00;0.8;5.4;3.2;0.3;0.4;-0.3;;;;;;;;;;;;;;;;;16.8;26;;;2824;87;;
BAS;01.01.1954 00:00;-3.8;0.6;-1.3;-3.5;-3.3;-4.5;;;;;;;;;;;;;;;;;46;96;;;2444;63;;
BAS;01.02.1954 00:00;-4.5;2.7;-0.8;-4;-4.4;-4.4;;;;;;;;;;;;;;;;;38.2;85;;;4221;83;;
BAS;01.03.1954 00:00;1.6;12.4;6.6;-0.4;-1;0.6;;;;;;;;;;;;;;;;;24.2;49;;;7796;97;;
BAS;01.04.1954 00:00;2.4;11.7;7.1;-3.6;-3.1;-4.5;;;;;;;;;;;;;;;;;64.8;102;;;7068;70;;
BAS;01.05.1954 00:00;7.3;18.3;12.5;-2.1;-2.2;-1.7;;;;;;;;;;;;;;;;;67.6;69;;;11485;103;;
BAS;01.06.1954 00:00;12.3;21.6;16.5;-1.7;-0.8;-2.1;;;;;;;;;;;;;;;;;77.2;89;;;10589;83;;
BAS;01.07.1954 00:00;12.3;20.9;16;-4.2;-2.6;-4.9;;;;;;;;;;;;;;;;;59.5;67;;;9695;69;;
BAS;01.08.1954 00:00;12.6;21.2;16.1;-3.6;-2.2;-4.1;;;;;;;;;;;;;;;;;203.6;231;;;9245;71;;
BAS;01.09.1954 00:00;11.2;20;14.7;-0.7;0.2;-0.7;;;;;;;;;;;;;;;;;115.3;164;;;8083;84;;
BAS;01.10.1954 00:00;5.9;16.1;10;-1.1;-1.7;0.7;;;;;;;;;;;;;;;;;39.2;53;;;8147;127;;
BAS;01.11.1954 00:00;2.7;9.2;5.9;-0.1;-0.5;0;;;;;;;;;;;;;;;;;60.6;93;;;3827;97;;
BAS;01.12.1954 00:00;1.5;6.8;4.3;1.4;1.1;1.1;;;;;;;;;;;;;;;;;80.2;123;;;3640;112;;
BAS;01.01.1955 00:00;-1.7;4;1.3;-0.9;-1.2;-1.1;;;;;;;;;;;;;;;;;87.6;183;;;3145;81;;
BAS;01.02.1955 00:00;-1;4.7;2;-1.2;-0.9;-2.4;;;;;;;;;;;;;;;;;74.1;164;;;3108;61;;
BAS;01.03.1955 00:00;-0.9;8.3;3.5;-3.5;-3.5;-3.5;;;;;;;;;;;;;;;;;47.2;95;;;8534;106;;
BAS;01.04.1955 00:00;3.1;15.5;9.3;-1.4;-2.4;-0.7;;;;;;;;;;;;;;;;;18.2;29;;;12032;120;;
BAS;01.05.1955 00:00;7.1;18.5;12.1;-2.5;-2.4;-1.5;;;;;;;;;;;;;;;;;79.8;82;;;12241;110;;
BAS;01.06.1955 00:00;11.8;21.8;16.1;-2.1;-1.3;-1.9;;;;;;;;;;;;;;;;;120.5;139;;;10457;82;;
BAS;01.07.1955 00:00;14.7;23.5;18.1;-2.1;-0.2;-2.3;;;;;;;;;;;;;;;;;115.2;130;;;8858;63;;
BAS;01.08.1955 00:00;12.7;23.2;16.9;-2.8;-2.1;-2.1;;;;;;;;;;;;;;;;;174.7;198;;;11554;89;;
BAS;01.09.1955 00:00;10.8;19.7;13.9;-1.5;-0.2;-1;;;;;;;;;;;;;;;;;56.6;81;;;8577;89;;
BAS;01.10.1955 00:00;4.5;12.9;7.8;-3.3;-3.1;-2.5;;;;;;;;;;;;;;;;;24.9;33;;;7396;115;;
BAS;01.11.1955 00:00;0.4;7;3.6;-2.4;-2.8;-2.2;;;;;;;;;;;;;;;;;11.8;18;;;4170;106;;
BAS;01.12.1955 00:00;2;7.3;4.9;2;1.6;1.6;;;;;;;;;;;;;;;;;81.5;125;;;2498;77;;
BAS;01.01.1956 00:00;-0.1;5.8;2.9;0.7;0.4;0.7;;;;;;;;;;;;;;;;;48.9;102;;;3401;88;;
BAS;01.02.1956 00:00;-14;-4.5;-9;-12.2;-13.9;-11.6;;;;;;;;;;;;;;;;;14.2;31;;;4205;82;;
BAS;01.03.1956 00:00;0.9;9.6;5.1;-1.9;-1.7;-2.2;;;;;;;;;;;;;;;;;7.5;15;;;7774;96;;
BAS;01.04.1956 00:00;2.7;12.4;7.3;-3.4;-2.8;-3.8;;;;;;;;;;;;;;;;;85;134;;;8367;83;;
BAS;01.05.1956 00:00;8.4;19.3;13.4;-1.2;-1.1;-0.7;;;;;;;;;;;;;;;;;101.5;104;;;12357;111;;
BAS;01.06.1956 00:00;10.6;19;14;-4.2;-2.5;-4.7;;;;;;;;;;;;;;;;;59.1;68;;;8626;68;;
BAS;01.07.1956 00:00;13.2;22.5;17.1;-3.1;-1.7;-3.3;;;;;;;;;;;;;;;;;210.5;237;;;12172;86;;
BAS;01.08.1956 00:00;12;20;15.2;-4.5;-2.8;-5.3;;;;;;;;;;;;;;;;;149.2;169;;;9758;75;;
BAS;01.09.1956 00:00;11.7;20.8;14.9;-0.5;0.7;0.1;;;;;;;;;;;;;;;;;50.5;72;;;9636;100;;
BAS;01.10.1956 00:00;5.6;12.8;8.3;-2.8;-2;-2.6;;;;;;;;;;;;;;;;;79.3;107;;;5160;80;;
BAS;01.11.1956 00:00;0.6;5.3;2.9;-3.1;-2.6;-3.9;;;;;;;;;;;;;;;;;25;39;;;2946;75;;
BAS;01.12.1956 00:00;-0.2;4.4;2.4;-0.5;-0.6;-1.3;;;;;;;;;;;;;;;;;18.7;29;;;3736;115;;
BAS;01.01.1957 00:00;-3.6;2.3;-0.3;-2.5;-3.1;-2.8;;;;;;;;;;;;;;;;;16.9;35;;;6112;158;;
BAS;01.02.1957 00:00;2.5;8.9;5.6;2.4;2.6;1.8;;;;;;;;;;;;;;;;;70.4;156;;;4430;87;;
BAS;01.03.1957 00:00;4.2;14.7;9.2;2.2;1.6;2.9;;;;;;;;;;;;;;;;;32.6;66;;;9894;122;;
BAS;01.04.1957 00:00;4;14.6;9.1;-1.6;-1.5;-1.6;;;;;;;;;;;;;;;;;23.6;37;;;9128;91;;
BAS;01.05.1957 00:00;5.9;16.1;10.8;-3.8;-3.6;-3.9;;;;;;;;;;;;;;;;;38.9;40;;;9950;89;;
BAS;01.06.1957 00:00;12.3;22.6;16.8;-1.4;-0.8;-1.1;;;;;;;;;;;;;;;;;133.8;155;;;11403;90;;
BAS;01.07.1957 00:00;14.2;23.9;18.3;-1.9;-0.7;-1.9;;;;;;;;;;;;;;;;;98.3;111;;;11346;81;;
BAS;01.08.1957 00:00;12.6;21.2;16.1;-3.6;-2.2;-4.1;;;;;;;;;;;;;;;;;89;101;;;11263;87;;
BAS;01.09.1957 00:00;10.2;19.1;13.6;-1.8;-0.8;-1.6;;;;;;;;;;;;;;;;;74.4;106;;;8266;86;;
BAS;01.10.1957 00:00;4.5;15.5;8.8;-2.3;-3.1;0.1;;;;;;;;;;;;;;;;;33.6;45;;;9499;148;;
BAS;01.11.1957 00:00;2.1;6.6;4.4;-1.6;-1.1;-2.6;;;;;;;;;;;;;;;;;41.7;64;;;2547;65;;
BAS;01.12.1957 00:00;-1.8;3;1;-1.9;-2.2;-2.7;;;;;;;;;;;;;;;;;49.4;76;;;4135;127;;
BAS;01.01.1958 00:00;-1.7;3.8;1.5;-0.7;-1.2;-1.3;;;;;;;;;;;;;;;;;55.7;117;;;3251;84;;
BAS;01.02.1958 00:00;1.1;8.8;5;1.8;1.2;1.7;;;;;;;;;;;;;;;;;76.1;168;;;4424;86;;
BAS;01.03.1958 00:00;-1.8;6.7;2.5;-4.5;-4.4;-5.1;;;;;;;;;;;;;;;;;26.8;54;;;7408;92;;
BAS;01.04.1958 00:00;2;11.1;6.5;-4.2;-3.5;-5.1;;;;;;;;;;;;;;;;;45.6;72;;;7840;78;;
BAS;01.05.1958 00:00;10;20.7;15;0.4;0.5;0.7;;;;;;;;;;;;;;;;;83.9;86;;;10160;91;;
BAS;01.06.1958 00:00;10.7;20.9;15.6;-2.6;-2.4;-2.8;;;;;;;;;;;;;;;;;89;103;;;11897;94;;
BAS;01.07.1958 00:00;13.9;24;18.3;-1.9;-1;-1.8;;;;;;;;;;;;;;;;;62.3;70;;;12234;87;;
BAS;01.08.1958 00:00;14.1;24.2;18.2;-1.5;-0.7;-1.1;;;;;;;;;;;;;;;;;112;127;;;12597;97;;
BAS;01.09.1958 00:00;11.8;21.6;16;0.6;0.8;0.9;;;;;;;;;;;;;;;;;45.9;65;;;10234;107;;
BAS;01.10.1958 00:00;6.2;13.1;9.2;-1.9;-1.4;-2.3;;;;;;;;;;;;;;;;;63.6;85;;;5676;88;;
BAS;01.11.1958 00:00;2.2;6.1;4.5;-1.5;-1;-3.1;;;;;;;;;;;;;;;;;44;68;;;1473;38;;
BAS;01.12.1958 00:00;-0.2;5.9;3.4;0.5;-0.6;0.2;;;;;;;;;;;;;;;;;69.8;107;;;3516;108;;
BAS;01.01.1959 00:00;-2.2;4.4;1.4;-0.8;-1.7;-0.7;24;5.4;0;-0.6;3;0;15.6;977.4;-8.2;-4.4;0;569.7;;;13;;80.5;168;;;4320;112;0;
BAS;01.02.1959 00:00;-1.9;7;1.9;-1.3;-1.8;-0.1;22;5.7;0;-0.2;2;0;16.4;991.6;-5.7;10.9;0;505.5;;;3;;5.5;12;;;8454;165;0;
BAS;01.03.1959 00:00;3.8;13.1;8.1;1.1;1.2;1.3;1;8.7;0;1.8;0;0;19;977.9;-2.5;-1.4;0;352.4;;;10;;90.1;182;;;6104;76;0;
BAS;01.04.1959 00:00;4.4;15.7;10;-0.7;-1.1;-0.5;3;9.1;0;0.7;0;0;24.9;974.7;-2.8;-2.3;0;251.1;;;13;;116.2;183;;;10244;102;0;
BAS;01.05.1959 00:00;8.2;19.7;14;-0.6;-1.3;-0.3;0;12;4;0.5;0;0;25.6;977.4;3.1;-1.1;0;100.5;;;6;;25.3;26;;;12699;114;0;
BAS;01.06.1959 00:00;12.4;22.2;16.8;-1.4;-0.7;-1.5;0;15.2;11;0.8;0;0;28.8;981.3;6.1;1.7;0;16.5;;;14;;115.2;133;;;10809;85;17.6;
BAS;01.07.1959 00:00;14.7;26.8;20.4;0.2;-0.2;1;0;17.3;22;1.6;0;1;33.7;980;11;0.5;7;0;;;5;;17.5;20;;;16216;115;79.2;
BAS;01.08.1959 00:00;12.8;23.6;17.5;-2.2;-2;-1.7;0;16;10;0;0;0;28.4;980.6;4.8;1;0;0;;;8;;68.7;78;;;11793;91;14.9;
BAS;01.09.1959 00:00;9;23;15.3;-0.1;-2;2.3;0;12.9;8;-0.5;0;0;28.6;981.1;3.5;1;0;9.6;;;3;;6.4;9;;;14415;150;1;
BAS;01.10.1959 00:00;5.2;15.5;9.3;-1.8;-2.4;0.1;0;9.9;0;-1;0;0;23.5;981;1.9;1.2;0;310.8;;;10;;89.3;120;;;8375;130;0;
BAS;01.11.1959 00:00;1;6.5;3.8;-2.2;-2.2;-2.7;9;6.9;0;-1;0;0;12.9;977;-3.3;-2.1;0;484.1;;;6;;35.3;54;;;3494;89;0;
BAS;01.12.1959 00:00;1;5.9;4;1.1;0.6;0.2;11;6.6;0;0.2;2;0;13.3;971.5;-3.9;-9.7;0;494.5;;;13;;52.6;81;;;3145;97;0;
BAS;01.01.1960 00:00;-3.3;3.2;0.5;-1.7;-2.8;-1.9;18;5.5;0;-0.5;9;0;10.4;978.5;-19;-3.3;0;603.3;;;12;;46.3;97;;;4503;116;0;
BAS;01.02.1960 00:00;-0.3;6.5;3.2;0;-0.2;-0.6;13;6.1;0;0.2;2;0;16.9;974.3;-8.8;-6.4;0;487.6;;;11;;49.4;109;;;4430;87;0;
BAS;01.03.1960 00:00;2.6;11.3;7.1;0.1;0;-0.5;6;7.4;0;0.5;0;0;19;973.8;-2.7;-5.5;0;391.1;;;8;;49.8;101;;;6387;79;0;
BAS;01.04.1960 00:00;3.7;14.4;8.8;-1.9;-1.8;-1.8;1;8.2;0;-0.2;0;0;23.6;979.7;-1.1;2.7;0;295.3;;;9;;30.8;49;;;8451;84;0;
BAS;01.05.1960 00:00;7.9;20.4;14.4;-0.2;-1.6;0.4;2;11.8;3;0.3;0;0;25.8;979.5;-1.1;1;0;55.5;;;11;;67.9;70;;;12919;116;0.5;
BAS;01.06.1960 00:00;12.2;23;17.5;-0.7;-0.9;-0.7;0;14.3;10;-0.1;0;0;31;981;4.8;1.4;1;16.7;;;10;;74.8;86;;;12574;99;21.9;
BAS;01.07.1960 00:00;11.6;21.2;16;-4.2;-3.3;-4.6;0;12;3;-3.7;0;0;27.9;979.3;5.8;-0.2;0;0;;;11;;73.9;83;;;10785;77;3.9;
BAS;01.08.1960 00:00;13.4;22.6;16.9;-2.8;-1.4;-2.7;0;13.8;7;-2.2;0;0;30.2;977.8;9.4;-1.8;1;0;;;14;;149.6;169;;;10477;81;19.7;
BAS;01.09.1960 00:00;9;17.3;12.5;-2.9;-2;-3.4;0;12.2;0;-1.2;0;0;24.7;978.4;3.6;-1.7;0;131.5;;;9;;73.7;105;;;6969;73;0;
BAS;01.10.1960 00:00;6;13.5;9.3;-1.8;-1.6;-1.9;1;9.6;0;-1.3;0;0;21.6;971.8;-1;-8;0;284.7;;;15;;79.7;107;;;4541;71;0;
BAS;01.11.1960 00:00;3.7;10.6;7.2;1.2;0.5;1.4;3;7.8;0;-0.1;0;0;18;975.9;-2.6;-3.2;0;371.1;;;14;;63.8;98;;;3422;87;0;
BAS;01.12.1960 00:00;-1.1;3.1;1.6;-1.3;-1.5;-2.6;24;5.6;0;-0.8;7;0;15;973.5;-6.9;-7.7;0;567.8;;;8;;37.1;57;;;2318;71;0;
BAS;01.01.1961 00:00;-0.8;3.5;1.6;-0.6;-0.3;-1.6;16;5.6;0;-0.4;4;0;13.5;978.2;-5.7;-3.6;0;569.2;;;15;;62;130;;;2438;63;0;321.2
BAS;01.02.1961 00:00;2.9;11;6.4;3.2;3;3.9;2;7.4;0;1.5;0;0;19.4;986;-0.2;5.3;0;374;;;9;;44.6;99;;;6069;119;0;158
BAS;01.03.1961 00:00;2.5;13.6;7.3;0.3;-0.1;1.8;6;7.1;0;0.2;0;0;22.5;987.2;-2.4;7.9;0;384.9;;;4;;8.8;18;;;11653;144;0;144.9
BAS;01.04.1961 00:00;7.7;17.4;11.8;1.1;2.2;1.2;0;10.5;2;2.1;0;0;25.3;973.8;3.5;-3.2;0;179.5;;;18;;97.6;154;;;7185;72;0;27.5
BAS;01.05.1961 00:00;8;17.1;12.1;-2.5;-1.5;-2.9;0;10.7;1;-0.8;0;0;25.7;977.8;1.4;-0.7;0;149.5;;;15;;81;83;;;9437;85;0;37.5
BAS;01.06.1961 00:00;12.1;22.3;16.8;-1.4;-1;-1.4;0;14.6;10;0.2;0;0;31.3;979.8;7.9;0.2;2;34.1;;;10;;72.2;83;;;11980;94;24.4;2.1
BAS;01.07.1961 00:00;12.4;22.8;17.1;-3.1;-2.5;-3;0;13.9;8;-1.8;0;0;31.2;979.8;6.8;0.3;3;0;;;10;;88.7;100;;;14335;102;25.8;0
BAS;01.08.1961 00:00;13;23.2;17;-2.7;-1.8;-2.1;0;15;9;-1;0;0;31.3;982.1;8.6;2.5;3;0;;;9;;85.2;96;;;13874;107;22.8;0
BAS;01.09.1961 00:00;13.8;24.7;18.1;2.7;2.8;4;0;16.7;17;3.3;0;0;30.9;980.8;6.7;0.7;2;8;;;8;;34.2;49;;;12103;126;28.2;0
BAS;01.10.1961 00:00;8;16;11.1;0;0.4;0.6;0;11.4;0;0.5;0;0;23.6;977.8;0.5;-2;0;194.1;;;11;;69.2;93;;;7039;110;0;58.1
BAS;01.11.1961 00:00;1.6;7.1;4.1;-1.9;-1.6;-2.1;8;7;0;-0.9;0;0;13.5;974.8;-3.5;-4.3;0;474.7;;;8;;29.6;46;;;3417;87;0;234.7
BAS;01.12.1961 00:00;-0.5;4.9;2.3;-0.6;-0.9;-0.8;17;6.1;0;-0.3;10;0;18.7;977;-12;-4.2;0;528.2;;;11;;59.1;91;;;3680;113;0;304.2
BAS;01.01.1962 00:00;0.1;5.3;2.8;0.6;0.6;0.2;14;6.3;0;0.3;6;0;13.4;981.2;-8;-0.6;0;533.2;;;11;;79.8;167;;;2555;66;0;285.2
BAS;01.02.1962 00:00;-2;4.4;1.5;-1.7;-1.9;-2.7;20;4.9;0;-1;1;0;9.3;982.6;-9.2;1.9;0;518.2;;;10;;42.2;93;;;3876;76;0;294.2
BAS;01.03.1962 00:00;-1.5;6.3;2.6;-4.4;-4.1;-5.5;20;5.1;0;-1.8;1;0;16.3;971.8;-7.7;-7.5;0;532.8;;;14;;80.8;163;;;6709;83;0;292.8
BAS;01.04.1962 00:00;4.8;14.6;9.4;-1.3;-0.7;-1.6;0;8;2;-0.4;0;0;25.3;977.4;0.3;0.4;0;276.6;;;10;;40.1;63;;;10144;101;0;108.6
BAS;01.05.1962 00:00;7.3;16.7;11.5;-3.1;-2.2;-3.3;1;9.3;2;-2.2;0;0;26.2;978.5;-1.8;0;0;189.1;;;15;;91.5;94;;;8273;74;2.3;45.1
BAS;01.06.1962 00:00;10;21.7;16.1;-2.1;-3.1;-2;0;11.8;11;-2.6;0;0;29.5;983.2;1.6;3.6;0;38.1;;;6;;50.2;58;;;15444;121;25.4;14.1
BAS;01.07.1962 00:00;12.1;23.1;17.2;-3;-2.8;-2.7;0;13.1;9;-2.6;0;0;32.2;979.7;6.2;0.2;3;26.9;;;11;;49.1;55;;;12223;87;27.7;2.9
BAS;01.08.1962 00:00;13.1;25.7;18.8;-0.9;-1.7;0.4;0;14;15;-2;0;0;34.5;981;8.8;1.4;4;0;;;5;;37.3;42;;;17425;134;45.4;0
BAS;01.09.1962 00:00;10.2;20.2;14.4;-1;-0.8;-0.5;0;11.5;7;-1.9;0;0;32.6;979.8;2.8;-0.3;1;92.1;;;6;;49.6;71;;;10162;106;11.1;20.1
BAS;01.10.1962 00:00;5.7;14.8;9.1;-2;-1.9;-0.6;2;9.6;2;-1.3;0;0;26.1;982.6;-0.9;2.8;0;309.8;;;3;;13;17;;;7674;119;0;109.8
BAS;01.11.1962 00:00;-0.7;5.5;2.4;-3.6;-3.9;-3.7;17;6;0;-1.9;1;0;14.7;975;-6.1;-4.1;0;527;;;5;;26.3;41;;;3240;83;0;287
BAS;01.12.1962 00:00;-5.4;0.8;-2.2;-5.1;-5.8;-4.9;22;4.3;0;-2.1;13;0;10.6;977.5;-16;-3.7;0;685.8;;;9;;53.9;83;;;3972;122;0;437.8
BAS;01.01.1963 00:00;-9;-2.6;-5.5;-7.7;-8.5;-7.7;29;3.3;0;-2.7;23;0;8.4;979.2;-19;-2.6;0;791.1;;;7;;39.1;82;;;3718;96;0;543.1
BAS;01.02.1963 00:00;-7.6;-0.2;-3.8;-7;-7.5;-7.3;26;3.7;0;-2.2;12;0;8.1;971;-19.4;-9.7;0;667;;;7;;43.6;96;;;5192;102;0;443
BAS;01.03.1963 00:00;0.6;9.5;5;-2;-2;-2.3;10;6.9;0;0;0;0;14.6;977.5;-10.4;-1.8;0;464.9;;;13;;48.2;97;;;7230;90;0;216.9
BAS;01.04.1963 00:00;5.9;15.1;10.6;-0.1;0.4;-1.1;2;9.2;0;0.8;0;0;22.8;974.8;-0.7;-2.2;0;193.5;;;8;;62.6;99;;;6541;65;0;57.5
BAS;01.05.1963 00:00;7.9;17.5;12.6;-2;-1.6;-2.5;0;10.8;1;-0.7;0;0;25.1;978.7;1.8;0.2;0;153.8;;;9;;41.2;42;;;9674;87;1.3;33.8
BAS;01.06.1963 00:00;12.3;21.5;16.3;-1.9;-0.8;-2.2;0;13.8;4;-0.6;0;0;30;976.8;8.7;-2.8;1;0;;;16;;133.6;154;;;8819;69;11.7;0
BAS;01.07.1963 00:00;14;25;19.1;-1.1;-0.9;-0.8;0;15.4;17;-0.3;0;0;30.4;980.9;9.2;1.4;2;0;;;5;;51.7;58;;;15598;111;43.7;0
BAS;01.08.1963 00:00;13.1;21.1;16.4;-3.3;-1.7;-4.2;0;14.1;7;-1.9;0;0;30.9;976.5;7.4;-3.1;1;24.3;;;20;;142;161;;;9188;71;15.8;0.3
BAS;01.09.1963 00:00;11.6;20;15.3;-0.1;0.6;-0.7;0;14.1;1;0.7;0;0;26.8;980.7;4.1;0.6;0;35.3;;;9;;37.7;54;;;7257;76;2.5;3.3
BAS;01.10.1963 00:00;5.5;14.3;9.4;-1.7;-2.1;-1.1;1;10;0;-0.9;0;0;21.5;983.4;-1.8;3.6;0;293.5;;;4;;23.6;32;;;6143;96;0;85.5
BAS;01.11.1963 00:00;5;12.7;8.8;2.8;1.8;3.5;0;9.2;0;1.3;0;0;20.1;972.9;0.3;-6.2;0;311.5;;;15;;113.6;175;;;4342;111;0;103.5
BAS;01.12.1963 00:00;-4.3;0.2;-1.7;-4.6;-4.7;-5.5;26;4.4;0;-2;13;0;9.1;979.6;-12;-1.6;0;669.5;;;2;;5.6;9;;;3635;112;0;421.5
BAS;01.01.1964 00:00;-4.4;0.4;-1.5;-3.7;-3.9;-4.7;30;4.4;0;-1.6;13;0;4.9;991;-9.7;9.2;0;667.3;;;3;;5.7;12;;;4269;110;0;419.3
BAS;01.02.1964 00:00;0.1;7.1;3.7;0.5;0.2;0;13;6.3;0;0.4;0;0;18.8;979.1;-6.8;-1.6;0;474.1;;;8;;25.1;56;;;4879;95;0;242.1
BAS;01.03.1964 00:00;0.9;6.6;3.8;-3.2;-1.7;-5.2;12;6.6;0;-0.3;4;0;15.5;973.6;-6.7;-5.7;0;502.1;;;16;;102.2;206;;;2680;33;0;254.1
BAS;01.04.1964 00:00;5.8;15.7;10.7;0;0.3;-0.5;0;9.2;0;0.8;0;0;23.9;977.3;0.7;0.3;0;223.6;;;8;;55.6;88;;;8245;82;0;63.6
BAS;01.05.1964 00:00;9.7;20.8;15.2;0.6;0.2;0.8;0;12.8;5;1.3;0;0;27.6;980.5;3.9;2;0;17.5;;;10;;81.2;83;;;11838;106;3.6;1.5
BAS;01.06.1964 00:00;12.5;23.6;17.5;-0.7;-0.6;-0.1;0;14.1;11;-0.3;0;0;30.7;979.4;7.8;-0.2;2;0;;;9;;93.9;108;;;13800;109;22.9;0
BAS;01.07.1964 00:00;13.8;27.1;20.2;0;-1.1;1.3;0;15;20;-0.7;0;0;34.3;981.3;7.2;1.8;11;0;;;6;;45.4;51;;;18480;131;78.6;0
BAS;01.08.1964 00:00;12.9;23.7;17.4;-2.3;-1.9;-1.6;0;14.1;13;-1.9;0;0;32.1;979.3;6.2;-0.3;5;0;;;9;;81.1;92;;;12318;95;31.2;0
BAS;01.09.1964 00:00;10.9;21;15.2;-0.2;-0.1;0.3;0;14.3;7;0.9;0;0;28.9;982.9;2.7;2.8;0;39.3;;;7;;49.2;70;;;10229;106;8.3;7.3
BAS;01.10.1964 00:00;5.7;12.7;8.7;-2.4;-1.9;-2.7;2;9.6;0;-1.3;0;0;22.3;978.7;-1.7;-1.1;0;310.5;;;8;;58.3;78;;;3405;53;0;118.5
BAS;01.11.1964 00:00;3.5;8.3;6.1;0.1;0.3;-0.9;5;8.2;0;0.3;0;0;15.4;982.1;-2.5;3;0;402.6;;;10;;42.1;65;;;2276;58;0;178.6
BAS;01.12.1964 00:00;-2;2.7;0.8;-2.1;-2.4;-3;20;5.6;0;-0.8;4;0;7.3;977.3;-15.4;-3.9;0;592.2;;;6;;23.4;36;;;2988;92;0;344.2
BAS;01.01.1965 00:00;-0.6;4.3;2.5;0.3;-0.1;-0.8;22;6.3;0;0.3;1;0;12.7;975.1;-7.7;-6.7;0;542.6;;;14;;59.1;124;;;2355;61;0;294.6
BAS;01.02.1965 00:00;-4.1;2;-0.7;-3.9;-4;-5.1;25;4.7;0;-1.2;6;0;5.8;983.2;-10.1;2.5;0;578.5;;;5;;13.4;30;;;5186;101;0;354.5
BAS;01.03.1965 00:00;1.1;9.8;5.6;-1.4;-1.5;-2;13;7.4;0;0.5;3;0;17.9;978.4;-13.4;-0.9;0;438.2;;;12;;82;166;;;6625;82;0;198.2
BAS;01.04.1965 00:00;4;12.8;8.3;-2.4;-1.5;-3.4;1;7.9;0;-0.5;0;0;20.4;975.1;-0.3;-1.9;0;327.6;;;19;;82;129;;;6091;61;0;111.6
BAS;01.05.1965 00:00;8.3;17.3;12.6;-2;-1.2;-2.7;0;10.6;2;-0.9;0;0;27.5;978.1;2.2;-0.4;0;137.5;;;15;;127.1;130;;;8620;77;0;25.5
BAS;01.06.1965 00:00;12.6;22.1;16.8;-1.4;-0.5;-1.6;0;14.2;11;-0.2;0;0;31.2;979;3.8;-0.6;2;44.8;;;11;;77.4;89;;;10666;84;32.2;4.8
BAS;01.07.1965 00:00;13;21.8;16.6;-3.6;-1.9;-4;0;14;5;-1.7;0;0;31.9;978.2;8.6;-1.3;1;9;;;13;;98.6;111;;;8807;62;14.4;1
BAS;01.08.1965 00:00;12.9;22.2;16.7;-3;-1.9;-3.1;0;14.1;9;-1.9;0;0;29.7;979.2;8.7;-0.4;0;8.5;;;10;;135;153;;;11189;86;15.7;0.5
BAS;01.09.1965 00:00;9.7;17.6;12.9;-2.5;-1.3;-3.1;0;11.8;2;-1.6;0;0;25.4;976.1;5.1;-4;0;111.3;;;15;;126.5;180;;;6609;69;0;15.3
BAS;01.10.1965 00:00;6.2;13.8;9.2;-1.9;-1.4;-1.6;0;9.8;0;-1.1;0;0;20.7;983.2;0;3.4;0;293.1;;;3;;19.3;26;;;6941;108;0;93.1
BAS;01.11.1965 00:00;1.6;7.5;4.4;-1.6;-1.6;-1.7;8;7.2;0;-0.7;2;0;18.4;972.2;-9.4;-6.9;0;466.5;;;18;;101.2;156;;;2248;57;0;226.5
BAS;01.12.1965 00:00;1.6;7.2;4.9;2;1.2;1.5;10;6.9;0;0.5;0;0;13.8;972.1;-3.6;-9.1;0;459.9;;;19;;84.1;129;;;1755;54;0;219.9
BAS;01.01.1966 00:00;-5.1;1.4;-1.6;-3.8;-4.6;-3.7;20;4.7;0;-1.3;12;0;12.6;976.1;-21.7;-5.7;0;670.6;;;11;;48.6;102;;;3601;93;0;422.6
BAS;01.02.1966 00:00;3.2;10.7;6.8;3.6;3.3;3.6;2;7.9;0;2;0;0;16.3;971.1;-1.2;-9.6;0;370.4;;;8;;58.6;130;;;3388;66;0;146.4
BAS;01.03.1966 00:00;0.8;9.2;4.8;-2.2;-1.8;-2.6;11;6.1;0;-0.8;0;0;14.5;982;-2.9;2.7;0;470.5;;;11;;53.5;108;;;7885;98;0;222.5
BAS;01.04.1966 00:00;6.6;16;11;0.3;1.1;-0.2;0;9.4;0;1;0;0;22.7;974.1;0;-2.9;0;210.7;;;15;;93;146;;;6824;68;0;42.7
BAS;01.05.1966 00:00;8.7;19.8;14;-0.6;-0.8;-0.2;0;10.9;6;-0.6;0;0;27;979.9;2.4;1.4;0;93.7;;;8;;96.6;99;;;12003;108;3.1;21.7
BAS;01.06.1966 00:00;12.2;23;17.5;-0.7;-0.9;-0.7;0;14.1;11;-0.3;0;0;29.8;979.4;4.8;-0.2;0;9;;;9;;61.7;71;;;12777;100;30;1
BAS;01.07.1966 00:00;11.9;21.3;16.3;-3.9;-3;-4.5;0;14.2;5;-1.5;0;0;29.6;977.9;8.7;-1.6;0;9.1;;;12;;93.9;106;;;9847;70;12.3;1.1
BAS;01.08.1966 00:00;12;21.1;16.1;-3.6;-2.8;-4.2;0;14.7;5;-1.3;0;0;33;978.6;4.5;-1;2;27;;;16;;153;173;;;8704;67;19.3;3
BAS;01.09.1966 00:00;11;20.5;15.1;-0.3;0;-0.2;0;14.2;5;0.8;0;0;29.3;980.9;5.8;0.8;0;61.5;;;5;;45.9;65;;;8876;92;6.1;5.5
BAS;01.10.1966 00:00;9.6;16.8;12.2;1.1;2;1.4;1;12.6;3;1.7;0;0;27.2;972.8;-1.5;-7;0;145.5;;;11;;67.2;90;;;5790;90;0;49.5
BAS;01.11.1966 00:00;-0.1;5.6;2.4;-3.6;-3.3;-3.6;12;6.2;0;-1.7;2;0;15.1;976.8;-4.4;-2.3;0;525.7;;;12;;50.1;77;;;2154;55;0;285.7
BAS;01.12.1966 00:00;0.5;6.1;3.6;0.7;0.1;0.4;14;6.3;0;-0.1;1;0;14.3;976.1;-3.8;-5.1;0;507.4;;;16;;67.4;104;;;1800;55;0;259.4
BAS;01.01.1967 00:00;-1.1;3.9;1.7;-0.5;-0.6;-1.2;16;5.8;0;-0.2;8;0;13.2;982.3;-13.4;0.5;0;568.9;;;8;;30.3;63;;;3446;89;0;320.9
BAS;01.02.1967 00:00;0.2;8.3;4;0.8;0.3;1.2;13;6.3;0;0.4;1;0;16.2;980.9;-7.1;0.2;0;448.5;;;8;;47.3;105;;;5559;109;0;224.5
BAS;01.03.1967 00:00;2.9;11.4;6.9;-0.1;0.3;-0.4;3;7;0;0.1;0;0;17.2;982.1;-2.1;2.8;0;394.9;;;11;;55.3;112;;;6420;79;0;154.9
BAS;01.04.1967 00:00;2.5;13.4;8.1;-2.6;-3;-2.8;8;6.8;0;-1.6;0;0;21.2;977.2;-2.4;0.2;0;328.2;;;5;;15.6;25;;;10261;102;0;120.2
BAS;01.05.1967 00:00;8;18.9;13.1;-1.5;-1.5;-1.1;1;10.7;6;-0.8;0;0;29.5;976.6;-0.1;-1.9;0;125.8;;;15;;129.8;133;;;10304;93;5.5;29.8
BAS;01.06.1967 00:00;10.2;21;15.5;-2.7;-2.9;-2.7;0;13.5;7;-0.9;0;0;32.6;982.2;5.3;2.6;3;76.7;;;7;;102.4;118;;;11568;91;21.3;12.7
BAS;01.07.1967 00:00;14.3;26;19.8;-0.4;-0.6;0.2;0;17.6;20;1.9;0;0;32;981.5;7.4;2;3;0;;;9;;55.1;62;;;15323;109;60;0
BAS;01.08.1967 00:00;12.8;23.3;17.3;-2.4;-2;-2;0;14.9;10;-1.1;0;0;30.8;979.8;7.8;0.2;2;0;;;10;;89.8;102;;;10841;83;17.7;0
BAS;01.09.1967 00:00;10.3;19.6;14.4;-1;-0.7;-1.1;0;12.8;6;-0.6;0;0;28.6;978.3;5.4;-1.8;0;98.5;;;15;;84.6;121;;;8028;84;5.2;10.5
BAS;01.10.1967 00:00;8.3;18.2;12.3;1.2;0.7;2.8;1;11.2;1;0.3;0;0;25.8;979.6;-0.5;-0.2;0;113.9;;;8;;29.1;39;;;8321;130;0;33.9
BAS;01.11.1967 00:00;1.7;8.1;4.6;-1.4;-1.5;-1.1;6;7;0;-0.9;0;0;13.6;979.6;-4.9;0.5;0;460.1;;;9;;82.5;127;;;3899;99;0;220.1
BAS;01.12.1967 00:00;-3.2;2.1;-0.3;-3.2;-3.6;-3.6;24;5.1;0;-1.3;9;0;13.6;980;-15.4;-1.2;0;628.4;;;10;;53.4;82;;;2161;66;0;380.4
BAS;01.01.1968 00:00;-2.5;3.5;0.6;-1.6;-2;-1.6;22;5.1;0;-0.9;7;0;10.7;979.7;-16.5;-2.1;0;603.4;;;15;;85.7;179;;;3930;102;0;355.4
BAS;01.02.1968 00:00;0;6.3;2.8;-0.4;0.1;-0.8;12;5.9;0;0;0;0;12.9;974;-4.8;-6.7;0;497.7;;;16;;63.8;141;;;4386;86;0;265.7
BAS;01.03.1968 00:00;1.3;11.2;6.2;-0.8;-1.3;-0.6;11;6.8;0;-0.1;0;0;23.2;979.2;-4.3;-0.1;0;403.2;;;5;;25.8;52;;;7630;94;0;187.2
BAS;01.04.1968 00:00;4.6;16.2;10;-0.7;-0.9;0;6;9.1;5;0.7;0;0;29.1;977.7;-2.3;0.7;0;265.6;;;14;;81.7;129;;;10205;102;4.1;105.6
BAS;01.05.1968 00:00;7.3;17.1;11.8;-2.8;-2.2;-2.9;0;11;0;-0.5;0;0;23.6;977.8;0.1;-0.7;0;163.3;;;16;;101.6;104;;;7478;67;0;43.3
BAS;01.06.1968 00:00;11;21.5;16.2;-2;-2.1;-2.2;0;13.4;6;-1;0;0;29.9;979.8;5.4;0.2;0;9.1;;;10;;37.8;44;;;10820;85;16.1;1.1
BAS;01.07.1968 00:00;12.2;23.7;17.6;-2.6;-2.7;-2.1;0;14.8;12;-0.9;0;0;32.9;981.4;6.5;1.9;3;0;;;13;;86.8;98;;;12032;85;37.8;0
BAS;01.08.1968 00:00;12.6;21.2;16.3;-3.4;-2.2;-4.1;0;15.3;4;-0.7;0;0;26;977.4;6.9;-2.2;0;0;;;17;;139.8;158;;;7900;61;2.4;0
BAS;01.09.1968 00:00;10.2;18.9;13.8;-1.6;-0.8;-1.8;0;13.2;0;-0.2;0;0;24.5;978.2;4.8;-1.9;0;28.9;;;14;;151.8;216;;;7945;83;0;4.9
BAS;01.10.1968 00:00;8.7;16.1;11.6;0.5;1.1;0.7;0;11.9;0;1;0;0;22.9;982.7;3.5;2.9;0;151.9;;;6;;31;42;;;6512;101;0;39.9
BAS;01.11.1968 00:00;2.6;7.1;4.4;-1.6;-0.6;-2.1;7;7.4;0;-0.5;3;0;19.8;975.9;-3.5;-3.2;0;455.1;;;7;;39.7;61;;;2763;70;0;231.1
BAS;01.12.1968 00:00;-1.2;2.3;0.5;-2.4;-1.6;-3.4;22;5.5;0;-0.9;11;0;10.2;973.8;-7.3;-7.4;0;603.3;;;9;;29.4;45;;;2256;69;0;355.3
BAS;01.01.1969 00:00;-0.5;4.6;2.1;-0.1;0;-0.5;14;6;0;0;4;0;11;977.2;-6.7;-4.6;0;555.1;;;9;;39.5;83;;;2900;75;0;307.1
BAS;01.02.1969 00:00;-3;3.3;0.1;-3.1;-2.9;-3.8;18;4.9;0;-1;7;0;11.3;971.2;-9.7;-9.5;0;557.2;;;11;;61.7;137;;;3295;64;0;333.2
BAS;01.03.1969 00:00;1.4;8.7;4.7;-2.3;-1.2;-3.1;12;6.7;0;-0.2;0;0;16.6;973.1;-4;-6.2;0;471.4;;;12;;61.4;124;;;5494;68;0;223.4
BAS;01.04.1969 00:00;3.8;13.2;8.4;-2.3;-1.7;-3;4;7.5;0;-0.9;0;0;24.8;977.8;-2.5;0.8;0;313.3;;;13;;75.4;119;;;7684;77;0;121.3
BAS;01.05.1969 00:00;8.5;19.8;14;-0.6;-1;-0.2;0;11;5;-0.5;0;0;31.2;976.5;2.7;-2;2;117.8;;;10;;77.6;80;;;11716;105;9.9;21.8
BAS;01.06.1969 00:00;9.8;19.2;14.4;-3.8;-3.3;-4.5;0;11.9;4;-2.5;0;0;26.7;977.4;4.7;-2.2;0;67.9;;;15;;129.9;150;;;9462;74;0.7;19.9
BAS;01.07.1969 00:00;14.3;24.9;19.1;-1.1;-0.6;-0.9;0;16.2;21;0.5;0;0;31.9;983.6;8.6;4.1;4;25.7;;;10;;87.6;99;;;13526;96;63;1.7
BAS;01.08.1969 00:00;12.7;22.4;16.8;-2.9;-2.1;-2.9;0;14.9;12;-1.1;0;0;29.4;978.9;7;-0.7;0;42.6;;;14;;153.5;174;;;10915;84;27;2.6
BAS;01.09.1969 00:00;11.2;20;14.9;-0.5;0.2;-0.7;0;14.2;2;0.8;0;0;26.2;979.9;6.9;-0.2;0;8.3;;;6;;42.8;61;;;8776;91;0.4;0.3
BAS;01.10.1969 00:00;6.3;16.3;10;-1.1;-1.3;0.9;0;10.1;0;-0.8;0;0;22.2;985.2;0.2;5.4;0;270.6;;;0;;1.5;2;;;10086;157;0;62.6
BAS;01.11.1969 00:00;2.3;10.4;5.9;-0.1;-0.9;1.2;9;7.2;0;-0.7;2;0;19;974.2;-7.3;-4.9;0;409.8;;;11;;76.1;117;;;5111;130;0;185.8
BAS;01.12.1969 00:00;-5.2;-0.8;-2.6;-5.5;-5.6;-6.5;27;4.2;0;-2.2;18;0;5.4;975.7;-11.9;-5.5;0;701.5;;;9;;49.9;77;;;2267;70;0;453.5
BAS;01.01.1970 00:00;-1.7;3;0.7;-1.5;-1.2;-2.1;21;5.5;0;-0.5;4;0;9.8;972.2;-9.5;-9.6;0;600.6;;;9;0;63.2;132;;;2783;72;0;352.6
BAS;01.02.1970 00:00;-0.6;5.2;2.4;-0.8;-0.5;-1.9;13;5.5;0;-0.4;4;0;12.2;973.2;-7.7;-7.5;0;492.7;;;19;0;153;338;;;1436;28;0;268.7
BAS;01.03.1970 00:00;-0.1;7;3.3;-3.7;-2.7;-4.8;18;5.7;0;-1.2;0;0;15.6;974.5;-6.1;-4.8;0;514.8;;;9;0;42.1;85;;;5327;66;0;266.8
BAS;01.04.1970 00:00;3.8;11.5;7.3;-3.4;-1.7;-4.7;4;6.7;0;-1.7;0;0;24.2;977.6;-1.8;0.6;0;348.4;;;23;0;94.7;149;;;5786;58;0;156.4
BAS;01.05.1970 00:00;7.8;17.3;12.5;-2.1;-1.7;-2.7;0;9.3;0;-2.2;0;0;24.1;978.3;3.3;-0.2;0;119.7;;;12;0;81.5;84;;;8422;76;0;23.7
BAS;01.06.1970 00:00;12.6;23.4;17.7;-0.5;-0.5;-0.3;0;12.7;14;-1.7;0;0;29.3;979.7;4.6;0.1;0;8.1;;;11;0;90.5;105;;;10034;79;24.2;0.1
BAS;01.07.1970 00:00;12.8;22.8;17.7;-2.5;-2.1;-3;0;14.4;11;-1.3;0;0;29.7;979.8;5.6;0.3;0;25.9;;;9;0;76.4;86;;;11543;82;38.3;1.9
BAS;01.08.1970 00:00;13.7;23.5;18;-1.7;-1.1;-1.8;0;16;12;0;0;0;30.6;978.7;8.3;-0.9;1;0;;;13;0;92.6;105;;;10556;81;34.1;0
BAS;01.09.1970 00:00;10;21;14.8;-0.6;-1;0.3;0;13;4;-0.4;0;0;26.1;982.1;3.4;2;0;44.9;;;5;0;32.8;47;;;11776;123;2.2;4.9
BAS;01.10.1970 00:00;6;13.5;9.1;-2;-1.6;-1.9;0;9.8;0;-1.1;0;0;22.4;983;0.7;3.2;0;275.1;;;9;0;34.4;46;;;5735;89;0;99.1
BAS;01.11.1970 00:00;3.4;10.8;6.9;0.9;0.2;1.6;7;7.5;0;-0.4;0;0;21.2;978.2;-1.4;-0.9;0;379.3;;;10;0;74.9;115;;;5255;134;0;163.3
BAS;01.12.1970 00:00;-2;2.3;0.2;-2.7;-2.4;-3.4;22;5.3;0;-1.1;9;0;11.1;982.9;-8.8;1.7;0;613.5;;;9;0;20.9;32;;;2560;79;0;365.5
BAS;01.01.1971 00:00;-5;2.8;-1.1;-3.3;-4.5;-2.3;22;4.6;0;-1.4;9;0;13.3;975;-18.1;-6.8;0;655.2;;;5;0;18.8;39;;;5155;133;0;407.2
BAS;01.02.1971 00:00;-1.1;4.9;1.7;-1.5;-1;-2.2;19;5.4;0;-0.5;2;0;10.2;981.6;-7.4;0.9;0;511.5;;;8;0;30.5;67;;;4430;87;0;287.5
BAS;01.03.1971 00:00;-1.8;6.3;2.1;-4.9;-4.4;-5.5;17;5.3;0;-1.6;5;0;14.6;975.1;-15;-4.2;0;552.3;;;10;0;49.8;101;;;5516;68;0;304.3
BAS;01.04.1971 00:00;5.2;17.8;11.5;0.8;-0.3;1.6;1;8.2;2;-0.2;0;0;26.3;973.4;-0.8;-3.6;0;196.3;;;5;0;16.1;25;;;12126;121;0;44.3
BAS;01.05.1971 00:00;9.8;20.2;14.7;0.1;0.3;0.2;0;12;7;0.5;0;0;29;974.1;5.6;-4.4;0;81.9;;;12;0;60.6;62;;;7781;70;6.2;17.9
BAS;01.06.1971 00:00;10.6;19.9;14.9;-3.3;-2.5;-3.8;0;13.3;2;-1.1;0;0;25.5;976.4;6;-3.2;0;33.8;;;15;0;133.6;154;;;7532;59;1;1.8
BAS;01.07.1971 00:00;13.1;26;19.6;-0.6;-1.8;0.2;0;15.3;20;-0.4;0;0;32;980.7;6.3;1.2;6;9;;;7;0;43;48;;;16890;120;67;1
BAS;01.08.1971 00:00;14.1;24.6;18.8;-0.9;-0.7;-0.7;0;16.1;14;0.1;0;0;32.9;978.6;10.5;-1;5;0;;;12;0;124.2;141;;;12511;96;40.9;0
BAS;01.09.1971 00:00;8.1;20;13.5;-1.9;-2.9;-0.7;0;11.6;1;-1.8;0;0;25.5;983.9;0.5;3.8;0;77.8;;;4;0;30.5;43;;;11676;122;0;13.8
BAS;01.10.1971 00:00;5.6;16.4;10.2;-0.9;-2;1;2;9.9;0;-1;0;0;24.9;987.7;-0.3;7.9;0;239.9;;;2;0;18.9;25;;;9651;150;0;71.9
BAS;01.11.1971 00:00;1.1;6.4;3.7;-2.3;-2.1;-2.8;8;6.7;0;-1.2;1;0;13.6;976.8;-7.5;-2.3;0;488.5;;;10;0;67.3;104;;;3494;89;0;248.5
BAS;01.12.1971 00:00;-0.3;5.1;2.5;-0.4;-0.7;-0.6;15;6;0;-0.4;0;0;11.7;987.6;-5;6.4;0;542.4;;;8;0;41.3;64;;;4771;147;0;294.4
BAS;01.01.1972 00:00;-1.9;2.5;0.5;-1.7;-1.4;-2.6;23;5.4;0;-0.6;6;0;10.8;975.5;-10.7;-6.3;0;604.9;;;8;0;24.5;51;;;2505;65;0;356.9
BAS;01.02.1972 00:00;0.4;7.2;3.7;0.5;0.5;0.1;7;6.3;0;0.4;0;0;12.5;973.1;-13.9;-7.6;0;472.5;;;6;0;21.4;47;;;3339;65;0;240.5
BAS;01.03.1972 00:00;2.2;12.5;7.2;0.2;-0.4;0.7;4;7;0;0.1;0;0;20;975.7;-1.1;-3.6;0;394.8;;;8;0;25.8;52;;;9322;115;0;146.8
BAS;01.04.1972 00:00;4.7;12.6;8.6;-2.1;-0.8;-3.6;1;8.2;0;-0.2;0;0;23;973.7;-2.4;-3.3;0;311.3;;;12;0;64.3;101;;;5658;56;0;111.3
BAS;01.05.1972 00:00;8.1;16.8;12.2;-2.4;-1.4;-3.2;0;10.6;0;-0.9;0;0;23.7;976.3;2.5;-2.2;0;158.4;;;12;0;47.5;49;;;6490;58;0;38.4
BAS;01.06.1972 00:00;10.3;20.3;15;-3.2;-2.8;-3.4;0;12.9;4;-1.5;0;0;28.3;978.1;5.1;-1.5;0;46.8;;;10;0;113.1;131;;;10858;85;8.1;6.8
BAS;01.07.1972 00:00;13.2;23.1;17.7;-2.5;-1.7;-2.7;0;15.7;12;0;0;0;30.9;980.2;6.5;0.7;1;0;;;11;0;88.1;99;;;10740;76;34.4;0
BAS;01.08.1972 00:00;12.1;22.3;16.8;-2.9;-2.7;-3;0;14.3;8;-1.7;0;0;30.4;980.5;6.4;0.9;1;17.9;;;7;0;34.3;39;;;10488;81;27;1.9
BAS;01.09.1972 00:00;6.7;17.6;11.5;-3.9;-4.3;-3.1;0;10.8;0;-2.6;0;0;24.8;980.6;0.5;0.5;0;214;;;2;0;9.2;13;;;9109;95;0;46
BAS;01.10.1972 00:00;3.5;13.4;7.9;-3.2;-4.1;-2;4;8.8;0;-2.1;0;0;20.3;981.2;-1.9;1.4;0;367.5;;;5;0;24;32;;;8505;132;0;127.5
BAS;01.11.1972 00:00;2.4;9.9;5.5;-0.5;-0.8;0.7;6;7.4;0;-0.5;0;0;15.8;980.7;-6.7;1.6;0;427.9;;;12;0;129;199;;;5194;132;0;195.9
BAS;01.12.1972 00:00;-2.8;2.8;-0.2;-3.1;-3.2;-2.9;22;5.3;0;-1.1;9;0;10.5;985.7;-9;4.5;0;624.4;;;5;0;52.6;81;;;6015;185;0;376.4
BAS;01.01.1973 00:00;-3.1;1.6;-0.4;-2.6;-2.6;-3.5;24;5;0;-1;9;0;6.2;984.3;-9.2;2.5;0;634.8;;;5;0;28.8;60;;;2504;65;0;386.8
BAS;01.02.1973 00:00;-1;4.2;1.5;-1.7;-0.9;-2.9;17;5.2;0;-0.7;0;0;9.9;977.9;-6.9;-2.8;0;517.3;;;9;0;35.1;78;;;3639;71;0;293.3
BAS;01.03.1973 00:00;0.3;9.2;4.6;-2.4;-2.3;-2.6;16;5.8;0;-1.1;0;0;19.8;984.4;-6.1;5.1;0;476.1;;;10;0;31.4;63;;;6837;85;0;228.1
BAS;01.04.1973 00:00;2.3;11.1;6.6;-4.1;-3.2;-5.1;9;6.7;0;-1.7;0;0;21.7;977.5;-1.9;0.5;0;387.7;;;13;0;83.1;131;;;6949;69;0;163.7
BAS;01.05.1973 00:00;9;19.8;14.2;-0.4;-0.5;-0.2;0;11.3;2;-0.2;0;0;26.9;979.5;2.3;1;0;76.7;;;17;0;81.5;84;;;10943;98;0.8;12.7
BAS;01.06.1973 00:00;12.1;22.2;16.9;-1.3;-1;-1.5;0;14.8;8;0.4;0;0;30.5;981;8.4;1.4;1;17;;;11;0;136.6;158;;;11003;87;21.8;1
BAS;01.07.1973 00:00;13.6;22.7;17.8;-2.4;-1.3;-3.1;0;15.7;11;0;0;0;30.9;977.6;8.3;-1.9;1;0;;;9;0;104.1;117;;;10196;72;30.1;0
BAS;01.08.1973 00:00;14.5;25.1;19.2;-0.5;-0.3;-0.2;0;17;18;1;0;0;31.4;981.8;8.9;2.2;1;0;;;8;0;82.5;93;;;12173;94;47.5;0
BAS;01.09.1973 00:00;10.6;21.6;15.5;0.1;-0.4;0.9;0;13.9;11;0.5;0;0;30.4;980.1;4.5;0;1;83.9;;;8;0;30.2;43;;;10264;107;15.4;11.9
BAS;01.10.1973 00:00;5.3;12.6;8.4;-2.7;-2.3;-2.8;7;9.5;0;-1.4;0;0;21.9;981.9;-2;2.1;0;317.2;;;9;0;64.9;87;;;5918;92;0;117.2
BAS;01.11.1973 00:00;1.4;8.2;4.6;-1.4;-1.8;-1;10;6.9;0;-1;1;0;13.9;984.2;-5.9;5.1;0;462.6;;;9;0;47.5;73;;;5741;146;0;222.6
BAS;01.12.1973 00:00;-1.6;3.7;1;-1.9;-2;-2;18;5.5;0;-0.9;4;0;12.7;978.6;-15.6;-2.6;0;589.6;;;9;0;34.6;53;;;2682;82;0;341.6
BAS;01.01.1974 00:00;1.7;7.3;4.7;2.5;2.2;2.2;8;7;0;1;0;0;16;982.4;-2.3;0.6;0;469;;;9;0;26.8;56;;;3530;91;0;229
BAS;01.02.1974 00:00;1.7;7.3;4.6;1.4;1.8;0.2;7;6.4;0;0.5;0;0;15;973.2;-2.5;-7.5;0;432.3;;;10;0;43;95;;;2532;50;0;208.3
BAS;01.03.1974 00:00;4;11.7;7.7;0.7;1.4;-0.1;3;8.1;0;1.2;0;0;21.3;976.2;-3.9;-3.1;0;345.3;;;5;0;44.2;89;;;4058;50;0;137.3
BAS;01.04.1974 00:00;3;15.3;9.1;-1.6;-2.5;-0.9;6;7.4;0;-1;0;0;20.6;974.7;-2.3;-2.3;0;285.6;;;5;0;20.5;32;;;10721;107;0;93.6
BAS;01.05.1974 00:00;7.5;17.5;12.3;-2.3;-2;-2.5;0;10;0;-1.5;0;0;24.5;976.8;1.8;-1.7;0;154.4;;;13;0;73.1;75;;;9737;87;0;42.4
BAS;01.06.1974 00:00;10.2;20.4;15;-3.2;-2.9;-3.3;0;12.7;2;-1.7;0;0;27.1;978;6.3;-1.6;0;54.5;;;9;0;68.4;79;;;10525;83;0.4;6.5
BAS;01.07.1974 00:00;12.5;23.1;17.5;-2.7;-2.4;-2.7;0;14.2;9;-1.5;0;0;30.3;981.2;7.9;1.7;1;9.1;;;8;0;46.9;53;;;13373;95;23.7;1.1
BAS;01.08.1974 00:00;13.7;24.6;18.5;-1.2;-1.1;-0.7;0;15.5;14;-0.5;0;0;35.9;980;7.5;0.4;6;0;;;8;1;52.1;59;;;11487;88;41;0
BAS;01.09.1974 00:00;10.5;19;14.3;-1.1;-0.5;-1.7;0;13.1;5;-0.3;0;0;27.8;977.6;3.1;-2.5;0;96;;;12;0;67.3;96;;;6692;70;5.7;24
BAS;01.10.1974 00:00;3.2;8.1;5.4;-5.7;-4.4;-7.3;1;7.6;0;-3.3;0;0;14;975.7;-0.2;-4.1;0;451.3;;;20;0;106.2;143;;;1905;30;0;203.3
BAS;01.11.1974 00:00;2.4;8.4;5.3;-0.7;-0.8;-0.8;3;7.2;0;-0.7;0;0;14.9;978.1;-3;-1;0;440.7;;;15;0;94.9;146;;;2830;72;0;200.7
BAS;01.12.1974 00:00;2.9;8.3;5.6;2.7;2.5;2.6;7;7.1;0;0.7;0;0;15.7;986.1;-4.5;4.9;0;432.5;;;11;0;58.4;90;;;3286;101;0;200.5
BAS;01.01.1975 00:00;1.9;7.4;4.8;2.6;2.4;2.3;8;6.8;0;0.8;0;0;13.5;982.3;-2;0.5;0;472.2;;;13;0;65.8;138;;;3349;87;0;224.2
BAS;01.02.1975 00:00;-0.7;7.3;2.9;-0.3;-0.6;0.2;20;5.5;0;-0.4;1;0;14.5;984.9;-3.9;4.2;0;478.8;;;3;0;10.4;23;;;7770;152;0;254.8
BAS;01.03.1975 00:00;1.7;7.8;4.5;-2.5;-0.9;-4;11;6.7;0;-0.2;1;0;16.7;971;-4.5;-8.3;0;477.2;;;15;0;50.8;103;;;3144;39;0;229.2
BAS;01.04.1975 00:00;4.4;13.5;9;-1.7;-1.1;-2.7;6;8;0;-0.4;0;0;24;978.1;-1.8;1.1;0;276.9;;;10;0;55.3;87;;;7561;75;0;108.9
BAS;01.05.1975 00:00;8.1;17.6;12.5;-2.1;-1.4;-2.4;0;10.9;3;-0.6;0;0;27;977.3;2.7;-1.2;0;151;;;9;0;64.7;66;;;9119;82;0.3;31
BAS;01.06.1975 00:00;10.7;20;15.1;-3.1;-2.4;-3.7;0;12.7;5;-1.7;0;0;27.7;979.7;3.8;0.1;0;84.4;;;13;0;119.4;138;;;8998;71;10.1;12.4
BAS;01.07.1975 00:00;13.4;24.1;18.6;-1.6;-1.5;-1.7;0;15.6;14;-0.1;0;0;31.9;980.2;7.9;0.7;1;0;;;8;0;65.1;73;;;14663;104;37.8;0
BAS;01.08.1975 00:00;14.1;24;18.7;-1;-0.7;-1.3;0;16.1;13;0.1;0;0;32;980.4;9.5;0.8;7;8.4;;;12;0;126.4;143;;;10933;84;51.7;0.4
BAS;01.09.1975 00:00;12.5;21.3;16.3;0.9;1.5;0.6;0;14.9;3;1.5;0;0;26.3;980.1;8.6;0;0;8.4;;;7;0;74.6;106;;;6605;69;3.4;0.4
BAS;01.10.1975 00:00;4.9;12.6;8.2;-2.9;-2.7;-2.8;0;9.1;0;-1.8;0;0;19.9;983.7;0.7;3.9;0;348.5;;;10;0;42.9;58;;;6732;105;0;124.5
BAS;01.11.1975 00:00;2.5;7.7;5;-1;-0.7;-1.5;5;7.6;0;-0.3;0;0;16.4;979;-5.3;-0.1;0;449;;;14;0;110.7;171;;;2891;74;0;209
BAS;01.12.1975 00:00;-2.3;2.3;0.2;-2.7;-2.7;-3.4;23;5.1;0;-1.3;7;0;13;985.5;-11.7;4.3;0;614.6;;;3;0;16.1;25;;;3958;122;0;366.6
BAS;01.01.1976 00:00;-0.2;4.9;2.6;0.4;0.3;-0.2;15;5.9;0;-0.1;4;0;9.8;982.5;-11.8;0.7;0;541;;;8;0;25.5;53;;;2623;68;0;293
BAS;01.02.1976 00:00;-0.5;6.7;2.7;-0.5;-0.4;-0.4;16;6;0;0.1;2;0;17.1;981.3;-9.5;0.6;0;502.3;;;6;0;30.5;67;;;5806;114;0;270.3
BAS;01.03.1976 00:00;-0.3;9.5;4.4;-2.6;-2.9;-2.3;14;5.7;0;-1.2;1;0;19.7;980.3;-7.4;1;0;480.7;;;6;0;17.4;35;;;8994;111;0;232.7
BAS;01.04.1976 00:00;3.1;14.6;8.7;-2;-2.4;-1.6;6;7.3;0;-1.1;0;0;23.2;977;-2.6;0;0;281.3;;;5;0;52.6;83;;;11169;111;0;113.3
BAS;01.05.1976 00:00;8.3;20.2;14.4;-0.2;-1.2;0.2;1;10.8;7;-0.7;0;0;29;978.9;-1.3;0.4;0;72.5;;;11;0;51.6;53;;;13078;117;2.9;8.5
BAS;01.06.1976 00:00;11.6;26.3;19.3;1.1;-1.5;2.6;0;12.6;21;-1.8;0;0;33.1;981.9;4.6;2.3;9;20.6;;;2;0;11.3;13;;;17121;135;69;4.6
BAS;01.07.1976 00:00;15;26.4;20.4;0.2;0.1;0.6;0;15;19;-0.7;0;0;34;979;9.8;-0.5;11;0;;;11;0;71.6;81;;;13363;95;92.7;0
BAS;01.08.1976 00:00;11.6;23.1;17;-2.7;-3.2;-2.2;0;13.2;9;-2.8;0;0;28.4;981;6.6;1.4;0;0;;;6;0;27.5;31;;;13502;104;6.1;0
BAS;01.09.1976 00:00;9.6;18.7;13.6;-1.8;-1.4;-2;0;12.2;0;-1.2;0;0;24.9;978.3;5.2;-1.8;0;96.6;;;10;0;72;103;;;6585;69;0;8.6
BAS;01.10.1976 00:00;8;15.1;10.9;-0.2;0.4;-0.3;0;11.1;0;0.2;0;0;24.4;972;2;-7.8;0;238.9;;;8;0;37.8;51;;;5415;84;0;62.9
BAS;01.11.1976 00:00;3;7.9;5.5;-0.5;-0.2;-1.3;3;7.2;0;-0.7;0;0;13.7;979.7;-0.9;0.6;0;434.6;;;11;0;46.2;71;;;3271;83;0;194.6
BAS;01.12.1976 00:00;-1.9;2.4;0.4;-2.5;-2.3;-3.3;22;5;0;-1.4;10;0;11.7;972.9;-10;-8.3;0;607.9;;;10;0;75.4;116;;;3016;93;0;359.9
BAS;01.01.1977 00:00;-0.6;3.6;1.6;-0.6;-0.1;-1.5;20;5.8;0;-0.2;0;0;12;975.5;-6.3;-6.3;0;571.1;;;16;0;94.8;198;;;1726;45;0;323.1
BAS;01.02.1977 00:00;3;9.4;6.1;2.9;3.1;2.3;6;7.3;0;1.4;0;0;17.7;973.2;-4.2;-7.5;0;389.6;;;16;0;104.2;231;;;3339;65;0;165.6
BAS;01.03.1977 00:00;4.5;13.2;8.5;1.5;1.9;1.4;4;7.8;0;0.9;0;0;21.6;981.1;-3.4;1.8;0;319.3;;;10;0;41;83;;;6174;76;0;111.3
BAS;01.04.1977 00:00;3.6;11.4;7.4;-3.3;-1.9;-4.8;4;7.7;0;-0.7;0;0;23.2;978.3;-2.3;1.3;0;362.6;;;15;0;117.3;185;;;5371;53;0;146.6
BAS;01.05.1977 00:00;7.3;17.8;12.5;-2.1;-2.2;-2.2;0;10.2;1;-1.3;0;0;25.3;976.7;2.2;-1.8;0;128.8;;;7;0;47.9;49;;;9139;82;0;32.8
BAS;01.06.1977 00:00;11.4;21.1;15.7;-2.5;-1.7;-2.6;0;13.6;5;-0.8;0;0;30.5;977.3;3.4;-2.3;1;0;;;14;0;75.6;87;;;8341;66;1.6;0
BAS;01.07.1977 00:00;13.1;23;17.7;-2.5;-1.8;-2.8;0;14.9;10;-0.8;0;0;29;977.6;6.8;-1.9;0;0;;;11;0;135.1;152;;;11751;83;24;0
BAS;01.08.1977 00:00;12.4;21.9;16.6;-3.1;-2.4;-3.4;0;14.8;5;-1.2;0;0;27.5;976.9;7.5;-2.7;0;0;;;11;0;87.7;99;;;9978;77;7.5;0
BAS;01.09.1977 00:00;8.8;18.4;13.1;-2.3;-2.2;-2.3;0;12.3;2;-1.1;0;0;26.3;984.6;2.4;4.5;0;110.1;;;7;0;38.4;55;;;8047;84;0.3;30.1
BAS;01.10.1977 00:00;7.6;15.7;11.1;0;0;0.3;0;11.8;0;0.9;0;0;23.8;981.6;2.1;1.8;0;193;;;9;0;39.9;54;;;6772;105;0;49
BAS;01.11.1977 00:00;3;9.1;6;0;-0.2;-0.1;5;8;0;0.1;2;0;19.2;976.4;-3.7;-2.7;0;404.5;;;12;0;63;97;;;3076;78;0;188.5
BAS;01.12.1977 00:00;-0.1;5.1;2.5;-0.4;-0.5;-0.6;12;6.3;0;-0.1;2;0;15.5;982.2;-7.2;1;0;543.3;;;11;0;48.7;75;;;3911;120;0;295.3
BAS;01.01.1978 00:00;-0.2;4.1;1.8;-0.4;0.3;-1;12;5.7;0;-0.3;1;0;10.6;975.2;-6;-6.6;0;564.6;;;10;0;33.7;71;;;2546;66;0;316.6
BAS;01.02.1978 00:00;-1.1;3.6;1.2;-2;-1;-3.5;19;5.6;0;-0.3;6;0;14.6;970;-5.6;-10.7;0;526.9;;;14;0;78.1;173;;;2827;55;0;302.9
BAS;01.03.1978 00:00;2.8;10.8;6.6;-0.4;0.2;-1;3;7.1;0;0.2;0;0;20;976.2;-1;-3.1;0;402.3;;;15;0;66.4;134;;;5715;71;0;170.3
BAS;01.04.1978 00:00;3.9;12.9;8.2;-2.5;-1.6;-3.3;6;7.9;0;-0.5;0;0;19.6;971.9;-1.5;-5.1;0;325.3;;;12;0;48.8;77;;;8143;81;0;117.3
BAS;01.05.1978 00:00;7.9;16.3;12;-2.6;-1.6;-3.7;0;10.7;1;-0.8;0;0;25.1;976.1;3.5;-2.4;0;184.8;;;13;0;108.6;111;;;7057;63;0;40.8
BAS;01.06.1978 00:00;10.5;21.4;15.5;-2.7;-2.6;-2.3;0;12.7;8;-1.7;0;0;27.7;977.8;5.1;-1.8;0;36.8;;;11;0;50.9;59;;;10732;84;13.1;4.8
BAS;01.07.1978 00:00;12.2;22.7;17.3;-2.9;-2.7;-3.1;0;14.5;11;-1.2;0;0;31.4;979.6;7.7;0.1;2;8.9;;;9;0;79.7;90;;;10457;74;26.2;0.9
BAS;01.08.1978 00:00;11.5;21.6;16.1;-3.6;-3.3;-3.7;0;14.9;8;-1.1;0;0;28.2;980.9;5.4;1.3;0;9.8;;;8;0;114.5;130;;;11294;87;12.3;1.8
BAS;01.09.1978 00:00;9.3;19.7;13.8;-1.6;-1.7;-1;0;12.9;1;-0.5;0;0;25.5;982;2.9;1.9;0;76.2;;;8;0;30.8;44;;;10924;114;0;12.2
BAS;01.10.1978 00:00;5.7;13.4;9.1;-2;-1.9;-2;0;10.6;0;-0.3;0;0;21.6;984.7;0.9;4.9;0;297.1;;;7;0;41.3;56;;;7024;109;0;97.1
BAS;01.11.1978 00:00;0.9;7.4;3.7;-2.3;-2.3;-1.8;10;7;0;-0.9;3;0;12.2;988.6;-5.4;9.5;0;487.8;;;2;0;11;17;;;6926;176;0;247.8
BAS;01.12.1978 00:00;0.3;5.8;3;0.1;-0.1;0.1;16;6;0;-0.4;8;0;15.1;970.5;-8.5;-10.7;0;527.3;;;13;0;74.9;115;;;2590;80;0;279.3
BAS;01.01.1979 00:00;-4.5;0.4;-2.2;-4.4;-4;-4.7;27;4.4;0;-1.6;12;0;7.2;975.7;-12.8;-6.1;0;687.7;;;9;0;82.3;172;;;3182;82;0;439.7
BAS;01.02.1979 00:00;-0.1;5.6;2.4;-0.8;0;-1.5;13;6;0;0.1;1;0;12.6;972.2;-4.9;-8.5;0;491.8;;;14;0;66.7;148;;;2578;50;0;267.8
BAS;01.03.1979 00:00;3.5;10.2;6.4;-0.6;0.9;-1.6;2;7.1;0;0.2;0;0;17.1;972.4;-1.6;-6.9;0;421.5;;;14;0;51.1;103;;;3153;39;0;173.5
BAS;01.04.1979 00:00;3.9;12.5;7.8;-2.9;-1.6;-3.7;1;7.3;0;-1.1;0;0;20.2;975.2;-0.7;-1.8;0;344.8;;;12;0;54;85;;;7443;74;0;128.8
BAS;01.05.1979 00:00;7.4;18.6;12.7;-1.9;-2.1;-1.4;1;10.7;4;-0.8;0;0;28.8;979.8;-0.9;1.3;0;142.3;;;11;0;60.1;62;;;11298;101;6.6;54.3
BAS;01.06.1979 00:00;12.6;22;16.8;-1.4;-0.5;-1.7;0;14.9;8;0.5;0;0;27.1;980.9;6.6;1.3;0;17.7;;;14;0;93.4;108;;;9952;78;11.5;1.7
BAS;01.07.1979 00:00;12.7;23.4;18;-2.2;-2.2;-2.4;0;14.3;9;-1.4;0;0;30.1;982.3;7.4;2.8;1;10.3;;;6;0;56;63;;;12722;90;26.7;2.3
BAS;01.08.1979 00:00;12;21.6;16.2;-3.5;-2.8;-3.7;0;14.1;8;-1.9;0;0;29.3;978.4;5.1;-1.2;0;16.7;;;17;0;147.2;167;;;10116;78;16.1;0.7
BAS;01.09.1979 00:00;10.6;19.5;14.6;-0.8;-0.4;-1.2;0;13.2;5;-0.2;0;0;26.7;982.5;3.4;2.4;0;93.7;;;8;0;41.9;60;;;9366;97;3.7;21.7
BAS;01.10.1979 00:00;8;14.9;11;-0.1;0.4;-0.5;0;11.3;0;0.4;0;0;23.1;976.1;1.3;-3.7;0;181.7;;;11;0;65.1;88;;;5630;88;0;61.7
BAS;01.11.1979 00:00;2.4;7.8;5.1;-0.9;-0.8;-1.4;7;7.3;0;-0.6;0;0;15.8;979.5;-3;0.4;0;441.1;;;12;0;72.2;111;;;2880;73;0;209.1
BAS;01.12.1979 00:00;1.8;7.7;4.8;1.9;1.4;2;8;6.8;0;0.4;0;0;15.2;977.3;-2.3;-3.9;0;462.7;;;13;0;56.9;88;;;3014;93;0;222.7
BAS;01.01.1980 00:00;-2.3;2.9;0.1;-2.1;-1.8;-2.2;21;5.2;0;-0.8;8;0;13.4;978;-8.3;-3.8;0;616.2;;;9;0;60.3;126;;;2914;75;0;368.2
BAS;01.02.1980 00:00;1.9;8.3;4.5;1.3;2;1.2;9;6.6;0;0.7;1;0;13;982.7;-2;2;0;448.5;;;11;0;42.8;95;;;5068;99;0;216.5
BAS;01.03.1980 00:00;2.7;9.8;5.8;-1.2;0.1;-2;4;7;0;0.1;0;0;16.5;972.8;-3.9;-6.5;0;433.7;;;15;0;62;125;;;4968;62;0;193.7
BAS;01.04.1980 00:00;3.6;12.3;7.6;-3.1;-1.9;-3.9;0;7.4;0;-1;0;0;20.3;979.7;0.2;2.7;0;336.5;;;9;0;33;52;;;7431;74;0;136.5
BAS;01.05.1980 00:00;6.5;16.8;11.5;-3.1;-3;-3.2;0;10;0;-1.5;0;0;23.1;974.9;1.7;-3.6;0;196.4;;;12;0;58;59;;;9738;87;0;36.4
BAS;01.06.1980 00:00;10.9;19.7;15;-3.2;-2.2;-4;0;13.5;5;-0.9;0;0;28.8;977.6;6.6;-2;0;45.8;;;14;0;93.9;108;;;6563;52;8.2;5.8
BAS;01.07.1980 00:00;11.8;20.7;16;-4.2;-3.1;-5.1;0;14.3;6;-1.4;0;0;30;977.8;6.5;-1.7;1;16.9;;;11;0;89.2;100;;;7334;52;15.7;0.9
BAS;01.08.1980 00:00;13.9;23.5;18.5;-1.2;-0.9;-1.8;0;16.2;15;0.2;0;0;32.3;980.2;5.4;0.6;2;0;;;11;0;83.9;95;;;12040;93;38.4;0
BAS;01.09.1980 00:00;11.3;21.6;15.8;0.4;0.3;0.9;0;14;5;0.6;0;0;26.4;983.2;6.1;3.1;0;0;;;5;0;26;37;;;11675;122;1.6;0
BAS;01.10.1980 00:00;5.9;13.3;8.9;-2.2;-1.7;-2.1;0;10;0;-0.9;0;0;20.1;976.4;0;-3.4;0;297.2;;;12;0;88.7;119;;;5494;86;0;105.2
BAS;01.11.1980 00:00;0.3;6.3;3.1;-2.9;-2.9;-2.9;15;6.6;0;-1.3;0;0;14.9;978.9;-7.8;-0.2;0;505.9;;;8;0;38;59;;;3477;89;0;265.9
BAS;01.12.1980 00:00;-2.2;3.5;0.5;-2.4;-2.6;-2.2;20;5.3;0;-1.1;7;0;13.7;983;-11.2;1.8;0;605.6;;;8;0;30.8;47;;;4077;125;0;357.6
BAS;01.01.1981 00:00;-3.1;2.2;-0.4;-2.6;-2.6;-2.9;25;5;0;-1;9;0;9.6;984.2;-9.5;2.4;0;633.7;2.2;92;10;0;66.8;140;47;114;4438;115;0;385.7
BAS;01.02.1981 00:00;-2.4;3.9;0.4;-2.8;-2.3;-3.2;23;5;0;-0.9;0;0;9.7;981.1;-6.9;0.4;0;548.5;1.8;78;5;0;29.6;65;75;104;5437;106;0;324.5
BAS;01.03.1981 00:00;5.2;13;8.8;1.8;2.6;1.2;2;8.6;0;1.7;0;0;22.7;973.9;-0.6;-5.4;0;297.8;2.1;91;16;0;90.5;183;97;80;4525;56;0;113.8
BAS;01.04.1981 00:00;5.6;15.6;10.3;-0.4;0.1;-0.6;2;8.9;0;0.5;0;0;23.2;978.5;-1.3;1.5;0;218.3;1.7;89;6;0;19.6;31;170;96;9137;91;0;82.3
BAS;01.05.1981 00:00;8.3;18.3;13.1;-1.5;-1.2;-1.7;0;11.1;5;-0.4;0;0;26.8;975.2;3;-3.3;0;120.7;1.7;94;14;0;142;145;182;87;8356;75;3.7;32.7
BAS;01.06.1981 00:00;11;21.2;16.1;-2.1;-2.1;-2.5;0;13.6;7;-0.8;0;0;29.5;980.8;6;1.2;0;45.5;1.7;94;10;0;58.7;68;220;91;9383;74;15.9;5.5
BAS;01.07.1981 00:00;12.7;22.1;17.3;-2.9;-2.2;-3.7;0;15.4;8;-0.3;0;0;29.4;980.8;7.4;1.3;0;8.2;1.6;89;14;0;131.4;148;201;83;9371;66;24.2;0.2
BAS;01.08.1981 00:00;12.6;24.2;18;-1.7;-2.2;-1.1;0;15.4;12;-0.6;0;0;30.9;981.6;7;2;2;0;1.4;88;5;0;15.2;17;210;102;12274;94;36.2;0
BAS;01.09.1981 00:00;11.2;19.6;15.1;-0.3;0.2;-1.1;0;14.5;1;1.1;0;0;25.1;979.5;4;-0.6;0;27.4;1.3;81;14;0;104.2;148;122;82;6127;64;0.6;3.4
BAS;01.10.1981 00:00;6.5;13.9;9.9;-1.2;-1.1;-1.5;0;10.5;0;-0.4;0;0;23.2;976.7;1;-3.1;0;255.2;2;118;18;0;114;153;69;78;3467;54;0;79.2
BAS;01.11.1981 00:00;2.1;9.1;5.2;-0.8;-1.1;-0.1;9;7.6;0;-0.3;0;0;18.6;987.1;-4.3;8;0;431;1.7;85;9;0;50.9;78;56;118;5982;152;0;207
BAS;01.12.1981 00:00;-0.6;4.8;1.9;-1;-1;-0.9;16;5.9;0;-0.5;3;0;12.5;966.1;-10.8;-15.1;0;562.1;2.4;100;20;0;149.5;230;31;95;2286;70;0;314.1
BAS;01.01.1982 00:00;-1.8;3.2;0.6;-1.6;-1.3;-1.9;18;5.7;0;-0.3;9;0;14.1;981.2;-7.3;-0.6;0;600.7;2;83;13;0;111.9;234;36;87;3060;79;0;352.7
BAS;01.02.1982 00:00;-0.7;5.5;2;-1.2;-0.6;-1.6;13;5.8;0;-0.1;2;0;13.4;981.6;-5.8;0.9;0;503.3;1.8;78;6;0;20.6;46;68;94;4894;96;0;279.3
BAS;01.03.1982 00:00;1.9;10.3;5.6;-1.4;-0.7;-1.5;5;6.5;0;-0.4;0;0;16.9;979.4;-2.6;0.1;0;447;2.3;100;15;0;79.3;160;104;85;6414;79;0;199
BAS;01.04.1982 00:00;2.8;14.3;8.5;-2.2;-2.7;-1.9;2;7;0;-1.4;0;0;21.3;979.7;-1.7;2.7;0;329.8;2.1;111;3;0;21.4;34;198;112;11778;117;0;105.8
BAS;01.05.1982 00:00;8.1;20.1;13.7;-0.9;-1.4;0.1;0;10.6;6;-0.9;0;0;26.7;981.8;2;3.3;0;120.8;1.8;100;11;0;68.2;70;235;112;13235;119;0.4;32.8
BAS;01.06.1982 00:00;12.8;23.2;17.6;-0.6;-0.3;-0.5;0;14.8;12;0.4;0;0;29.1;978.7;9;-0.9;0;8.3;1.9;106;15;0;123.6;143;234;96;9999;79;23.6;0.3
BAS;01.07.1982 00:00;14.9;25.3;19.9;-0.3;0;-0.5;0;17;18;1.3;0;0;32;980;10.3;0.5;6;0;1.5;83;11;0;152.7;172;228;94;11675;83;68.8;0
BAS;01.08.1982 00:00;13.7;22.6;17.6;-2.1;-1.1;-2.7;0;15.9;6;-0.1;0;0;30.6;979.5;8.7;-0.1;1;0;1.5;94;13;0;85.5;97;182;88;9088;70;20.1;0
BAS;01.09.1982 00:00;12.5;22.4;16.9;1.5;1.5;1.7;0;15.3;11;1.9;0;0;29;981.3;7.2;1.2;0;0;1.4;88;7;0;40.6;58;155;104;10091;105;12.2;0
BAS;01.10.1982 00:00;7.8;14;10.5;-0.6;0.2;-1.4;0;10.8;0;-0.1;0;0;20.2;976.4;1.6;-3.4;0;254.4;1.6;94;14;0;106.1;143;75;85;4268;66;0;54.4
BAS;01.11.1982 00:00;3.6;9.9;6.5;0.5;0.4;0.7;0;8.1;0;0.2;0;0;17.8;979.4;0;0.3;0;403.7;1.9;95;8;0;35.9;55;51;107;4775;122;0;163.7
BAS;01.12.1982 00:00;1.7;6.5;4;1.1;1.3;0.8;8;6.8;0;0.4;0;0;14;978.3;-4.5;-2.9;0;497.2;2.1;88;14;0;112.9;174;24;73;1782;55;0;249.2
BAS;01.01.1983 00:00;1.3;7.2;4.1;1.9;1.8;2.1;14;6.7;0;0.7;0;0;13.2;990.1;-4.2;8.3;0;494.3;2.5;104;11;0;42.8;90;41;99;4328;112;0;246.3
BAS;01.02.1983 00:00;-2.3;3.4;0.4;-2.8;-2.2;-3.7;20;4.8;0;-1.1;5;0;14.8;979.3;-8.5;-1.4;0;547.9;2.3;100;11;0;46.8;104;68;94;4236;83;0;323.9
BAS;01.03.1983 00:00;3;10.9;6.4;-0.6;0.4;-0.9;5;7.2;0;0.3;0;0;18.1;980;-1.4;0.7;0;421.6;2;87;11;0;72;145;106;87;6160;76;0;173.6
BAS;01.04.1983 00:00;5.8;15;10;-0.7;0.3;-1.2;0;8.8;0;0.4;0;0;21.2;973.1;1.5;-3.9;0;227.2;2.4;126;16;0;96;151;146;82;5621;56;0;75.2
BAS;01.05.1983 00:00;7.6;16;11.4;-3.2;-1.9;-4;0;10.4;1;-1.1;0;0;26.2;974.3;5.6;-4.2;0;192.2;2.2;122;22;0;172.5;177;164;78;6224;56;0.1;40.2
BAS;01.06.1983 00:00;12.4;23.2;17.8;-0.4;-0.7;-0.5;0;14.2;9;-0.2;0;0;29.6;981.8;5.5;2.2;0;0;1.8;100;9;0;42.1;49;244;101;10413;82;25.5;0
BAS;01.07.1983 00:00;15.4;29.5;22.5;2.3;0.5;3.7;0;17;28;1.3;0;2;38.4;980.1;8.1;0.6;14;0;1.5;83;6;3;39.8;45;282;116;17524;124;134.4;0
BAS;01.08.1983 00:00;14;25.3;19.3;-0.4;-0.8;0;0;15.8;20;-0.2;0;0;30.2;980;7.7;0.4;1;0;1.4;88;6;0;36.4;41;197;96;10537;81;48.9;0
BAS;01.09.1983 00:00;10.5;20.8;15.3;-0.1;-0.5;0.1;0;13.1;3;-0.3;0;0;27.7;980.8;5.4;0.7;0;18;1.7;106;9;0;79.7;114;147;99;9632;100;0.8;2
BAS;01.10.1983 00:00;6.3;14.9;10.2;-0.9;-1.3;-0.5;1;10.3;1;-0.6;0;0;25.3;985.5;-0.4;5.7;0;248.9;1.6;94;6;0;38.3;51;88;100;6950;108;0;80.9
BAS;01.11.1983 00:00;0.8;7.7;3.9;-2.1;-2.4;-1.5;11;7;0;-0.9;1;0;17.1;980.8;-6.2;1.7;0;474.9;1.9;95;5;0;26;40;56;118;5462;139;0;242.9
BAS;01.12.1983 00:00;-0.9;4.7;1.8;-1.1;-1.3;-1;18;6;0;-0.4;4;0;15.9;980.7;-6.7;-0.5;0;556.8;1.9;79;9;0;35.6;55;40;122;5341;164;0;316.8
BAS;01.01.1984 00:00;-0.6;5.5;2.4;0.2;-0.1;0.4;17;5.8;0;-0.2;1;0;14;977.1;-4.5;-4.7;0;545.6;3;125;17;0;86.5;181;37;90;2698;70;0;297.6
BAS;01.02.1984 00:00;-0.9;4.3;1.5;-1.7;-0.8;-2.8;18;5.3;0;-0.6;1;0;11;981.3;-6.9;0.6;0;536.7;2.5;109;11;0;52.9;117;62;86;4504;88;0;304.7
BAS;01.03.1984 00:00;-0.4;9;4;-3;-3;-2.8;19;5.6;0;-1.3;0;0;16;976.4;-5.7;-2.9;0;497.1;1.9;83;6;0;23.6;48;127;104;8722;108;0;249.1
BAS;01.04.1984 00:00;3.3;14.1;8.5;-2.2;-2.2;-2.1;1;7;0;-1.4;0;0;24.7;979.5;-0.3;2.5;0;307.8;1.9;100;7;0;21.2;33;181;102;11040;110;0;123.8
BAS;01.05.1984 00:00;6.7;15.2;10.6;-4;-2.8;-4.8;0;10;0;-1.5;0;0;20.7;971;0.1;-7.5;0;258.2;1.9;106;15;0;106.4;109;149;71;4256;38;0;50.2
BAS;01.06.1984 00:00;10.3;21.6;15.9;-2.3;-2.8;-2.1;0;12.7;6;-1.7;0;0;28;979.5;7;-0.1;0;26;2.2;122;6;0;41.8;48;254;105;13217;104;7.5;2
BAS;01.07.1984 00:00;12.6;25;18.7;-1.5;-2.3;-0.8;0;14.5;14;-1.2;0;0;34.8;981.5;7.6;2;6;0;1.9;106;7;0;68.8;77;262;108;14888;106;50.9;0
BAS;01.08.1984 00:00;13.4;23.6;18;-1.7;-1.4;-1.7;0;15.4;10;-0.6;0;0;32.4;980;10.9;0.4;1;0;1.4;88;7;0;59.3;67;187;91;10675;82;15.1;0
BAS;01.09.1984 00:00;10.5;18.4;13.9;-1.5;-0.5;-2.3;0;12.9;4;-0.5;0;0;29.2;975.4;7;-4.7;0;77.9;1.9;119;17;0;131.7;188;119;80;6250;65;7.8;13.9
BAS;01.10.1984 00:00;7.3;15.2;10.9;-0.2;-0.3;-0.2;0;10.8;0;-0.1;0;0;22;981.4;1.4;1.6;0;208.5;1.5;88;8;0;49.6;67;85;96;5948;93;0;48.5
BAS;01.11.1984 00:00;4;10.8;6.8;0.8;0.8;1.6;2;8.3;0;0.4;0;0;19.8;973.6;-0.1;-5.5;0;384.7;2;100;7;0;35.9;55;54;114;5406;138;0;160.7
BAS;01.12.1984 00:00;0.3;4.7;2.4;-0.5;-0.1;-1;9;6.4;0;0;1;0;10.5;984.6;-4.3;3.4;0;544.4;1.7;71;8;0;43.7;67;34;104;3502;108;0;296.4
BAS;01.01.1985 00:00;-8.2;-1.8;-4.7;-6.9;-7.7;-6.9;23;4.1;0;-1.9;16;0;9.8;974.3;-20.6;-7.5;0;766.3;1.9;79;9;0;49.2;103;41;99;2798;72;0;518.3
BAS;01.02.1985 00:00;-3.9;4.6;0.1;-3.1;-3.8;-2.5;17;5.2;0;-0.7;9;0;12.1;981.9;-14.8;1.2;0;556;2.2;96;5;0;34.9;77;78;108;5879;115;0;332
BAS;01.03.1985 00:00;1.5;8.5;4.7;-2.3;-1.1;-3.3;9;6.2;0;-0.7;0;0;17.4;975.9;-3.2;-3.4;0;473.4;2.3;100;10;0;35.3;71;95;78;4391;54;0;225.4
BAS;01.04.1985 00:00;4.8;14.9;9.8;-0.9;-0.7;-1.3;1;7.9;1;-0.5;0;0;25.2;975.8;-0.8;-1.2;0;251.1;2.9;153;12;0;80.8;127;176;99;9209;92;0;83.1
BAS;01.05.1985 00:00;8.7;18.1;13.1;-1.5;-0.8;-1.9;1;11.4;3;-0.1;0;0;28.1;974.3;-0.3;-4.2;0;121.8;2.1;117;13;0;106.2;109;176;84;7049;63;1.7;25.8
BAS;01.06.1985 00:00;9.9;20.9;15.3;-2.9;-3.2;-2.8;0;12.1;5;-2.3;0;0;27.7;978.4;5;-1.2;0;26.4;2.4;133;9;0;78.7;91;236;97;10624;84;7;2.4
BAS;01.07.1985 00:00;14.3;25.6;19.8;-0.4;-0.6;-0.2;0;15.8;16;0.1;0;0;35.5;980.4;10.5;0.9;4;0;1.8;100;7;1;59.7;67;256;106;15077;107;54.8;0
BAS;01.08.1985 00:00;12.5;24.9;18.2;-1.5;-2.3;-0.4;0;14.3;15;-1.7;0;0;35.5;980;6.6;0.4;1;0;1.8;113;8;1;39.3;45;220;107;14067;108;36.5;0
BAS;01.09.1985 00:00;10.6;22.7;16;0.6;-0.4;2;0;13.4;10;0;0;0;27.7;984.1;4.8;4;0;25.4;1.5;94;4;0;40.4;58;171;115;12898;134;5.8;1.4
BAS;01.10.1985 00:00;5.9;15.8;10.1;-1;-1.7;0.4;2;9.8;4;-1.1;0;0;29.6;986.2;-0.2;6.4;0;269.6;1.5;88;2;0;8.9;12;107;121;9381;146;3.7;101.6
BAS;01.11.1985 00:00;-0.6;4.8;2.1;-3.9;-3.8;-4.4;21;6.2;0;-1.7;9;0;19.2;976.6;-5.5;-2.5;0;522.4;1.9;95;12;0;44.2;68;37;78;2104;54;0;298.4
BAS;01.12.1985 00:00;1;7.3;4;1.1;0.6;1.6;9;6.6;0;0.2;2;0;12.6;980.9;-6;-0.3;0;497.1;1.9;79;4;0;41.2;63;37;113;3917;120;0;249.1
BAS;01.01.1986 00:00;-0.6;5.3;2.3;0.1;-0.1;0.2;18;5.7;0;-0.3;3;0;12.8;973.8;-5.8;-8;0;549.8;3;125;14;0;89.1;186;39;94;3258;84;0;301.8
BAS;01.02.1986 00:00;-7.9;-2;-5;-8.2;-7.8;-9.1;26;3.5;0;-2.4;19;0;3.1;973.1;-15.8;-7.6;0;699.6;1.7;74;8;0;57.1;126;63;87;1805;35;0;475.6
BAS;01.03.1986 00:00;0.3;9;4.3;-2.7;-2.3;-2.8;13;6.1;0;-0.8;0;0;15.8;978.1;-7;-1.2;0;486.1;2.3;100;10;0;30.1;61;107;88;5531;68;0;238.1
BAS;01.04.1986 00:00;4.1;10.9;7.1;-3.6;-1.4;-5.3;3;7.9;0;-0.5;0;0;19.6;972.7;-4.3;-4.3;0;365.3;2.4;126;17;0;164.4;259;108;61;3348;33;0;149.3
BAS;01.05.1986 00:00;10.3;20.6;15;0.4;0.8;0.6;0;12.8;4;1.3;0;0;28.4;980.9;5.8;2.4;0;41.3;1.9;106;14;0;111.5;114;195;93;8336;75;4.9;9.3
BAS;01.06.1986 00:00;11.6;22.7;17.1;-1.1;-1.5;-1;0;14;14;-0.4;0;0;31.2;979.3;4.8;-0.3;4;69.1;1.9;106;9;0;66.9;77;233;96;12686;100;45.2;13.1
BAS;01.07.1986 00:00;13;24.6;18.7;-1.5;-1.9;-1.2;0;14.4;15;-1.3;0;0;31.7;980.7;8.4;1.2;3;0;1.9;106;6;0;53.9;61;239;99;13317;94;48.7;0
BAS;01.08.1986 00:00;13;24;18.1;-1.6;-1.8;-1.3;0;15;16;-1;0;0;35.5;978.6;7.2;-1;2;17.7;1.8;113;13;1;103.4;117;198;96;11475;88;44.2;1.7
BAS;01.09.1986 00:00;9.3;19.8;14.1;-1.3;-1.7;-0.9;0;12.6;2;-0.8;0;0;29.1;982.8;4.7;2.7;0;54.1;1.6;100;6;0;42.8;61;154;104;9973;104;3.4;6.1
BAS;01.10.1986 00:00;7.7;16.8;11.7;0.6;0.1;1.4;0;11.1;0;0.2;0;0;22.9;982.7;0.9;2.9;0;166.9;1.9;112;9;0;62.6;84;97;110;7345;114;0;46.9
BAS;01.11.1986 00:00;3.1;10.2;6.2;0.2;-0.1;1;4;7.8;0;-0.1;0;0;16.3;984.9;-2.5;5.8;0;413;1.8;90;7;0;35.7;55;55;116;6291;160;0;173
BAS;01.12.1986 00:00;0.5;5.5;2.8;-0.1;0.1;-0.2;13;6.2;0;-0.2;2;0;11.8;983.2;-8.2;2;0;532;2.8;117;10;0;61.4;94;36;110;4089;126;0;284
BAS;01.01.1987 00:00;-6.5;-1.2;-3.7;-5.9;-6;-6.3;27;4.2;0;-1.8;20;0;13.3;980.2;-23.3;-1.6;0;733.2;1.8;75;8;0;28.5;60;30;73;2071;54;0;485.2
BAS;01.02.1987 00:00;0;4.8;2.2;-1;0.1;-2.3;12;6.1;0;0.2;4;0;14.3;976.4;-7.6;-4.3;0;499.3;2;87;9;0;35.3;78;48;67;1966;38;0;275.3
BAS;01.03.1987 00:00;-0.4;7.3;3.1;-3.9;-3;-4.5;18;5.4;0;-1.5;2;0;16.7;978.9;-7.1;-0.4;0;523.1;2.7;117;11;0;40.4;82;114;94;7015;87;0;275.1
BAS;01.04.1987 00:00;5.4;16.8;10.8;0.1;-0.1;0.6;1;8.4;1;0;0;0;25.2;980;-1.7;3;0;204.8;2.1;111;8;0;54.9;86;182;103;11007;110;0;68.8
BAS;01.05.1987 00:00;6.1;15.7;10.7;-3.9;-3.4;-4.3;0;9.5;0;-2;0;0;23.7;978.3;2;-0.2;0;217.4;2.1;117;17;0;128.5;132;175;83;8865;80;0;65.4
BAS;01.06.1987 00:00;11.4;19.7;15.3;-2.9;-1.7;-4;0;13.6;3;-0.8;0;0;31.3;979;7.3;-0.6;2;42.7;2.1;117;17;0;166.5;192;183;75;7551;59;13.5;2.7
BAS;01.07.1987 00:00;14.6;24;18.8;-1.4;-0.3;-1.8;0;16.5;12;0.8;0;0;29.5;979;9.7;-0.5;0;0;1.9;106;15;0;94.9;107;210;87;9554;68;45;0
BAS;01.08.1987 00:00;13.5;23.4;18.2;-1.5;-1.3;-1.9;0;15.4;11;-0.6;0;0;31.3;979.4;7.5;-0.2;2;0;1.8;113;7;0;71.8;81;196;95;11940;92;34.9;0
BAS;01.09.1987 00:00;13.2;23.1;17.4;2;2.2;2.4;0;15.4;12;2;0;0;30.8;981.1;2.9;1;1;43.3;1.6;100;7;0;128.3;183;151;102;9631;100;32.9;11.3
BAS;01.10.1987 00:00;8.3;15.3;11.4;0.3;0.7;-0.1;0;11.1;0;0.2;0;0;21;977.8;4.8;-2;0;201.2;1.8;106;9;0;71.7;96;84;95;5182;81;0;33.2
BAS;01.11.1987 00:00;3.6;9.2;6.2;0.2;0.4;0;2;8;0;0.1;0;0;16;978.7;-1;-0.4;0;406.6;1.9;95;11;0;42.1;65;44;93;3418;87;0;174.6
BAS;01.12.1987 00:00;0.7;5.9;3.2;0.3;0.3;0.2;10;6.7;0;0.3;2;0;14.3;982.8;-8;1.6;0;514;1.8;75;8;0;44.8;69;26;80;2518;77;0;274
BAS;01.01.1988 00:00;2.6;8.3;5.2;3;3.1;3.2;3;6.9;0;0.9;0;0;16.1;975;-0.9;-6.8;0;459.9;2.8;117;14;0;56.6;118;38;92;3251;84;0;211.9
BAS;01.02.1988 00:00;0.2;7.1;3.3;0.1;0.3;0;17;5.8;0;-0.1;0;0;12.8;977.2;-2.7;-3.5;0;484.6;3;130;12;0;62.1;137;65;90;4466;87;0;252.6
BAS;01.03.1988 00:00;2.6;8.4;5.2;-1.8;0;-3.4;9;6.7;0;-0.2;0;0;15.8;975.9;-4.7;-3.4;0;458.2;3.2;139;17;0;103.4;209;80;66;3220;40;0;210.2
BAS;01.04.1988 00:00;5.1;15.5;10.2;-0.5;-0.4;-0.7;0;8.8;0;0.4;0;0;24.9;976.6;0.3;-0.4;0;262.3;1.8;95;8;0;30.4;48;167;94;9541;95;0;70.3
BAS;01.05.1988 00:00;10;20;14.7;0.1;0.5;0;0;12.7;1;1.2;0;0;26.1;975.5;3.3;-3;0;36;1.8;100;13;0;57.2;59;193;92;9002;81;0.2;4
BAS;01.06.1988 00:00;11.5;21.9;16.3;-1.9;-1.6;-1.8;0;13.7;6;-0.7;0;0;26.8;977.4;8.1;-2.2;0;29;1.8;100;11;0;82.3;95;233;96;10815;85;3.9;5
BAS;01.07.1988 00:00;13.3;24.2;18.5;-1.7;-1.6;-1.6;0;15;12;-0.7;0;0;33.5;979.5;9.9;0;2;0;1.9;106;12;0;90.2;101;236;97;13856;98;31;0
BAS;01.08.1988 00:00;13.6;24.4;18.8;-0.9;-1.2;-0.9;0;16.1;16;0.1;0;0;31.3;978.6;9;-1;1;0;1.6;100;10;0;90.7;103;207;101;13078;101;53.3;0
BAS;01.09.1988 00:00;10.8;19.8;14.9;-0.5;-0.2;-0.9;0;13.1;2;-0.3;0;0;27.4;982;6.8;1.9;0;66.3;1.8;113;9;0;71.8;102;136;92;7703;80;5.7;10.3
BAS;01.10.1988 00:00;8.2;15.5;11.3;0.2;0.6;0.1;1;11.7;0;0.8;0;0;24.7;980.6;-0.7;0.8;0;168.2;1.5;88;12;0;87.8;118;77;87;5375;84;0;40.2
BAS;01.11.1988 00:00;0.5;7.4;3.9;-2.1;-2.7;-1.8;12;7;0;-0.9;2;0;16.5;984.2;-9.4;5.1;0;483.4;1.6;80;6;0;34;52;51;107;4753;121;0;243.4
BAS;01.12.1988 00:00;1.5;6.5;4.1;1.2;1.1;0.8;6;7.1;0;0.7;0;0;13.4;986.5;-4.9;5.3;0;491.6;1.9;79;9;0;65.7;101;28;86;2762;85;0;243.6
BAS;01.01.1989 00:00;-0.2;5.3;2.2;0;0.3;0.2;17;6.2;0;0.2;1;0;11.7;993.4;-5.3;11.6;0;550.6;1.8;75;6;0;11.1;23;48;116;6133;159;0;302.6
BAS;01.02.1989 00:00;1;8.1;4;0.8;1.1;1;11;6.6;0;0.7;0;0;15.8;982.5;-4.2;1.8;0;447.5;2.2;96;7;0;57.7;128;66;92;5244;103;0;223.5
BAS;01.03.1989 00:00;4.1;14.7;9.3;2.3;1.5;2.9;2;7.5;1;0.6;0;0;25.2;979.1;-1;-0.2;0;311.3;2.4;104;7;0;33.4;67;122;100;9184;114;0;103.3
BAS;01.04.1989 00:00;5;11.9;8.1;-2.6;-0.5;-4.3;0;8.6;0;0.2;0;0;20.9;971.7;0.4;-5.3;0;343;2;105;19;0;116.9;184;101;57;3139;31;0;119
BAS;01.05.1989 00:00;8.3;21.9;15.4;0.8;-1.2;1.9;0;11;10;-0.5;0;0;26.9;981.6;1.5;3.1;0;45.1;1.8;100;6;0;26.6;27;255;122;16277;146;6.6;5.1
BAS;01.06.1989 00:00;10.2;22.5;16.4;-1.8;-2.9;-1.2;0;11.9;11;-2.5;0;0;30.1;979.8;5;0.2;1;44.2;1.9;106;9;0;46.1;53;248;102;12887;101;18.4;4.2
BAS;01.07.1989 00:00;14.2;24.9;19.6;-0.6;-0.7;-0.9;0;15.7;17;0;0;0;32.8;981.9;8.6;2.4;4;0;1.9;106;11;0;77.7;87;224;92;11728;83;58.9;0
BAS;01.08.1989 00:00;13.7;24.7;18.9;-0.8;-1.1;-0.6;0;15.1;14;-0.9;0;0;34.3;978.8;7;-0.8;3;0;1.7;106;10;0;69.2;78;208;101;13142;101;51.7;0
BAS;01.09.1989 00:00;10.5;20.4;15.1;-0.3;-0.5;-0.3;0;13.4;5;0;0;0;28.6;981.6;3.3;1.5;0;37.6;1.4;88;7;0;61.4;87;132;89;7922;82;6.1;5.6
BAS;01.10.1989 00:00;6.9;17;11.5;0.4;-0.7;1.6;0;10.4;0;-0.5;0;0;23.1;983.5;1.3;3.7;0;198.8;1.8;106;8;0;44.6;60;93;105;8274;129;0;38.8
BAS;01.11.1989 00:00;0.4;7.3;3.6;-2.4;-2.8;-1.9;12;6.7;0;-1.2;1;0;18.9;979.5;-8.5;0.4;0;479.5;1.7;85;7;0;43.3;67;61;128;7146;182;0;255.5
BAS;01.12.1989 00:00;0;6.6;3.2;0.3;-0.4;0.9;19;6.2;0;-0.2;3;0;19.9;977.8;-6.5;-3.4;0;496.6;2.2;92;9;0;67.8;104;38;116;5120;157;0;280.6
BAS;01.01.1990 00:00;-0.6;5.4;2.1;-0.1;-0.1;0.3;19;5.7;0;-0.3;0;0;14.1;985.8;-6.2;4;0;554.5;2.4;100;6;0;20.9;44;51;123;6730;174;0;306.5
BAS;01.02.1990 00:00;3.3;13.2;7.8;4.6;3.4;6.1;2;7.6;0;1.7;0;0;21.2;979.4;-1.5;-1.3;0;335;3.4;148;11;0;62.6;138;75;104;6445;126;0;119
BAS;01.03.1990 00:00;3.3;13.7;8.4;1.4;0.7;1.9;5;7.3;0;0.4;0;0;24.7;989.4;-3;10.1;0;350.4;2.1;91;5;0;25.3;51;128;105;9719;120;0;118.4
BAS;01.04.1990 00:00;4.2;12.8;8.3;-2.4;-1.3;-3.4;0;7.9;0;-0.5;0;0;21.2;976.7;0.1;-0.3;0;328;1.9;100;12;0;66.1;104;135;76;5972;59;0;112
BAS;01.05.1990 00:00;9.3;21.8;15.6;1;-0.2;1.8;0;11.5;2;0;0;0;25.5;980.7;4.6;2.2;0;0;1.7;94;10;0;33.1;34;241;115;14632;131;0.1;0
BAS;01.06.1990 00:00;11.6;21.6;16.3;-1.9;-1.5;-2.1;0;13.7;9;-0.7;0;0;30.5;977.8;7.4;-1.8;1;9.3;1.9;106;15;0;155;179;204;84;9035;71;18.8;1.3
BAS;01.07.1990 00:00;12.8;24.9;18.9;-1.3;-2.1;-0.9;0;14.5;19;-1.2;0;0;34.1;981.5;8;2;4;0;2;111;7;0;94.1;106;253;104;15501;110;51.9;0
BAS;01.08.1990 00:00;13.8;26;19.6;-0.1;-1;0.7;0;15;19;-1;0;0;32.7;981.8;8.5;2.2;8;0;1.8;113;8;0;60.3;68;211;102;15008;116;59.2;0
BAS;01.09.1990 00:00;9.4;19.8;14.2;-1.2;-1.6;-0.9;0;11.8;0;-1.6;0;0;24.9;980.6;5;0.5;0;43.7;2.1;131;8;0;69.3;99;157;106;10271;107;0;3.7
BAS;01.10.1990 00:00;8.5;17.1;12.3;1.2;0.9;1.7;0;11.6;0;0.7;0;0;24.2;976.2;1.6;-3.6;0;165.6;1.9;112;10;0;70.2;94;90;102;6858;107;0;37.6
BAS;01.11.1990 00:00;3.1;8.2;5.6;-0.4;-0.1;-1;5;7.7;0;-0.2;0;0;16.3;977.1;-2.4;-2;0;424.6;2.1;105;17;0;104.8;161;41;86;3077;78;0;192.6
BAS;01.12.1990 00:00;-0.5;3.5;1.6;-1.3;-0.9;-2.2;20;5.6;0;-0.8;4;0;15.7;980.1;-5.4;-1.1;0;571;1.8;75;11;0;52.8;81;31;95;2908;89;0;323
BAS;01.01.1991 00:00;-0.2;5;2.4;0.2;0.3;-0.1;15;5.9;0;-0.1;6;0;19;986.2;-8.6;4.4;0;536.9;2.5;104;10;0;37.3;78;35;85;3508;91;0;296.9
BAS;01.02.1991 00:00;-3.9;4.3;-0.3;-3.5;-3.8;-2.8;22;5;0;-0.9;8;0;16.9;979.1;-13.7;-1.6;0;567.1;1.7;74;3;0;14.4;32;81;112;6068;119;0;343.1
BAS;01.03.1991 00:00;4.7;12.4;8.3;1.3;2.1;0.6;4;8.4;0;1.5;0;0;20.3;975.7;-2.4;-3.6;0;349.3;1.5;65;8;0;58.1;117;96;79;5567;69;0;117.3
BAS;01.04.1991 00:00;3.5;14.6;8.8;-1.9;-2;-1.6;5;7.1;0;-1.3;0;0;20.6;977.9;-2.5;0.9;0;298.6;1.1;58;7;0;29.7;47;179;101;10771;107;0;98.6
BAS;01.05.1991 00:00;5.5;16.5;11.1;-3.5;-4;-3.5;0;8.7;0;-2.8;0;0;24.6;980.8;1.5;2.3;0;236.9;1.8;100;9;0;42.8;44;216;103;11639;105;0;60.9
BAS;01.06.1991 00:00;11.4;20.5;15.8;-2.4;-1.7;-3.2;0;12.8;5;-1.6;0;0;28.9;978.3;6.6;-1.3;0;26.6;2.3;128;14;0;138.8;160;215;89;9169;72;12.5;2.6
BAS;01.07.1991 00:00;15;26.7;20.7;0.5;0.1;0.9;0;16.6;22;0.9;0;0;32.5;979.3;10.9;-0.2;7;0;1.9;106;9;0;135.4;152;256;106;15881;113;82.4;0
BAS;01.08.1991 00:00;14.2;26.7;20.3;0.6;-0.6;1.4;0;15.3;23;-0.7;0;0;32.8;981.6;9.2;2;3;0;1.7;106;4;0;12.2;14;231;112;16426;126;66.9;0
BAS;01.09.1991 00:00;12.4;22.5;17;1.6;1.4;1.8;0;14.2;12;0.8;0;0;28.3;979.3;6.6;-0.8;0;17.3;1.7;106;5;0;93.4;133;147;99;10246;107;12.9;1.3
BAS;01.10.1991 00:00;6.2;13.6;9.6;-1.5;-1.4;-1.8;2;10.1;0;-0.8;0;0;21.7;979.6;-1.6;-0.2;0;214.4;1.7;100;7;0;59.1;79;90;102;6301;98;0;86.4
BAS;01.11.1991 00:00;2.7;8.4;5.4;-0.6;-0.5;-0.8;3;7.4;0;-0.5;0;0;18.8;978.1;-0.9;-1;0;432.3;2.5;125;15;0;104.5;161;39;82;3342;85;0;200.3
BAS;01.12.1991 00:00;-1.8;3.4;0.6;-2.3;-2.2;-2.3;25;5.4;0;-1;7;0;12.1;990.8;-7;9.6;0;600.9;2.7;113;5;0;33;51;37;113;3818;117;0;352.9
BAS;01.01.1992 00:00;-2.3;3;0.2;-2;-1.8;-2.1;21;5.2;0;-0.8;4;0;16.1;991.2;-9.2;9.4;0;613;1.7;71;4;0;24.8;52;44;107;4314;111;0;365
BAS;01.02.1992 00:00;-0.6;7.2;3.1;-0.1;-0.5;0.1;13;6.1;0;0.2;3;0;14.7;987.9;-9;7.2;0;490.7;2.3;100;10;0;35.5;79;76;105;5749;112;0;258.7
BAS;01.03.1992 00:00;2.9;11.8;7.1;0.1;0.3;0;0;7.1;0;0.2;0;0;16.2;979.1;0.1;-0.2;0;399.5;2.7;117;9;0;51.6;104;105;86;5889;73;0;151.5
BAS;01.04.1992 00:00;4.8;14.8;9.7;-1;-0.7;-1.4;0;7.9;1;-0.5;0;0;25.8;976;0.7;-1;0;280.7;2.5;132;12;0;95.5;150;167;94;8950;89;0;88.7
BAS;01.05.1992 00:00;10.1;21.6;15.8;1.2;0.6;1.6;0;11.6;7;0.1;0;0;29.3;980.5;3.3;2;0;49.4;1.8;100;4;0;33.7;35;225;107;12564;113;8.7;9.4
BAS;01.06.1992 00:00;12.4;21.9;16.8;-1.4;-0.7;-1.8;0;14.2;5;-0.2;0;0;29.5;976.3;8.4;-3.3;0;8;1.6;89;16;0;124.4;144;206;85;8288;65;11.4;0
BAS;01.07.1992 00:00;15.3;25.4;20;-0.2;0.4;-0.4;0;16.8;17;1.1;0;0;32.2;980.3;12;0.8;4;0;1.7;94;11;0;92.9;104;229;94;12008;85;67.7;0
BAS;01.08.1992 00:00;16.1;27.4;21.4;1.7;1.3;2.1;0;16.9;21;0.9;0;1;34.3;978.6;11;-1;12;0;1.7;106;6;0;45.9;52;203;99;13207;102;104.3;0
BAS;01.09.1992 00:00;11.2;20.6;15.5;0.1;0.2;-0.1;0;13.4;3;0;0;0;26;982.1;5.6;2;0;25.8;1.7;106;10;0;30.9;44;141;95;8891;93;0.2;1.8
BAS;01.10.1992 00:00;6;11.7;8.6;-2.5;-1.6;-3.7;1;9.4;0;-1.5;0;0;20;972.3;-0.9;-7.5;0;319.7;2.1;124;14;0;99.7;134;54;61;2207;34;0;111.7
BAS;01.11.1992 00:00;4.6;11;7.7;1.7;1.4;1.8;1;8.9;0;1;0;0;18.4;981;-1.1;1.9;0;354.1;2.5;125;15;0;124;191;38;80;3166;81;0;130.1
BAS;01.12.1992 00:00;0.1;4.7;2.2;-0.7;-0.3;-1;14;6.1;0;-0.3;4;0;15.9;981.4;-7.6;0.2;0;551.3;2.5;104;9;0;65.4;101;30;92;3393;104;0;303.3
BAS;01.01.1993 00:00;0.8;8.1;4.4;2.2;1.3;3;9;6.9;0;0.9;4;0;18;988.5;-12;6.7;0;477.6;2.6;108;6;0;26.5;55;43;104;4223;109;0;237.6
BAS;01.02.1993 00:00;-2;4.2;0.7;-2.5;-1.9;-2.9;20;5.3;0;-0.6;3;0;9.1;989.3;-11.6;8.6;0;540.2;1.9;83;4;0;18;40;75;104;5497;107;0;316.2
BAS;01.03.1993 00:00;0.9;10.8;5.6;-1.4;-1.7;-1;14;6.1;0;-0.8;1;0;20.4;983.2;-9.2;3.9;0;430.6;1.9;83;4;0;20.9;42;136;112;9963;123;0;198.6
BAS;01.04.1993 00:00;7;17.2;11.8;1.1;1.5;1;0;8.9;2;0.5;0;0;27.6;974.4;0.2;-2.6;0;190.9;2.1;111;12;0;49;77;178;100;9829;98;0.2;54.9
BAS;01.05.1993 00:00;10.5;20.4;15.1;0.5;1;0.4;0;12.2;4;0.7;0;0;29.4;976.8;6.1;-1.7;0;39.4;1.8;100;11;0;89.8;92;197;94;9971;90;7.1;7.4
BAS;01.06.1993 00:00;13.2;22.8;17.8;-0.4;0.1;-0.9;0;14.6;9;0.2;0;0;30.2;979.4;8.6;-0.2;1;0;1.9;106;13;0;89.4;103;226;93;11157;88;27;0
BAS;01.07.1993 00:00;13.6;23.3;18.3;-1.9;-1.3;-2.5;0;14.8;12;-0.9;0;0;32.9;980.7;7.9;1.2;2;16.1;2.2;122;14;0;101.4;114;220;91;11396;81;44.5;0.1
BAS;01.08.1993 00:00;13;24.1;18.4;-1.3;-1.8;-1.2;0;14.9;17;-1.1;0;0;31.6;981.2;6.5;1.6;3;8.4;1.8;113;10;0;90.2;102;211;102;14373;111;51.4;0.4
BAS;01.09.1993 00:00;9.9;18.3;13.7;-1.7;-1.1;-2.4;0;12.8;2;-0.6;0;0;25.9;975.6;3.4;-4.5;0;73.7;1.9;119;17;0;127;181;120;81;6458;67;1.4;9.7
BAS;01.10.1993 00:00;6.5;11.7;8.8;-2.3;-1.1;-3.7;1;9.9;0;-1;0;0;18.7;976.6;-0.3;-3.2;0;297.9;1.9;112;15;0;84.5;114;53;60;2341;36;0;105.9
BAS;01.11.1993 00:00;0.2;4.6;2.3;-3.7;-3;-4.6;14;6.1;0;-1.8;9;0;16.3;981.6;-8.2;2.5;0;532.1;1.9;95;3;0;10.5;16;38;80;2043;52;0;292.1
BAS;01.12.1993 00:00;2.3;8.7;5.5;2.6;1.9;3;7;7;0;0.6;0;0;17.9;975.9;-2.2;-5.3;0;443.9;3.5;146;19;0;72.6;112;26;80;1535;47;0;203.9
BAS;01.01.1994 00:00;0.8;7;3.8;1.6;1.3;1.9;10;6.5;0;0.5;2;0;14.9;978.8;-7.6;-3;0;503.2;2.6;108;13;0;54.8;115;41;99;3695;95;0;255.2
BAS;01.02.1994 00:00;0.5;6.8;3.3;0.1;0.6;-0.3;11;6.4;0;0.5;1;0;15.5;976.4;-4.9;-4.3;0;467.9;2.1;91;10;0;54.3;120;56;78;2359;46;0;243.9
BAS;01.03.1994 00:00;6.4;14.3;10.3;3.3;3.8;2.5;1;8.5;0;1.6;0;0;23.1;982.7;-0.8;3.4;0;261.4;2.7;117;8;0;26.9;54;104;85;5749;71;0;69.4
BAS;01.04.1994 00:00;4.2;13;8.4;-2.3;-1.3;-3.2;1;8.3;1;-0.1;0;0;25.2;974.8;-1.2;-2.2;0;301.2;2.3;121;14;0;84.8;134;134;76;6017;60;0;125.2
BAS;01.05.1994 00:00;9.3;19;13.9;-0.7;-0.2;-1;0;12.2;0;0.7;0;0;24.7;976.2;3.5;-2.3;0;45.3;1.8;100;17;0;172.7;177;180;86;8191;74;0;5.3
BAS;01.06.1994 00:00;12.4;23.4;17.9;-0.3;-0.7;-0.3;0;14.7;15;0.3;0;0;30.7;981.7;6.4;2.1;1;37;2.1;117;8;0;49.7;57;234;96;11893;94;42.9;5
BAS;01.07.1994 00:00;16.8;28.5;22.4;2.2;1.9;2.7;0;17.9;26;2.2;0;0;33.7;979.7;11.4;0.2;12;0;1.8;100;6;0;39;44;248;102;14516;103;127.8;0
BAS;01.08.1994 00:00;15.1;25.9;20.1;0.4;0.3;0.6;0;16.7;15;0.7;0;0;34.3;978.5;9.4;-1.1;7;0;1.8;113;11;0;96.2;109;201;98;12199;94;70.1;0
BAS;01.09.1994 00:00;11;18.9;14.6;-0.8;0;-1.8;0;13.7;0;0.3;0;0;24.9;977.7;4.8;-2.4;0;51.1;1.8;113;13;0;100.7;143;116;78;5092;53;1.4;11.1
BAS;01.10.1994 00:00;6.1;15;10.1;-1;-1.5;-0.4;1;10.2;0;-0.7;0;0;22.8;979.3;-0.8;-0.5;0;254.7;1.7;100;9;0;57.3;77;94;107;7194;112;0;78.7
BAS;01.11.1994 00:00;6;11.9;8.8;2.8;2.8;2.7;1;9.9;0;2;0;0;16.2;983;-0.6;3.9;0;329.7;1.7;85;6;0;29.5;45;47;99;3280;84;0;97.7
BAS;01.12.1994 00:00;2.5;7.4;4.9;2;2.1;1.7;7;7.2;0;0.8;1;0;13.8;984.3;-2.1;3.1;0;467.9;2.4;100;13;0;82.6;127;28;86;2427;75;0;219.9
BAS;01.01.1995 00:00;-1.5;4.7;1.7;-0.5;-1;-0.4;16;5.5;0;-0.5;6;0;14.7;980.5;-10;-1.3;0;567.2;3.3;138;19;0;89.4;187;41;99;3569;92;0;319.2
BAS;01.02.1995 00:00;2.9;10.7;6.5;3.3;3;3.6;3;7.4;0;1.5;0;0;16.3;978.9;-0.4;-1.8;0;377.5;2.5;109;12;0;86.2;191;65;90;3964;77;0;153.5
BAS;01.03.1995 00:00;0.7;10.1;5.2;-1.8;-1.9;-1.7;13;6;0;-0.9;0;0;18.8;978.1;-2.6;-1.2;0;459.3;2.9;126;14;0;93;188;123;101;7950;98;0;211.3
BAS;01.04.1995 00:00;5.5;14.9;10;-0.7;0;-1.3;1;8.8;0;0.4;0;0;22.6;979;-0.2;2;0;238.2;2.1;111;9;0;46.1;73;156;88;7746;77;0;70.2
BAS;01.05.1995 00:00;8.4;19.3;13.8;-0.8;-1.1;-0.7;0;10.8;5;-0.7;0;0;27;978.4;1.6;-0.1;0;110;1.8;100;11;0;180.7;185;200;95;11304;102;2.8;22
BAS;01.06.1995 00:00;10.7;21;15.6;-2.6;-2.4;-2.7;0;12.9;8;-1.5;0;0;30.4;979.3;7;-0.3;2;25.2;1.8;100;10;0;45.5;53;214;88;9243;73;22.6;1.2
BAS;01.07.1995 00:00;16.2;27.4;21.6;1.4;1.3;1.6;0;17.8;25;2.1;0;1;33.8;978.7;11.9;-0.8;6;0;1.8;100;7;0;101.2;114;265;109;16250;115;104.3;0
BAS;01.08.1995 00:00;14.5;23.9;18.7;-1;-0.3;-1.4;0;16.2;13;0.2;0;0;31.4;979.3;6.7;-0.3;2;24.6;1.7;106;13;0;87.9;100;186;90;10299;79;42.3;0.6
BAS;01.09.1995 00:00;9.5;17.5;13.1;-2.3;-1.5;-3.2;0;12;0;-1.4;0;0;22;976.8;2.6;-3.3;0;58.3;1.9;119;10;0;95.2;136;121;81;6210;65;0;10.3
BAS;01.10.1995 00:00;10.4;18.4;13.9;2.8;2.8;3;0;13.6;1;2.7;0;0;25.4;984.5;5.8;4.7;0;76.4;1.5;88;5;0;8.2;11;98;111;7617;119;0;12.4
BAS;01.11.1995 00:00;1.7;8.2;4.8;-1.2;-1.5;-1;11;7.2;0;-0.7;0;0;16.7;980.7;-4.9;1.6;0;456;1.9;95;8;0;77.7;120;51;107;4700;120;0;216
BAS;01.12.1995 00:00;-1;3.1;1;-1.9;-1.4;-2.6;21;5.9;0;-0.5;4;0;15.6;977.3;-5.9;-3.9;0;580;1.8;75;14;0;103.2;159;26;80;1309;40;0;340
BAS;01.01.1996 00:00;-0.5;3.2;1;-1.2;0;-1.9;18;5.7;0;-0.3;2;0;10.4;975.8;-4.3;-6;0;588.4;2.1;88;2;0;7;15;42;102;3756;97;0;340.4
BAS;01.02.1996 00:00;-2;4.2;0.8;-2.4;-1.9;-2.9;20;4.9;0;-1;5;0;13.5;975.3;-8;-5.4;0;555.8;2.4;104;7;0;32.7;72;67;93;4764;93;0;323.8
BAS;01.03.1996 00:00;0.2;9.5;4.4;-2.6;-2.4;-2.3;18;5.9;0;-1;0;0;20.2;977.4;-8.3;-1.9;0;462.6;1.8;78;4;0;60.4;122;132;108;9369;116;0;238.6
BAS;01.04.1996 00:00;5.3;16.5;10.7;0;-0.2;0.3;3;8;2;-0.4;0;0;26.9;978.4;-2;1.4;0;208.9;1.9;100;7;0;27.3;43;184;104;10716;107;1.4;72.9
BAS;01.05.1996 00:00;8.6;17.4;12.8;-1.8;-0.9;-2.6;0;11.3;3;-0.2;0;0;29.1;976.4;4;-2.1;0;129.1;2;111;18;0;89.2;91;169;81;8209;74;4.3;25.1
BAS;01.06.1996 00:00;12.4;23.8;18;-0.2;-0.7;0.1;0;13.7;13;-0.7;0;0;31.9;982.6;7.9;3;4;17.4;2;111;8;0;77.9;90;248;102;14236;112;42.2;1.4
BAS;01.07.1996 00:00;12.8;23.8;18.2;-2;-2.1;-2;0;14.3;13;-1.4;0;0;29;980.8;8.9;1.3;0;0;1.9;106;9;0;92.7;104;237;98;13935;99;36.2;0
BAS;01.08.1996 00:00;13.6;23.3;17.9;-1.8;-1.2;-2;0;15.6;11;-0.4;0;0;29.7;978.9;9.4;-0.7;0;0;1.6;100;13;0;124;140;183;89;10120;78;22.4;0
BAS;01.09.1996 00:00;7.7;17.1;12.1;-3.3;-3.3;-3.6;0;10.7;0;-2.7;0;0;22.5;978;3.8;-2.1;0;146.6;1.7;106;6;0;40.8;58;140;94;8204;85;0;18.6
BAS;01.10.1996 00:00;7.1;14.8;10.6;-0.5;-0.5;-0.6;0;10.3;0;-0.6;0;0;20.6;981.1;1.3;1.3;0;235;1.8;106;12;0;92.1;124;78;88;5955;93;0;51
BAS;01.11.1996 00:00;3;8.7;5.8;-0.2;-0.2;-0.5;6;7.7;0;-0.2;0;0;18.3;975.4;-2;-3.7;0;418.6;2.4;120;15;0;120.1;185;40;84;2942;75;0;186.6
BAS;01.12.1996 00:00;-2.1;2.4;0.1;-2.8;-2.5;-3.3;17;5.6;0;-0.8;9;0;10.5;975.5;-15;-5.7;0;618.4;2;83;10;0;68.8;106;28;86;3019;93;0;370.4
BAS;01.01.1997 00:00;-3.3;0.6;-1.6;-3.8;-2.8;-4.5;22;4.9;0;-1.1;15;0;8.5;983.3;-12.2;1.5;0;668.5;1.7;71;5;0;31.7;66;32;77;2662;69;0;420.5
BAS;01.02.1997 00:00;1.9;10.3;5.8;2.6;2;3.2;10;6.6;0;0.7;0;0;16.6;985.7;-2.8;5;0;393;2.9;126;9;0;57.2;127;77;107;6070;119;0;177
BAS;01.03.1997 00:00;3.9;14.2;8.9;1.9;1.3;2.4;2;7.8;0;0.9;0;0;20.8;986.5;-0.6;7.2;0;323;2.1;91;6;0;17.6;36;126;103;8555;106;0;99
BAS;01.04.1997 00:00;2.6;15.1;9.2;-1.5;-2.9;-1.1;10;6.7;0;-1.7;0;0;22.4;981.6;-2.1;4.6;0;291.2;2;105;10;0;55.1;87;209;118;13915;139;0;91.2
BAS;01.05.1997 00:00;8.8;20.5;14.5;-0.1;-0.7;0.5;0;10.7;5;-0.8;0;0;28;978.4;4.3;-0.1;0;53.2;2;111;7;0;59.1;61;230;110;13736;123;3.7;13.2
BAS;01.06.1997 00:00;12.5;22.1;17;-1.2;-0.6;-1.6;0;13.8;8;-0.6;0;0;30.5;974.3;8.3;-5.3;1;8;1.8;100;14;0;133.2;154;206;85;8224;65;21.9;0
BAS;01.07.1997 00:00;13.4;23.1;18;-2.2;-1.5;-2.7;0;15.2;12;-0.5;0;0;28.1;980.7;10.2;1.2;0;0;1.7;94;14;0;122.8;138;220;91;11911;85;24.7;0
BAS;01.08.1997 00:00;16.1;27;20.9;1.2;1.3;1.7;0;17.4;26;1.4;0;0;31;979.7;12.1;0.1;6;0;1.4;88;7;0;24.7;28;208;101;13536;104;93.8;0
BAS;01.09.1997 00:00;10.8;22.1;15.8;0.4;-0.2;1.4;0;13.8;5;0.4;0;0;29.7;983.6;4.8;3.5;0;17.5;1.4;88;5;0;64.6;92;173;116;13370;139;8.3;1.5
BAS;01.10.1997 00:00;6.1;14.7;9.9;-1.2;-1.5;-0.7;6;9.9;1;-1;0;0;25.3;980;-4.8;0.2;0;275.8;1.7;100;7;0;43.5;58;100;113;8775;137;1.9;107.8
BAS;01.11.1997 00:00;3.1;9;5.7;-0.3;-0.1;-0.2;5;7.6;0;-0.3;0;0;14.5;972.6;-3.8;-6.5;0;428.2;1.7;85;10;0;51.9;80;49;103;3944;100;0;188.2
BAS;01.12.1997 00:00;1.3;5.7;3.5;0.6;0.9;0;14;6.7;0;0.3;2;0;15.9;976.7;-3.3;-4.5;0;512.1;2.1;88;13;0;91.3;140;24;73;1767;54;0;264.1
BAS;01.01.1998 00:00;0.8;6.8;3.5;1.3;1.3;1.7;10;6;0;0;2;0;14.5;981;-6.9;-0.8;0;511.3;2.5;104;12;0;52.6;110;38;92;4248;110;0;263.3
BAS;01.02.1998 00:00;0.2;10;4.6;1.4;0.3;2.9;11;6.4;0;0.5;2;0;16.8;988.3;-7.5;7.6;0;431.3;1.7;74;4;0;24.5;54;89;123;8639;169;0;207.3
BAS;01.03.1998 00:00;2.7;11.9;7.1;0.1;0.1;0.1;9;6.4;0;-0.5;0;0;23.2;985;-3;5.7;0;381.2;2.2;96;7;0;36.8;74;120;98;8134;101;0;165.2
BAS;01.04.1998 00:00;5.6;14.7;9.7;-1;0.1;-1.5;0;8.6;0;0.2;0;0;22.8;969.2;0;-7.8;0;248.8;2.1;111;17;0;100.5;158;146;82;7246;72;0;88.8
BAS;01.05.1998 00:00;9.3;21.6;15.5;0.9;-0.2;1.6;0;11;8;-0.5;0;0;29.4;978.1;3.3;-0.4;0;44.8;1.7;94;8;0;49.5;51;241;115;14515;130;12.6;4.8
BAS;01.06.1998 00:00;12.8;23.8;18.1;-0.1;-0.3;0.1;0;14;14;-0.4;0;0;32.6;980.2;5.2;0.6;4;9.7;1.9;106;10;0;75;87;249;103;13249;104;38.5;1.7
BAS;01.07.1998 00:00;14.6;24.6;19.2;-1;-0.3;-1.2;0;14.9;13;-0.8;0;1;35.2;978.2;9.9;-1.3;4;0;2.1;117;10;1;101.9;115;219;90;11253;80;52;0
BAS;01.08.1998 00:00;13.7;24.6;18.9;-0.8;-1.1;-0.7;0;14.7;14;-1.3;0;1;34.8;981;6;1.4;7;16.3;1.7;106;6;0;73.2;83;212;103;15225;117;60.9;0.3
BAS;01.09.1998 00:00;11.1;19.3;14.6;-0.8;0.1;-1.4;0;13.3;2;-0.1;0;0;26.6;975.8;5.4;-4.3;0;54.4;1.8;113;15;0;118.7;169;130;87;7037;73;3.6;6.4
BAS;01.10.1998 00:00;8;14.7;10.9;-0.2;0.4;-0.7;0;10.4;0;-0.5;0;0;23.4;978.7;3.5;-1.1;0;231.6;1.9;112;15;0;89.3;120;69;78;3848;60;0;47.6
BAS;01.11.1998 00:00;0.3;6;3;-3;-2.9;-3.2;14;6.3;0;-1.6;4;0;14.7;981.4;-8.8;2.3;0;510.6;1.8;90;12;0;62.7;97;49;103;4703;120;0;270.6
BAS;01.12.1998 00:00;-0.2;5;2.2;-0.7;-0.6;-0.7;17;5.9;0;-0.5;2;0;13.5;984.5;-5.3;3.3;0;552.5;2.1;88;4;0;21.9;34;36;110;4730;145;0;304.5
BAS;01.01.1999 00:00;0.4;7.2;3.3;1.1;0.9;2.1;13;6.2;0;0.2;3;0;13.4;980;-6;-1.8;0;518.3;2.5;104;8;0;42.7;89;46;111;5810;150;0;270.3
BAS;01.02.1999 00:00;-1.4;4;1.2;-2;-1.3;-3.1;15;5.6;0;-0.3;7;0;12.3;980.3;-14.2;-0.4;0;525.8;2.6;113;12;0;84.8;188;58;80;3128;61;0;301.8
BAS;01.03.1999 00:00;3.4;11.6;7.2;0.2;0.8;-0.2;4;7.5;0;0.6;0;0;19.9;975.8;-0.7;-3.5;0;397.5;2;87;7;0;48.6;98;104;85;6809;84;0;149.5
BAS;01.04.1999 00:00;6.2;15.1;10.1;-0.6;0.7;-1.1;0;9;0;0.6;0;0;22.3;977.4;1.4;0.4;0;229.9;2.1;111;14;0;93.8;148;148;83;6628;66;0;69.9
BAS;01.05.1999 00:00;11.6;21;15.9;1.3;2.1;1;0;13.4;5;1.9;0;0;30.7;978.7;7.5;0.2;1;9.7;1.7;94;14;0;141.3;145;198;94;10418;94;15.8;1.7
BAS;01.06.1999 00:00;11.8;22.1;16.4;-1.8;-1.3;-1.6;0;13.3;4;-1.1;0;0;29.2;981.6;7.5;2;0;0;1.8;100;15;0;126.4;146;241;99;11967;94;7.3;0
BAS;01.07.1999 00:00;15.5;25.3;19.9;-0.3;0.6;-0.5;0;16.8;18;1.1;0;1;32.1;979.4;9.7;-0.1;2;0;1.7;94;10;0;132.2;149;232;96;13403;95;59.8;0
BAS;01.08.1999 00:00;15.4;24.3;19;-0.7;0.6;-1;0;16.9;12;0.9;0;0;29.9;977.5;10.4;-2.1;0;0;1.7;106;12;0;102.1;116;186;90;10372;80;41.3;0
BAS;01.09.1999 00:00;13.8;22.7;17.5;2.1;2.8;2;0;15.3;10;1.9;0;0;29.4;976.4;11.5;-3.7;0;0;1.7;106;10;0;102;145;146;98;10081;105;16.2;0
BAS;01.10.1999 00:00;7.7;14.9;10.5;-0.6;0.1;-0.5;0;10.5;0;-0.4;0;0;18.8;980.4;1;0.6;0;217.8;1.8;106;9;0;98.2;132;89;101;6644;103;0;57.8
BAS;01.11.1999 00:00;1.7;6.1;3.4;-2.6;-1.5;-3.1;11;6.8;0;-1.1;1;0;16.9;983.8;-5.3;4.7;0;497.2;1.8;90;10;0;59;91;43;91;4115;105;0;257.2
BAS;01.12.1999 00:00;0.7;6.6;3.4;0.5;0.3;0.9;14;6.3;0;-0.1;2;0;13.8;977.8;-6.2;-3.4;0;513.9;2.9;121;13;0;119.9;184;32;98;2925;90;0;265.9
BAS;01.01.2000 00:00;-0.2;4.2;1.7;-0.5;0.3;-0.9;13;5.8;0;-0.2;4;0;10.6;987.8;-10.6;6;0;565.9;2.3;96;5;0;19.3;40;39;94;4166;108;0;317.9
BAS;01.02.2000 00:00;2.5;9.4;5.4;2.2;2.6;2.3;6;6.9;0;1;0;0;19.3;985.8;-2.2;5.1;0;424.5;2.5;109;13;0;74.5;165;62;86;4467;87;0;192.5
BAS;01.03.2000 00:00;3.6;11.6;7.3;0.3;1;-0.2;3;6.9;0;0;0;0;19.1;982.9;-2.2;3.6;0;387.2;2.2;96;8;0;34.1;69;110;90;7413;92;0;147.2
BAS;01.04.2000 00:00;6.1;16.7;11;0.3;0.6;0.5;1;9;2;0.6;0;0;27.5;971.2;-1.6;-5.8;0;213.7;1.9;100;10;0;53.5;84;163;92;9093;91;0;61.7
BAS;01.05.2000 00:00;11.1;21.9;15.9;1.3;1.6;1.9;0;12.6;7;1.1;0;0;28.3;979.2;6.5;0.7;0;8.3;2;111;11;0;54.6;56;221;105;11994;108;6.6;0.3
BAS;01.06.2000 00:00;13;24.8;18.6;0.4;-0.1;1.1;0;13.8;15;-0.6;0;0;32.4;983;7.5;3.4;4;0;1.8;100;9;0;67.4;78;272;112;16661;131;44.8;0
BAS;01.07.2000 00:00;13.3;22.2;17;-3.2;-1.6;-3.6;0;14.3;8;-1.4;0;0;32.8;977.4;9.3;-2.1;1;0;2;111;20;0;138.7;156;210;87;10936;78;17.9;0
BAS;01.08.2000 00:00;15.4;25.5;19.8;0.1;0.6;0.2;0;16.7;16;0.7;0;0;32.8;980.9;11.7;1.3;3;0;1.6;100;10;0;98;111;206;100;14400;111;62.6;0
BAS;01.09.2000 00:00;12.2;21.6;16.2;0.8;1.2;0.9;0;14.1;4;0.7;0;0;26.8;978.3;8.4;-1.8;0;0;1.7;106;6;0;54.4;77;159;107;11754;122;5.9;0
BAS;01.10.2000 00:00;8.8;15.5;11.5;0.4;1.2;0.1;0;11.2;0;0.3;0;0;19.9;978.4;3.3;-1.4;0;163.9;1.5;88;14;0;63.5;85;81;92;4950;77;0;27.9
BAS;01.11.2000 00:00;5.1;10.4;7.3;1.3;1.9;1.2;0;8.1;0;0.2;0;0;14.5;972.2;0.6;-6.9;0;381;2.2;110;16;0;87.8;135;45;95;3671;94;0;141
BAS;01.12.2000 00:00;3.4;7.9;5.2;2.3;3;2.2;7;7.2;0;0.8;0;0;15.4;975.6;-2.1;-5.6;0;459.1;2.4;100;10;0;40.9;63;34;104;3745;115;0;211.1
BAS;01.01.2001 00:00;1.1;6;3.1;0.9;1.6;0.9;10;6.3;0;0.3;1;0;14.5;976.3;-4.4;-5.5;0;522.4;2.3;96;13;0;81.2;170;39;94;3783;98;0;274.4
BAS;01.02.2001 00:00;1.6;8.1;4.4;1.2;1.7;1;10;6.3;0;0.4;0;0;16.4;981;-4.2;0.3;0;438;2.2;96;5;0;20.5;45;71;98;4766;93;0;214
BAS;01.03.2001 00:00;5.5;11.9;8.1;1.1;2.9;0.1;1;8.6;0;1.7;0;0;21.3;970.2;-0.4;-9.1;0;355;2.5;109;24;0;188.8;381;83;68;3535;44;0;123
BAS;01.04.2001 00:00;4.6;12.7;8.1;-2.6;-0.9;-3.5;1;8.1;0;-0.3;0;0;22.7;977.1;-0.3;0.1;0;328.2;2.2;116;17;0;110.2;174;139;78;5655;56;0;120.2
BAS;01.05.2001 00:00;10.5;20.9;15.7;1.1;1;0.9;0;13.1;6;1.6;0;0;29.3;978.8;4.9;0.3;0;50.2;1.8;100;11;0;117.8;121;216;103;13110;118;16;10.2
BAS;01.06.2001 00:00;11;21.5;16.2;-2;-2.1;-2.2;0;12.8;8;-1.6;0;0;31.2;980.7;4.9;1.1;1;27.6;2;111;14;0;120.4;139;242;100;13760;108;19;3.6
BAS;01.07.2001 00:00;14.4;25.1;19.7;-0.5;-0.5;-0.7;0;15.9;16;0.2;0;0;31;978.8;10.9;-0.7;2;0;1.7;94;10;0;75;84;240;99;14719;104;60.5;0
BAS;01.08.2001 00:00;15;26.2;20.3;0.6;0.2;0.9;0;16.6;19;0.6;0;0;33.6;980.1;9.3;0.5;6;0;1.6;100;8;0;45.7;52;217;105;14688;113;71.6;0
BAS;01.09.2001 00:00;8.9;17.2;12.7;-2.7;-2.1;-3.5;0;11.8;0;-1.6;0;0;23.7;978.1;3.8;-2;0;102;1.9;119;13;0;84.7;121;118;79;5020;52;0;14
BAS;01.10.2001 00:00;10.2;19.3;14.2;3.1;2.6;3.9;0;13.5;1;2.6;0;0;26.9;981.9;6.4;2.1;0;41.7;1.5;88;9;0;64.3;86;107;121;9025;141;1.6;1.7
BAS;01.11.2001 00:00;0.6;7;3.7;-2.3;-2.6;-2.2;14;6.9;0;-1;0;0;13.2;984.7;-4.4;5.6;0;490.2;1.7;85;14;0;75.2;116;51;107;4235;108;0;250.2
BAS;01.12.2001 00:00;-2.5;3.7;0.9;-2;-2.9;-2;23;5.6;0;-0.8;7;0;12.9;985.3;-13;4.1;0;591.5;2.2;92;7;0;27.9;43;35;107;3570;110;0;343.5
BAS;01.01.2002 00:00;-1.9;4.8;1.4;-0.8;-1.4;-0.3;19;5.7;0;-0.3;9;0;15.8;988.5;-10;6.7;0;567.8;2.1;88;3;0;9.7;20;48;116;5563;144;0;327.8
BAS;01.02.2002 00:00;3.7;10.4;6.9;3.7;3.8;3.3;5;7.3;0;1.4;0;0;17.1;979.6;-3.5;-1.1;0;351.4;3.1;135;12;0;65.3;144;57;79;2880;56;0;143.4
BAS;01.03.2002 00:00;3.5;13.3;8.2;1.2;0.9;1.5;7;7.3;0;0.4;0;0;20.9;980.7;-3.4;1.4;0;326.7;2.2;96;4;0;24.7;50;133;109;9223;114;0;126.7
BAS;01.04.2002 00:00;4.4;15.6;10.1;-0.6;-1.1;-0.6;2;7.7;0;-0.7;0;0;22.5;976.9;-1.4;-0.1;0;239.7;1.9;100;6;0;42.7;67;179;101;9478;94;0;71.7
BAS;01.05.2002 00:00;8.5;18.3;13.5;-1.1;-1;-1.7;0;11.3;3;-0.2;0;0;29.5;977.8;1.2;-0.7;0;105.7;1.8;100;12;0;142.5;146;190;91;9695;87;5.2;25.7
BAS;01.06.2002 00:00;13.9;25.3;19.5;1.3;0.8;1.6;0;15.9;18;1.5;0;0;34.5;979.5;8.4;-0.1;6;0;1.8;100;9;0;79.3;92;259;107;14690;116;69.4;0
BAS;01.07.2002 00:00;14;23.9;18.8;-1.4;-0.9;-1.9;0;15.5;12;-0.2;0;0;30.4;978.6;9.1;-0.9;1;0;1.8;100;11;0;93.9;106;216;89;11910;85;33.9;0
BAS;01.08.2002 00:00;14.2;23.8;18.5;-1.2;-0.6;-1.5;0;16.6;11;0.6;0;0;30.9;978.2;10.9;-1.4;1;0;1.4;88;14;0;110.3;125;185;90;9950;77;27.6;0
BAS;01.09.2002 00:00;10;18.4;13.8;-1.6;-1;-2.3;0;13.1;1;-0.3;0;0;25.4;980.6;2.3;0.5;0;87.7;1.4;88;10;0;100.3;143;129;87;7532;78;0.6;23.7
BAS;01.10.2002 00:00;6.9;15.3;10.8;-0.3;-0.7;-0.1;0;10.4;0;-0.5;0;0;22.5;977.5;2.3;-2.3;0;226.3;2.1;124;14;0;154.9;208;83;94;5506;86;0;50.3
BAS;01.11.2002 00:00;5.6;10.4;7.9;1.9;2.4;1.2;0;9.4;0;1.5;0;0;16.3;973.5;1.9;-5.6;0;338.8;2.1;105;23;0;177.3;273;37;78;2372;60;0;122.8
BAS;01.12.2002 00:00;3.4;7.2;5.1;2.2;3;1.5;7;7.7;0;1.3;1;0;14.7;978.3;-2.6;-2.9;0;456;2.2;92;11;0;47.4;73;25;76;1397;43;0;216
BAS;01.01.2003 00:00;-1.5;3.8;1.2;-1;-1;-1.3;19;5.7;0;-0.3;10;0;15.9;979.1;-11.2;-2.7;0;576.9;2.4;100;12;0;53.2;111;35;85;2481;64;0;336.9
BAS;01.02.2003 00:00;-3.2;4;0.2;-3;-3.1;-3.1;25;4.4;0;-1.5;6;0;14.2;982.4;-10.8;1.7;0;555.6;2.1;91;4;0;29.6;65;84;117;6689;131;0;331.6
BAS;01.03.2003 00:00;2.9;15;8.7;1.7;0.3;3.2;8;6.6;0;-0.3;0;0;22;984.9;-1.6;5.6;0;320.6;1.9;83;5;0;16;32;146;120;11806;146;0;112.6
BAS;01.04.2003 00:00;4.9;16.6;10.7;0;-0.6;0.4;6;7.7;2;-0.7;0;0;27;977.8;-3.8;0.8;0;193.6;1.9;100;8;0;53.5;84;195;110;12191;121;0;81.6
BAS;01.05.2003 00:00;10.6;20.6;15.3;0.7;1.1;0.6;0;12.7;9;1.2;0;0;28.1;980.8;3.2;2.3;0;46.6;1.8;100;11;0;80.4;82;199;95;9499;85;9.5;6.6
BAS;01.06.2003 00:00;17.4;30;23.3;5.1;4.3;6.3;0;17.3;30;2.9;0;2;35.9;979.1;12.9;-0.5;14;0;1.8;100;4;1;21;24;290;120;17566;138;148.9;0
BAS;01.07.2003 00:00;15.6;27.5;21.3;1.1;0.7;1.7;0;15.2;22;-0.5;0;0;36.3;979.7;11.5;0.2;9;0;1.7;94;10;1;67.7;76;254;105;15363;109;101.6;0
BAS;01.08.2003 00:00;17.1;31.2;23.8;4.1;2.3;5.9;0;16;29;0;0;5;38.6;979.8;9.9;0.2;18;0;1.5;94;9;10;58.8;67;238;116;17122;132;174.6;0
BAS;01.09.2003 00:00;9.9;22;15.5;0.1;-1.1;1.3;0;11.9;6;-1.5;0;0;28.7;983.1;3.8;3;0;9.3;1.4;88;8;0;46.3;66;174;117;12257;128;4.7;1.3
BAS;01.10.2003 00:00;4.1;12;7.8;-3.3;-3.5;-3.4;5;8.9;0;-2;0;0;23.6;976;-3.5;-3.8;0;343.1;1.8;106;14;0;123.2;166;86;98;6356;99;0;143.1
BAS;01.11.2003 00:00;3.2;10.4;6.6;0.6;0;1.2;2;8.1;0;0.2;0;0;15.1;979.5;-0.9;0.4;0;403;1.7;85;5;0;46.5;72;55;116;4592;117;0;163
BAS;01.12.2003 00:00;-0.2;5.2;2.4;-0.5;-0.6;-0.5;18;6;0;-0.4;0;0;12.5;981.5;-4.8;0.3;0;546.6;2.3;96;6;0;18.4;28;36;110;4283;132;0;298.6
BAS;01.01.2004 00:00;-0.4;4.9;2.3;0.1;0.1;-0.2;21;6;0;0;2;0;14.4;974.9;-8.7;-6.9;0;548.7;2.6;108;15;0;124;259;37;90;2300;59;0;300.7
BAS;01.02.2004 00:00;-0.7;7.3;3;-0.2;-0.6;0.2;17;5.6;0;-0.3;0;0;16.7;982.5;-8.6;1.8;0;491.7;2;87;5;0;36.9;82;84;117;6462;126;0;259.7
BAS;01.03.2004 00:00;1.6;10.4;5.7;-1.3;-1;-1.4;13;6.3;0;-0.6;0;0;23.6;982.9;-5;3.6;0;409.2;2.1;91;9;0;41.2;83;118;97;7070;88;0;201.2
BAS;01.04.2004 00:00;5.4;16.3;10.6;-0.1;-0.1;0.1;0;8.3;0;-0.1;0;0;24.2;975.3;1.3;-1.7;0;215;2.1;111;6;0;19.1;30;178;100;8826;88;0;63
BAS;01.05.2004 00:00;7.6;18.6;13.2;-1.4;-1.9;-1.4;0;9.8;5;-1.7;0;0;27.3;977.3;2.9;-1.2;0;106.5;1.8;100;12;0;50.9;52;225;107;12620;113;2.8;26.5
BAS;01.06.2004 00:00;12.5;22.9;17.7;-0.5;-0.6;-0.8;0;13.4;10;-1;0;0;31.2;981.2;8.8;1.6;3;0;2;111;10;0;70.1;81;237;98;11890;94;26.9;0
BAS;01.07.2004 00:00;14.5;25.1;19.4;-0.8;-0.4;-0.7;0;14.9;16;-0.8;0;1;30.9;980.5;9.5;1;3;0;1.9;106;9;0;71.3;80;237;98;12794;91;60.1;0
BAS;01.08.2004 00:00;15.7;25.2;19.8;0.1;0.9;-0.1;0;16.5;15;0.5;0;0;32;977.6;11.6;-2;7;0;1.9;119;12;0;79.6;90;186;90;10030;77;62.4;0
BAS;01.09.2004 00:00;11.8;21.6;16.4;1;0.8;0.9;0;13.7;10;0.3;0;0;28.1;983.5;6.5;3.4;0;28.3;1.8;113;6;0;34.9;50;155;104;10256;107;17.2;4.3
BAS;01.10.2004 00:00;9.3;16.2;12.3;1.2;1.7;0.8;0;12;1;1.1;0;0;28.1;975.6;4.6;-4.2;0;168.2;1.7;100;18;0;173.6;233;78;88;4887;76;0.3;32.2
BAS;01.11.2004 00:00;2.4;7.9;5.2;-0.8;-0.8;-1.3;9;7.6;0;-0.3;0;0;16.1;983.5;-4.2;4.4;0;442.8;1.6;80;7;0;26.5;41;42;88;2237;57;0;202.8
BAS;01.12.2004 00:00;-1;3.7;1.3;-1.6;-1.4;-2;17;5.9;0;-0.5;3;0;11.5;982.2;-10.7;1;0;581.2;2;83;10;0;63.8;98;30;92;2789;86;0;333.2
BAS;01.01.2005 00:00;-1.3;5.3;1.8;-0.4;-0.8;0.2;19;5.7;0;-0.3;6;0;13.3;986.2;-10.7;4.4;0;563.8;2.4;100;6;0;24.2;51;51;123;5448;141;0;315.8
BAS;01.02.2005 00:00;-2;3.6;0.6;-2.6;-1.9;-3.5;25;5.1;0;-0.8;4;0;13;980;-11.4;-0.7;0;543.5;2.3;100;8;0;26.1;58;68;94;3253;64;0;319.5
BAS;01.03.2005 00:00;1.7;11.8;6.6;-0.4;-0.9;0;12;7.3;0;0.4;2;0;22.5;979.2;-14.7;-0.1;0;374.7;1.9;83;8;0;40.5;82;134;110;9076;112;0;174.7
BAS;01.04.2005 00:00;6.1;15.1;10.5;-0.2;0.6;-1.1;1;8.8;2;0.4;0;0;26.3;976.7;-1.2;-0.3;0;260.9;1.8;95;10;0;80.3;126;148;83;7358;73;0.7;60.9
BAS;01.05.2005 00:00;9.1;20.4;14.6;0;-0.4;0.4;0;11.6;8;0.1;0;0;30.8;979.7;2;1.2;3;106;2;111;15;0;98.3;101;215;103;12551;113;21.4;18
BAS;01.06.2005 00:00;13.4;25.5;19.3;1.1;0.3;1.8;0;14.6;15;0.2;0;0;34;981.5;4.2;1.9;10;16.1;1.7;94;9;0;84.2;97;269;111;15774;124;73.3;0.1
BAS;01.07.2005 00:00;14.6;24.8;19.3;-0.9;-0.3;-1;0;15.9;13;0.2;0;1;34.6;979.4;10.4;-0.1;5;0;1.9;106;13;0;112.6;127;221;91;11207;80;53.7;0
BAS;01.08.2005 00:00;12.9;22.5;17.4;-2.3;-1.9;-2.8;0;14.6;7;-1.4;0;0;29.9;980.4;8.7;0.8;0;0;1.8;113;11;0;67.8;77;195;95;11835;91;12.3;0
BAS;01.09.2005 00:00;12.1;21.5;16.4;1;1.1;0.8;0;14.5;8;1.1;0;0;28.4;981.1;5;1;0;55;1.5;94;4;0;39.1;56;147;99;8923;93;22.5;7
BAS;01.10.2005 00:00;8.7;17.4;12.5;1.4;1.1;2;0;11.9;0;1;0;0;21.2;981.7;5;1.9;0;89;1.7;100;8;0;61.5;83;103;117;8893;138;0;17
BAS;01.11.2005 00:00;1.8;8.1;4.8;-1.2;-1.4;-1.1;11;7.4;0;-0.5;1;0;19.6;980.6;-5.7;1.5;0;436.8;1.8;90;7;0;30.6;47;56;118;5222;133;0;220.8
BAS;01.12.2005 00:00;-1.7;3.1;0.8;-2.1;-2.1;-2.6;23;5.4;0;-1;5;0;11.5;980.7;-9.7;-0.5;0;594.4;2;83;7;0;40.8;63;28;86;1284;39;0;346.4
BAS;01.01.2006 00:00;-3.9;1.5;-1.4;-3.6;-3.4;-3.6;25;4.7;0;-1.3;10;0;7.8;985.1;-8.6;3.3;0;664;2.1;88;5;0;7.8;16;53;128;5719;148;0;416
BAS;01.02.2006 00:00;-1.5;3.8;1;-2.2;-1.4;-3.3;17;5.4;0;-0.5;4;0;11.2;977.1;-8.6;-3.6;0;530.7;2;87;9;0;35.8;79;58;80;2775;54;0;306.7
BAS;01.03.2006 00:00;1;8.8;4.5;-2.5;-1.6;-3;18;6.5;0;-0.4;1;0;22.7;974.2;-5.8;-5.1;0;455.5;2.8;122;15;0;131.2;265;108;89;6017;74;0;239.5
BAS;01.04.2006 00:00;5.2;14.9;9.8;-0.9;-0.3;-1.3;3;8.6;0;0.2;0;0;24.3;977.6;-0.9;0.6;0;259.7;2;105;15;0;150.5;237;158;89;8806;88;0;83.7
BAS;01.05.2006 00:00;9.8;19.4;14.4;-0.2;0.3;-0.6;0;11.7;2;0.2;0;0;25.8;979.9;4.3;1.4;0;62.4;2.2;122;13;0;140.9;144;182;87;7802;70;1.3;14.4
BAS;01.06.2006 00:00;12.9;24.7;18.7;0.5;-0.2;1;0;14.2;19;-0.2;0;0;31.5;982.6;3.7;3;5;32.7;1.6;89;7;0;76.3;88;264;109;14959;118;60;8.7
BAS;01.07.2006 00:00;17.5;30.2;23.7;3.5;2.6;4.4;0;17.6;29;1.9;0;2;35.2;981.3;13.6;1.8;17;0;1.5;83;3;1;27.1;30;280;116;18792;133;166.1;0
BAS;01.08.2006 00:00;13.1;21;16.3;-3.4;-1.7;-4.3;0;14;1;-2;0;0;25.9;977;8.8;-2.6;0;8.2;2;125;19;0;138.3;157;167;81;8069;62;4.7;0.2
BAS;01.09.2006 00:00;14.1;23;18;2.6;3.1;2.3;0;16.4;13;3;0;1;28.4;978.9;8.3;-1.2;0;0;1.7;106;12;0;177.7;253;145;98;8565;89;23.6;0
BAS;01.10.2006 00:00;10;18;13.7;2.6;2.4;2.6;0;13;0;2.1;0;0;21.8;978.7;4.5;-1.1;0;60.6;1.8;106;9;0;63.2;85;90;102;6767;105;0;4.6
BAS;01.11.2006 00:00;4.4;12;7.9;1.9;1.2;2.8;5;8.8;0;0.9;0;0;16.4;983;-1;3.9;0;354.7;2.1;105;7;0;34.7;53;58;122;5919;151;0;122.7
BAS;01.12.2006 00:00;0.9;6.9;3.7;0.8;0.5;1.2;17;6.6;0;0.2;0;0;18.1;988;-4.6;6.8;0;498.4;2.4;100;10;0;45;69;44;135;6494;200;0;258.4
BAS;01.01.2007 00:00;2.8;8.6;5.8;3.6;3.3;3.5;9;7.4;0;1.4;3;0;15.2;984.7;-8.5;2.9;0;419.4;2.7;113;8;0;47.3;99;42;102;3423;88;0;195.4
BAS;01.02.2007 00:00;2.8;10.6;6.4;3.2;2.9;3.5;3;7.1;0;1.2;0;0;15.2;975.9;-1.7;-4.8;0;380.2;2.5;109;11;0;61.7;137;77;107;6433;126;0;156.2
BAS;01.03.2007 00:00;2.6;11.7;6.9;-0.1;0;-0.1;3;7.1;0;0.2;0;0;17.1;978.7;-0.9;-0.6;0;406.1;2.4;104;12;0;62.8;127;128;105;8574;106;0;158.1
BAS;01.04.2007 00:00;7.4;21.7;14.4;3.7;1.9;5.5;0;9.3;11;0.9;0;0;27.3;980.9;1.6;3.9;0;83.5;1.6;84;2;0;2;3;242;136;18317;182;3;19.5
BAS;01.05.2007 00:00;11;21.2;16;1.4;1.5;1.2;0;12.1;10;0.6;0;0;29.7;975.3;4.8;-3.2;0;39.3;2.3;128;11;0;160.2;164;209;100;10752;97;22.6;7.3
BAS;01.06.2007 00:00;14.4;23.5;18.4;0.2;1.3;-0.2;0;15.7;14;1.3;0;0;29.9;976.5;10.8;-3.1;0;0;1.9;106;18;0;183.1;211;218;90;9273;73;36;0
BAS;01.07.2007 00:00;14.2;23.8;18.7;-1.5;-0.7;-2;0;15.2;15;-0.5;0;0;33.6;978.8;8.3;-0.7;3;0;2.2;122;15;0;119;134;225;93;11653;83;49.6;0
BAS;01.08.2007 00:00;13.9;22.9;18.1;-1.6;-0.9;-2.4;0;15.5;12;-0.5;0;0;33.1;978.4;8.2;-1.2;1;0;1.5;94;13;0;196.6;223;185;90;10676;82;32.7;0
BAS;01.09.2007 00:00;9.8;19.2;14;-1.4;-1.2;-1.5;0;12.3;0;-1.1;0;0;24.7;982.6;5.2;2.5;0;73.6;1.6;100;8;0;39.7;57;155;104;10374;108;0;9.6
BAS;01.10.2007 00:00;6.5;14.7;10.3;-0.8;-1.1;-0.7;1;10.3;0;-0.6;0;0;24.9;984.6;-0.7;4.8;0;244.7;1.5;88;3;0;5.1;7;98;111;7361;115;0.4;84.7
BAS;01.11.2007 00:00;1.5;7.2;4.3;-1.7;-1.7;-2;8;6.7;0;-1.2;0;0;12.2;982.5;-5.5;3.4;0;470.9;2.2;110;7;0;39.4;61;45;95;3982;101;0;230.9
BAS;01.12.2007 00:00;-0.3;4.7;2.1;-0.8;-0.7;-1;17;5.8;0;-0.6;2;0;14.5;985.8;-8.5;4.6;0;553.4;2.9;121;11;0;35.1;54;38;116;4502;138;0;305.4
BAS;01.01.2008 00:00;1.1;7.8;4.3;2.1;1.6;2.7;10;6.4;0;0.4;1;0;13.5;983.1;-3.6;1.3;0;486.7;2.5;104;11;0;44.3;93;45;109;5099;132;0;238.7
BAS;01.02.2008 00:00;0.2;10.1;4.8;1.6;0.3;3;16;6.2;0;0.3;0;0;17.7;988.3;-5;7.6;0;440.4;2;87;6;0;18.8;42;91;126;9296;182;0;208.4
BAS;01.03.2008 00:00;2.4;10.2;6.2;-0.8;-0.2;-1.6;10;6.4;0;-0.5;0;0;20.3;972.3;-4.8;-7;0;419.8;3.2;139;13;0;44.1;89;114;94;5931;73;0;179.8
BAS;01.04.2008 00:00;5.6;13.4;9.3;-1.4;0.1;-2.8;2;8.4;0;0;0;0;21.4;973.9;-1.7;-3.1;0;289.5;2.2;116;12;0;112;176;139;78;5693;57;0;89.5
BAS;01.05.2008 00:00;11.1;21.7;16.3;1.7;1.6;1.7;0;12.2;2;0.7;0;0;26.6;976.1;6.2;-2.4;0;17.5;1.5;83;11;0;74.6;76;231;110;12228;110;8.1;1.5
BAS;01.06.2008 00:00;13.9;23.1;18.3;0.1;0.8;-0.6;0;15.1;13;0.7;0;0;31.4;979;8.2;-0.6;3;8.2;1.7;94;9;0;34.4;40;219;90;10651;84;50;0.2
BAS;01.07.2008 00:00;14.7;24.9;19.6;-0.6;-0.2;-0.9;0;15.3;15;-0.4;0;0;32.5;978.9;10;-0.6;3;0;1.9;106;9;0;112.7;127;240;99;13213;94;59.1;0
BAS;01.08.2008 00:00;14.1;23.8;18.6;-1.1;-0.7;-1.5;0;15.5;11;-0.5;0;0;29.5;978.4;9.8;-1.2;0;0;1.8;113;11;0;95.4;108;197;96;11990;92;32.5;0
BAS;01.09.2008 00:00;9.6;18.3;13.6;-1.8;-1.4;-2.4;0;12.3;5;-1.1;0;0;26.5;980.3;3.4;0.2;0;147;1.6;100;7;0;125.1;178;143;96;8188;85;6.5;27
BAS;01.10.2008 00:00;7.2;15;10.8;-0.3;-0.4;-0.4;0;10.8;0;-0.1;0;0;22.4;981.5;0.6;1.7;0;209.5;1.9;112;10;0;113.4;152;90;102;6686;104;0;73.5
BAS;01.11.2008 00:00;3.4;9;5.8;-0.2;0.2;-0.2;7;7.8;0;-0.1;0;0;18.1;978.3;-3.6;-0.8;0;417.5;1.9;95;5;0;18.1;28;48;101;3576;91;0;185.5
BAS;01.12.2008 00:00;-0.4;3.6;1.7;-1.2;-0.8;-2.1;20;5.8;0;-0.6;3;0;9.7;980.8;-6.7;-0.4;0;568.4;1.9;79;8;0;76.7;118;27;83;2398;74;0;320.4
BAS;01.01.2009 00:00;-3.5;2.1;-0.8;-3;-3;-3;26;4.7;0;-1.3;10;0;12.9;977.3;-10.6;-4.5;0;643.6;2.4;100;4;0;18.1;38;46;111;5588;144;0;395.6
BAS;01.02.2009 00:00;-0.9;5.1;2;-1.2;-0.8;-2;17;5.5;0;-0.4;1;0;13.8;977.3;-8;-3.4;0;505.1;2;87;11;0;48.9;108;69;96;3911;76;0;281.1
BAS;01.03.2009 00:00;2.1;10;6.1;-0.9;-0.5;-1.8;6;6.5;0;-0.4;0;0;14.8;978.4;-3.5;-0.9;0;432.3;2.5;109;13;0;69.6;141;107;88;5619;70;0;184.3
BAS;01.04.2009 00:00;7.9;18.6;12.9;2.2;2.4;2.4;0;9.3;0;0.9;0;0;24;975.9;3.8;-1.1;0;111.6;1.7;89;5;0;18.4;29;189;107;9993;100;0;15.6
BAS;01.05.2009 00:00;11.5;22.5;16.7;2.1;2;2.5;0;12.8;7;1.3;0;0;32.3;981.5;3.4;3;2;18.6;1.8;100;15;0;86.7;89;229;109;12275;110;17.4;2.6
BAS;01.06.2009 00:00;12.9;22.9;17.7;-0.5;-0.2;-0.8;0;14;8;-0.4;0;0;29.6;978.9;8.2;-0.7;0;0;1.8;100;12;0;65.9;76;243;100;12448;98;24.9;0
BAS;01.07.2009 00:00;15.3;25.5;20;-0.2;0.4;-0.3;0;15.8;17;0.1;0;0;32.4;979.1;12.3;-0.4;3;0;2.1;117;12;0;87.3;98;232;96;11595;82;67.2;0
BAS;01.08.2009 00:00;16;26.8;21.1;1.4;1.2;1.5;0;17;20;1;0;0;34.6;980.3;8.1;0.7;6;0;1.5;94;6;0;84.9;96;218;106;15377;118;93.3;0
BAS;01.09.2009 00:00;12.6;21.5;16.5;1.1;1.6;0.8;0;14.2;3;0.8;0;0;31;982.2;8.5;2.1;1;0;1.4;88;5;0;42.2;60;143;96;9973;104;4.7;0
BAS;01.10.2009 00:00;6.8;14.9;10.6;-0.5;-0.8;-0.5;1;10.1;1;-0.8;0;0;28.2;980.7;-0.5;0.9;0;236.1;1.8;106;10;0;47.3;64;90;102;6949;108;2.2;76.1
BAS;01.11.2009 00:00;5.3;11.5;8.4;2.4;2.1;2.3;0;8.8;0;0.9;0;0;16.1;974.6;1.3;-4.5;0;333.6;2.6;130;15;0;82.9;128;44;93;3656;93;0;109.6
BAS;01.12.2009 00:00;-0.3;5.1;2.4;-0.5;-0.7;-0.6;12;6.3;0;-0.1;6;0;14.3;971.4;-16;-9.8;0;544.5;2.2;92;16;0;112.8;174;27;83;2024;62;0;296.5
BAS;01.01.2010 00:00;-2.9;1.2;-0.7;-2.9;-2.4;-3.9;28;5;0;-1;11;0;8;976.1;-8.3;-5.7;0;641;2;83;10;0;40.3;84;35;85;2714;70;0;393
BAS;01.02.2010 00:00;-0.6;5.7;2.4;-0.8;-0.5;-1.4;12;5.6;0;-0.3;6;0;15.9;968.2;-9.6;-12.5;0;492.1;2.7;117;12;0;54;119;60;83;2783;54;0;268.1
BAS;01.03.2010 00:00;1.9;10.6;5.9;-1.1;-0.7;-1.2;10;6.4;0;-0.5;1;0;21;979.5;-6.8;0.2;0;408.9;2.2;96;9;0;45.2;91;122;100;7376;91;0;192.9
BAS;01.04.2010 00:00;5.3;17.1;11.1;0.4;-0.2;0.9;0;8;1;-0.4;0;0;27.9;980.3;0.8;3.3;0;203.3;1.9;100;6;0;19.6;31;194;109;11277;112;1;59.3
BAS;01.05.2010 00:00;8.8;16.5;12.5;-2.1;-0.7;-3.5;0;11;2;-0.5;0;0;27.9;976.5;4.9;-2;0;178.9;1.8;100;17;0;140.5;144;156;74;5609;50;4.5;34.9
BAS;01.06.2010 00:00;13.1;23.4;18;-0.2;0;-0.3;0;14.6;13;0.2;0;0;32.2;977.5;7.9;-2.1;4;8.2;1.4;78;9;0;65.4;76;219;90;11491;90;40.1;0.2
BAS;01.07.2010 00:00;15.8;27.7;21.6;1.4;0.9;1.9;0;16.4;21;0.7;0;0;35.7;980.4;10.7;0.9;12;0;1.5;83;7;1;44.4;50;253;104;15860;113;112.6;0
BAS;01.08.2010 00:00;13.9;23;18.3;-1.4;-0.9;-2.3;0;15.5;9;-0.5;0;0;29.9;978.8;8.4;-0.8;0;0;1.8;113;15;0;141.2;160;186;90;10250;79;37.1;0
BAS;01.09.2010 00:00;9.3;19.4;14.1;-1.3;-1.7;-1.3;0;12.1;0;-1.3;0;0;24.6;979;3.8;-1.1;0;66.1;1.4;88;7;0;53.8;77;160;108;11185;116;0;10.1
BAS;01.10.2010 00:00;6;13.9;9.7;-1.4;-1.6;-1.5;1;9.9;0;-1;0;0;23.6;977.1;-0.6;-2.7;0;277.3;1.6;94;6;0;30.9;42;90;102;6387;99;0;101.3
BAS;01.11.2010 00:00;3.3;9.1;6.3;0.3;0.1;-0.1;6;8;0;0.1;2;0;18.6;970.7;-8.8;-8.4;0;373.9;2;100;12;0;71.6;110;38;80;2244;57;0;181.9
BAS;01.12.2010 00:00;-2.7;2.3;-0.2;-3.1;-3.1;-3.4;22;5.3;0;-1.1;10;0;14.8;974.9;-11.3;-6.3;0;625.4;2;83;14;0;128.3;197;28;86;1598;49;0;377.4
BAS;01.01.2011 00:00;-0.3;5.1;2.4;0.2;0.2;0;18;6.1;0;0.1;5;0;16.7;981.9;-7.9;0.1;0;544.7;1.9;79;8;0;38.9;81;37;90;3071;79;0;296.7
BAS;01.02.2011 00:00;0.5;7.7;3.9;0.7;0.6;0.6;11;6.4;0;0.5;1;0;15.2;981;-4.4;0.3;0;452.2;1.6;70;6;0;27;60;66;92;4887;96;0;228.2
BAS;01.03.2011 00:00;2.5;12.7;7.5;0.5;-0.1;0.9;11;7.1;0;0.2;0;0;20.4;982.8;-3.7;3.5;0;380.1;1.7;74;9;0;48.2;97;130;107;10327;128;0;140.1
BAS;01.04.2011 00:00;6.2;20.3;13.4;2.7;0.7;4.1;0;9.1;1;0.7;0;0;26;980.5;0.4;3.5;0;83;1.4;74;4;0;20.3;32;232;131;16368;163;0;19
BAS;01.05.2011 00:00;9.6;23.4;16.6;2;0.1;3.4;0;10.7;17;-0.8;0;0;31;981.3;1.2;2.8;1;37.3;1.5;83;6;0;48.4;50;260;124;16779;151;17.2;5.3
BAS;01.06.2011 00:00;13;23.5;18.1;-0.1;-0.1;-0.2;0;14.1;12;-0.3;0;0;34.1;980;8.7;0.4;2;9.5;1.7;94;8;0;96.9;112;222;92;10143;80;33.6;1.5
BAS;01.07.2011 00:00;12.3;23;17.4;-2.8;-2.6;-2.8;0;13.6;8;-2.1;0;0;33.7;977;8;-2.5;1;0;1.8;100;10;0;114.7;129;235;97;12305;87;17.4;0
BAS;01.08.2011 00:00;14.7;26.3;20.2;0.5;-0.1;1;0;16.4;21;0.4;0;2;35.1;978.8;8.7;-0.8;6;0;1.6;100;11;1;45.8;52;225;109;14549;112;80.5;0
BAS;01.09.2011 00:00;12.2;23.6;17.4;2;1.2;2.9;0;15;9;1.6;0;0;31.9;981.3;7.2;1.2;2;8.6;1.4;88;8;0;79.8;114;174;117;13327;139;22.5;0.6
BAS;01.10.2011 00:00;7.2;16.2;11;-0.1;-0.4;0.8;0;10.6;1;-0.3;0;0;25;983.8;0.3;4;0;226.2;1.7;100;6;0;45.8;62;107;121;9078;141;0;66.2
BAS;01.11.2011 00:00;3.8;10.2;6.4;0.4;0.6;1;2;8.2;0;0.3;0;0;16.2;983.4;-1.8;4.3;0;406.6;1.8;90;1;0;4.1;6;57;120;6218;158;0;166.6
BAS;01.12.2011 00:00;2.4;8.5;5.3;2.4;2;2.8;6;7.2;0;0.8;0;0;13.6;980.7;-2.1;-0.5;0;455.9;3.1;129;20;0;118;182;27;83;1936;60;0;207.9
BAS;01.01.2012 00:00;1;6.6;3.8;1.6;1.5;1.5;12;6.5;0;0.5;0;0;14.4;985.4;-5.7;3.6;0;503.4;2.7;113;14;0;63.3;132;36;87;3074;79;0;255.4
BAS;01.02.2012 00:00;-6.5;2;-2.2;-5.4;-6.4;-5.1;20;4.1;0;-1.8;13;0;14.7;988.4;-19.3;7.7;0;643.6;1.7;74;6;0;12.5;28;84;117;6768;132;0;411.6
BAS;01.03.2012 00:00;3;15.4;8.9;1.9;0.4;3.6;3;7.2;0;0.3;0;0;22.7;988.3;-1.7;9;0;309.1;1.6;70;4;0;13.6;27;158;130;13954;173;0;101.1
BAS;01.04.2012 00:00;5.7;14.2;9.8;-0.9;0.2;-2;0;8.5;1;0.1;0;0;28;969.4;0.7;-7.6;0;291.1;2;105;14;0;100;157;146;82;6269;62;2.2;91.1
BAS;01.05.2012 00:00;10;21.3;15.5;0.9;0.5;1.3;0;11.7;7;0.2;0;0;30.6;978.5;2.4;0;1;49.9;2;111;12;0;66.5;68;224;107;12964;116;13.5;9.9
BAS;01.06.2012 00:00;13.8;23.6;18.4;0.2;0.7;-0.1;0;15.1;10;0.7;0;1;33;978;9.3;-1.6;2;0;1.9;106;15;0;134.3;155;231;95;11581;91;39.5;0
BAS;01.07.2012 00:00;14.4;24.1;19.1;-1.1;-0.5;-1.7;0;15.4;14;-0.3;0;0;34.4;979.8;8.7;0.3;3;0;1.9;106;14;0;128.1;144;230;95;12663;90;44.7;0
BAS;01.08.2012 00:00;15.5;26.3;20.7;1;0.7;1;0;16.8;22;0.8;0;1;34;980.5;10.7;0.9;6;0;1.8;113;9;0;120.5;136;221;107;15011;116;83.3;0
BAS;01.09.2012 00:00;10.8;20.4;15.1;-0.3;-0.2;-0.3;0;13.5;4;0.1;0;0;28.4;979.7;6.2;-0.4;0;42.4;1.6;100;10;0;83.2;119;138;93;8368;87;5.1;2.4
BAS;01.10.2012 00:00;7.5;15.1;10.8;-0.3;-0.1;-0.3;1;10.9;0;0;0;0;23.9;976.4;-0.9;-3.4;0;188.4;1.9;112;9;0;89.2;120;82;93;5511;86;0;68.4
BAS;01.11.2012 00:00;4;10;6.8;0.8;0.8;0.8;2;8.4;0;0.5;0;0;19.8;976.8;-1.8;-2.3;0;391;2.2;110;13;0;143.2;221;50;105;4317;110;0;159
BAS;01.12.2012 00:00;1.1;6.5;3.6;0.7;0.7;0.8;11;6.4;0;0;2;0;16.2;977.6;-6.1;-3.6;0;507.6;3;125;16;0;93.5;144;35;107;2798;86;0;259.6
BAS;01.01.2013 00:00;-0.8;3.7;1.7;-0.5;-0.3;-1.4;19;5.9;0;-0.1;8;0;16.6;978.1;-7.7;-3.7;0;561.6;1.9;79;11;0;42.5;89;35;85;2339;60;0;321.6
BAS;01.02.2013 00:00;-2.5;3.2;0.4;-2.8;-2.4;-3.9;20;5;0;-0.9;7;0;12.3;977;-11.1;-3.7;0;549.5;2.2;96;11;0;63.5;140;62;86;2907;57;0;325.5
BAS;01.03.2013 00:00;0.8;7.2;3.8;-3.2;-1.8;-4.6;14;6;0;-0.9;0;0;15.6;969.9;-4.9;-9.4;0;503.2;2.1;91;15;0;57.9;117;87;71;3585;44;0;255.2
BAS;01.04.2013 00:00;6;14.8;10.2;-0.5;0.5;-1.4;3;8.7;2;0.3;0;0;25.7;977.4;-1.4;0.4;0;255;2.3;121;12;0;84.8;134;148;83;6566;65;0.4;95
BAS;01.05.2013 00:00;8.4;16.1;11.9;-2.7;-1.1;-3.9;0;10.6;0;-0.9;0;0;23.2;975.2;4.5;-3.3;0;174.4;1.9;106;16;0;99.4;102;162;77;5695;51;0;30.4
BAS;01.06.2013 00:00;12.1;22.9;17.5;-0.7;-1;-0.8;0;13.5;9;-0.9;0;0;34.5;980.9;5;1.3;3;9.2;1.8;100;9;0;64.5;74;251;104;13114;103;37.1;1.2
BAS;01.07.2013 00:00;15.8;27.7;21.6;1.4;0.9;1.9;0;16.8;25;1.1;0;1;37.3;981.8;10.8;2.3;7;0;1.7;94;7;1;82.6;93;272;112;17833;127;104.1;0
BAS;01.08.2013 00:00;14.2;25;19.5;-0.2;-0.6;-0.3;0;15.8;12;-0.2;0;1;34.9;981.2;9.5;1.6;3;0;1.5;94;8;0;90.4;102;226;110;15439;119;54.5;0
BAS;01.09.2013 00:00;11.5;20.5;15.7;0.3;0.5;-0.2;0;13.8;5;0.4;0;0;29.5;979.7;7.6;-0.4;0;17.1;1.6;100;9;0;68.1;97;146;98;8716;91;12.2;1.1
BAS;01.10.2013 00:00;9.5;16.7;12.6;1.5;1.9;1.3;0;12;0;1.1;0;0;24.8;980.1;1.8;0.3;0;98.2;2;118;15;0;97.5;131;86;98;5836;91;0;26.2
BAS;01.11.2013 00:00;2.6;7.8;5.3;-0.7;-0.6;-1.4;7;7.5;0;-0.4;0;0;17.7;979.2;-5.8;0.1;0;415.7;2.1;105;14;0;79.9;123;39;82;2499;64;0;207.7
BAS;01.12.2013 00:00;0;6.7;3;0.1;-0.4;1;17;6.1;0;-0.3;0;0;17.1;985.4;-4.1;4.2;0;528.3;2.6;108;8;0;76.6;118;48;147;6719;207;0;280.3
BAS;01.01.2014 00:00;1.7;7.5;4.5;2.3;2.2;2.4;9;6.9;0;0.9;0;0;13;973.4;-3.5;-8.4;0;481.7;2.4;100;9;0;57.3;120;43;104;3614;93;0;233.7
BAS;01.02.2014 00:00;2.5;9.7;5.7;2.5;2.6;2.6;0;6.7;0;0.8;0;0;15.1;973;0.6;-7.7;0;399.7;2.6;113;10;0;71.9;159;75;104;5195;102;0;175.7
BAS;01.03.2014 00:00;2.9;14.5;8.5;1.5;0.3;2.7;4;6.9;0;0;0;0;21.7;979.5;-1;0.2;0;313.5;1.7;74;3;0;13.7;28;152;125;12098;150;0;113.5
BAS;01.04.2014 00:00;7.1;17.4;12.2;1.5;1.6;1.2;0;9.2;0;0.8;0;0;23.4;977.3;0.2;0.3;0;142.5;1.7;89;8;0;59.2;93;184;104;10571;105;0;30.5
BAS;01.05.2014 00:00;8.9;19.1;13.9;-0.7;-0.6;-0.9;0;10.6;3;-0.9;0;0;27.3;979.1;3.2;0.6;0;88.1;2;111;12;0;70;72;215;103;9925;89;3.4;16.1
BAS;01.06.2014 00:00;13.1;25.3;19.2;1;0;1.6;0;12.9;13;-1.5;0;0;35.5;979.5;8.9;-0.1;5;0;1.8;100;4;1;59.4;69;278;115;17056;134;50.4;0
BAS;01.07.2014 00:00;14.8;24.1;19.2;-1;-0.1;-1.7;0;16.4;14;0.7;0;0;33.3;977.8;10.3;-1.7;3;0;1.7;94;18;0;196.3;221;200;83;10259;73;45.5;0
BAS;01.08.2014 00:00;13.4;22.3;17.4;-2.3;-1.4;-3;0;14.8;5;-1.2;0;0;28.4;978.4;9.4;-1.2;0;0;1.7;106;16;0;89.4;101;187;91;9062;70;19;0
BAS;01.09.2014 00:00;12.1;21.8;16.4;1;1.1;1.1;0;14.6;6;1.2;0;0;27.1;980.9;6.7;0.8;0;8.4;1.3;81;6;0;34.1;49;156;105;10449;109;9;0.4
BAS;01.10.2014 00:00;10;18.2;13.6;2.5;2.4;2.8;0;13;0;2.1;0;0;23.8;980.6;2.9;0.8;0;101;1.7;100;13;0;80.9;109;99;112;7733;120;0;21
BAS;01.11.2014 00:00;5.5;11;8;2;2.3;1.8;0;9.2;0;1.3;0;0;17;974.7;1.6;-4.4;0;361.4;1.9;95;9;0;87.2;134;54;114;4444;113;0;121.4
BAS;01.12.2014 00:00;1;6.1;3.8;0.9;0.6;0.4;11;6.9;0;0.5;2;0;13;983.6;-13.4;2.4;0;502.5;1.9;79;13;0;49.2;76;24;73;1528;47;0;254.5
BAS;01.01.2015 00:00;0.2;6.4;3.1;0.9;0.7;1.3;16;6.2;0;0.2;0;0;16.8;981.4;-7.2;-0.4;0;519.4;2.4;100;12;0;67.9;142;37;90;2529;65;0;279.4
BAS;01.02.2015 00:00;-1.1;5;1.6;-1.6;-1;-2.1;18;5.2;0;-0.7;1;0;14.4;979.1;-5.3;-1.6;0;516.3;2.3;100;5;0;25.4;56;70;97;4891;96;0;292.3
BAS;01.03.2015 00:00;2.3;12.7;7.4;0.4;-0.3;0.9;6;6.9;0;0;0;0;17.5;982.7;-2.1;3.4;0;383.3;2.4;104;8;0;31.3;63;132;108;10087;125;0;143.3
BAS;01.04.2015 00:00;4.9;17.2;11.2;0.5;-0.6;1;3;7.9;1;-0.5;0;0;25.7;983;-2;6;0;184.5;2;105;9;0;87.6;138;203;114;13215;132;0;56.5
BAS;01.05.2015 00:00;9.8;20.1;15;0.4;0.3;0.1;0;11.4;4;-0.1;0;0;29.8;979.7;4.3;1.2;0;47.1;1.8;100;9;0;92.1;94;208;99;10257;92;7.1;7.1
BAS;01.06.2015 00:00;13.4;24.2;18.7;0.5;0.3;0.5;0;14.6;15;0.2;0;0;32.6;981.8;8.4;2.2;3;0;1.6;89;12;0;94.5;109;245;101;13377;105;45.2;0
BAS;01.07.2015 00:00;16.6;29.1;23.2;3;1.7;3.3;0;15.8;22;0.1;0;8;36.5;979.6;8.4;0.1;14;0;2;111;5;6;22.9;26;275;113;18680;133;159.7;0
BAS;01.08.2015 00:00;15.8;26.8;21;1.3;1;1.5;0;16.4;17;0.4;0;1;37;979.3;11;-0.3;11;0;1.5;94;10;2;73.7;83;213;103;13681;105;100.6;0
BAS;01.09.2015 00:00;9.6;19.8;14.4;-1;-1.4;-0.9;0;11.5;2;-1.9;0;0;27;980.5;4.4;0.4;0;34.2;1.7;106;8;0;49;70;154;104;9721;101;2.2;2.2
BAS;01.10.2015 00:00;6.8;14.2;10.2;-0.9;-0.8;-1.2;0;10.1;0;-0.8;0;0;21.2;980.6;0.4;0.8;0;260.2;1.4;82;5;0;36;48;93;105;6389;99;0;68.2
BAS;01.11.2015 00:00;4.8;12.9;8.7;2.7;1.6;3.7;4;8.9;0;1;0;0;21.9;984.6;-3.7;5.5;0;284;2.2;110;6;0;48.9;75;65;137;6307;161;0;116
BAS;01.12.2015 00:00;2.3;9.5;5.5;2.6;1.9;3.8;5;7.7;0;1.3;0;0;15;991.2;-2.3;10;0;448.8;2.4;100;5;0;16;25;51;156;7555;232;0;200.8
BAS;01.01.2016 00:00;0.9;6.8;3.7;1.5;1.4;1.7;10;6.8;0;0.8;4;0;14.1;978.3;-7.1;-3.5;0;504.3;2.6;108;16;0;131.9;276;39;94;2742;71;0;256.3
BAS;01.02.2016 00:00;2.1;8.4;5.2;2;2.2;1.3;6;7;0;1.1;0;0;15.9;976.1;-2;-4.6;0;428.8;2.8;122;13;0;86.1;190;54;75;2688;53;0;196.8
BAS;01.03.2016 00:00;1.8;10.2;5.7;-1.3;-0.8;-1.6;8;6.7;0;-0.2;0;0;21.6;976.7;-2.4;-2.6;0;436;2.2;96;8;0;37.8;76;114;94;6725;83;0;196
BAS;01.04.2016 00:00;5.5;14.5;9.7;-1;0;-1.7;1;8.9;0;0.5;0;0;20.8;976.1;-0.5;-0.9;0;261.8;1.9;100;11;0;144.8;228;153;86;7104;71;0;77.8
BAS;01.05.2016 00:00;9;19;13.9;-0.7;-0.5;-1;0;11.5;4;0;0;0;26.6;976.6;2.6;-1.9;0;108.9;1.6;89;13;0;154.7;159;193;92;9809;88;3.4;20.9
BAS;01.06.2016 00:00;13.7;22.6;17.7;-0.5;0.6;-1.1;0;15.7;7;1.3;0;0;33.2;978.3;9.7;-1.3;2;0;1.5;83;20;0;176.2;203;208;86;8562;67;28.1;0
BAS;01.07.2016 00:00;14.8;26;20.7;0.5;-0.1;0.2;0;16.3;22;0.6;0;0;34.6;981.6;8.1;2.1;4;0;1.6;89;8;0;35.7;40;257;106;16192;115;90.4;0
BAS;01.08.2016 00:00;14.6;26.3;20.3;0.6;-0.2;1;0;15.9;18;-0.1;0;0;33.8;983;7.8;3.4;5;0;1.4;88;7;0;69.2;78;228;111;15584;120;75;0
BAS;01.09.2016 00:00;12.9;23.5;17.8;2.4;1.9;2.8;0;14.9;12;1.5;0;0;30;982;7.3;1.9;1;0;1.2;75;7;0;44.7;64;165;111;11789;123;32;0
BAS;01.10.2016 00:00;6.1;13.4;9.6;-1.5;-1.5;-2;0;10;0;-0.9;0;0;18.3;983.2;0.7;3.4;0;273.8;1.5;88;9;0;57.7;78;85;96;6024;94;0;81.8
BAS;01.11.2016 00:00;2.9;9.3;5.9;-0.1;-0.3;0.1;9;7.7;0;-0.2;0;0;17.6;978.8;-4.7;-0.3;0;422.9;1.8;90;9;0;54.7;84;47;99;3596;92;0;182.9
BAS;01.12.2016 00:00;-2.1;4.8;1;-1.9;-2.5;-0.9;26;5.9;0;-0.5;0;0;10.2;992.5;-5.7;11.3;0;587.8;1.7;71;2;0;3.3;5;49;150;7581;233;0;339.8
BAS;01.01.2017 00:00;-4.5;1;-1.7;-3.9;-4;-4.1;28;4.5;0;-1.5;13;0;9.2;985.5;-10.5;3.7;0;671.7;2.3;96;7;0;38.5;81;41;99;3480;90;0;423.7
BAS;01.02.2017 00:00;2;9.7;5.5;2.3;2.1;2.6;6;7;0;1.1;0;0;20.4;980.4;-1.3;-0.3;0;407.2;2.4;104;9;0;59;131;76;105;5703;111;0;183.2
BAS;01.03.2017 00:00;4.3;15.1;9.6;2.6;1.7;3.3;1;7.8;0;0.9;0;0;22.9;980.4;-0.1;1.1;0;281.1;2.2;96;6;0;36.4;74;144;118;10523;130;0;81.1
BAS;01.04.2017 00:00;3.8;15.7;9.9;-0.8;-1.7;-0.5;4;7.5;0;-0.9;0;0;24.4;982.5;-2.4;5.5;0;259.5;1.8;95;8;0;66.2;104;204;115;12350;123;0;75.5
BAS;01.05.2017 00:00;10.1;21.4;15.8;1.2;0.6;1.4;0;12.1;9;0.6;0;0;31.3;979.9;2.6;1.4;3;97.3;1.6;89;13;0;112.7;115;236;113;13842;124;31.8;17.3
BAS;01.06.2017 00:00;15;26.4;20.9;2.7;1.9;2.7;0;15.2;20;0.8;0;2;34.3;978.7;8.3;-0.9;8;0;1.9;106;5;0;32;37;283;117;16687;131;92.9;0
BAS;01.07.2017 00:00;15.8;26.6;20.9;0.7;0.9;0.8;0;15.9;20;0.2;0;2;34;979.5;11.5;0;8;0;1.9;106;15;0;71.3;80;235;97;12407;88;89.6;0
BAS;01.08.2017 00:00;15.4;26.2;20.5;0.8;0.6;0.9;0;16.9;20;0.9;0;1;32;981;10.1;1.4;7;0;1.5;94;9;0;100.2;113;215;104;13071;101;86.1;0
BAS;01.09.2017 00:00;10;19.5;14.3;-1.1;-1;-1.2;0;12.1;1;-1.3;0;0;25.7;979.9;4.5;-0.2;0;61.9;1.5;94;8;0;42.1;60;145;98;8289;86;2.2;5.9
BAS;01.10.2017 00:00;7.3;17.8;12.1;1;-0.3;2.4;1;11;0;0.1;0;0;24.3;985.2;-1.4;5.4;0;146.1;1.2;71;7;0;33.6;45;107;121;8702;135;0;34.1
BAS;01.11.2017 00:00;2.7;9.1;5.7;-0.3;-0.5;-0.1;5;7.7;0;-0.2;0;0;17.8;980.6;-2.5;1.5;0;428.3;1.9;95;12;0;92.5;143;44;93;3142;80;0;188.3
BAS;01.12.2017 00:00;0.4;5.9;3.1;0.2;0;0.2;15;6.4;0;0;0;0;15.5;980.4;-5.7;-0.8;0;516.9;2.5;104;15;0;80.7;124;29;89;2411;74;0;276.9
BAS;01.01.2018 00:00;3.6;9.1;6.3;4.1;4.1;4;2;7.7;0;1.7;0;0;15.3;978.9;-1.4;-2.9;0;424.3;3;125;14;0;117.3;245;37;90;2728;71;0;176.3
BAS;01.02.2018 00:00;-1.9;2.8;0.3;-2.9;-1.8;-4.3;22;4.8;0;-1.1;4;0;8.1;977.6;-11.1;-3.1;0;552.3;2.5;109;5;0;34.5;76;63;87;3868;76;0;328.3
BAS;01.03.2018 00:00;1.4;9.2;5.2;-1.8;-1.2;-2.6;10;6.7;0;-0.2;2;0;15.9;967.5;-6.2;-11.8;0;458.7;2.2;96;10;0;47.7;96;100;82;4505;56;0;210.7
BAS;01.04.2018 00:00;7.7;20.8;14.2;3.5;2.2;4.6;0;9.5;5;1.1;0;0;28.3;976.1;1.3;-0.9;0;72.9;2.1;111;4;0;15;24;216;122;13960;139;3.4;16.9
BAS;01.05.2018 00:00;11.3;21.7;16.3;1.7;1.8;1.7;0;13.1;9;1.6;0;0;27.7;977.7;6.8;-0.8;0;44.5;1.5;83;13;0;127.2;130;209;100;10775;97;18.1;4.5
BAS;01.06.2018 00:00;13.9;25;19.5;1.3;0.8;1.3;0;15.3;17;0.9;0;0;31.5;979.7;7.2;0.1;1;0;1.6;89;6;0;47.8;55;276;114;16078;126;50.5;0
BAS;01.07.2018 00:00;16;28.7;22.4;2.2;1.1;2.9;0;15.5;26;-0.2;0;0;34.5;978.9;9.9;-0.6;10;0;1.5;83;6;0;55.3;62;276;114;18666;132;128.9;0
BAS;01.08.2018 00:00;15.9;28.1;21.7;2;1.1;2.8;0;16;24;0;0;3;34.8;980.6;8.6;1;13;0;1.6;100;6;0;50.6;57;227;110;15374;118;119.7;0
BAS;01.09.2018 00:00;11.3;24.2;17.4;2;0.3;3.5;0;13.1;13;-0.3;0;0;30.8;984;2.9;3.9;1;17.9;1.5;94;6;0;28.1;40;179;120;13715;143;21.4;1.9
BAS;01.10.2018 00:00;7.2;17.5;11.8;0.7;-0.4;2.1;0;10.4;2;-0.5;0;0;25.6;980.4;0.7;0.6;0;177.7;1.4;82;5;0;41.4;56;107;121;9436;147;0;49.7
BAS;01.11.2018 00:00;3.5;9.6;6.3;0.3;0.3;0.4;6;8.2;0;0.3;0;0;15.4;979.2;-2.4;0.1;0;411.6;1.9;95;9;0;33.7;52;50;105;3926;100;0;171.6
BAS;01.12.2018 00:00;2.4;7.6;5;2.1;2;1.9;11;7.4;0;1;0;0;15.6;984.5;-4.9;3.3;0;458.8;2.5;104;13;0;99;152;31;95;2399;74;0;218.8
BAS;01.01.2019 00:00;-0.8;4;1.6;-0.6;-0.3;-1.1;19;5.4;0;-0.6;2;0;10.1;979.9;-5.9;-1.9;0;570.6;2.3;96;6;0;22.2;46;43;104;3558;92;0;322.6
BAS;01.02.2019 00:00;0;11.3;5.1;1.9;0.1;4.2;13;5.9;0;0;0;0;19.7;986.3;-4.1;5.6;0;416;2.3;100;6;0;28;62;107;148;10137;198;0;192
BAS;01.03.2019 00:00;3.1;13.9;8.5;1.5;0.5;2.1;6;6.7;0;-0.2;0;0;20.6;982.9;-2.3;3.6;0;348.4;3;130;11;0;39.5;80;143;117;9977;124;0;108.4
BAS;01.04.2019 00:00;4.8;15.6;9.9;-0.8;-0.7;-0.6;0;8.3;1;-0.1;0;0;25.1;976.2;0;-0.8;0;249.9;1.7;89;8;0;65.4;103;169;95;8718;87;0;89.9
BAS;01.05.2019 00:00;6.9;17.4;12.2;-2.4;-2.6;-2.6;1;9.7;1;-1.8;0;0;25.4;978.1;-0.2;-0.4;0;156.4;2;111;12;0;77.7;80;216;103;10727;96;0;36.4
BAS;01.06.2019 00:00;14.3;26.3;20.4;2.2;1.2;2.6;0;15.6;17;1.2;0;3;35.9;979.4;8.6;-0.2;9;0;1.5;83;8;2;86.2;100;271;112;16788;132;91.6;0
BAS;01.07.2019 00:00;15.8;27.8;21.6;1.4;0.9;2;0;15;21;-0.7;0;3;37.4;978.6;9.2;-0.9;8;0;1.7;94;9;2;84.7;95;278;115;17044;121;110.2;0
BAS;01.08.2019 00:00;14.8;26;20.2;0.5;0;0.7;0;16.3;19;0.3;0;0;34.3;980.5;9.9;0.9;6;0;1.4;88;8;0;108;122;229;111;14992;115;71.9;0
BAS;01.09.2019 00:00;10.8;21.7;16.1;0.7;-0.2;1;0;12.7;6;-0.7;0;0;28.9;982.5;4.9;2.4;0;8.3;1.6;100;7;0;57.8;82;169;114;11825;123;7.9;0.3
BAS;01.10.2019 00:00;9.1;16.8;12.5;1.4;1.5;1.4;0;12.1;1;1.2;0;0;25.6;979.1;6.1;-0.7;0;92.8;1.7;100;18;0;110.3;148;84;95;5702;89;0;20.8
BAS;01.11.2019 00:00;3.5;9.3;6.3;0.3;0.3;0.1;2;8;0;0.1;0;0;17.2;969.1;-0.9;-10;0;404.6;1.8;90;11;0;55.1;85;44;93;2435;62;0;172.6
BAS;01.12.2019 00:00;1.9;7.8;4.9;2;1.5;2.1;11;7.1;0;0.7;0;0;15.5;978.3;-3.9;-2.9;0;460.7;2.7;113;11;0;50.9;78;38;116;4129;127;0;220.7
BAS;01.01.2020 00:00;0.2;7.3;3.6;1.4;0.7;2.2;16;6.4;0;0.4;0;0;15.1;988;-4.5;6.2;0;500.3;2.2;92;6;0;16.5;35;58;140;6880;178;0;260.3
BAS;01.02.2020 00:00;3.2;12.8;7.6;4.4;3.3;5.7;5;7;0;1.1;0;0;18.3;982.2;-4.3;1.5;0;325.3;3.5;152;13;0;69.8;154;83;115;6455;126;0;133.3
BAS;01.03.2020 00:00;2.5;12.6;7.3;0.3;-0.1;0.8;8;6.7;0;-0.2;0;0;19.8;979.8;-3.4;0.5;0;371.8;2.7;117;7;0;47.9;97;147;121;10901;135;0;147.8
BAS;01.04.2020 00:00;6.1;20.6;13.5;2.8;0.6;4.4;4;8;0;-0.4;0;0;24.8;979;-1.5;2;0;89.4;1.6;84;3;0;16.8;26;243;137;17619;175;0;25.4
BAS;01.05.2020 00:00;8.2;20.4;14.7;0.1;-1.3;0.4;0;10.5;6;-1;0;0;27.9;981.8;3.4;3.3;0;95.8;1.6;89;7;0;73.6;75;236;113;14535;131;7;15.8
BAS;01.06.2020 00:00;12.5;23.3;17.8;-0.4;-0.6;-0.4;0;13.9;13;-0.5;0;0;29.9;977;8.4;-2.6;0;0;1.8;100;13;0;79.1;91;237;98;11505;90;28.8;0
BAS;01.07.2020 00:00;14.6;27.4;21.3;1.1;-0.3;1.6;0;13.6;24;-2.1;0;0;36.5;980.5;9.6;1;5;0;1.8;100;2;1;5.6;6;281;116;18183;129;97.5;0
BAS;01.08.2020 00:00;15.8;26.9;21.1;1.4;1;1.6;0;16.2;19;0.2;0;0;34.3;978;10.6;-1.6;11;0;1.5;94;13;0;127.9;145;204;99;12861;99;107.1;0
BAS;01.09.2020 00:00;12.1;22.9;17;1.6;1.1;2.2;0;13.9;13;0.5;0;0;30.9;980.1;5.6;0;3;48.6;1.5;94;8;0;46.2;66;170;114;12390;129;22.1;8.6
BAS;01.10.2020 00:00;7.4;14.4;10.6;-0.5;-0.2;-1;0;10.5;0;-0.4;0;0;18.7;977.3;3;-2.5;0;206.7;1.9;112;18;0;106.6;143;75;85;3619;56;0;54.7
BAS;01.11.2020 00:00;3.7;11.2;6.8;0.8;0.5;2;6;8.4;0;0.5;0;0;22.5;987.2;-3;8.1;0;383.5;2.2;110;5;0;18;28;63;133;6953;177;0;159.5
BAS;01.12.2020 00:00;1.7;6.5;4.1;1.2;1.3;0.8;9;7;0;0.6;0;0;16.5;972.2;-3.6;-9;0;485.8;2.5;104;16;0;68.4;105;28;86;1510;46;0;245.8
BAS;01.01.2021 00:00;-0.5;4.4;2.2;0;0;-0.7;18;5.9;0;-0.1;1;0;13.8;975.2;-6.1;-6.6;0;552;2.2;92;15;0;110.2;231;34;82;1933;50;0;304
BAS;01.02.2021 00:00;1;9.8;5.2;2;1.1;2.7;9;6.7;0;0.8;4;0;19.8;981;-11.9;0.3;0;414.1;2.5;109;8;0;33.6;74;82;114;6663;130;0;190.1
BAS;01.03.2021 00:00;1.6;12.1;6.7;-0.3;-1;0.3;11;6.3;1;-0.6;0;0;25;984.9;-2.4;5.6;0;393.1;2.2;96;10;0;53.3;108;136;112;9714;120;0;169.1
BAS;01.04.2021 00:00;2.2;14.5;8.5;-2.2;-3.3;-1.7;9;6.5;0;-1.9;0;0;24.8;980.7;-2.9;3.7;0;305.1;1.8;95;4;0;34.1;54;203;114;12279;122;0;113.1
BAS;01.05.2021 00:00;7.4;17;12;-2.6;-2.1;-3;0;9.4;1;-2.1;0;0;28.6;977.7;3.2;-0.8;0;174.1;2.3;128;15;0;131.8;135;202;96;9697;87;2.2;30.1
BAS;01.06.2021 00:00;14.6;25.7;19.8;1.6;1.5;2;0;16.1;19;1.7;0;0;32.3;980.5;10;0.9;4;0;1.6;89;15;0;125.8;145;252;104;13265;104;58.9;0
BAS;01.07.2021 00:00;14.7;24.2;18.9;-1.3;-0.2;-1.6;0;16.7;13;1;0;0;28.7;979;12.1;-0.5;0;0;1.6;89;18;0;195.5;220;209;86;9947;71;29.9;0
BAS;01.08.2021 00:00;14.1;22.8;18.2;-1.5;-0.7;-2.5;0;15.8;8;-0.2;0;1;30.9;980.4;10.9;0.8;2;0;1.5;94;7;0;46.4;53;186;90;9235;71;37.8;0
BAS;01.09.2021 00:00;12;23;17.1;1.7;1;2.3;0;14.7;10;1.3;0;0;28;982.3;6.4;2.2;0;8.9;1.2;75;7;0;44.4;63;174;117;12796;133;13.4;0.9
BAS;01.10.2021 00:00;6;15.8;10.4;-0.7;-1.6;0.4;0;10.2;0;-0.7;0;0;23.9;982.9;1.5;3.1;0;252.3;1.6;94;8;0;46.9;63;111;126;9428;147;0;68.3
BAS;01.11.2021 00:00;2.1;7.1;4.4;-1.6;-1.1;-2.1;7;7.4;0;-0.5;0;0;13.5;979.6;-2.1;0.5;0;467.8;1.5;75;8;0;27.8;43;41;86;2373;60;0;227.8
BAS;01.12.2021 00:00;1.1;6.7;3.9;1;0.7;1;13;7.1;0;0.7;0;0;15.9;979.3;-3.8;-1.9;0;490.8;2.2;92;13;0;72.1;111;33;101;2919;90;0;250.8
BAS;01.01.2022 00:00;-1.1;5.9;2.3;0.1;-0.6;0.8;22;5.9;0;-0.1;3;0;18.7;989;-5.7;7.2;0;549.6;1.9;79;6;0;20.5;43;50;121;4673;121;0;301.6
BAS;01.02.2022 00:00;2;10.3;6.1;2.9;2.1;3.2;10;6.5;0;0.6;0;0;17.9;984.6;-3.3;3.9;0;390.4;3.2;139;10;0;44.1;98;88;122;6925;135;0;166.4
BAS;01.03.2022 00:00;1.8;14.5;7.9;0.9;-0.8;2.7;9;5.9;0;-1;0;0;21.7;984.1;-4.8;4.8;0;360.2;1.8;78;3;0;39.3;79;166;136;13296;165;0;128.2
BAS;01.04.2022 00:00;5.1;15.7;10.4;-0.3;-0.4;-0.5;4;8.1;0;-0.3;0;0;23.1;976.5;-2.7;-0.5;0;242.8;2.1;111;7;0;87.1;137;198;112;11605;116;0;66.8
BAS;01.05.2022 00:00;11.2;22.7;17;2.4;1.7;2.7;0;12.5;9;1;0;0;32.7;981.1;5.5;2.6;2;25.3;1.6;89;7;0;51.7;53;252;120;15083;135;25.7;1.3
BAS;01.06.2022 00:00;14.3;26.8;20.6;2.4;1.2;3.1;0;15.4;19;1;0;1;35.5;979.5;9.8;-0.1;10;0;1.7;94;12;1;92.4;107;264;109;15013;118;79.5;0
BAS;01.07.2022 00:00;15.2;28.7;22.3;2.1;0.3;2.9;0;14.3;27;-1.4;0;0;36.5;983.1;10.5;3.6;10;0;1.7;94;3;1;50.1;56;306;126;21074;150;125.6;0
BAS;01.08.2022 00:00;15.3;28.5;21.9;2.2;0.5;3.2;0;15.5;26;-0.5;0;0;36.7;979.2;12.1;-0.4;11;0;1.5;94;8;1;105.1;119;239;116;16409;126;111.8;0
BAS;01.09.2022 00:00;11.1;20.1;15.2;-0.2;0.1;-0.6;0;13.4;5;0;0;0;28.5;977.5;4;-2.6;0;75.3;1.6;100;15;0;129.4;184;149;100;9144;95;11.2;11.3
BAS;01.10.2022 00:00;11.2;19.9;15;3.9;3.6;4.5;0;13.9;0;3;0;0;24.4;983.5;6.9;3.7;0;17.7;1.7;100;7;0;53.2;72;101;115;8172;127;0;1.7
BAS;01.11.2022 00:00;5.3;11.5;8.3;2.3;2.1;2.3;0;9.2;0;1.3;0;0;18;978.6;1.3;-0.5;0;343.7;1.9;95;12;0;63.8;98;52;109;3283;84;0;111.7
BAS;01.12.2022 00:00;0.7;6;3.5;0.6;0.3;0.3;14;7;0;0.6;7;0;16.7;978.1;-9.1;-3.1;0;498.2;2;83;14;0;58.7;90;32;98;2446;75;0;266.2
BAS;01.01.2023 00:00;1.3;7.1;4.3;2.1;1.8;2;13;6.8;0;0.8;0;0;17.1;981.4;-5.9;-0.4;0;487.8;2.3;96;10;0;36.5;76;33;80;2185;56;0;239.8
BAS;01.02.2023 00:00;1;9;4.7;1.5;1.1;1.9;12;6.4;0;0.5;0;0;16.7;989.7;-6.1;9;0;419.8;2;87;2;0;9.9;22;84;117;6914;135;0;203.8
BAS;01.03.2023 00:00;3.7;13.3;8.4;1.4;1.1;1.5;6;7.3;0;0.4;0;0;23.4;976.1;-3.3;-3.2;0;315.3;2.5;109;12;0;71.2;144;120;98;6673;83;0;123.3
BAS;01.04.2023 00:00;5.2;14.2;9.6;-1.1;-0.3;-2;3;8.6;0;0.2;0;0;21.4;978.5;-1.8;1.5;0;269.7;2;105;15;0;69.5;109;160;90;6752;67;0;85.7
BAS;01.05.2023 00:00;10.3;20.6;15.2;0.6;0.8;0.6;0;12;8;0.5;0;0;26.9;980.2;4.5;1.7;0;34.9;1.6;89;9;0;53.9;55;221;105;11341;102;2.5;2.9
BAS;01.06.2023 00:00;14.1;27.6;21.1;2.9;1;3.9;0;13.8;28;-0.6;0;0;32.7;978.8;9.5;-0.8;3;0;1.6;89;6;0;74.5;86;301;124;19452;153;84.6;0
BAS;01.07.2023 00:00;15.7;26.6;21.2;1;0.8;0.8;0;15.9;21;0.2;0;0;34.9;978.8;12.2;-0.7;6;0;1.8;100;12;0;73;82;251;104;14066;100;92.9;0
BAS;01.08.2023 00:00;16;26.6;21;1.3;1.2;1.3;0;16.9;18;0.9;0;3;36.4;978.8;10.1;-0.8;12;0;1.8;113;13;2;104.4;118;196;95;11344;87;108.5;0
BAS;01.09.2023 00:00;13.9;26;19.4;4;2.9;5.3;0;15.6;17;2.2;0;0;31.7;980.9;7;0.8;5;0;1.3;81;6;0;38;54;194;131;14988;156;57.9;0
BAS;01.10.2023 00:00;9.2;20;14;2.9;1.6;4.6;0;11.5;9;0.6;0;0;28.7;976.3;1.5;-3.5;0;94.7;1.7;100;11;0;67.4;91;102;116;7879;123;3.9;14.7
BAS;01.11.2023 00:00;4;10.6;7.3;1.3;0.8;1.4;5;8.3;0;0.4;0;0;18.2;973.7;-1.8;-5.4;0;376;2.7;135;19;0;124.1;191;38;80;2345;60;0;144
BAS;01.12.2023 00:00;2.4;8.2;5.2;2.3;2;2.5;7;7.3;0;0.9;1;0;14;980.7;-7.4;-0.5;0;458;2.7;113;15;0;52.8;81;34;104;3408;105;0;210
BAS;01.01.2024 00:00;-0.1;6.3;3.1;0.9;0.4;1.2;15;6.5;0;0.5;7;0;14.9;982.8;-8.9;1;0;524.4;2.5;104;13;0;75;157;44;107;3760;97;0;276.4
BAS;01.02.2024 00:00;4.7;11.7;8.2;5;4.8;4.6;0;8.2;0;2.3;0;0;14.6;978.4;0.3;-2.3;0;343.6;2.1;91;9;0;31.2;69;69;96;3368;66;0;111.6
BAS;01.03.2024 00:00;5.2;13.8;9.3;2.3;2.6;2;0;8.6;0;1.7;0;0;20.5;972.5;1.4;-6.8;0;312.1;2.1;91;15;0;78.6;159;120;98;6598;82;0;88.1
BAS;01.04.2024 00:00;6;16.4;11.1;0.4;0.5;0.2;0;8.8;5;0.4;0;0;28.8;979.1;0.4;2.1;0;225.8;2.2;116;11;0;39.3;62;161;91;7279;72;3.4;81.8
BAS;01.05.2024 00:00;10.4;20.1;14.9;0.3;0.9;0.1;0;12.4;4;0.9;0;0;27.1;976.4;6.3;-2.1;0;8.5;1.7;94;18;0;166.7;171;198;94;9188;83;0.6;0.5
BAS;01.06.2024 00:00;14.3;23.8;18.7;0.5;1.2;0.1;0;15.7;10;1.3;0;0;32.2;977.6;8.3;-2;2;0;1.6;89;12;0;76.4;88;216;89;9151;72;42;0
BAS;01.07.2024 00:00;15.7;26.7;21;0.8;0.8;0.9;0;17.1;20;1.4;0;1;34.5;979;12.6;-0.5;6;0;1.5;83;8;0;62.2;70;247;102;13519;96;91.8;0
BAS;01.08.2024 00:00;16.3;28.5;22.2;2.5;1.5;3.2;0;17.8;26;1.8;0;1;35.4;979.3;10.3;-0.3;12;0;1.6;100;5;1;25.8;29;247;120;17098;132;122;0
BAS;01.09.2024 00:00;11.2;20.6;15.6;0.2;0.2;-0.1;0;13.9;6;0.5;0;0;32.1;978.5;3.8;-1.6;1;67.5;1.6;100;11;0;81.2;116;139;94;7705;80;20.6;11.5
BAS;01.10.2024 00:00;9.6;17;12.9;1.8;2;1.6;0;12.8;0;1.9;0;0;21.8;980;4.8;0.2;0;90;1.7;100;9;0;81.4;109;80;91;4917;77;0;10
BAS;01.11.2024 00:00;3.2;9.4;6.2;0.2;0;0.2;7;8.1;0;0.2;0;0;16.1;984.7;-4.4;5.6;0;413.8;2;100;6;0;53.5;82;54;114;5349;136;0;173.8
BAS;01.12.2024 00:00;0.4;6.1;3.1;0.2;0;0.4;11;6.3;0;-0.1;1;0;14.4;986.4;-4.2;5.2;0;525.3;2.2;92;10;0;59.2;91;38;116;4379;135;0;277.3
BAS;01.01.2025 00:00;-0.2;7.1;3.2;1;0.3;2;15;6;0;0;0;0;16.4;980.3;-6.4;-1.5;0;520.6;2.4;100;11;0;77.4;162;51;123;5100;132;0;272.6
BAS;01.02.2025 00:00;1.3;7.6;4.1;0.9;1.4;0.5;11;6.7;0;0.8;0;0;14.8;985.4;-3.5;4.7;0;444.5;2.2;96;6;0;34;75;68;94;3530;69;0;220.5
BAS;01.03.2025 00:00;3.4;13.6;8.2;1.2;0.8;1.8;4;7.3;0;0.4;0;0;20.8;977.9;-2;-1.4;0;354.3;1.7;74;6;0;34.5;70;136;112;8824;109;0;122.3
BAS;01.04.2025 00:00;6.1;18.1;12.2;1.5;0.6;1.9;1;9.2;1;0.8;0;0;25.5;978.6;-0.1;1.6;0;172.1;1.6;84;9;0;70.2;111;205;116;13583;135;0;28.1
BAS;01.05.2025 00:00;9.4;20.6;15.1;0.5;-0.1;0.6;0;10.9;5;-0.6;0;0;30.9;979.1;4.5;0.6;1;48.8;1.6;89;9;0;54.1;55;226;108;12994;117;10.3;8.8
BAS;01.06.2025 00:00;15.5;27.4;21.6;3.4;2.4;3.7;0;16.5;21;2.1;0;1;34.1;982;8.8;2.4;9;0;1.6;89;9;0;113.3;131;272;112;17043;134;109;0
BAS;01.07.2025 00:00;15.2;25.9;20.2;0;0.3;0.1;0;15.3;17;-0.4;0;2;35.7;979.2;9.8;-0.3;4;0;1.8;100;14;1;68.4;77;242;100;13489;96;70.4;0
BAS;01.08.2025 00:00;14.8;27;20.6;0.9;0;1.7;0;16;20;0;0;2;36;979.7;9.6;0.1;9;0;1.5;94;9;2;149.9;170;227;110;15138;117;85.9;0
BAS;01.09.2025 00:00;11.7;20.2;15.7;0.3;0.7;-0.5;0;14.1;6;0.7;0;0;29.1;981.2;6.9;1.1;0;55.4;1.5;94;13;0;138.9;198;143;96;8355;87;8.9;7.4
BAS;01.10.2025 00:00;7;15.4;11;-0.1;-0.6;0;0;10.7;0;-0.2;0;0;23.1;980.4;2.4;0.6;0;208.8;2;118;11;0;79.8;107;92;104;5521;86;0;40.8
BAS;01.11.2025 00:00;2.9;9.5;6;0;-0.3;0.3;7;8.1;0;0.2;1;0;16.9;977.9;-5.8;-1.2;0;404;1.9;95;13;0;97.8;151;58;122;5261;134;0;180
BAS;01.12.2025 00:00;1.4;6.7;3.8;0.9;1;1;6;7;0;0.6;0;0;15;981.5;-7.6;0.3;0;503.1;2.2;92;2;0;11.4;18;40;122;4315;133;0;255.1
BAS;01.01.2026 00:00;-1.5;5;1.5;-0.7;-1;-0.1;18;5.7;0;-0.3;3;0;11.6;971.7;-9;-10.1;0;572.4;2.3;96;5;0;39.3;82;51;123;5481;142;0;324.4
BAS;01.02.2026 00:00;3.5;11.1;6.8;3.6;3.6;4;4;8;0;2.1;0;0;20.4;970.9;-1.1;-9.8;0;361.9;2.6;113;12;0;63.1;140;73;101;4291;84;0;145.9
BAS;01.03.2026 00:00;2.6;13.8;7.9;0.9;0;2;2;7.1;0;0.2;0;0;17.9;982;-2.8;2.7;0;376.6;1.9;83;6;0;29.1;59;141;116;10221;127;0;128.6
BAS;01.04.2026 00:00;5.2;18.8;12.2;1.5;-0.3;2.6;1;8.4;0;0;0;0;23.9;982.1;-0.1;5.1;0;122.3;1.6;84;5;0;23;36;218;123;14663;146;0;34.3
BAS;01.05.2026 00:00;9.9;22.6;16.1;1.5;0.4;2.6;0;11.5;11;0;0;0;32.5;980.1;4.5;1.6;6;79.2;1.5;83;9;0;62.9;64;250;119;14609;131;41.1;15.2
BAS;01.06.2026 00:00;16.1;29.1;22.5;4.3;3;5.4;0;15;20;0.6;0;5;39;981.7;9.4;2.1;14;0;1.8;100;3;9;20.2;23;274;113;16667;131;146.3;0
BAS;01.07.2026 00:00;16.2;31.4;24;3.8;1.3;5.6;0;13.8;31;-1.9;0;3;39.7;981.1;11.2;1.6;20;0;1.8;100;3;5;11;12;293;121;20533;146;177.4;0
