station_abbr;reference_timestamp;ths2dymn;ths2dymx;ths200m0;th9120mv;th91dnmv;th91dxmv;ths00nm0;pva2hsm0;ths25xm0;pv9120mv;ths00xm0;ths20nm0;thl200mx;phsstam0;thl200mn;ph9120mv;ths30xm0;xhs000m0;fhs010m0;fh9120mv;rhs001m0;ths35xm0;rhs150m0;rh9120mv;ghs000m0;gh9120mv;shs000m0;sh9120mv;xhs00om0;xhs012m0
SMA;01.01.1864 00:00;;;-6.6;-7.5;;;;;;;;;;;;;;;;;;;25.7;41;;;;;;
SMA;01.02.1864 00:00;;;-1.5;-3.3;;;;;;;;;;;;;;;;;;;32.9;55;;;;;;
SMA;01.03.1864 00:00;;;4.5;-1.3;;;;;;;;;;;;;;;;;;;51;72;;;;;;
SMA;01.04.1864 00:00;;;6.8;-2.8;;;;;;;;;;;;;;;;;;;46.9;58;;;;;;
SMA;01.05.1864 00:00;;;12.3;-1.3;;;;;;;;;;;;;;;;;;;78.4;61;;;;;;
SMA;01.06.1864 00:00;;;14.7;-2.4;;;;;;;;;;;;;;;;;;;146.4;115;;;;;;
SMA;01.07.1864 00:00;;;16.9;-2.1;;;;;;;;;;;;;;;;;;;77.5;62;;;;;;
SMA;01.08.1864 00:00;;;15.3;-3.3;;;;;;;;;;;;;;;;;;;31.3;26;;;;;;
SMA;01.09.1864 00:00;;;12.9;-1.5;;;;;;;;;;;;;;;;;;;61.9;71;;;;;;
SMA;01.10.1864 00:00;;;6.7;-3.3;;;;;;;;;;;;;;;;;;;15.4;18;;;;;;
SMA;01.11.1864 00:00;;;2.5;-2.4;;;;;;;;;;;;;;;;;;;78.5;103;;;;;;
SMA;01.12.1864 00:00;;;-4.2;-5.9;;;;;;;;;;;;;;;;;;;4;5;;;;;;
SMA;01.01.1865 00:00;;;0;-0.9;;;;;;;;;;;;;;;;;;;63.7;101;;;;;;
SMA;01.02.1865 00:00;;;-2.9;-4.7;;;;;;;;;;;;;;;;;;;52.8;88;;;;;;
SMA;01.03.1865 00:00;;;-1.2;-7;;;;;;;;;;;;;;;;;;;51.9;73;;;;;;
SMA;01.04.1865 00:00;;;11.9;2.3;;;;;;;;;;;;;;;;;;;3.9;5;;;;;;
SMA;01.05.1865 00:00;;;15.2;1.6;;;;;;;;;;;;;;;;;;;59.8;47;;;;;;
SMA;01.06.1865 00:00;;;16;-1.1;;;;;;;;;;;;;;;;;;;43.3;34;;;;;;
SMA;01.07.1865 00:00;;;19;0;;;;;;;;;;;;;;;;;;;79.7;63;;;;;;
SMA;01.08.1865 00:00;;;15.8;-2.8;;;;;;;;;;;;;;;;;;;164.6;138;;;;;;
SMA;01.09.1865 00:00;;;15.4;1;;;;;;;;;;;;;;;;;;;0;0;;;;;;
SMA;01.10.1865 00:00;;;9.3;-0.7;;;;;;;;;;;;;;;;;;;68.5;80;;;;;;
SMA;01.11.1865 00:00;;;4.2;-0.7;;;;;;;;;;;;;;;;;;;62.9;83;;;;;;
SMA;01.12.1865 00:00;;;-1.9;-3.6;;;;;;;;;;;;;;;;;;;17.1;21;;;;;;
SMA;01.01.1866 00:00;;;1.7;0.8;;;;;;;;;;;;;;;;;;;81.3;129;;;;;;
SMA;01.02.1866 00:00;;;3.7;1.9;;;;;;;;;;;;;;;;;;;169.3;281;;;;;;
SMA;01.03.1866 00:00;;;3.7;-2.1;;;;;;;;;;;;;;;;;;;111.5;157;;;;;;
SMA;01.04.1866 00:00;;;9.1;-0.5;;;;;;;;;;;;;;;;;;;104.3;130;;;;;;
SMA;01.05.1866 00:00;;;9.7;-3.9;;;;;;;;;;;;;;;;;;;103.1;80;;;;;;
SMA;01.06.1866 00:00;;;17.5;0.4;;;;;;;;;;;;;;;;;;;34.8;27;;;;;;
SMA;01.07.1866 00:00;;;17.4;-1.6;;;;;;;;;;;;;;;;;;;55.4;44;;;;;;
SMA;01.08.1866 00:00;;;14.7;-3.9;;;;;;;;;;;;;;;;;;;200.2;168;;;;;;
SMA;01.09.1866 00:00;;;14.3;-0.1;;;;;;;;;;;;;;;;;;;81.4;93;;;;;;
SMA;01.10.1866 00:00;;;8;-2;;;;;;;;;;;;;;;;;;;26.6;31;;;;;;
SMA;01.11.1866 00:00;;;3.6;-1.3;;;;;;;;;;;;;;;;;;;108.2;142;;;;;;
SMA;01.12.1866 00:00;;;1.7;0;;;;;;;;;;;;;;;;;;;130.7;157;;;;;;
SMA;01.01.1867 00:00;;;-1.2;-2.1;;;;;;;;;;;;;;;;;;;134.4;213;;;;;;
SMA;01.02.1867 00:00;;;4.7;2.9;;;;;;;;;;;;;;;;;;;75.4;125;;;;;;
SMA;01.03.1867 00:00;;;3.7;-2.1;;;;;;;;;;;;;;;;;;;105.3;148;;;;;;
SMA;01.04.1867 00:00;;;8.2;-1.4;;;;;;;;;;;;;;;;;;;126.2;157;;;;;;
SMA;01.05.1867 00:00;;;12.8;-0.8;;;;;;;;;;;;;;;;;;;108.6;85;;;;;;
SMA;01.06.1867 00:00;;;15.7;-1.4;;;;;;;;;;;;;;;;;;;187.6;147;;;;;;
SMA;01.07.1867 00:00;;;16.3;-2.7;;;;;;;;;;;;;;;;;;;47;37;;;;;;
SMA;01.08.1867 00:00;;;17.6;-1;;;;;;;;;;;;;;;;;;;157.4;132;;;;;;
SMA;01.09.1867 00:00;;;14.2;-0.2;;;;;;;;;;;;;;;;;;;108.1;124;;;;;;
SMA;01.10.1867 00:00;;;6.7;-3.3;;;;;;;;;;;;;;;;;;;165.9;195;;;;;;
SMA;01.11.1867 00:00;;;0.9;-4;;;;;;;;;;;;;;;;;;;27.7;36;;;;;;
SMA;01.12.1867 00:00;;;-2.6;-4.3;;;;;;;;;;;;;;;;;;;58.3;70;;;;;;
SMA;01.01.1868 00:00;;;-2.5;-3.4;;;;;;;;;;;;;;;;;;;36.7;58;;;;;;
SMA;01.02.1868 00:00;;;2.3;0.5;;;;;;;;;;;;;;;;;;;6.4;11;;;;;;
SMA;01.03.1868 00:00;;;2.6;-3.2;;;;;;;;;;;;;;;;;;;62.9;88;;;;;;
SMA;01.04.1868 00:00;;;7.3;-2.3;;;;;;;;;;;;;;;;;;;80.5;100;;;;;;
SMA;01.05.1868 00:00;;;17.6;4;;;;;;;;;;;;;;;;;;;9.1;7;;;;;;
SMA;01.06.1868 00:00;;;17.3;0.2;;;;;;;;;;;;;;;;;;;88.7;70;;;;;;
SMA;01.07.1868 00:00;;;18.1;-0.9;;;;;;;;;;;;;;;;;;;89.4;71;;;;;;
SMA;01.08.1868 00:00;;;17.5;-1.1;;;;;;;;;;;;;;;;;;;69.4;58;;;;;;
SMA;01.09.1868 00:00;;;15.6;1.2;;;;;;;;;;;;;;;;;;;72;82;;;;;;
SMA;01.10.1868 00:00;;;8.8;-1.2;;;;;;;;;;;;;;;;;;;159.7;187;;;;;;
SMA;01.11.1868 00:00;;;0.6;-4.3;;;;;;;;;;;;;;;;;;;51.4;68;;;;;;
SMA;01.12.1868 00:00;;;5.1;3.4;;;;;;;;;;;;;;;;;;;129.9;156;;;;;;
SMA;01.01.1869 00:00;;;-1.7;-2.6;;;;;;;;;;;;;;;;;;;21.2;34;;;;;;
SMA;01.02.1869 00:00;;;4.9;3.1;;;;;;;;;;;;;;;;;;;19.5;32;;;;;;
SMA;01.03.1869 00:00;;;0.5;-5.3;;;;;;;;;;;;;;;;;;;44.2;62;;;;;;
SMA;01.04.1869 00:00;;;10.1;0.5;;;;;;;;;;;;;;;;;;;78.5;98;;;;;;
SMA;01.05.1869 00:00;;;13.9;0.3;;;;;;;;;;;;;;;;;;;108.3;84;;;;;;
SMA;01.06.1869 00:00;;;13.4;-3.7;;;;;;;;;;;;;;;;;;;121.3;95;;;;;;
SMA;01.07.1869 00:00;;;19.6;0.6;;;;;;;;;;;;;;;;;;;133.2;106;;;;;;
SMA;01.08.1869 00:00;;;15.5;-3.1;;;;;;;;;;;;;;;;;;;192.7;162;;;;;;
SMA;01.09.1869 00:00;;;14.4;0;;;;;;;;;;;;;;;;;;;77.8;89;;;;;;
SMA;01.10.1869 00:00;;;6;-4;;;;;;;;;;;;;;;;;;;63.3;74;;;;;;
SMA;01.11.1869 00:00;;;3.8;-1.1;;;;;;;;;;;;;;;;;;;67.4;89;;;;;;
SMA;01.12.1869 00:00;;;-1.9;-3.6;;;;;;;;;;;;;;;;;;;47.7;57;;;;;;
SMA;01.01.1870 00:00;;;-2.4;-3.3;;;;;;;;;;;;;;;;;;;9.5;15;;;;;;
SMA;01.02.1870 00:00;;;-3.1;-4.9;;;;;;;;;;;;;;;;;;;19.1;32;;;;;;
SMA;01.03.1870 00:00;;;1.7;-4.1;;;;;;;;;;;;;;;;;;;73;103;;;;;;
SMA;01.04.1870 00:00;;;8;-1.6;;;;;;;;;;;;;;;;;;;7.6;9;;;;;;
SMA;01.05.1870 00:00;;;14;0.4;;;;;;;;;;;;;;;;;;;48.7;38;;;;;;
SMA;01.06.1870 00:00;;;16.9;-0.2;;;;;;;;;;;;;;;;;;;54.7;43;;;;;;
SMA;01.07.1870 00:00;;;19.7;0.7;;;;;;;;;;;;;;;;;;;95.4;76;;;;;;
SMA;01.08.1870 00:00;;;15.1;-3.5;;;;;;;;;;;;;;;;;;;93.3;78;;;;;;
SMA;01.09.1870 00:00;;;11.9;-2.5;;;;;;;;;;;;;;;;;;;71.5;82;;;;;;
SMA;01.10.1870 00:00;;;8.1;-1.9;;;;;;;;;;;;;;;;;;;185.3;217;;;;;;
SMA;01.11.1870 00:00;;;2.9;-2;;;;;;;;;;;;;;;;;;;64.2;84;;;;;;
SMA;01.12.1870 00:00;;;-4.3;-6;;;;;;;;;;;;;;;;;;;90.6;109;;;;;;
SMA;01.01.1871 00:00;;;-5.1;-6;;;;;;;;;;;;;;;;;;;39.2;62;;;;;;
SMA;01.02.1871 00:00;;;0.9;-0.9;;;;;;;;;;;;;;;;;;;37.1;62;;;;;;
SMA;01.03.1871 00:00;;;4.1;-1.7;;;;;;;;;;;;;;;;;;;31.1;44;;;;;;
SMA;01.04.1871 00:00;;;8.5;-1.1;;;;;;;;;;;;;;;;;;;108.8;135;;;;;;
SMA;01.05.1871 00:00;;;11.6;-2;;;;;;;;;;;;;;;;;;;27;21;;;;;;
SMA;01.06.1871 00:00;;;12.6;-4.5;;;;;;;;;;;;;;;;;;;133.6;105;;;;;;
SMA;01.07.1871 00:00;;;18.1;-0.9;;;;;;;;;;;;;;;;;;;102.1;81;;;;;;
SMA;01.08.1871 00:00;;;17.5;-1.1;;;;;;;;;;;;;;;;;;;91.3;77;;;;;;
SMA;01.09.1871 00:00;;;15.3;0.9;;;;;;;;;;;;;;;;;;;30.6;35;;;;;;
SMA;01.10.1871 00:00;;;6.2;-3.8;;;;;;;;;;;;;;;;;;;126.6;149;;;;;;
SMA;01.11.1871 00:00;;;-0.2;-5.1;;;;;;;;;;;;;;;;;;;36.8;48;;;;;;
SMA;01.12.1871 00:00;;;-7.2;-8.9;;;;;;;;;;;;;;;;;;;8.1;10;;;;;;
SMA;01.01.1872 00:00;;;-0.5;-1.4;;;;;;;;;;;;;;;;;;;31.9;51;;;;;;
SMA;01.02.1872 00:00;;;0.3;-1.5;;;;;;;;;;;;;;;;;;;59.6;99;;;;;;
SMA;01.03.1872 00:00;;;5.3;-0.5;;;;;;;;;;;;;;;;;;;30.4;43;;;;;;
SMA;01.04.1872 00:00;;;9;-0.6;;;;;;;;;;;;;;;;;;;58.4;73;;;;;;
SMA;01.05.1872 00:00;;;11.3;-2.3;;;;;;;;;;;;;;;;;;;199.9;156;;;;;;
SMA;01.06.1872 00:00;;;15.1;-2;;;;;;;;;;;;;;;;;;;167.2;131;;;;;;
SMA;01.07.1872 00:00;;;18.5;-0.5;;;;;;;;;;;;;;;;;;;114;90;;;;;;
SMA;01.08.1872 00:00;;;15.5;-3.1;;;;;;;;;;;;;;;;;;;203.2;171;;;;;;
SMA;01.09.1872 00:00;;;14.1;-0.3;;;;;;;;;;;;;;;;;;;20.6;24;;;;;;
SMA;01.10.1872 00:00;;;9.3;-0.7;;;;;;;;;;;;;;;;;;;91.4;107;;;;;;
SMA;01.11.1872 00:00;;;5.6;0.7;;;;;;;;;;;;;;;;;;;105.8;139;;;;;;
SMA;01.12.1872 00:00;;;2.2;0.5;;;;;;;;;;;;;;;;;;;95;114;;;;;;
SMA;01.01.1873 00:00;;;0.3;-0.6;;;;;;;;;;;;;;;;;;;23.6;37;;;;;;
SMA;01.02.1873 00:00;;;-0.1;-1.9;;;;;;;;;;;;;;;;;;;25.4;42;;;;;;
SMA;01.03.1873 00:00;;;6;0.2;;;;;;;;;;;;;;;;;;;116.3;163;;;;;;
SMA;01.04.1873 00:00;;;6.5;-3.1;;;;;;;;;;;;;;;;;;;148.2;184;;;;;;
SMA;01.05.1873 00:00;;;9.8;-3.8;;;;;;;;;;;;;;;;;;;113.5;89;;;;;;
SMA;01.06.1873 00:00;;;16.2;-0.9;;;;;;;;;;;;;;;;;;;52.1;41;;;;;;
SMA;01.07.1873 00:00;;;19.7;0.7;;;;;;;;;;;;;;;;;;;152.7;121;;;;;;
SMA;01.08.1873 00:00;;;18.5;-0.1;;;;;;;;;;;;;;;;;;;111.9;94;;;;;;
SMA;01.09.1873 00:00;;;12.8;-1.6;;;;;;;;;;;;;;;;;;;90.1;103;;;;;;
SMA;01.10.1873 00:00;;;9.1;-0.9;;;;;;;;;;;;;;;;;;;120.2;141;;;;;;
SMA;01.11.1873 00:00;;;3.5;-1.4;;;;;;;;;;;;;;;;;;;74.7;98;;;;;;
SMA;01.12.1873 00:00;;;-1;-2.7;;;;;;;;;;;;;;;;;;;15.1;18;;;;;;
SMA;01.01.1874 00:00;;;-1;-1.9;;;;;;;;;;;;;;;;;;;24;38;;;;;;
SMA;01.02.1874 00:00;;;-0.5;-2.3;;;;;;;;;;;;;;;;;;;12.3;20;;;;;;
SMA;01.03.1874 00:00;;;3.6;-2.2;;;;;;;;;;;;;;;;;;;31.6;44;;;;;;
SMA;01.04.1874 00:00;;;9.8;0.2;;;;;;;;;;;;;;;;;;;89.3;111;;;;;;
SMA;01.05.1874 00:00;;;9;-4.6;;;;;;;;;;;;;;;;;;;113.5;89;;;;;;
SMA;01.06.1874 00:00;;;16.5;-0.6;;;;;;;;;;;;;;;;;;;99.3;78;;;;;;
SMA;01.07.1874 00:00;;;20.3;1.3;;;;;;;;;;;;;;;;;;;176.9;140;;;;;;
SMA;01.08.1874 00:00;;;15.6;-3;;;;;;;;;;;;;;;;;;;99.4;83;;;;;;
SMA;01.09.1874 00:00;;;15.1;0.7;;;;;;;;;;;;;;;;;;;43.5;50;;;;;;
SMA;01.10.1874 00:00;;;7.9;-2.1;;;;;;;;;;;;;;;;;;;25.2;30;;;;;;
SMA;01.11.1874 00:00;;;0.3;-4.6;;;;;;;;;;;;;;;;;;;74.8;98;;;;;;
SMA;01.12.1874 00:00;;;-2.1;-3.8;;;;;;;;;;;;;;;;;;;94.5;113;;;;;;
SMA;01.01.1875 00:00;;;1.1;0.2;;;;;;;;;;;;;;;;;;;102.6;163;;;;;;
SMA;01.02.1875 00:00;;;-3.7;-5.5;;;;;;;;;;;;;;;;;;;15;25;;;;;;
SMA;01.03.1875 00:00;;;1.7;-4.1;;;;;;;;;;;;;;;;;;;54.3;76;;;;;;
SMA;01.04.1875 00:00;;;8.4;-1.2;;;;;;;;;;;;;;;;;;;13.9;17;;;;;;
SMA;01.05.1875 00:00;;;14.6;1;;;;;;;;;;;;;;;;;;;118.3;92;;;;;;
SMA;01.06.1875 00:00;;;16.5;-0.6;;;;;;;;;;;;;;;;;;;136.4;107;;;;;;
SMA;01.07.1875 00:00;;;16.4;-2.6;;;;;;;;;;;;;;;;;;;129;102;;;;;;
SMA;01.08.1875 00:00;;;18.8;0.2;;;;;;;;;;;;;;;;;;;68.2;57;;;;;;
SMA;01.09.1875 00:00;;;14.9;0.5;;;;;;;;;;;;;;;;;;;118.4;135;;;;;;
SMA;01.10.1875 00:00;;;7.3;-2.7;;;;;;;;;;;;;;;;;;;165.8;195;;;;;;
SMA;01.11.1875 00:00;;;3.2;-1.7;;;;;;;;;;;;;;;;;;;166.6;219;;;;;;
SMA;01.12.1875 00:00;;;-3.2;-4.9;;;;;;;;;;;;;;;;;;;12.9;15;;;;;;
SMA;01.01.1876 00:00;;;-3.2;-4.1;;;;;;;;;;;;;;;;;;;12.1;19;;;;;;
SMA;01.02.1876 00:00;;;1.5;-0.3;;;;;;;;;;;;;;;;;;;147.8;245;;;;;;
SMA;01.03.1876 00:00;;;3.9;-1.9;;;;;;;;;;;;;;;;;;;213.4;300;;;;;;
SMA;01.04.1876 00:00;;;8;-1.6;;;;;;;;;;;;;;;;;;;131.3;163;;;;;;
SMA;01.05.1876 00:00;;;9.1;-4.5;;;;;;;;;;;;;;;;;;;131.8;103;;;;;;
SMA;01.06.1876 00:00;;;15.5;-1.6;;;;;;;;;;;;;;;;;;;359.2;282;;;;;;
SMA;01.07.1876 00:00;;;18.9;-0.1;;;;;;;;;;;;;;;;;;;92.1;73;;;;;;
SMA;01.08.1876 00:00;;;18.1;-0.5;;;;;;;;;;;;;;;;;;;140.5;118;;;;;;
SMA;01.09.1876 00:00;;;12.5;-1.9;;;;;;;;;;;;;;;;;;;198.5;227;;;;;;
SMA;01.10.1876 00:00;;;10.5;0.5;;;;;;;;;;;;;;;;;;;13.4;16;;;;;;
SMA;01.11.1876 00:00;;;1.9;-3;;;;;;;;;;;;;;;;;;;88;116;;;;;;
SMA;01.12.1876 00:00;;;3.4;1.7;;;;;;;;;;;;;;;;;;;77.2;93;;;;;;
SMA;01.01.1877 00:00;;;2;1.1;;;;;;;;;;;;;;;;;;;60;95;;;;;;
SMA;01.02.1877 00:00;;;3;1.2;;;;;;;;;;;;;;;;;;;88.5;147;;;;;;
SMA;01.03.1877 00:00;;;2.3;-3.5;;;;;;;;;;;;;;;;;;;70.3;99;;;;;;
SMA;01.04.1877 00:00;;;7.3;-2.3;;;;;;;;;;;;;;;;;;;90.7;113;;;;;;
SMA;01.05.1877 00:00;;;9.8;-3.8;;;;;;;;;;;;;;;;;;;94.2;73;;;;;;
SMA;01.06.1877 00:00;;;18.9;1.8;;;;;;;;;;;;;;;;;;;38.8;30;;;;;;
SMA;01.07.1877 00:00;;;16.9;-2.1;;;;;;;;;;;;;;;;;;;162.8;129;;;;;;
SMA;01.08.1877 00:00;;;18.1;-0.5;;;;;;;;;;;;;;;;;;;104.2;87;;;;;;
SMA;01.09.1877 00:00;;;11.1;-3.3;;;;;;;;;;;;;;;;;;;40.5;46;;;;;;
SMA;01.10.1877 00:00;;;6.3;-3.7;;;;;;;;;;;;;;;;;;;34.8;41;;;;;;
SMA;01.11.1877 00:00;;;5.2;0.3;;;;;;;;;;;;;;;;;;;71.6;94;;;;;;
SMA;01.12.1877 00:00;;;0.5;-1.2;;;;;;;;;;;;;;;;;;;76.8;92;;;;;;
SMA;01.01.1878 00:00;;;-2.9;-3.8;;;;;;;;;;;;;;;;;;;57;90;;;;;;
SMA;01.02.1878 00:00;;;0.3;-1.5;;;;;;;;;;;;;;;;;;;25.2;42;;;;;;
SMA;01.03.1878 00:00;;;2.6;-3.2;;;;;;;;;;;;;;;;;;;70.9;100;;;;;;
SMA;01.04.1878 00:00;;;8;-1.6;;;;;;;;;;;;;;;;;;;100.4;125;;;;;;
SMA;01.05.1878 00:00;;;13.4;-0.2;;;;;;;;;;;;;;;;;;;128.5;100;;;;;;
SMA;01.06.1878 00:00;;;15.2;-1.9;;;;;;;;;;;;;;;;;;;249.7;196;;;;;;
SMA;01.07.1878 00:00;;;16.8;-2.2;;;;;;;;;;;;;;;;;;;99.1;79;;;;;;
SMA;01.08.1878 00:00;;;16.9;-1.7;;;;;;;;;;;;;;;;;;;126.9;107;;;;;;
SMA;01.09.1878 00:00;;;13.4;-1;;;;;;;;;;;;;;;;;;;105.6;121;;;;;;
SMA;01.10.1878 00:00;;;9.2;-0.8;;;;;;;;;;;;;;;;;;;70.4;83;;;;;;
SMA;01.11.1878 00:00;;;1.5;-3.4;;;;;;;;;;;;;;;;;;;52.8;69;;;;;;
SMA;01.12.1878 00:00;;;-3;-4.7;;;;;;;;;;;;;;;;;;;77.5;93;;;;;;
SMA;01.01.1879 00:00;;;-1.6;-2.5;;;;;;;;;;;;;;;;;;;46.6;74;;;;;;
SMA;01.02.1879 00:00;;;1.2;-0.6;;;;;;;;;;;;;;;;;;;119.1;198;;;;;;
SMA;01.03.1879 00:00;;;3.9;-1.9;;;;;;;;;;;;;;;;;;;25.2;35;;;;;;
SMA;01.04.1879 00:00;;;6;-3.6;;;;;;;;;;;;;;;;;;;75.8;94;;;;;;
SMA;01.05.1879 00:00;;;8.1;-5.5;;;;;;;;;;;;;;;;;;;86.6;68;;;;;;
SMA;01.06.1879 00:00;;;16;-1.1;;;;;;;;;;;;;;;;;;;98.7;77;;;;;;
SMA;01.07.1879 00:00;;;14.9;-4.1;;;;;;;;;;;;;;;;;;;156.6;124;;;;;;
SMA;01.08.1879 00:00;;;18.4;-0.2;;;;;;;;;;;;;;;;;;;70.8;59;;;;;;
SMA;01.09.1879 00:00;;;13.5;-0.9;;;;;;;;;;;;;;;;;;;120.5;138;;;;;;
SMA;01.10.1879 00:00;;;6.8;-3.2;;;;;;;;;;;;;;;;;;;73.9;87;;;;;;
SMA;01.11.1879 00:00;;;-0.3;-5.2;;;;;;;;;;;;;;;;;;;86.7;114;;;;;;
SMA;01.12.1879 00:00;;;-9;-10.7;;;;;;;;;;;;;;;;;;;50.6;61;;;;;;
SMA;01.01.1880 00:00;;;-5.7;-6.6;;;;;;;;;;;;;;;;;;;21.3;34;;;;;;
SMA;01.02.1880 00:00;;;-0.1;-1.9;;;;;;;;;;;;;;;;;;;47.6;79;;;;;;
SMA;01.03.1880 00:00;;;6.3;0.5;;;;;;;;;;;;;;;;;;;21.8;31;;;;;;
SMA;01.04.1880 00:00;;;8.3;-1.3;;;;;;;;;;;;;;;;;;;108.7;135;;;;;;
SMA;01.05.1880 00:00;;;11;-2.6;;;;;;;;;;;;;;;;;;;56.1;44;;;;;;
SMA;01.06.1880 00:00;;;14.7;-2.4;;;;;;;;;;;;;;;;;;;88.9;70;;;;;;
SMA;01.07.1880 00:00;;;18.7;-0.3;;;;;;;;;;;;;;;;;;;112.4;89;;;;;;
SMA;01.08.1880 00:00;;;16.2;-2.4;;;;;;;;;;;;;;;;;;;132.9;112;;;;;;
SMA;01.09.1880 00:00;;;14.1;-0.3;;;;;;;;;;;;;;;;;;;103.8;119;;;;;;
SMA;01.10.1880 00:00;;;8.4;-1.6;;;;;;;;;;;;;;;;;;;174.1;204;;;;;;
SMA;01.11.1880 00:00;;;4.2;-0.7;;;;;;;;;;;;;;;;;;;32.7;43;;;;;;
SMA;01.12.1880 00:00;;;4.6;2.9;;;;;;;;;;;;;;;;;;;79.2;95;;;;;;
SMA;01.01.1881 00:00;;;-3.9;-4.8;;;;;;;;;;;;;;;;;;;25.9;41;;;;;;
SMA;01.02.1881 00:00;;;1.4;-0.4;;;;;;;;;;;;;;;;;;;62.6;104;;;;;;
SMA;01.03.1881 00:00;;;4.9;-0.9;;;;;;;;;;;;;;;;;;;80.8;113;;;;;;
SMA;01.04.1881 00:00;;;6.9;-2.7;;;;;;;;;;;;;;;;;;;83.8;104;;;;;;
SMA;01.05.1881 00:00;;;11.3;-2.3;;;;;;;;;;;;;;;;;;;51.3;40;;;;;;
SMA;01.06.1881 00:00;;;15.2;-1.9;;;;;;;;;;;;;;;;;;;101.7;80;;;;;;
SMA;01.07.1881 00:00;;;20.3;1.3;;;;;;;;;;;;;;;;;;;64.2;51;;;;;;
SMA;01.08.1881 00:00;;;17.2;-1.4;;;;;;;;;;;;;;;;;;;212.8;179;;;;;;
SMA;01.09.1881 00:00;9.6;16.7;12;-2.4;-1.1;-2.4;;;;;;;;;;;;;;;;;179;205;;;;;;
SMA;01.10.1881 00:00;2.4;8.2;4.9;-5.1;-4.7;-5.6;;;;;;;;;;;;;;;;;52.2;61;;;;;;
SMA;01.11.1881 00:00;2.7;8.8;4.6;-0.3;0.2;1.2;;;;;;;;;;;;;;;;;8.1;11;;;;;;
SMA;01.12.1881 00:00;-2.7;1.9;-0.3;-2;-2.2;-2.1;;;;;;;;;;;;;;;;;31.6;38;;;;;;
SMA;01.01.1882 00:00;-3.6;-0.2;-1.5;-2.4;-2.2;-3.7;;;;;;;;;;;;;;;;;15.6;25;;;;;;
SMA;01.02.1882 00:00;-3.5;3;0.3;-1.5;-2.3;-2.2;;;;;;;;;;;;;;;;;12;20;;;;;;
SMA;01.03.1882 00:00;0.8;10.5;6;0.2;-1.1;0.3;;;;;;;;;;;;;;;;;21.5;30;;;;;;
SMA;01.04.1882 00:00;2.4;12.2;7.9;-1.7;-2.7;-2.6;;;;;;;;;;;;;;;;;60.7;75;;;;;;
SMA;01.05.1882 00:00;6.8;17.3;12.7;-0.9;-2.2;-1.5;;;;;;;;;;;;;;;;;65.1;51;;;;;;
SMA;01.06.1882 00:00;9.4;18.8;14.7;-2.4;-3.2;-3.6;;;;;;;;;;;;;;;;;164.9;129;;;;;;
SMA;01.07.1882 00:00;10.8;21.1;15.8;-3.2;-3.6;-3.2;;;;;;;;;;;;;;;;;113.4;90;;;;;;
SMA;01.08.1882 00:00;10.6;20.5;15.1;-3.5;-3.7;-3.4;;;;;;;;;;;;;;;;;113;95;;;;;;
SMA;01.09.1882 00:00;8.4;15.7;12;-2.4;-2.3;-3.4;;;;;;;;;;;;;;;;;165.3;189;;;;;;
SMA;01.10.1882 00:00;5.7;13.5;9.3;-0.7;-1.4;-0.3;;;;;;;;;;;;;;;;;159;187;;;;;;
SMA;01.11.1882 00:00;1.7;8.5;4.6;-0.3;-0.8;0.9;;;;;;;;;;;;;;;;;137.7;181;;;;;;
SMA;01.12.1882 00:00;-1.2;4.1;0.8;-0.9;-0.7;0.1;;;;;;;;;;;;;;;;;138.7;166;;;;;;
SMA;01.01.1883 00:00;-2.7;3;0;-0.9;-1.3;-0.5;;;;;;;;;;;;;;;;;45.4;72;;;;;;
SMA;01.02.1883 00:00;-0.7;6.7;2.4;0.6;0.5;1.5;;;;;;;;;;;;;;;;;35.1;58;;;;;;
SMA;01.03.1883 00:00;-3.3;3.9;-0.3;-6.1;-5.2;-6.3;;;;;;;;;;;;;;;;;31.3;44;;;;;;
SMA;01.04.1883 00:00;2.4;12.4;7.2;-2.4;-2.7;-2.4;;;;;;;;;;;;;;;;;54.9;68;;;;;;
SMA;01.05.1883 00:00;6.8;18.5;12.6;-1;-2.2;-0.3;;;;;;;;;;;;;;;;;113.8;89;;;;;;
SMA;01.06.1883 00:00;9.8;20.9;15;-2.1;-2.8;-1.5;;;;;;;;;;;;;;;;;140.5;110;;;;;;
SMA;01.07.1883 00:00;11.1;21.8;16.1;-2.9;-3.3;-2.5;;;;;;;;;;;;;;;;;132.5;105;;;;;;
SMA;01.08.1883 00:00;10;22.5;16.1;-2.5;-4.3;-1.4;;;;;;;;;;;;;;;;;43.2;36;;;;;;
SMA;01.09.1883 00:00;8.4;18.5;12.9;-1.5;-2.3;-0.6;;;;;;;;;;;;;;;;;95.1;109;;;;;;
SMA;01.10.1883 00:00;3.4;11.9;7.2;-2.8;-3.7;-1.9;;;;;;;;;;;;;;;;;99.3;117;;;;;;
SMA;01.11.1883 00:00;1.5;7.7;4;-0.9;-1;0.1;;;;;;;;;;;;;;;;;69.7;92;;;;;;
SMA;01.12.1883 00:00;-2;2.8;-0.3;-2;-1.5;-1.2;;;;;;;;;;;;;;;;;63.4;76;;;;;;
SMA;01.01.1884 00:00;-0.8;4.7;1.6;0.7;0.6;1.2;;;;;;;;;;;;;;;;;37.8;60;;;3335;93;;
SMA;01.02.1884 00:00;-1.2;5.8;1.8;0;0;0.6;;;;;;;;;;;;;;;;;40.1;67;;;4841;91;;
SMA;01.03.1884 00:00;0.2;11.2;5.2;-0.6;-1.7;1;;;;;;;;;;;;;;;;;18.8;26;;;10815;125;;
SMA;01.04.1884 00:00;2.5;11.3;6.9;-2.7;-2.6;-3.5;;;;;;;;;;;;;;;;;37.3;46;;;8300;78;;
SMA;01.05.1884 00:00;7.7;19.1;13.4;-0.2;-1.3;0.3;;;;;;;;;;;;;;;;;81.7;64;;;13785;120;;
SMA;01.06.1884 00:00;7.7;17.7;12.5;-4.6;-4.9;-4.7;;;;;;;;;;;;;;;;;119.3;93;;;9018;72;;
SMA;01.07.1884 00:00;12.6;25.3;18.4;-0.6;-1.8;1;;;;;;;;;;;;;;;;;149;118;;;14302;104;;
SMA;01.08.1884 00:00;11.2;23.4;17.4;-1.2;-3.1;-0.5;;;;;;;;;;;;;;;;;114.3;96;;;15284;118;;
SMA;01.09.1884 00:00;8.5;19.4;13.5;-0.9;-2.2;0.3;;;;;;;;;;;;;;;;;73.7;84;;;10874;110;;
SMA;01.10.1884 00:00;4.7;11.5;7.8;-2.2;-2.4;-2.3;;;;;;;;;;;;;;;;;38.1;45;;;4823;74;;
SMA;01.11.1884 00:00;-1;4.9;1.4;-3.5;-3.5;-2.7;;;;;;;;;;;;;;;;;19.3;25;;;3058;84;;
SMA;01.12.1884 00:00;-2;3.9;0.4;-1.3;-1.5;-0.1;;;;;;;;;;;;;;;;;91.6;110;;;2590;92;;
SMA;01.01.1885 00:00;-6.5;-1.2;-4.4;-5.3;-5.1;-4.7;;;;;;;;;;;;;;;;;6.3;10;;;2453;68;;
SMA;01.02.1885 00:00;-0.5;8;3.3;1.5;0.7;2.8;;;;;;;;;;;;;;;;;65.1;108;;;6177;116;;
SMA;01.03.1885 00:00;-0.6;6.9;3.1;-2.7;-2.5;-3.3;;;;;;;;;;;;;;;;;81.2;114;;;6532;76;;
SMA;01.04.1885 00:00;3.9;14.3;9;-0.6;-1.2;-0.5;;;;;;;;;;;;;;;;;33.2;41;;;12516;118;;
SMA;01.05.1885 00:00;5;14.6;9.6;-4;-4;-4.2;;;;;;;;;;;;;;;;;145.3;113;;;10593;92;;
SMA;01.06.1885 00:00;10.8;23.8;17.6;0.5;-1.8;1.4;;;;;;;;;;;;;;;;;70.9;56;;;18642;150;;
SMA;01.07.1885 00:00;11.9;23.8;18.4;-0.6;-2.5;-0.5;;;;;;;;;;;;;;;;;90.9;72;;;17876;130;;
SMA;01.08.1885 00:00;10.4;22.9;16.4;-2.2;-3.9;-1;;;;;;;;;;;;;;;;;66.5;56;;;13300;103;;
SMA;01.09.1885 00:00;7.6;17.9;12.6;-1.8;-3.1;-1.2;;;;;;;;;;;;;;;;;166;190;;;10982;112;;
SMA;01.10.1885 00:00;3;11.2;6.8;-3.2;-4.1;-2.6;;;;;;;;;;;;;;;;;152.2;179;;;6162;95;;
SMA;01.11.1885 00:00;1.9;7.1;3.9;-1;-0.6;-0.5;;;;;;;;;;;;;;;;;65.3;86;;;2167;60;;
SMA;01.12.1885 00:00;-3.3;2.9;-0.5;-2.2;-2.8;-1.1;;;;;;;;;;;;;;;;;96.8;116;;;2306;82;;
SMA;01.01.1886 00:00;-4.5;1;-2;-2.9;-3.1;-2.5;;;;;;;;;;;;;;;;;37.8;60;;;2864;80;;
SMA;01.02.1886 00:00;-4.9;-0.3;-2.8;-4.6;-3.7;-5.5;;;;;;;;;;;;;;;;;31.6;52;;;2143;40;;
SMA;01.03.1886 00:00;-2.8;7;2.1;-3.7;-4.7;-3.2;;;;;;;;;;;;;;;;;45.4;64;;;11038;128;;
SMA;01.04.1886 00:00;3.8;14.1;9.3;-0.3;-1.3;-0.7;;;;;;;;;;;;;;;;;77.9;97;;;10468;98;;
SMA;01.05.1886 00:00;6.2;18.3;12.6;-1;-2.8;-0.5;;;;;;;;;;;;;;;;;56;44;;;16994;148;;
SMA;01.06.1886 00:00;9.7;18.2;13.7;-3.4;-2.9;-4.2;;;;;;;;;;;;;;;;;188.7;148;;;7346;59;;
SMA;01.07.1886 00:00;11.5;23.6;17.6;-1.4;-2.9;-0.7;;;;;;;;;;;;;;;;;151.1;120;;;16119;117;;
SMA;01.08.1886 00:00;11.9;22.5;16.9;-1.7;-2.4;-1.4;;;;;;;;;;;;;;;;;170.6;143;;;13438;104;;
SMA;01.09.1886 00:00;9.9;21.4;15.5;1.1;-0.8;2.3;;;;;;;;;;;;;;;;;53;61;;;12804;130;;
SMA;01.10.1886 00:00;6.1;13.4;9.4;-0.6;-1;-0.4;;;;;;;;;;;;;;;;;96.6;113;;;6803;104;;
SMA;01.11.1886 00:00;1.3;7.4;4.1;-0.8;-1.2;-0.2;;;;;;;;;;;;;;;;;71.5;94;;;2660;73;;
SMA;01.12.1886 00:00;-1.8;4.2;0.7;-1;-1.3;0.2;;;;;;;;;;;;;;;;;118.6;142;;;2367;84;;
SMA;01.01.1887 00:00;-6.4;-1.6;-4.3;-5.2;-5;-5.1;;;;;;;;;;;;;;;;;8.4;13;;;2672;75;;
SMA;01.02.1887 00:00;-5.7;1.6;-2.1;-3.9;-4.5;-3.6;;;;;;;;;;;;;;;;;6.8;11;;;9062;171;;
SMA;01.03.1887 00:00;-3.3;4.2;0.5;-5.3;-5.2;-6;;;;;;;;;;;;;;;;;81.6;115;;;5484;64;;
SMA;01.04.1887 00:00;2;12.5;7.6;-2;-3.1;-2.3;;;;;;;;;;;;;;;;;45.4;56;;;12817;120;;
SMA;01.05.1887 00:00;5.2;13.8;9.3;-4.3;-3.8;-5;;;;;;;;;;;;;;;;;154.5;121;;;8049;70;;
SMA;01.06.1887 00:00;9.8;23.9;17.1;0;-2.8;1.5;;;;;;;;;;;;;;;;;36.2;28;;;18702;150;;
SMA;01.07.1887 00:00;13.2;26.1;19.3;0.3;-1.2;1.8;;;;;;;;;;;;;;;;;133.6;106;;;15719;114;;
SMA;01.08.1887 00:00;10.4;22.8;16.4;-2.2;-3.9;-1.1;;;;;;;;;;;;;;;;;108.4;91;;;15966;123;;
SMA;01.09.1887 00:00;6.7;17.3;11.7;-2.7;-4;-1.8;;;;;;;;;;;;;;;;;101.4;116;;;11045;112;;
SMA;01.10.1887 00:00;1.3;8.6;4.6;-5.4;-5.8;-5.2;;;;;;;;;;;;;;;;;41.2;48;;;5590;86;;
SMA;01.11.1887 00:00;-0.2;6;1.9;-3;-2.7;-1.6;;;;;;;;;;;;;;;;;37.6;49;;;3418;94;;
SMA;01.12.1887 00:00;-3.5;3;-1.6;-3.3;-3;-1;;;;;;;;;;;;;;;;;107.2;129;;;2211;78;;
SMA;01.01.1888 00:00;-6.4;0.2;-3.4;-4.3;-5;-3.3;;;;;;;;;;;;;;;;;27.8;44;;;3434;96;;
SMA;01.02.1888 00:00;-4;0.4;-1.5;-3.3;-2.8;-4.8;;;;;;;;;;;;;;;;;29.2;48;;;1911;36;;
SMA;01.03.1888 00:00;-1.1;4.1;2.4;-3.4;-3;-6.1;;;;;;;;;;;;;;;;;102.6;144;;;6475;75;;
SMA;01.04.1888 00:00;2.1;9.8;5.8;-3.8;-3;-5;;;;;;;;;;;;;;;;;107.5;134;;;6615;62;;
SMA;01.05.1888 00:00;7.3;19.2;13.5;-0.1;-1.7;0.4;;;;;;;;;;;;;;;;;56.8;44;;;16940;147;;
SMA;01.06.1888 00:00;11.2;21.1;15.9;-1.2;-1.4;-1.3;;;;;;;;;;;;;;;;;158.9;125;;;12883;104;;
SMA;01.07.1888 00:00;10.8;19.7;15;-4;-3.6;-4.6;;;;;;;;;;;;;;;;;238.8;190;;;10877;79;;
SMA;01.08.1888 00:00;11.2;20.5;15.4;-3.2;-3.1;-3.4;;;;;;;;;;;;;;;;;143.2;120;;;12251;95;;
SMA;01.09.1888 00:00;9.1;17.3;13.4;-1;-1.6;-1.8;;;;;;;;;;;;;;;;;210.2;241;;;6819;69;;
SMA;01.10.1888 00:00;1.1;9.7;5.4;-4.6;-6;-4.1;;;;;;;;;;;;;;;;;95.1;112;;;9325;143;;
SMA;01.11.1888 00:00;1.4;7.1;3.9;-1;-1.1;-0.5;;;;;;;;;;;;;;;;;47.7;63;;;4125;113;;
SMA;01.12.1888 00:00;-4.1;1.9;-1.5;-3.2;-3.6;-2.1;;;;;;;;;;;;;;;;;26.4;32;;;3940;140;;
SMA;01.01.1889 00:00;-5;0.4;-2.8;-3.7;-3.6;-3.1;;;;;;;;;;;;;;;;;19.2;30;;;2552;71;;
SMA;01.02.1889 00:00;-4.7;2.2;-1.9;-3.7;-3.5;-3;;;;;;;;;;;;;;;;;76.9;128;;;2659;50;;
SMA;01.03.1889 00:00;-2.4;5.8;0.9;-4.9;-4.3;-4.4;;;;;;;;;;;;;;;;;50.2;71;;;6259;73;;
SMA;01.04.1889 00:00;2.5;11.9;6.6;-3;-2.6;-2.9;;;;;;;;;;;;;;;;;54.6;68;;;9290;87;;
SMA;01.05.1889 00:00;9.7;19.3;13.8;0.2;0.7;0.5;;;;;;;;;;;;;;;;;80.9;63;;;9502;83;;
SMA;01.06.1889 00:00;12.8;22;16.9;-0.2;0.2;-0.4;;;;;;;;;;;;;;;;;150.9;118;;;10292;83;;
SMA;01.07.1889 00:00;12.4;22.3;16.8;-2.2;-2;-2;;;;;;;;;;;;;;;;;117.4;93;;;15279;111;;
SMA;01.08.1889 00:00;11.2;20.9;15.6;-3;-3.1;-3;;;;;;;;;;;;;;;;;112.1;94;;;13042;101;;
SMA;01.09.1889 00:00;6.9;16.4;11.7;-2.7;-3.8;-2.7;;;;;;;;;;;;;;;;;90.8;104;;;10710;109;;
SMA;01.10.1889 00:00;4.6;11.1;7.5;-2.5;-2.5;-2.7;;;;;;;;;;;;;;;;;128;150;;;4307;66;;
SMA;01.11.1889 00:00;0.4;5.7;2.6;-2.3;-2.1;-1.9;;;;;;;;;;;;;;;;;57;75;;;1864;51;;
SMA;01.12.1889 00:00;-4.5;0.8;-2.6;-4.3;-4;-3.2;;;;;;;;;;;;;;;;;36.4;44;;;1132;40;;
SMA;01.01.1890 00:00;-2.1;3.2;0.4;-0.5;-0.7;-0.3;;;;;;;;;;;;;;;;;89.3;142;;;4315;120;;
SMA;01.02.1890 00:00;-6.1;-0.8;-3.8;-5.6;-4.9;-6;;;;;;;;;;;;;;;;;3.3;5;;;5067;95;;
SMA;01.03.1890 00:00;-0.1;7.2;3.5;-2.3;-2;-3;;;;;;;;;;;;;;;;;25;35;;;10872;126;;
SMA;01.04.1890 00:00;2.4;11.2;7.1;-2.5;-2.7;-3.6;;;;;;;;;;;;;;;;;89;111;;;10643;100;;
SMA;01.05.1890 00:00;8.4;17.1;13.5;-0.1;-0.6;-1.7;;;;;;;;;;;;;;;;;123.7;96;;;13401;116;;
SMA;01.06.1890 00:00;9.2;19.8;14.5;-2.6;-3.4;-2.6;;;;;;;;;;;;;;;;;108.6;85;;;12955;104;;
SMA;01.07.1890 00:00;10.9;20.9;15.6;-3.4;-3.5;-3.4;;;;;;;;;;;;;;;;;82.9;66;;;12914;94;;
SMA;01.08.1890 00:00;12;21.8;16;-2.6;-2.3;-2.1;;;;;;;;;;;;;;;;;204.7;172;;;11520;89;;
SMA;01.09.1890 00:00;7.8;16.7;12.3;-2.1;-2.9;-2.4;;;;;;;;;;;;;;;;;29.4;34;;;12893;131;;
SMA;01.10.1890 00:00;2.6;11.9;5.9;-4.1;-4.5;-1.9;;;;;;;;;;;;;;;;;120.7;142;;;8734;134;;
SMA;01.11.1890 00:00;0.3;6.3;2.8;-2.1;-2.2;-1.3;;;;;;;;;;;;;;;;;50.7;67;;;2369;65;;
SMA;01.12.1890 00:00;-6.8;-3.2;-5.8;-7.5;-6.3;-7.2;;;;;;;;;;;;;;;;;8.5;10;;;1078;38;;
SMA;01.01.1891 00:00;-9.7;-2.3;-6.1;-7;-8.3;-5.8;;;;;;;;;;;;;;;;;30.3;48;;;5131;143;;
SMA;01.02.1891 00:00;-7.7;2.5;-3;-4.8;-6.5;-2.7;;;;;;;;;;;;;;;;;10.4;17;;;11050;208;;
SMA;01.03.1891 00:00;-1.2;7.7;2.9;-2.9;-3.1;-2.5;;;;;;;;;;;;;;;;;80.6;113;;;7746;90;;
SMA;01.04.1891 00:00;1.4;10.4;5.5;-4.1;-3.7;-4.4;;;;;;;;;;;;;;;;;80.5;100;;;9390;88;;
SMA;01.05.1891 00:00;7.4;16.7;11.8;-1.8;-1.6;-2.1;;;;;;;;;;;;;;;;;96.1;75;;;9112;79;;
SMA;01.06.1891 00:00;10.7;21;15.6;-1.5;-1.9;-1.4;;;;;;;;;;;;;;;;;125.2;98;;;12486;100;;
SMA;01.07.1891 00:00;11.6;21.1;15.9;-3.1;-2.8;-3.2;;;;;;;;;;;;;;;;;256.1;203;;;10621;77;;
SMA;01.08.1891 00:00;10.6;20.5;15.4;-3.2;-3.7;-3.4;;;;;;;;;;;;;;;;;159;134;;;12664;98;;
SMA;01.09.1891 00:00;8.6;18.5;13.6;-0.8;-2.1;-0.6;;;;;;;;;;;;;;;;;91.3;104;;;14173;144;;
SMA;01.10.1891 00:00;4.8;13.2;8.9;-1.1;-2.3;-0.6;;;;;;;;;;;;;;;;;61.5;72;;;9155;140;;
SMA;01.11.1891 00:00;-0.8;5.8;2.2;-2.7;-3.3;-1.8;;;;;;;;;;;;;;;;;69.6;91;;;5502;151;;
SMA;01.12.1891 00:00;-2.3;3.9;0.8;-0.9;-1.8;-0.1;;;;;;;;;;;;;;;;;132.9;159;;;4530;160;;
SMA;01.01.1892 00:00;-4.4;0.9;-1.9;-2.8;-3;-2.6;;;;;;;;;;;;;;;;;68.6;109;;;1790;50;;
SMA;01.02.1892 00:00;-2.1;4.5;1.1;-0.7;-0.9;-0.7;;;;;;;;;;;;;;;;;64.3;107;;;4544;85;;
SMA;01.03.1892 00:00;-3.8;4.5;0.6;-5.2;-5.7;-5.7;;;;;;;;;;;;;;;;;39.5;55;;;9811;114;;
SMA;01.04.1892 00:00;2.5;12.7;7.8;-1.8;-2.6;-2.1;;;;;;;;;;;;;;;;;78.4;98;;;11464;108;;
SMA;01.05.1892 00:00;6.9;17.7;12.6;-1;-2.1;-1.1;;;;;;;;;;;;;;;;;27;21;;;13023;113;;
SMA;01.06.1892 00:00;10.9;21;15.8;-1.3;-1.7;-1.4;;;;;;;;;;;;;;;;;119.6;94;;;11230;90;;
SMA;01.07.1892 00:00;11.4;22.1;17;-2;-3;-2.2;;;;;;;;;;;;;;;;;134;106;;;15927;116;;
SMA;01.08.1892 00:00;12.5;24.3;18.3;-0.3;-1.8;0.4;;;;;;;;;;;;;;;;;74.8;63;;;16866;130;;
SMA;01.09.1892 00:00;10;18.8;13.9;-0.5;-0.7;-0.3;;;;;;;;;;;;;;;;;169.8;194;;;9424;96;;
SMA;01.10.1892 00:00;4.9;11.6;7.7;-2.3;-2.2;-2.2;;;;;;;;;;;;;;;;;156.6;184;;;4672;72;;
SMA;01.11.1892 00:00;3;8.3;5.1;0.2;0.5;0.7;;;;;;;;;;;;;;;;;46.5;61;;;3026;83;;
SMA;01.12.1892 00:00;-4.3;1.5;-2.1;-3.8;-3.8;-2.5;;;;;;;;;;;;;;;;;28.3;34;;;2780;98;;
SMA;01.01.1893 00:00;-9.4;-3.5;-6.6;-7.5;-8;-7;;;;;;;;;;;;;;;;;44.2;70;;;2659;74;;
SMA;01.02.1893 00:00;-1.3;4.5;1.6;-0.2;-0.1;-0.7;;;;;;;;;;;;;;;;;59.2;98;;;4776;90;;
SMA;01.03.1893 00:00;-0.2;9.6;5.1;-0.7;-2.1;-0.6;;;;;;;;;;;;;;;;;28.4;40;;;14285;166;;
SMA;01.04.1893 00:00;3.6;16.8;11.4;1.8;-1.5;2;;;;;;;;;;;;;;;;;0;0;;;20103;189;;
SMA;01.05.1893 00:00;6.4;17.4;12.2;-1.4;-2.6;-1.4;;;;;;;;;;;;;;;;;112.7;88;;;13341;116;;
SMA;01.06.1893 00:00;9.9;21.4;15.8;-1.3;-2.7;-1;;;;;;;;;;;;;;;;;92.8;73;;;15931;128;;
SMA;01.07.1893 00:00;12.5;22.6;17.3;-1.7;-1.9;-1.7;;;;;;;;;;;;;;;;;137.7;109;;;12307;89;;
SMA;01.08.1893 00:00;11.8;23.9;18;-0.6;-2.5;0;;;;;;;;;;;;;;;;;19.6;16;;;18838;146;;
SMA;01.09.1893 00:00;9.5;18.4;13.7;-0.7;-1.2;-0.7;;;;;;;;;;;;;;;;;105.6;121;;;10080;102;;
SMA;01.10.1893 00:00;5.9;13.7;9.4;-0.6;-1.2;-0.1;;;;;;;;;;;;;;;;;74.6;88;;;8432;129;;
SMA;01.11.1893 00:00;0.2;5.4;2.2;-2.7;-2.3;-2.2;;;;;;;;;;;;;;;;;107.2;141;;;2047;56;;
SMA;01.12.1893 00:00;-3.4;1.8;-1.2;-2.9;-2.9;-2.2;;;;;;;;;;;;;;;;;19.6;24;;;2665;94;;
SMA;01.01.1894 00:00;-5.5;0.5;-2.8;-3.7;-4.1;-3;;;;;;;;;;;;;;;;;29.5;47;;;3733;104;;
SMA;01.02.1894 00:00;-2.9;4.9;0.6;-1.2;-1.7;-0.3;;;;;;;;;;;;;;;;;39.7;66;;;6158;116;;
SMA;01.03.1894 00:00;0.2;10.3;4.6;-1.2;-1.7;0.1;;;;;;;;;;;;;;;;;31.3;44;;;12353;143;;
SMA;01.04.1894 00:00;4.6;16.5;10.2;0.6;-0.5;1.7;;;;;;;;;;;;;;;;;62.2;77;;;12667;119;;
SMA;01.05.1894 00:00;7.2;16.6;11.2;-2.4;-1.8;-2.2;;;;;;;;;;;;;;;;;111.7;87;;;10221;89;;
SMA;01.06.1894 00:00;10.1;21;14.9;-2.2;-2.5;-1.4;;;;;;;;;;;;;;;;;60.1;47;;;13815;111;;
SMA;01.07.1894 00:00;12.2;24.2;17.8;-1.2;-2.2;-0.1;;;;;;;;;;;;;;;;;176.7;140;;;15350;112;;
SMA;01.08.1894 00:00;11.6;23;16.1;-2.5;-2.7;-0.9;;;;;;;;;;;;;;;;;128.3;108;;;11831;91;;
SMA;01.09.1894 00:00;7.8;17.5;11.8;-2.6;-2.9;-1.6;;;;;;;;;;;;;;;;;129.2;148;;;8875;90;;
SMA;01.10.1894 00:00;5.1;13.3;8.6;-1.4;-2;-0.5;;;;;;;;;;;;;;;;;121.1;142;;;6225;95;;
SMA;01.11.1894 00:00;1.3;7.7;3.8;-1.1;-1.2;0.1;;;;;;;;;;;;;;;;;23.2;30;;;2401;66;;
SMA;01.12.1894 00:00;-3.3;2.4;-1.1;-2.8;-2.8;-1.6;;;;;;;;;;;;;;;;;61.3;74;;;3777;134;;
SMA;01.01.1895 00:00;-8.4;-1.7;-5.2;-6.1;-7;-5.2;;;;;;;;;;;;;;;;;49.7;79;;;3109;87;;
SMA;01.02.1895 00:00;-11.9;-3.3;-7.7;-9.5;-10.7;-8.5;;;;;;;;;;;;;;;;;18.2;30;;;5538;104;;
SMA;01.03.1895 00:00;-1.7;6;1.6;-4.2;-3.6;-4.2;;;;;;;;;;;;;;;;;83.9;118;;;7200;83;;
SMA;01.04.1895 00:00;4.2;14.3;9;-0.6;-0.9;-0.5;;;;;;;;;;;;;;;;;74.1;92;;;12009;113;;
SMA;01.05.1895 00:00;6.7;17.4;11.8;-1.8;-2.3;-1.4;;;;;;;;;;;;;;;;;97.4;76;;;13881;121;;
SMA;01.06.1895 00:00;10.6;21.2;15.6;-1.5;-2;-1.2;;;;;;;;;;;;;;;;;85.4;67;;;13280;107;;
SMA;01.07.1895 00:00;12.3;24.1;18.1;-0.9;-2.1;-0.2;;;;;;;;;;;;;;;;;50.7;40;;;16583;120;;
SMA;01.08.1895 00:00;11.3;22.9;16.9;-1.7;-3;-1;;;;;;;;;;;;;;;;;106.1;89;;;16086;124;;
SMA;01.09.1895 00:00;10;24.2;16.6;2.2;-0.7;5.1;;;;;;;;;;;;;;;;;13;15;;;18090;184;;
SMA;01.10.1895 00:00;3.9;12.1;7.4;-2.6;-3.2;-1.7;;;;;;;;;;;;;;;;;110;129;;;8595;132;;
SMA;01.11.1895 00:00;3.2;9.3;5.9;1;0.7;1.7;;;;;;;;;;;;;;;;;88;116;;;3285;90;;
SMA;01.12.1895 00:00;-0.7;4.1;1.3;-0.4;-0.2;0.1;;;;;;;;;;;;;;;;;104.3;125;;;2617;93;;
SMA;01.01.1896 00:00;-4.4;0.1;-2.2;-3.1;-3;-3.4;;;;;;;;;;;;;;;;;21.7;34;;;3176;89;;
SMA;01.02.1896 00:00;-4.5;0.8;-2.1;-3.9;-3.3;-4.4;;;;;;;;;;;;;;;;;9.9;16;;;4292;81;;
SMA;01.03.1896 00:00;2.4;10.2;6.3;0.5;0.5;0;;;;;;;;;;;;;;;;;113.9;160;;;7320;85;;
SMA;01.04.1896 00:00;1.6;9.3;5.5;-4.1;-3.5;-5.5;;;;;;;;;;;;;;;;;133.9;167;;;6822;64;;
SMA;01.05.1896 00:00;5.3;14.8;10.5;-3.1;-3.7;-4;;;;;;;;;;;;;;;;;89.9;70;;;12291;107;;
SMA;01.06.1896 00:00;11.1;20.5;15.9;-1.2;-1.5;-1.9;;;;;;;;;;;;;;;;;107.1;84;;;11615;93;;
SMA;01.07.1896 00:00;12;23;17.5;-1.5;-2.4;-1.3;;;;;;;;;;;;;;;;;146.9;117;;;14701;107;;
SMA;01.08.1896 00:00;10.4;19.2;14.4;-4.2;-3.9;-4.7;;;;;;;;;;;;;;;;;120.2;101;;;8463;65;;
SMA;01.09.1896 00:00;9.3;17.9;13.1;-1.3;-1.4;-1.2;;;;;;;;;;;;;;;;;159.6;183;;;9903;101;;
SMA;01.10.1896 00:00;3.9;11.7;7.3;-2.7;-3.2;-2.1;;;;;;;;;;;;;;;;;124.5;146;;;7118;109;;
SMA;01.11.1896 00:00;-0.5;4.3;1.5;-3.4;-3;-3.3;;;;;;;;;;;;;;;;;36.2;48;;;2868;79;;
SMA;01.12.1896 00:00;-2.2;2;-0.3;-2;-1.7;-2;;;;;;;;;;;;;;;;;43.2;52;;;644;23;;
SMA;01.01.1897 00:00;-4.1;-0.4;-2.3;-3.2;-2.7;-3.9;;;;;;;;;;;;;;;;;18.1;29;;;1591;44;;
SMA;01.02.1897 00:00;0.5;7.4;3.8;2;1.7;2.2;;;;;;;;;;;;;;;;;124.5;206;;;4912;92;;
SMA;01.03.1897 00:00;3;10.1;6.3;0.5;1.1;-0.1;;;;;;;;;;;;;;;;;85.2;120;;;5280;61;;
SMA;01.04.1897 00:00;3.7;12.2;7.8;-1.8;-1.4;-2.6;;;;;;;;;;;;;;;;;84.4;105;;;7968;75;;
SMA;01.05.1897 00:00;5.2;15.5;10.1;-3.5;-3.8;-3.3;;;;;;;;;;;;;;;;;142.2;111;;;10150;88;;
SMA;01.06.1897 00:00;11.6;23.4;17.7;0.6;-1;1;;;;;;;;;;;;;;;;;88.4;69;;;14945;120;;
SMA;01.07.1897 00:00;12.3;23.4;17.9;-1.1;-2.1;-0.9;;;;;;;;;;;;;;;;;92.9;74;;;12795;93;;
SMA;01.08.1897 00:00;12.1;22.8;16.9;-1.7;-2.2;-1.1;;;;;;;;;;;;;;;;;193.3;162;;;11981;93;;
SMA;01.09.1897 00:00;8.8;16.3;12.3;-2.1;-1.9;-2.8;;;;;;;;;;;;;;;;;199.1;228;;;7235;74;;
SMA;01.10.1897 00:00;3.5;10.7;6.8;-3.2;-3.6;-3.1;;;;;;;;;;;;;;;;;23.6;28;;;5797;89;;
SMA;01.11.1897 00:00;-0.1;6.7;2.7;-2.2;-2.6;-0.9;;;;;;;;;;;;;;;;;11.1;15;;;4492;123;;
SMA;01.12.1897 00:00;-3.1;2.6;-0.6;-2.3;-2.6;-1.4;;;;;;;;;;;;;;;;;46;55;;;3248;115;;
SMA;01.01.1898 00:00;-1.9;3.2;0.4;-0.5;-0.5;-0.3;;;;;;;;;;;;;;;;;15.8;25;;;2586;72;;
SMA;01.02.1898 00:00;-2.8;3.7;0.5;-1.3;-1.6;-1.5;;;;;;;;;;;;;;;;;99.4;165;;;5183;98;;
SMA;01.03.1898 00:00;-0.3;6.4;3;-2.8;-2.2;-3.8;;;;;;;;;;;;;;;;;40.8;57;;;5954;69;;
SMA;01.04.1898 00:00;3.9;12.3;8.1;-1.5;-1.2;-2.5;;;;;;;;;;;;;;;;;98.3;122;;;8939;84;;
SMA;01.05.1898 00:00;6.9;16.4;11.3;-2.3;-2.1;-2.4;;;;;;;;;;;;;;;;;170.7;133;;;8164;71;;
SMA;01.06.1898 00:00;9.5;19.6;14.5;-2.6;-3.1;-2.8;;;;;;;;;;;;;;;;;151.1;118;;;10208;82;;
SMA;01.07.1898 00:00;10.5;21.8;16.3;-2.7;-3.9;-2.5;;;;;;;;;;;;;;;;;76.7;61;;;14177;103;;
SMA;01.08.1898 00:00;12.3;25.4;18.6;0;-2;1.5;;;;;;;;;;;;;;;;;75.7;64;;;18256;141;;
SMA;01.09.1898 00:00;9;21.8;15;0.6;-1.7;2.7;;;;;;;;;;;;;;;;;32;37;;;15296;155;;
SMA;01.10.1898 00:00;7.2;13.8;10.1;0.1;0.1;0;;;;;;;;;;;;;;;;;107.3;126;;;4420;68;;
SMA;01.11.1898 00:00;2.9;7.5;4.8;-0.1;0.4;-0.1;;;;;;;;;;;;;;;;;103.4;136;;;1756;48;;
SMA;01.12.1898 00:00;-2.2;3.7;0.6;-1.1;-1.7;-0.3;;;;;;;;;;;;;;;;;51.5;62;;;3431;122;;
SMA;01.01.1899 00:00;-1;4.8;1.7;0.8;0.4;1.3;;;;;;;;;;;;;;;;;120.2;191;;;2466;69;;
SMA;01.02.1899 00:00;-2.3;8.4;2.7;0.9;-1.1;3.2;;;;;;;;;;;;;;;;;23;38;;;10818;204;;
SMA;01.03.1899 00:00;-1;9.8;4.4;-1.4;-2.9;-0.4;;;;;;;;;;;;;;;;;24.1;34;;;10669;124;;
SMA;01.04.1899 00:00;2.9;11.2;7.4;-2.2;-2.2;-3.6;;;;;;;;;;;;;;;;;153.3;191;;;7618;72;;
SMA;01.05.1899 00:00;6.5;16.5;11.3;-2.3;-2.5;-2.3;;;;;;;;;;;;;;;;;97.9;76;;;10389;90;;
SMA;01.06.1899 00:00;9.2;21.4;15.7;-1.4;-3.4;-1;;;;;;;;;;;;;;;;;37;29;;;15468;124;;
SMA;01.07.1899 00:00;12;23;17.6;-1.4;-2.4;-1.3;;;;;;;;;;;;;;;;;76.5;61;;;15029;109;;
SMA;01.08.1899 00:00;11.9;25.5;18.9;0.3;-2.4;1.6;;;;;;;;;;;;;;;;;46.9;39;;;18652;144;;
SMA;01.09.1899 00:00;9.3;18.2;13.2;-1.2;-1.4;-0.9;;;;;;;;;;;;;;;;;123.1;141;;;8534;87;;
SMA;01.10.1899 00:00;4.1;14;8.6;-1.4;-3;0.2;;;;;;;;;;;;;;;;;74.8;88;;;8186;126;;
SMA;01.11.1899 00:00;0.5;7.8;3.7;-1.2;-2;0.2;;;;;;;;;;;;;;;;;15.7;21;;;5073;139;;
SMA;01.12.1899 00:00;-5.3;0.5;-2.7;-4.4;-4.8;-3.5;;;;;;;;;;;;;;;;;64.2;77;;;2624;93;;
SMA;01.01.1900 00:00;-1.7;3.6;1;0.1;-0.3;0.1;;;;;;;;;;;;;;;;;129.2;205;;;1962;55;;
SMA;01.02.1900 00:00;-0.8;5.6;2.6;0.8;0.4;0.4;;;;;;;;;;;;;;;;;66.7;111;;;3085;58;;
SMA;01.03.1900 00:00;-3.8;4.7;0.2;-5.6;-5.7;-5.5;;;;;;;;;;;;;;;;;63.6;89;;;6520;76;;
SMA;01.04.1900 00:00;2.8;11.7;6.9;-2.7;-2.3;-3.1;;;;;;;;;;;;;;;;;68.9;86;;;10424;98;;
SMA;01.05.1900 00:00;6.2;15.9;10.8;-2.8;-2.8;-2.9;;;;;;;;;;;;;;;;;82;64;;;10701;93;;
SMA;01.06.1900 00:00;11.5;22.3;16.8;-0.3;-1.1;-0.1;;;;;;;;;;;;;;;;;87.3;68;;;15185;122;;
SMA;01.07.1900 00:00;13.1;24.6;18.7;-0.3;-1.3;0.3;;;;;;;;;;;;;;;;;154.7;123;;;16029;116;;
SMA;01.08.1900 00:00;11.3;21.5;15.9;-2.7;-3;-2.4;;;;;;;;;;;;;;;;;106.9;90;;;12023;93;;
SMA;01.09.1900 00:00;10.8;20.7;15;0.6;0.1;1.6;;;;;;;;;;;;;;;;;60.3;69;;;10553;107;;
SMA;01.10.1900 00:00;5.1;13.3;8.8;-1.2;-2;-0.5;;;;;;;;;;;;;;;;;69.1;81;;;7086;109;;
SMA;01.11.1900 00:00;1.7;7.2;4.3;-0.6;-0.8;-0.4;;;;;;;;;;;;;;;;;57.2;75;;;2071;57;;
SMA;01.12.1900 00:00;-0.9;4.7;1.9;0.2;-0.4;0.7;;;;;;;;;;;;;;;;;87.4;105;;;2584;92;;
SMA;01.01.1901 00:00;-5.3;1;-2.5;-3.4;-3.9;-2.5;;;;;;;;;;;;;;;;;36.8;58;;;4787;134;;
SMA;01.02.1901 00:00;-8.9;-0.7;-4.8;-6.6;-7.7;-5.9;;;;;;;;;;;;;;;;;28.8;48;;;5957;112;;
SMA;01.03.1901 00:00;-1.1;5.7;2.3;-3.5;-3;-4.5;;;;;;;;;;;;;;;;;68.3;96;;;6005;70;;
SMA;01.04.1901 00:00;3.4;13;8.2;-1.4;-1.7;-1.8;;;;;;;;;;;;;;;;;186.9;232;;;10813;102;;
SMA;01.05.1901 00:00;6.5;19.5;13.1;-0.5;-2.5;0.7;;;;;;;;;;;;;;;;;23.6;18;;;16466;143;;
SMA;01.06.1901 00:00;10.6;21.8;16.2;-0.9;-2;-0.6;;;;;;;;;;;;;;;;;165;129;;;13105;105;;
SMA;01.07.1901 00:00;12.1;24.1;18.1;-0.9;-2.3;-0.2;;;;;;;;;;;;;;;;;96.1;76;;;15410;112;;
SMA;01.08.1901 00:00;11;21.7;16;-2.6;-3.3;-2.2;;;;;;;;;;;;;;;;;99.5;84;;;13192;102;;
SMA;01.09.1901 00:00;10.1;17.9;13.5;-0.9;-0.6;-1.2;;;;;;;;;;;;;;;;;110;126;;;6869;70;;
SMA;01.10.1901 00:00;5.1;11.3;7.9;-2.1;-2;-2.5;;;;;;;;;;;;;;;;;70.9;83;;;3924;60;;
SMA;01.11.1901 00:00;-1.2;4.2;1.1;-3.8;-3.7;-3.4;;;;;;;;;;;;;;;;;42.8;56;;;2938;81;;
SMA;01.12.1901 00:00;-2.1;3.6;0.5;-1.2;-1.6;-0.4;;;;;;;;;;;;;;;;;68.4;82;;;2834;100;;
SMA;01.01.1902 00:00;-2.1;3.6;0.6;-0.3;-0.7;0.1;;;;;;;;;;;;;;;;;52.5;83;;;3912;109;;
SMA;01.02.1902 00:00;-3;1.8;-0.7;-2.5;-1.8;-3.4;;;;;;;;;;;;;;;;;69.6;115;;;2743;52;;
SMA;01.03.1902 00:00;0.1;8.6;4.1;-1.7;-1.8;-1.6;;;;;;;;;;;;;;;;;74.2;104;;;8814;102;;
SMA;01.04.1902 00:00;5.3;14.9;9.9;0.3;0.2;0.1;;;;;;;;;;;;;;;;;31.7;39;;;9447;89;;
SMA;01.05.1902 00:00;3.8;11.8;8;-5.6;-5.2;-7;;;;;;;;;;;;;;;;;151.3;118;;;6610;57;;
SMA;01.06.1902 00:00;9.1;19.8;14.7;-2.4;-3.5;-2.6;;;;;;;;;;;;;;;;;128.2;100;;;12829;103;;
SMA;01.07.1902 00:00;11.7;23.9;17.7;-1.3;-2.7;-0.4;;;;;;;;;;;;;;;;;145;115;;;16578;120;;
SMA;01.08.1902 00:00;11.7;21.6;16.1;-2.5;-2.6;-2.3;;;;;;;;;;;;;;;;;179;150;;;11616;90;;
SMA;01.09.1902 00:00;8.6;18.3;13;-1.4;-2.1;-0.8;;;;;;;;;;;;;;;;;97.2;111;;;9039;92;;
SMA;01.10.1902 00:00;5.1;10.8;7.7;-2.3;-2;-3;;;;;;;;;;;;;;;;;112.3;132;;;3546;54;;
SMA;01.11.1902 00:00;-0.2;5.1;2.1;-2.8;-2.7;-2.5;;;;;;;;;;;;;;;;;19;25;;;3279;90;;
SMA;01.12.1902 00:00;-4;1.7;-1.3;-3;-3.5;-2.3;;;;;;;;;;;;;;;;;76.9;92;;;2319;82;;
SMA;01.01.1903 00:00;-4.2;2.5;-1.2;-2.1;-2.8;-1;;;;;;;;;;;;;;;;;54.3;86;;;4555;127;;
SMA;01.02.1903 00:00;-2.2;6.1;2.1;0.3;-1;0.9;;;;;;;;;;;;;;;;;26.6;44;;;6293;118;;
SMA;01.03.1903 00:00;0.6;10.6;5.4;-0.4;-1.3;0.4;;;;;;;;;;;;;;;;;52.5;74;;;10256;119;;
SMA;01.04.1903 00:00;0.6;8.2;4.5;-5.1;-4.5;-6.6;;;;;;;;;;;;;;;;;50.4;63;;;5387;51;;
SMA;01.05.1903 00:00;6.5;18.4;12.4;-1.2;-2.5;-0.4;;;;;;;;;;;;;;;;;47.2;37;;;15758;137;;
SMA;01.06.1903 00:00;9.3;19.4;14.3;-2.8;-3.3;-3;;;;;;;;;;;;;;;;;96.9;76;;;9468;76;;
SMA;01.07.1903 00:00;11.2;21.5;16.1;-2.9;-3.2;-2.8;;;;;;;;;;;;;;;;;162.9;129;;;11252;82;;
SMA;01.08.1903 00:00;11.2;22.8;16.6;-2;-3.1;-1.1;;;;;;;;;;;;;;;;;169.8;143;;;14205;110;;
SMA;01.09.1903 00:00;9;19.2;13.5;-0.9;-1.7;0.1;;;;;;;;;;;;;;;;;70.3;80;;;11757;119;;
SMA;01.10.1903 00:00;5.9;13.8;9.4;-0.6;-1.2;0;;;;;;;;;;;;;;;;;126.3;148;;;7432;114;;
SMA;01.11.1903 00:00;1.7;6.4;3.7;-1.2;-0.8;-1.2;;;;;;;;;;;;;;;;;107.6;141;;;1908;52;;
SMA;01.12.1903 00:00;-3.1;0.7;-1.5;-3.2;-2.6;-3.3;;;;;;;;;;;;;;;;;26.3;32;;;963;34;;
SMA;01.01.1904 00:00;-5;-0.4;-2.3;-3.2;-3.6;-3.9;;;;;;;;;;;;;;;;;43.7;69;;;1127;31;;
SMA;01.02.1904 00:00;-1.2;4;1.2;-0.6;0;-1.2;;;;;;;;;;;;;;;;;110.9;184;;;3227;61;;
SMA;01.03.1904 00:00;0.2;8;3.7;-2.1;-1.7;-2.2;;;;;;;;;;;;;;;;;52.3;73;;;5458;63;;
SMA;01.04.1904 00:00;4.7;14.2;9.6;0;-0.4;-0.6;;;;;;;;;;;;;;;;;88.9;111;;;8382;79;;
SMA;01.05.1904 00:00;7.8;19.4;13.3;-0.3;-1.2;0.6;;;;;;;;;;;;;;;;;124.9;97;;;12765;111;;
SMA;01.06.1904 00:00;10.7;22.2;16.4;-0.7;-1.9;-0.2;;;;;;;;;;;;;;;;;116.2;91;;;13779;111;;
SMA;01.07.1904 00:00;13.3;26.9;20;1;-1.1;2.6;;;;;;;;;;;;;;;;;37.4;30;;;18251;133;;
SMA;01.08.1904 00:00;12.3;25;18.2;-0.4;-2;1.1;;;;;;;;;;;;;;;;;82.2;69;;;15433;119;;
SMA;01.09.1904 00:00;8.3;15.9;11.6;-2.8;-2.4;-3.2;;;;;;;;;;;;;;;;;99.9;114;;;5891;60;;
SMA;01.10.1904 00:00;5.2;12;8.4;-1.6;-1.9;-1.8;;;;;;;;;;;;;;;;;62.3;73;;;3974;61;;
SMA;01.11.1904 00:00;-0.6;6.2;2.2;-2.7;-3.1;-1.4;;;;;;;;;;;;;;;;;63.1;83;;;4586;126;;
SMA;01.12.1904 00:00;-1.3;3.7;0.9;-0.8;-0.8;-0.3;;;;;;;;;;;;;;;;;52.3;63;;;1953;69;;
SMA;01.01.1905 00:00;-6.2;-0.2;-3.2;-4.1;-4.8;-3.7;;;;;;;;;;;;;;;;;48.2;77;;;5005;140;;
SMA;01.02.1905 00:00;-2.1;3.8;0.7;-1.1;-0.9;-1.4;;;;;;;;;;;;;;;;;25.7;43;;;5538;104;;
SMA;01.03.1905 00:00;1.1;8.2;4.7;-1.1;-0.8;-2;;;;;;;;;;;;;;;;;123.8;174;;;5528;64;;
SMA;01.04.1905 00:00;3.4;12.2;7.9;-1.7;-1.7;-2.6;;;;;;;;;;;;;;;;;118.8;148;;;9823;92;;
SMA;01.05.1905 00:00;6.1;15.9;10.8;-2.8;-2.9;-2.9;;;;;;;;;;;;;;;;;106;83;;;10641;93;;
SMA;01.06.1905 00:00;10.8;22.6;16.5;-0.6;-1.8;0.2;;;;;;;;;;;;;;;;;105;82;;;14362;115;;
SMA;01.07.1905 00:00;13.9;27.1;20;1;-0.5;2.8;;;;;;;;;;;;;;;;;99.7;79;;;19657;143;;
SMA;01.08.1905 00:00;12.4;22.3;16.8;-1.8;-1.9;-1.6;;;;;;;;;;;;;;;;;241.3;203;;;12071;93;;
SMA;01.09.1905 00:00;10.4;17.5;13.4;-1;-0.3;-1.6;;;;;;;;;;;;;;;;;148.2;170;;;6831;69;;
SMA;01.10.1905 00:00;0.5;7.7;3.8;-6.2;-6.6;-6.1;;;;;;;;;;;;;;;;;110.4;130;;;5269;81;;
SMA;01.11.1905 00:00;0.2;6.9;3;-1.9;-2.3;-0.7;;;;;;;;;;;;;;;;;82.7;109;;;2634;72;;
SMA;01.12.1905 00:00;-2;2.1;-0.3;-2;-1.5;-1.9;;;;;;;;;;;;;;;;;42;50;;;1980;70;;
SMA;01.01.1906 00:00;-3.2;3.1;-0.1;-1;-1.8;-0.4;;;;;;;;;;;;;;;;;65.4;104;;;4667;130;;
SMA;01.02.1906 00:00;-3.5;2.3;-0.6;-2.4;-2.3;-2.9;;;;;;;;;;;;;;;;;68.1;113;;;3382;64;;
SMA;01.03.1906 00:00;-1.2;7.4;2.8;-3;-3.1;-2.8;;;;;;;;;;;;;;;;;83.9;118;;;9544;111;;
SMA;01.04.1906 00:00;2.9;12.4;7.6;-2;-2.2;-2.4;;;;;;;;;;;;;;;;;23.6;29;;;10023;94;;
SMA;01.05.1906 00:00;7.4;17.7;12.7;-0.9;-1.6;-1.1;;;;;;;;;;;;;;;;;152.5;119;;;12261;107;;
SMA;01.06.1906 00:00;9.4;20.7;14.5;-2.6;-3.2;-1.7;;;;;;;;;;;;;;;;;98.3;77;;;13833;111;;
SMA;01.07.1906 00:00;12.4;23.4;17.6;-1.4;-2;-0.9;;;;;;;;;;;;;;;;;182.1;145;;;14123;103;;
SMA;01.08.1906 00:00;11.8;24.3;17.4;-1.2;-2.5;0.4;;;;;;;;;;;;;;;;;59.2;50;;;17166;133;;
SMA;01.09.1906 00:00;7.7;19.2;12.8;-1.6;-3;0.1;;;;;;;;;;;;;;;;;23.7;27;;;13189;134;;
SMA;01.10.1906 00:00;6.4;15.9;10.4;0.4;-0.7;2.1;;;;;;;;;;;;;;;;;30.4;36;;;9526;146;;
SMA;01.11.1906 00:00;2;8.2;4.8;-0.1;-0.5;0.6;;;;;;;;;;;;;;;;;47.8;63;;;2887;79;;
SMA;01.12.1906 00:00;-5;1.1;-2.3;-4;-4.5;-2.9;;;;;;;;;;;;;;;;;84.3;101;;;1831;65;;
SMA;01.01.1907 00:00;-4.7;1.4;-1.9;-2.8;-3.3;-2.1;;;;;;;;;;;;;;;;;89;141;;;3547;99;;
SMA;01.02.1907 00:00;-5.3;0.3;-2.5;-4.3;-4.1;-4.9;;;;;;;;;;;;;;;;;27.4;45;;;3305;62;;
SMA;01.03.1907 00:00;-1.3;7.1;2.7;-3.1;-3.2;-3.1;;;;;;;;;;;;;;;;;81.3;114;;;10364;120;;
SMA;01.04.1907 00:00;2.4;10.8;6.2;-3.4;-2.7;-4;;;;;;;;;;;;;;;;;100.1;125;;;8155;77;;
SMA;01.05.1907 00:00;7;18.6;12.9;-0.7;-2;-0.2;;;;;;;;;;;;;;;;;63;49;;;11937;104;;
SMA;01.06.1907 00:00;10.3;20.4;15.2;-1.9;-2.3;-2;;;;;;;;;;;;;;;;;122.3;96;;;12715;102;;
SMA;01.07.1907 00:00;10;20.8;15.4;-3.6;-4.4;-3.5;;;;;;;;;;;;;;;;;142;113;;;13760;100;;
SMA;01.08.1907 00:00;11.7;23.8;17.3;-1.3;-2.6;-0.1;;;;;;;;;;;;;;;;;86;72;;;16410;127;;
SMA;01.09.1907 00:00;9.4;19.4;13.7;-0.7;-1.3;0.3;;;;;;;;;;;;;;;;;39.5;45;;;9442;96;;
SMA;01.10.1907 00:00;5.8;14.5;9.4;-0.6;-1.3;0.7;;;;;;;;;;;;;;;;;51.3;60;;;6583;101;;
SMA;01.11.1907 00:00;1.6;7.8;4.2;-0.7;-0.9;0.2;;;;;;;;;;;;;;;;;25.2;33;;;3013;83;;
SMA;01.12.1907 00:00;-0.4;5.6;2.2;0.5;0.1;1.6;;;;;;;;;;;;;;;;;111.1;133;;;3723;132;;
SMA;01.01.1908 00:00;-6.4;-1.4;-3.7;-4.6;-5;-4.9;;;;;;;;;;;;;;;;;30.5;48;;;2566;72;;
SMA;01.02.1908 00:00;-2.7;3.5;0.2;-1.6;-1.5;-1.7;;;;;;;;;;;;;;;;;88;146;;;4583;86;;
SMA;01.03.1908 00:00;-0.9;6.1;2.6;-3.2;-2.8;-4.1;;;;;;;;;;;;;;;;;43.4;61;;;6647;77;;
SMA;01.04.1908 00:00;1.9;9.4;5.4;-4.2;-3.2;-5.4;;;;;;;;;;;;;;;;;78.6;98;;;7749;73;;
SMA;01.05.1908 00:00;8.1;19.9;13.8;0.2;-0.9;1.1;;;;;;;;;;;;;;;;;122.7;96;;;13461;117;;
SMA;01.06.1908 00:00;11.6;23.6;17.8;0.7;-1;1.2;;;;;;;;;;;;;;;;;85.3;67;;;16466;132;;
SMA;01.07.1908 00:00;11.6;22.8;17.1;-1.9;-2.8;-1.5;;;;;;;;;;;;;;;;;179.7;143;;;14939;109;;
SMA;01.08.1908 00:00;10.4;21.5;15.3;-3.3;-3.9;-2.4;;;;;;;;;;;;;;;;;80.3;67;;;14409;111;;
SMA;01.09.1908 00:00;8.5;17.1;12.3;-2.1;-2.2;-2;;;;;;;;;;;;;;;;;146.2;167;;;8099;82;;
SMA;01.10.1908 00:00;3.8;13.6;7.9;-2.1;-3.3;-0.2;;;;;;;;;;;;;;;;;12.3;14;;;9583;147;;
SMA;01.11.1908 00:00;-0.7;4.2;1.6;-3.3;-3.2;-3.4;;;;;;;;;;;;;;;;;56.8;75;;;1560;43;;
SMA;01.12.1908 00:00;-2.6;2;-0.6;-2.3;-2.1;-2;;;;;;;;;;;;;;;;;52.1;62;;;2794;99;;
SMA;01.01.1909 00:00;-5.9;-0.6;-3.1;-4;-4.5;-4.1;;;;;;;;;;;;;;;;;33.3;53;;;3401;95;;
SMA;01.02.1909 00:00;-5.3;0.8;-2.2;-4;-4.1;-4.4;;;;;;;;;;;;;;;;;23.2;38;;;7061;133;;
SMA;01.03.1909 00:00;-2.1;5.8;1.7;-4.1;-4;-4.4;;;;;;;;;;;;;;;;;66.5;93;;;7250;84;;
SMA;01.04.1909 00:00;3.6;15;9.1;-0.5;-1.5;0.2;;;;;;;;;;;;;;;;;69.9;87;;;14928;140;;
SMA;01.05.1909 00:00;5.2;18;11.4;-2.2;-3.8;-0.8;;;;;;;;;;;;;;;;;48;37;;;16286;142;;
SMA;01.06.1909 00:00;9.1;19.4;13.9;-3.2;-3.5;-3;;;;;;;;;;;;;;;;;210.5;165;;;10689;86;;
SMA;01.07.1909 00:00;10.4;20.2;15;-4;-4;-4.1;;;;;;;;;;;;;;;;;156.4;124;;;12068;88;;
SMA;01.08.1909 00:00;11.3;22.1;16.2;-2.4;-3;-1.8;;;;;;;;;;;;;;;;;128.9;108;;;12946;100;;
SMA;01.09.1909 00:00;8.6;18;12.7;-1.7;-2.1;-1.1;;;;;;;;;;;;;;;;;66.3;76;;;10805;110;;
SMA;01.10.1909 00:00;6.5;14.4;9.9;-0.1;-0.6;0.6;;;;;;;;;;;;;;;;;75.5;89;;;7872;121;;
SMA;01.11.1909 00:00;-0.3;5.4;2.1;-2.8;-2.8;-2.2;;;;;;;;;;;;;;;;;31.3;41;;;3910;107;;
SMA;01.12.1909 00:00;-0.4;4.8;1.8;0.1;0.1;0.8;;;;;;;;;;;;;;;;;107;128;;;2665;94;;
SMA;01.01.1910 00:00;-2.7;3;0.3;-0.6;-1.3;-0.5;;;;;;;;;;;;;;;;;167.3;266;;;3209;90;;
SMA;01.02.1910 00:00;-2;4.8;1.4;-0.4;-0.8;-0.4;;;;;;;;;;;;;;;;;70.3;117;;;6958;131;;
SMA;01.03.1910 00:00;0.1;8.6;4;-1.8;-1.8;-1.6;;;;;;;;;;;;;;;;;31.9;45;;;9474;110;;
SMA;01.04.1910 00:00;2.6;12;7;-2.6;-2.5;-2.8;;;;;;;;;;;;;;;;;89.9;112;;;9322;88;;
SMA;01.05.1910 00:00;5.8;15.7;10.7;-2.9;-3.2;-3.1;;;;;;;;;;;;;;;;;166.5;130;;;10036;87;;
SMA;01.06.1910 00:00;11;20.8;15.7;-1.4;-1.6;-1.6;;;;;;;;;;;;;;;;;205;161;;;11542;93;;
SMA;01.07.1910 00:00;10.8;20.8;15.5;-3.5;-3.6;-3.5;;;;;;;;;;;;;;;;;159.2;126;;;12837;93;;
SMA;01.08.1910 00:00;11.5;21.9;16.2;-2.4;-2.8;-2;;;;;;;;;;;;;;;;;173.6;146;;;12994;100;;
SMA;01.09.1910 00:00;7.5;15.3;11;-3.4;-3.2;-3.8;;;;;;;;;;;;;;;;;102.3;117;;;6787;69;;
SMA;01.10.1910 00:00;5.9;13.5;9.2;-0.8;-1.2;-0.3;;;;;;;;;;;;;;;;;28.6;34;;;6351;97;;
SMA;01.11.1910 00:00;0;6.1;2.9;-2;-2.5;-1.5;;;;;;;;;;;;;;;;;170.5;224;;;2950;81;;
SMA;01.12.1910 00:00;0;5.1;2.2;0.5;0.5;1.1;;;;;;;;;;;;;;;;;81.2;97;;;1770;63;;
SMA;01.01.1911 00:00;-6.6;-1.4;-4.3;-5.2;-5.2;-4.9;;;;;;;;;;;;;;;;;26.4;42;;;3699;103;;
SMA;01.02.1911 00:00;-2.9;4;0.5;-1.3;-1.7;-1.2;;;;;;;;;;;;;;;;;56.8;94;;;6609;124;;
SMA;01.03.1911 00:00;0;8.8;4.2;-1.6;-1.9;-1.4;;;;;;;;;;;;;;;;;52.3;73;;;9290;108;;
SMA;01.04.1911 00:00;2.4;11.7;7.1;-2.5;-2.7;-3.1;;;;;;;;;;;;;;;;;42.7;53;;;11978;112;;
SMA;01.05.1911 00:00;7.5;17.6;12.5;-1.1;-1.5;-1.2;;;;;;;;;;;;;;;;;67.5;53;;;11823;103;;
SMA;01.06.1911 00:00;9.7;20.9;15;-2.1;-2.9;-1.5;;;;;;;;;;;;;;;;;116.4;91;;;13190;106;;
SMA;01.07.1911 00:00;13.3;27.4;20.3;1.3;-1.1;3.1;;;;;;;;;;;;;;;;;40.6;32;;;22082;160;;
SMA;01.08.1911 00:00;13.6;28;20.4;1.8;-0.7;4.1;;;;;;;;;;;;;;;;;57.6;48;;;18868;146;;
SMA;01.09.1911 00:00;10.1;21.7;15.5;1.1;-0.6;2.6;;;;;;;;;;;;;;;;;99.8;114;;;12855;131;;
SMA;01.10.1911 00:00;4.7;12.6;8.6;-1.4;-2.4;-1.2;;;;;;;;;;;;;;;;;56.2;66;;;6143;94;;
SMA;01.11.1911 00:00;1.9;9.1;5.3;0.4;-0.6;1.5;;;;;;;;;;;;;;;;;44.5;58;;;5250;144;;
SMA;01.12.1911 00:00;-0.8;5.3;2.4;0.7;-0.3;1.3;;;;;;;;;;;;;;;;;67.7;81;;;2645;94;;
SMA;01.01.1912 00:00;-3;2.2;-0.1;-1;-1.6;-1.3;;;;;;;;;;;;;;;;;75.7;120;;;3328;93;;
SMA;01.02.1912 00:00;-0.6;7.9;3.6;1.8;0.6;2.7;;;;;;;;;;;;;;;;;42.7;71;;;7784;146;;
SMA;01.03.1912 00:00;2.6;10.9;6.6;0.8;0.7;0.7;;;;;;;;;;;;;;;;;78.1;110;;;8597;100;;
SMA;01.04.1912 00:00;2.2;12.3;7;-2.6;-2.9;-2.5;;;;;;;;;;;;;;;;;41.5;52;;;11452;108;;
SMA;01.05.1912 00:00;7.7;18.2;12.9;-0.7;-1.3;-0.6;;;;;;;;;;;;;;;;;130.1;101;;;12249;106;;
SMA;01.06.1912 00:00;10.8;20.8;15.5;-1.6;-1.8;-1.6;;;;;;;;;;;;;;;;;179.6;141;;;12198;98;;
SMA;01.07.1912 00:00;11.3;21.6;16.5;-2.5;-3.1;-2.7;;;;;;;;;;;;;;;;;93.7;74;;;11842;86;;
SMA;01.08.1912 00:00;9.6;18;13.7;-4.9;-4.7;-5.9;;;;;;;;;;;;;;;;;196.6;165;;;7186;56;;
SMA;01.09.1912 00:00;4.7;12.6;8.4;-6;-6;-6.5;;;;;;;;;;;;;;;;;50.6;58;;;5835;59;;
SMA;01.10.1912 00:00;3.7;10.2;6.8;-3.2;-3.4;-3.6;;;;;;;;;;;;;;;;;170.6;200;;;4879;75;;
SMA;01.11.1912 00:00;-1.2;4.9;1.4;-3.5;-3.7;-2.7;;;;;;;;;;;;;;;;;50.4;66;;;4150;114;;
SMA;01.12.1912 00:00;-1.7;3.9;0.8;-0.9;-1.2;-0.1;;;;;;;;;;;;;;;;;41.3;50;;;3865;137;;
SMA;01.01.1913 00:00;-2;2.6;0.2;-0.7;-0.6;-0.9;;;;;;;;;;;;;;;;;67.3;107;;;2440;68;;
SMA;01.02.1913 00:00;-3.3;4.8;0.3;-1.5;-2.1;-0.4;;;;;;;;;;;;;;;;;18.7;31;;;9488;179;;
SMA;01.03.1913 00:00;1.5;11.3;6.3;0.5;-0.4;1.1;;;;;;;;;;;;;;;;;83.9;118;;;9582;111;;
SMA;01.04.1913 00:00;2.9;12.2;7.4;-2.2;-2.2;-2.6;;;;;;;;;;;;;;;;;61.5;76;;;8977;84;;
SMA;01.05.1913 00:00;6.4;17.4;11.8;-1.8;-2.6;-1.4;;;;;;;;;;;;;;;;;63.9;50;;;11625;101;;
SMA;01.06.1913 00:00;10.1;19.8;14.8;-2.3;-2.5;-2.6;;;;;;;;;;;;;;;;;149.8;117;;;9967;80;;
SMA;01.07.1913 00:00;9.9;19;14.3;-4.7;-4.5;-5.3;;;;;;;;;;;;;;;;;111.5;88;;;9549;69;;
SMA;01.08.1913 00:00;10.6;21.4;15.4;-3.2;-3.7;-2.5;;;;;;;;;;;;;;;;;134.2;113;;;13641;105;;
SMA;01.09.1913 00:00;8.7;17.2;12.4;-2;-2;-1.9;;;;;;;;;;;;;;;;;104.8;120;;;7285;74;;
SMA;01.10.1913 00:00;5.8;13.8;9.3;-0.7;-1.3;0;;;;;;;;;;;;;;;;;20.6;24;;;6596;101;;
SMA;01.11.1913 00:00;4.4;9.6;6.6;1.7;1.9;2;;;;;;;;;;;;;;;;;102.7;135;;;1920;53;;
SMA;01.12.1913 00:00;-1.6;3.7;0.9;-0.8;-1.1;-0.3;;;;;;;;;;;;;;;;;58.7;70;;;3031;107;;
SMA;01.01.1914 00:00;-6.7;-2.2;-4.5;-5.4;-5.3;-5.7;;;;;;;;;;;;;;;;;70.7;112;;;1936;54;;
SMA;01.02.1914 00:00;-2.8;5.8;1.3;-0.5;-1.6;0.6;;;;;;;;;;;;;;;;;31.9;53;;;6467;122;;
SMA;01.03.1914 00:00;1.6;8.3;4.7;-1.1;-0.3;-1.9;;;;;;;;;;;;;;;;;156.8;220;;;6234;72;;
SMA;01.04.1914 00:00;4.4;15.9;10.1;0.5;-0.7;1.1;;;;;;;;;;;;;;;;;60.5;75;;;13206;124;;
SMA;01.05.1914 00:00;6.4;14.4;10;-3.6;-2.6;-4.4;;;;;;;;;;;;;;;;;189.4;148;;;5981;52;;
SMA;01.06.1914 00:00;9;19.3;14.1;-3;-3.6;-3.1;;;;;;;;;;;;;;;;;142.8;112;;;12270;99;;
SMA;01.07.1914 00:00;11.1;21.4;15.9;-3.1;-3.3;-2.9;;;;;;;;;;;;;;;;;109.3;87;;;11365;83;;
SMA;01.08.1914 00:00;11.6;22.5;16.6;-2;-2.7;-1.4;;;;;;;;;;;;;;;;;139.7;117;;;13617;105;;
SMA;01.09.1914 00:00;8.4;17.7;12.6;-1.8;-2.3;-1.4;;;;;;;;;;;;;;;;;86.3;99;;;10515;107;;
SMA;01.10.1914 00:00;4.2;12.4;7.8;-2.2;-2.9;-1.4;;;;;;;;;;;;;;;;;32.1;38;;;6841;105;;
SMA;01.11.1914 00:00;0.2;5.7;2.5;-2.4;-2.3;-1.9;;;;;;;;;;;;;;;;;46.9;62;;;3348;92;;
SMA;01.12.1914 00:00;-0.2;6.3;2.6;0.9;0.3;2.3;;;;;;;;;;;;;;;;;54.1;65;;;4598;163;;
SMA;01.01.1915 00:00;-2.6;2.4;0;-0.9;-1.2;-1.1;;;;;;;;;;;;;;;;;77.3;123;;;2347;65;;
SMA;01.02.1915 00:00;-2.8;3;0.1;-1.7;-1.6;-2.2;;;;;;;;;;;;;;;;;66.1;110;;;4434;83;;
SMA;01.03.1915 00:00;-0.5;5.4;2.4;-3.4;-2.4;-4.8;;;;;;;;;;;;;;;;;72.3;102;;;4607;53;;
SMA;01.04.1915 00:00;2.4;10.9;6.4;-3.2;-2.7;-3.9;;;;;;;;;;;;;;;;;97.9;122;;;9466;89;;
SMA;01.05.1915 00:00;9.5;19.4;14.2;0.6;0.5;0.6;;;;;;;;;;;;;;;;;94.1;73;;;10509;91;;
SMA;01.06.1915 00:00;12.2;23.6;17.6;0.5;-0.4;1.2;;;;;;;;;;;;;;;;;91.5;72;;;14753;119;;
SMA;01.07.1915 00:00;11.4;21.7;16.1;-2.9;-3;-2.6;;;;;;;;;;;;;;;;;156.3;124;;;13194;96;;
SMA;01.08.1915 00:00;10.8;21.3;15.3;-3.3;-3.5;-2.6;;;;;;;;;;;;;;;;;110.6;93;;;13516;104;;
SMA;01.09.1915 00:00;7;16.4;11.2;-3.2;-3.7;-2.7;;;;;;;;;;;;;;;;;80.9;93;;;8812;90;;
SMA;01.10.1915 00:00;3.5;9;6;-4;-3.6;-4.8;;;;;;;;;;;;;;;;;21.3;25;;;2534;39;;
SMA;01.11.1915 00:00;-1.4;4.2;1.1;-3.8;-3.9;-3.4;;;;;;;;;;;;;;;;;89.9;118;;;3336;92;;
SMA;01.12.1915 00:00;1.4;7.4;4.4;2.7;1.9;3.4;;;;;;;;;;;;;;;;;110.7;133;;;1960;69;;
SMA;01.01.1916 00:00;0.4;6.1;3.1;2.2;1.8;2.6;;;;;;;;;;;;;;;;;57.9;92;;;3812;106;;
SMA;01.02.1916 00:00;-1.3;4.9;1.7;-0.1;-0.1;-0.3;;;;;;;;;;;;;;;;;93.4;155;;;4563;86;;
SMA;01.03.1916 00:00;0.9;8;4.4;-1.4;-1;-2.2;;;;;;;;;;;;;;;;;68.8;97;;;4810;56;;
SMA;01.04.1916 00:00;3.3;13;7.7;-1.9;-1.8;-1.8;;;;;;;;;;;;;;;;;76.8;96;;;10092;95;;
SMA;01.05.1916 00:00;7.9;18.8;13.1;-0.5;-1.1;0;;;;;;;;;;;;;;;;;66.9;52;;;12183;106;;
SMA;01.06.1916 00:00;8.8;17.7;12.9;-4.2;-3.8;-4.7;;;;;;;;;;;;;;;;;201.7;158;;;8951;72;;
SMA;01.07.1916 00:00;11.5;21.7;16.3;-2.7;-2.9;-2.6;;;;;;;;;;;;;;;;;139.8;111;;;11872;86;;
SMA;01.08.1916 00:00;11.4;21.7;16.1;-2.5;-2.9;-2.2;;;;;;;;;;;;;;;;;115.9;97;;;12670;98;;
SMA;01.09.1916 00:00;7.2;16.1;11.2;-3.2;-3.5;-3;;;;;;;;;;;;;;;;;84.3;96;;;7866;80;;
SMA;01.10.1916 00:00;5.2;12.6;8.4;-1.6;-1.9;-1.2;;;;;;;;;;;;;;;;;140.6;165;;;7080;109;;
SMA;01.11.1916 00:00;1.4;6.5;3.6;-1.3;-1.1;-1.1;;;;;;;;;;;;;;;;;67.9;89;;;2464;68;;
SMA;01.12.1916 00:00;-0.6;4.3;1.7;0;-0.1;0.3;;;;;;;;;;;;;;;;;105.5;126;;;1899;67;;
SMA;01.01.1917 00:00;-3.9;-0.7;-2.4;-3.3;-2.5;-4.2;;;;;;;;;;;;;;;;;22.5;36;;;1697;47;;
SMA;01.02.1917 00:00;-5.6;0.7;-2.8;-4.6;-4.4;-4.5;;;;;;;;;;;;;;;;;12.3;20;;;5977;112;;
SMA;01.03.1917 00:00;-2;4.6;1.4;-4.4;-3.9;-5.6;;;;;;;;;;;;;;;;;81;114;;;5058;59;;
SMA;01.04.1917 00:00;0.8;8.1;4.2;-5.4;-4.3;-6.7;;;;;;;;;;;;;;;;;67.6;84;;;7524;71;;
SMA;01.05.1917 00:00;9.8;21.2;15.2;1.6;0.8;2.4;;;;;;;;;;;;;;;;;72.2;56;;;13281;115;;
SMA;01.06.1917 00:00;12.4;24.2;17.8;0.7;-0.2;1.8;;;;;;;;;;;;;;;;;103.7;81;;;16773;135;;
SMA;01.07.1917 00:00;12.2;22.2;16.9;-2.1;-2.2;-2.1;;;;;;;;;;;;;;;;;209.4;166;;;12390;90;;
SMA;01.08.1917 00:00;11.5;22;16.1;-2.5;-2.8;-1.9;;;;;;;;;;;;;;;;;190.4;160;;;11771;91;;
SMA;01.09.1917 00:00;10.7;21.3;15.4;1;0;2.2;;;;;;;;;;;;;;;;;59.3;68;;;12987;132;;
SMA;01.10.1917 00:00;4;10.3;7;-3;-3.1;-3.5;;;;;;;;;;;;;;;;;178.4;209;;;4552;70;;
SMA;01.11.1917 00:00;1.3;7.1;3.8;-1.1;-1.2;-0.5;;;;;;;;;;;;;;;;;64.7;85;;;3121;86;;
SMA;01.12.1917 00:00;-7.2;-1.2;-4.4;-6.1;-6.7;-5.2;;;;;;;;;;;;;;;;;17.3;21;;;3133;111;;
SMA;01.01.1918 00:00;-4;3.6;-0.6;-1.5;-2.6;0.1;;;;;;;;;;;;;;;;;58.9;93;;;4952;138;;
SMA;01.02.1918 00:00;-3;3.8;0.3;-1.5;-1.8;-1.4;;;;;;;;;;;;;;;;;31.9;53;;;5448;103;;
SMA;01.03.1918 00:00;-0.5;9.7;4;-1.8;-2.4;-0.5;;;;;;;;;;;;;;;;;47.2;66;;;11451;133;;
SMA;01.04.1918 00:00;3.9;12.3;7.7;-1.9;-1.2;-2.5;;;;;;;;;;;;;;;;;61;76;;;5331;50;;
SMA;01.05.1918 00:00;8.3;19.7;13.6;0;-0.7;0.9;;;;;;;;;;;;;;;;;42;33;;;13905;121;;
SMA;01.06.1918 00:00;7.9;18.3;12.9;-4.2;-4.7;-4.1;;;;;;;;;;;;;;;;;171.6;134;;;13226;106;;
SMA;01.07.1918 00:00;11.9;22.6;16.9;-2.1;-2.5;-1.7;;;;;;;;;;;;;;;;;79.7;63;;;15160;110;;
SMA;01.08.1918 00:00;11.4;22.8;16.5;-2.1;-2.9;-1.1;;;;;;;;;;;;;;;;;80.2;67;;;13540;105;;
SMA;01.09.1918 00:00;9;18.7;13.3;-1.1;-1.7;-0.4;;;;;;;;;;;;;;;;;176.3;202;;;9045;92;;
SMA;01.10.1918 00:00;3.7;10.2;6.6;-3.4;-3.4;-3.6;;;;;;;;;;;;;;;;;50.5;59;;;5137;79;;
SMA;01.11.1918 00:00;0.6;5.9;2.9;-2;-1.9;-1.7;;;;;;;;;;;;;;;;;28.7;38;;;3121;86;;
SMA;01.12.1918 00:00;0.8;6.4;3.3;1.6;1.3;2.4;;;;;;;;;;;;;;;;;171.5;206;;;2428;86;;
SMA;01.01.1919 00:00;-1.9;2.7;0.1;-0.8;-0.5;-0.8;;;;;;;;;;;;;;;;;21.6;34;;;2440;68;;
SMA;01.02.1919 00:00;-4;2.8;-0.9;-2.7;-2.8;-2.4;;;;;;;;;;;;;;;;;72;119;;;4441;84;;
SMA;01.03.1919 00:00;0.6;7.6;3.7;-2.1;-1.3;-2.6;;;;;;;;;;;;;;;;;139.3;196;;;6100;71;;
SMA;01.04.1919 00:00;1.2;8.1;4.5;-5.1;-3.9;-6.7;;;;;;;;;;;;;;;;;103.1;128;;;6665;63;;
SMA;01.05.1919 00:00;5.7;17.9;11.9;-1.7;-3.3;-0.9;;;;;;;;;;;;;;;;;37.1;29;;;16862;147;;
SMA;01.06.1919 00:00;10.1;21.7;15.8;-1.3;-2.5;-0.7;;;;;;;;;;;;;;;;;96.3;75;;;15294;123;;
SMA;01.07.1919 00:00;9.7;19.6;14.3;-4.7;-4.7;-4.7;;;;;;;;;;;;;;;;;138.7;110;;;11181;81;;
SMA;01.08.1919 00:00;12.4;25.5;18.4;-0.2;-1.9;1.6;;;;;;;;;;;;;;;;;41;34;;;16506;128;;
SMA;01.09.1919 00:00;10.3;21.7;15.2;0.8;-0.4;2.6;;;;;;;;;;;;;;;;;39.1;45;;;13195;134;;
SMA;01.10.1919 00:00;2.4;8.9;5.3;-4.7;-4.7;-4.9;;;;;;;;;;;;;;;;;68.7;81;;;4986;76;;
SMA;01.11.1919 00:00;-0.9;5.1;1.8;-3.1;-3.4;-2.5;;;;;;;;;;;;;;;;;105.2;138;;;2805;77;;
SMA;01.12.1919 00:00;-1.3;4.6;1.3;-0.4;-0.8;0.6;;;;;;;;;;;;;;;;;170;204;;;1750;62;;
SMA;01.01.1920 00:00;-0.4;5.7;2.4;1.5;1;2.2;;;;;;;;;;;;;;;;;75.4;120;;;4230;118;;
SMA;01.02.1920 00:00;-1.8;7.4;2.3;0.5;-0.6;2.2;;;;;;;;;;;;;;;;;14.7;24;;;9307;175;;
SMA;01.03.1920 00:00;1.5;11.9;5.9;0.1;-0.4;1.7;;;;;;;;;;;;;;;;;37;52;;;10485;122;;
SMA;01.04.1920 00:00;4.6;13.3;8.5;-1.1;-0.5;-1.5;;;;;;;;;;;;;;;;;66.3;82;;;6014;56;;
SMA;01.05.1920 00:00;9.5;20.5;14.6;1;0.5;1.7;;;;;;;;;;;;;;;;;94.3;74;;;10905;95;;
SMA;01.06.1920 00:00;10.1;20.5;15.1;-2;-2.5;-1.9;;;;;;;;;;;;;;;;;68.1;53;;;10833;87;;
SMA;01.07.1920 00:00;11.6;23.3;17;-2;-2.8;-1;;;;;;;;;;;;;;;;;125.9;100;;;14773;107;;
SMA;01.08.1920 00:00;10.5;20.8;15;-3.6;-3.8;-3.1;;;;;;;;;;;;;;;;;92.6;78;;;12209;94;;
SMA;01.09.1920 00:00;9.8;18.1;13.3;-1.1;-0.9;-1;;;;;;;;;;;;;;;;;87.3;100;;;7298;74;;
SMA;01.10.1920 00:00;5;11.5;7.8;-2.2;-2.1;-2.3;;;;;;;;;;;;;;;;;1.6;2;;;4722;72;;
SMA;01.11.1920 00:00;-1.1;5.2;1.5;-3.4;-3.6;-2.4;;;;;;;;;;;;;;;;;6.6;9;;;3051;84;;
SMA;01.12.1920 00:00;-2.1;3;0.2;-1.5;-1.6;-1;;;;;;;;;;;;;;;;;56.7;68;;;732;26;;
SMA;01.01.1921 00:00;1.1;6.5;3.5;2.6;2.5;3;;;;;;;;;;;;;;;;;50.5;80;;;3706;103;;
SMA;01.02.1921 00:00;-2.7;4.6;0.4;-1.4;-1.5;-0.6;;;;;;;;;;;;;;;;;9.9;16;;;7532;142;;
SMA;01.03.1921 00:00;0.2;11.8;5.5;-0.3;-1.7;1.6;;;;;;;;;;;;;;;;;25.2;35;;;13757;159;;
SMA;01.04.1921 00:00;2.3;12;6.9;-2.7;-2.8;-2.8;;;;;;;;;;;;;;;;;66;82;;;8087;76;;
SMA;01.05.1921 00:00;8.4;19.5;13.4;-0.2;-0.6;0.7;;;;;;;;;;;;;;;;;75.3;59;;;11001;96;;
SMA;01.06.1921 00:00;10.2;21.7;15.6;-1.5;-2.4;-0.7;;;;;;;;;;;;;;;;;98.9;78;;;13779;111;;
SMA;01.07.1921 00:00;13.3;26.6;19.5;0.5;-1.1;2.3;;;;;;;;;;;;;;;;;51.5;41;;;18257;133;;
SMA;01.08.1921 00:00;11.7;23.3;16.8;-1.8;-2.6;-0.6;;;;;;;;;;;;;;;;;97.3;82;;;13707;106;;
SMA;01.09.1921 00:00;10.1;20.6;14.8;0.4;-0.6;1.5;;;;;;;;;;;;;;;;;90.4;103;;;12634;128;;
SMA;01.10.1921 00:00;6.5;16.6;10.8;0.8;-0.6;2.8;;;;;;;;;;;;;;;;;43.7;51;;;9683;148;;
SMA;01.11.1921 00:00;-1.4;2.7;0.3;-4.6;-3.9;-4.9;;;;;;;;;;;;;;;;;61;80;;;2318;64;;
SMA;01.12.1921 00:00;-2;3.4;0.5;-1.2;-1.5;-0.6;;;;;;;;;;;;;;;;;41.3;50;;;1946;69;;
SMA;01.01.1922 00:00;-3.5;1.7;-0.9;-1.8;-2.1;-1.8;;;;;;;;;;;;;;;;;102.1;162;;;2135;60;;
SMA;01.02.1922 00:00;-4.1;3.3;-0.5;-2.3;-2.9;-1.9;;;;;;;;;;;;;;;;;103;171;;;5422;102;;
SMA;01.03.1922 00:00;0.8;9;4.4;-1.4;-1.1;-1.2;;;;;;;;;;;;;;;;;70.9;100;;;7244;84;;
SMA;01.04.1922 00:00;2.1;10;5.7;-3.9;-3;-4.8;;;;;;;;;;;;;;;;;169.9;211;;;5513;52;;
SMA;01.05.1922 00:00;8.3;20;14.2;0.6;-0.7;1.2;;;;;;;;;;;;;;;;;68.6;54;;;15872;138;;
SMA;01.06.1922 00:00;11.2;21.7;16.1;-1;-1.4;-0.7;;;;;;;;;;;;;;;;;142.7;112;;;12631;102;;
SMA;01.07.1922 00:00;10.9;21.4;15.9;-3.1;-3.5;-2.9;;;;;;;;;;;;;;;;;152;121;;;13516;98;;
SMA;01.08.1922 00:00;11.3;22.3;16.3;-2.3;-3;-1.6;;;;;;;;;;;;;;;;;139.8;117;;;13288;103;;
SMA;01.09.1922 00:00;7.5;15.1;11;-3.4;-3.2;-4;;;;;;;;;;;;;;;;;94.4;108;;;6390;65;;
SMA;01.10.1922 00:00;4;8.4;6.1;-3.9;-3.1;-5.4;;;;;;;;;;;;;;;;;143.5;168;;;2396;37;;
SMA;01.11.1922 00:00;-0.6;5;2;-2.9;-3.1;-2.6;;;;;;;;;;;;;;;;;82.8;109;;;3816;105;;
SMA;01.12.1922 00:00;-2;3.1;0.5;-1.2;-1.5;-0.9;;;;;;;;;;;;;;;;;76.6;92;;;1587;56;;
SMA;01.01.1923 00:00;-2.9;1.7;-0.5;-1.4;-1.5;-1.8;;;;;;;;;;;;;;;;;40.8;65;;;1923;54;;
SMA;01.02.1923 00:00;0.6;5.3;3;1.2;1.8;0.1;;;;;;;;;;;;;;;;;77.4;128;;;3143;59;;
SMA;01.03.1923 00:00;1.1;8;4.5;-1.3;-0.8;-2.2;;;;;;;;;;;;;;;;;38.7;54;;;6304;73;;
SMA;01.04.1923 00:00;2.9;12.5;7.6;-2;-2.2;-2.3;;;;;;;;;;;;;;;;;83.2;103;;;9616;90;;
SMA;01.05.1923 00:00;6.6;17.9;11.9;-1.7;-2.4;-0.9;;;;;;;;;;;;;;;;;92.7;72;;;14067;122;;
SMA;01.06.1923 00:00;7.4;16.9;11.8;-5.3;-5.2;-5.5;;;;;;;;;;;;;;;;;87.2;68;;;9577;77;;
SMA;01.07.1923 00:00;13.3;26.2;19.3;0.3;-1.1;1.9;;;;;;;;;;;;;;;;;73.6;58;;;17948;130;;
SMA;01.08.1923 00:00;11.6;24.4;17.3;-1.3;-2.7;0.5;;;;;;;;;;;;;;;;;63.8;54;;;16884;130;;
SMA;01.09.1923 00:00;8.2;19.4;13.2;-1.2;-2.5;0.3;;;;;;;;;;;;;;;;;73.3;84;;;12117;123;;
SMA;01.10.1923 00:00;7.1;14.5;10.5;0.5;0;0.7;;;;;;;;;;;;;;;;;137.7;162;;;6414;98;;
SMA;01.11.1923 00:00;0.7;6.1;3.2;-1.7;-1.8;-1.5;;;;;;;;;;;;;;;;;117.1;154;;;3588;99;;
SMA;01.12.1923 00:00;-2.5;2.5;0;-1.7;-2;-1.5;;;;;;;;;;;;;;;;;140.1;168;;;1621;57;;
SMA;01.01.1924 00:00;-4.7;-0.2;-2.3;-3.2;-3.3;-3.7;;;;;;;;;;;;;;;;;33;52;;;2731;76;;
SMA;01.02.1924 00:00;-4.7;-0.6;-2.4;-4.2;-3.5;-5.8;;;;;;;;;;;;;;;;;24.3;40;;;2401;45;;
SMA;01.03.1924 00:00;-0.8;7.5;3.4;-2.4;-2.7;-2.7;;;;;;;;;;;;;;;;;48.1;68;;;9760;113;;
SMA;01.04.1924 00:00;3.5;11.4;7.7;-1.9;-1.6;-3.4;;;;;;;;;;;;;;;;;125.8;156;;;7524;71;;
SMA;01.05.1924 00:00;8.3;18;13.2;-0.4;-0.7;-0.8;;;;;;;;;;;;;;;;;121.1;94;;;10857;94;;
SMA;01.06.1924 00:00;10;19.5;14.8;-2.3;-2.6;-2.9;;;;;;;;;;;;;;;;;168.7;132;;;12108;97;;
SMA;01.07.1924 00:00;12.3;22.2;16.8;-2.2;-2.1;-2.1;;;;;;;;;;;;;;;;;132.6;105;;;12920;94;;
SMA;01.08.1924 00:00;9.6;19.2;13.7;-4.9;-4.7;-4.7;;;;;;;;;;;;;;;;;172.6;145;;;8601;66;;
SMA;01.09.1924 00:00;9.2;18.7;13.3;-1.1;-1.5;-0.4;;;;;;;;;;;;;;;;;40.8;47;;;9266;94;;
SMA;01.10.1924 00:00;5.7;13.7;9.1;-0.9;-1.4;-0.1;;;;;;;;;;;;;;;;;79.9;94;;;6684;103;;
SMA;01.11.1924 00:00;1.1;5.9;3.2;-1.7;-1.4;-1.7;;;;;;;;;;;;;;;;;10.8;14;;;2697;74;;
SMA;01.12.1924 00:00;-1.9;2.2;0.1;-1.6;-1.4;-1.8;;;;;;;;;;;;;;;;;22.3;27;;;1980;70;;
SMA;01.01.1925 00:00;-1.1;3.9;1.3;0.4;0.3;0.4;;;;;;;;;;;;;;;;;52.4;83;;;4203;117;;
SMA;01.02.1925 00:00;-0.2;7;3.1;1.3;1;1.8;;;;;;;;;;;;;;;;;42.4;70;;;6913;130;;
SMA;01.03.1925 00:00;-1.8;3.6;1;-4.8;-3.7;-6.6;;;;;;;;;;;;;;;;;31.8;45;;;5382;62;;
SMA;01.04.1925 00:00;4;12.4;7.9;-1.7;-1.1;-2.4;;;;;;;;;;;;;;;;;95.5;119;;;8357;78;;
SMA;01.05.1925 00:00;7.3;18;12.5;-1.1;-1.7;-0.8;;;;;;;;;;;;;;;;;58.8;46;;;11583;101;;
SMA;01.06.1925 00:00;10;22.4;16;-1.1;-2.6;0;;;;;;;;;;;;;;;;;66.8;52;;;16616;134;;
SMA;01.07.1925 00:00;12;22.7;16.9;-2.1;-2.4;-1.6;;;;;;;;;;;;;;;;;162.9;129;;;12718;92;;
SMA;01.08.1925 00:00;11.7;22.2;16.1;-2.5;-2.6;-1.7;;;;;;;;;;;;;;;;;124;104;;;11747;91;;
SMA;01.09.1925 00:00;7.1;15.9;10.9;-3.5;-3.6;-3.2;;;;;;;;;;;;;;;;;125.7;144;;;9272;94;;
SMA;01.10.1925 00:00;5.4;13.2;8.9;-1.1;-1.7;-0.6;;;;;;;;;;;;;;;;;30.7;36;;;5942;91;;
SMA;01.11.1925 00:00;0;4.1;1.9;-3;-2.5;-3.5;;;;;;;;;;;;;;;;;64.2;84;;;1080;30;;
SMA;01.12.1925 00:00;-2.7;3.8;0.5;-1.2;-2.2;-0.2;;;;;;;;;;;;;;;;;133.5;160;;;3255;115;;
SMA;01.01.1926 00:00;-2.7;2.8;-0.2;-1.1;-1.3;-0.7;;;;;;;;;;;;;;;;;67.3;107;;;4601;128;;
SMA;01.02.1926 00:00;1.5;8.3;4.7;2.9;2.7;3.1;;;;;;;;;;;;;;;;;37.2;62;;;4873;92;;
SMA;01.03.1926 00:00;1.1;8.1;4.5;-1.3;-0.8;-2.1;;;;;;;;;;;;;;;;;59.7;84;;;5814;67;;
SMA;01.04.1926 00:00;4.5;15.4;9.6;0;-0.6;0.6;;;;;;;;;;;;;;;;;43.6;54;;;11633;109;;
SMA;01.05.1926 00:00;6.3;15.5;10.4;-3.2;-2.7;-3.3;;;;;;;;;;;;;;;;;177.1;138;;;8572;75;;
SMA;01.06.1926 00:00;8.9;17.8;13;-4.1;-3.7;-4.6;;;;;;;;;;;;;;;;;169.2;133;;;10418;84;;
SMA;01.07.1926 00:00;12.2;21.3;16.6;-2.4;-2.2;-3;;;;;;;;;;;;;;;;;129.3;103;;;10484;76;;
SMA;01.08.1926 00:00;11.2;23.3;16.6;-2;-3.1;-0.6;;;;;;;;;;;;;;;;;51.3;43;;;15170;117;;
SMA;01.09.1926 00:00;10.7;21.7;15.4;1;0;2.6;;;;;;;;;;;;;;;;;43.9;50;;;13971;142;;
SMA;01.10.1926 00:00;5.4;13;9;-1;-1.7;-0.8;;;;;;;;;;;;;;;;;118;138;;;6483;99;;
SMA;01.11.1926 00:00;2;9.5;5;0.1;-0.5;1.9;;;;;;;;;;;;;;;;;43.6;57;;;4269;117;;
SMA;01.12.1926 00:00;-2.7;0.9;-1;-2.7;-2.2;-3.1;;;;;;;;;;;;;;;;;27.2;33;;;1044;37;;
SMA;01.01.1927 00:00;-1.7;2.4;0.4;-0.5;-0.3;-1.1;;;;;;;;;;;;;;;;;76.8;122;;;1803;50;;
SMA;01.02.1927 00:00;-3.4;3.4;-0.2;-2;-2.2;-1.8;;;;;;;;;;;;;;;;;70.3;117;;;5260;99;;
SMA;01.03.1927 00:00;1.2;9.1;4.9;-0.9;-0.7;-1.1;;;;;;;;;;;;;;;;;111.4;156;;;7606;88;;
SMA;01.04.1927 00:00;4.1;12.6;8.3;-1.3;-1;-2.2;;;;;;;;;;;;;;;;;105.3;131;;;9265;87;;
SMA;01.05.1927 00:00;7.8;19.1;12.8;-0.8;-1.2;0.3;;;;;;;;;;;;;;;;;78.9;62;;;14858;129;;
SMA;01.06.1927 00:00;10.5;21;15.3;-1.8;-2.1;-1.4;;;;;;;;;;;;;;;;;132.8;104;;;13873;112;;
SMA;01.07.1927 00:00;12.5;23.4;17.4;-1.6;-1.9;-0.9;;;;;;;;;;;;;;;;;136.2;108;;;13643;99;;
SMA;01.08.1927 00:00;11.5;21.7;15.9;-2.7;-2.8;-2.2;;;;;;;;;;;;;;;;;203.1;171;;;12204;94;;
SMA;01.09.1927 00:00;9.8;18.4;13.4;-1;-0.9;-0.7;;;;;;;;;;;;;;;;;155.4;178;;;8778;89;;
SMA;01.10.1927 00:00;4.6;13;8.1;-1.9;-2.5;-0.8;;;;;;;;;;;;;;;;;30.4;36;;;8244;126;;
SMA;01.11.1927 00:00;1.3;6.7;3.7;-1.2;-1.2;-0.9;;;;;;;;;;;;;;;;;48.3;63;;;3090;85;;
SMA;01.12.1927 00:00;-3;0.8;-1;-2.7;-2.5;-3.2;;;;;;;;;;;;;;;;;31.3;38;;;1678;59;;
SMA;01.01.1928 00:00;-0.6;3.8;1.9;1;0.8;0.3;;;;;;;;;;;;;;;;;49.8;79;;;2391;67;;
SMA;01.02.1928 00:00;-0.9;6.1;2.6;0.8;0.3;0.9;;;;;;;;;;;;;;;;;70.1;116;;;7689;145;;
SMA;01.03.1928 00:00;0.6;8.4;4.3;-1.5;-1.3;-1.8;;;;;;;;;;;;;;;;;48.5;68;;;8161;95;;
SMA;01.04.1928 00:00;3.1;12.7;7.9;-1.7;-2;-2.1;;;;;;;;;;;;;;;;;76;95;;;10022;94;;
SMA;01.05.1928 00:00;5.2;15;9.9;-3.7;-3.8;-3.8;;;;;;;;;;;;;;;;;119.2;93;;;10379;90;;
SMA;01.06.1928 00:00;10.5;21.3;15.7;-1.4;-2.1;-1.1;;;;;;;;;;;;;;;;;81.6;64;;;14276;115;;
SMA;01.07.1928 00:00;14.1;27.8;20.6;1.6;-0.3;3.5;;;;;;;;;;;;;;;;;26;21;;;19608;142;;
SMA;01.08.1928 00:00;13;24.2;17.9;-0.7;-1.3;0.3;;;;;;;;;;;;;;;;;144.1;121;;;12561;97;;
SMA;01.09.1928 00:00;9.4;17.7;13.2;-1.2;-1.3;-1.4;;;;;;;;;;;;;;;;;85.3;98;;;8712;89;;
SMA;01.10.1928 00:00;4.7;13;8.4;-1.6;-2.4;-0.8;;;;;;;;;;;;;;;;;63.1;74;;;7189;110;;
SMA;01.11.1928 00:00;2.9;8.4;5.4;0.5;0.4;0.8;;;;;;;;;;;;;;;;;120.7;159;;;3023;83;;
SMA;01.12.1928 00:00;-2;2.3;0.1;-1.6;-1.5;-1.7;;;;;;;;;;;;;;;;;75.7;91;;;2179;77;;
SMA;01.01.1929 00:00;-7.7;-2.4;-5.1;-6;-6.3;-5.9;;;;;;;;;;;;;;;;;32.8;52;;;2804;78;;
SMA;01.02.1929 00:00;-11.4;-2.6;-7.4;-9.2;-10.2;-7.8;;;;;;;;;;;;;;;;;18;30;;;6531;123;;
SMA;01.03.1929 00:00;-1.2;8.9;3.6;-2.2;-3.1;-1.3;;;;;;;;;;;;;;;;;24.2;34;;;11293;131;;
SMA;01.04.1929 00:00;1.8;10.4;5.4;-4.2;-3.3;-4.4;;;;;;;;;;;;;;;;;113.9;142;;;8177;77;;
SMA;01.05.1929 00:00;8;18.7;12.9;-0.7;-1;-0.1;;;;;;;;;;;;;;;;;56.6;44;;;12036;105;;
SMA;01.06.1929 00:00;11.7;21.9;16.4;-0.7;-0.9;-0.5;;;;;;;;;;;;;;;;;130.3;102;;;12541;101;;
SMA;01.07.1929 00:00;12.9;24.9;18.3;-0.7;-1.5;0.6;;;;;;;;;;;;;;;;;126;100;;;16665;121;;
SMA;01.08.1929 00:00;12.4;22;16.9;-1.7;-1.9;-1.9;;;;;;;;;;;;;;;;;88.1;74;;;12302;95;;
SMA;01.09.1929 00:00;9.8;22.8;16.4;2;-0.9;3.7;;;;;;;;;;;;;;;;;64.3;74;;;14465;147;;
SMA;01.10.1929 00:00;6.2;13.4;9.6;-0.4;-0.9;-0.4;;;;;;;;;;;;;;;;;116.5;137;;;5591;86;;
SMA;01.11.1929 00:00;1.5;7.3;4;-0.9;-1;-0.3;;;;;;;;;;;;;;;;;39.2;52;;;3775;104;;
SMA;01.12.1929 00:00;0.4;6.6;3.3;1.6;0.9;2.6;;;;;;;;;;;;;;;;;105.4;126;;;3870;137;;
SMA;01.01.1930 00:00;-0.9;3.5;1.2;0.3;0.5;0;;;;;;;;;;;;;;;;;31.6;50;;;4190;117;;
SMA;01.02.1930 00:00;-3.3;2.7;-0.3;-2.1;-2.1;-2.5;;;;;;;;;;;;;;;;;17.3;29;;;5881;111;;
SMA;01.03.1930 00:00;1.4;8.9;4.9;-0.9;-0.5;-1.3;;;;;;;;;;;;;;;;;71.3;100;;;7204;84;;
SMA;01.04.1930 00:00;4.5;13.2;8.7;-0.9;-0.6;-1.6;;;;;;;;;;;;;;;;;162.3;202;;;8586;81;;
SMA;01.05.1930 00:00;6.8;15.9;11;-2.6;-2.2;-2.9;;;;;;;;;;;;;;;;;179.9;140;;;8095;70;;
SMA;01.06.1930 00:00;12.9;25.2;18.2;1.1;0.3;2.8;;;;;;;;;;;;;;;;;81.2;64;;;15522;125;;
SMA;01.07.1930 00:00;11.7;21.3;15.9;-3.1;-2.7;-3;;;;;;;;;;;;;;;;;257;204;;;10701;78;;
SMA;01.08.1930 00:00;11.8;22.4;16.3;-2.3;-2.5;-1.5;;;;;;;;;;;;;;;;;129.7;109;;;12239;95;;
SMA;01.09.1930 00:00;10.5;19.1;13.9;-0.5;-0.2;0;;;;;;;;;;;;;;;;;69.9;80;;;7459;76;;
SMA;01.10.1930 00:00;5.6;12.4;8.5;-1.5;-1.5;-1.4;;;;;;;;;;;;;;;;;148.4;174;;;4535;70;;
SMA;01.11.1930 00:00;2.3;10.6;6.4;1.5;-0.2;3;;;;;;;;;;;;;;;;;117.2;154;;;4902;135;;
SMA;01.12.1930 00:00;-1.1;3.2;1;-0.7;-0.6;-0.8;;;;;;;;;;;;;;;;;44.4;53;;;2530;90;;
SMA;01.01.1931 00:00;-3.1;2.1;-0.3;-1.2;-1.7;-1.4;;;;;;;;;;;;;;;;;93;148;;;3020;84;;
SMA;01.02.1931 00:00;-4.3;1.4;-1.2;-3;-3.1;-3.8;;;;;;;;;;;;;;;;;86.1;143;;;3522;66;;
SMA;01.03.1931 00:00;-3.8;5.7;0.5;-5.3;-5.7;-4.5;;;;;;;;;;;;;;;;;123.8;174;;;10178;118;;
SMA;01.04.1931 00:00;2.6;11.5;6.8;-2.8;-2.5;-3.3;;;;;;;;;;;;;;;;;81.9;102;;;9295;87;;
SMA;01.05.1931 00:00;9.2;20.9;14.5;0.9;0.2;2.1;;;;;;;;;;;;;;;;;118.4;92;;;12525;109;;
SMA;01.06.1931 00:00;12.2;24;17.4;0.3;-0.4;1.6;;;;;;;;;;;;;;;;;138.5;109;;;16087;129;;
SMA;01.07.1931 00:00;12;22.4;16.3;-2.7;-2.4;-1.9;;;;;;;;;;;;;;;;;192.1;152;;;11615;84;;
SMA;01.08.1931 00:00;11.1;20;14.9;-3.7;-3.2;-3.9;;;;;;;;;;;;;;;;;166.9;140;;;9589;74;;
SMA;01.09.1931 00:00;5.7;13.6;9.2;-5.2;-5;-5.5;;;;;;;;;;;;;;;;;92;105;;;6770;69;;
SMA;01.10.1931 00:00;3.3;12.5;7.3;-2.7;-3.8;-1.3;;;;;;;;;;;;;;;;;68;80;;;10053;154;;
SMA;01.11.1931 00:00;2.2;8.4;4.6;-0.3;-0.3;0.8;;;;;;;;;;;;;;;;;17.5;23;;;4199;115;;
SMA;01.12.1931 00:00;-3.2;1.7;-0.9;-2.6;-2.7;-2.3;;;;;;;;;;;;;;;;;50.9;61;;;4000;142;;
SMA;01.01.1932 00:00;-2.6;2.2;-0.2;-1.1;-1.2;-1.3;;;;;;;;;;;;;;;;;47.9;76;;;2226;62;;
SMA;01.02.1932 00:00;-6.8;0.5;-3.6;-5.4;-5.6;-4.7;;;;;;;;;;;;;;;;;7.8;13;;;8964;169;;
SMA;01.03.1932 00:00;-2.5;6.1;1.4;-4.4;-4.4;-4.1;;;;;;;;;;;;;;;;;101.5;143;;;9215;107;;
SMA;01.04.1932 00:00;2.3;11.5;6.6;-3;-2.8;-3.3;;;;;;;;;;;;;;;;;67.4;84;;;9944;93;;
SMA;01.05.1932 00:00;6.6;16.8;11.2;-2.4;-2.4;-2;;;;;;;;;;;;;;;;;122.9;96;;;9700;84;;
SMA;01.06.1932 00:00;9.6;20.2;14.4;-2.7;-3;-2.2;;;;;;;;;;;;;;;;;95.6;75;;;12080;97;;
SMA;01.07.1932 00:00;12.8;22;16.2;-2.8;-1.6;-2.3;;;;;;;;;;;;;;;;;243.9;194;;;9193;67;;
SMA;01.08.1932 00:00;14.1;25.6;18.8;0.2;-0.2;1.7;;;;;;;;;;;;;;;;;95.8;80;;;14900;115;;
SMA;01.09.1932 00:00;12.7;21.3;16.2;1.8;2;2.2;;;;;;;;;;;;;;;;;47.6;54;;;9365;95;;
SMA;01.10.1932 00:00;5.5;13;8.8;-1.2;-1.6;-0.8;;;;;;;;;;;;;;;;;101;119;;;5711;88;;
SMA;01.11.1932 00:00;2.5;7.3;4.3;-0.6;0;-0.3;;;;;;;;;;;;;;;;;47.1;62;;;2472;68;;
SMA;01.12.1932 00:00;-1.9;2.1;-0.2;-1.9;-1.4;-1.9;;;;;;;;;;;;;;;;;12.6;15;;;2504;89;;
SMA;01.01.1933 00:00;-5.3;-1;-3.3;-4.2;-3.9;-4.5;;;;;;;;;;;;;;;;;38.9;62;;;2499;70;;
SMA;01.02.1933 00:00;-3;3.7;0.2;-1.6;-1.8;-1.5;;;;;;;;;;;;;;;;;57.2;95;;;5999;113;;
SMA;01.03.1933 00:00;1.1;9.9;4.9;-0.9;-0.8;-0.3;;;;;;;;;;;;;;;;;43.7;61;;;10507;122;;
SMA;01.04.1933 00:00;3.7;13.7;8.3;-1.3;-1.4;-1.1;;;;;;;;;;;;;;;;;68.8;86;;;9716;91;;
SMA;01.05.1933 00:00;7;15.5;10.5;-3.1;-2;-3.3;;;;;;;;;;;;;;;;;196.5;153;;;8923;78;;
SMA;01.06.1933 00:00;9.2;18.1;12.9;-4.2;-3.4;-4.3;;;;;;;;;;;;;;;;;191.5;150;;;10586;85;;
SMA;01.07.1933 00:00;13.1;24.9;18.2;-0.8;-1.3;0.6;;;;;;;;;;;;;;;;;97.1;77;;;16443;119;;
SMA;01.08.1933 00:00;12.9;24.8;18.2;-0.4;-1.4;0.9;;;;;;;;;;;;;;;;;61.3;51;;;15952;123;;
SMA;01.09.1933 00:00;10;19.2;14;-0.4;-0.7;0.1;;;;;;;;;;;;;;;;;83.6;96;;;10702;109;;
SMA;01.10.1933 00:00;6.3;13;9;-1;-0.8;-0.8;;;;;;;;;;;;;;;;;114.4;134;;;6381;98;;
SMA;01.11.1933 00:00;0.7;5.2;2.6;-2.3;-1.8;-2.4;;;;;;;;;;;;;;;;;69.4;91;;;2102;58;;
SMA;01.12.1933 00:00;-6;-2.6;-4.4;-6.1;-5.5;-6.6;;;;;;;;;;;;;;;;;7.3;9;;;1060;38;;
SMA;01.01.1934 00:00;-2.6;0.7;-0.9;-1.8;-1.2;-2.8;;;;;;;;;;;;;;;;;73.6;117;;;1234;34;;
SMA;01.02.1934 00:00;-4.1;3.8;-0.5;-2.3;-2.9;-1.4;;;;;;;;;;;;;;;;;8.4;14;;;8419;158;;
SMA;01.03.1934 00:00;0.6;7.7;3.7;-2.1;-1.3;-2.5;;;;;;;;;;;;;;;;;50.6;71;;;7283;84;;
SMA;01.04.1934 00:00;5.6;17.1;10.8;1.2;0.5;2.3;;;;;;;;;;;;;;;;;22.2;28;;;13615;128;;
SMA;01.05.1934 00:00;8.9;20.6;14.2;0.6;-0.1;1.8;;;;;;;;;;;;;;;;;42.6;33;;;14821;129;;
SMA;01.06.1934 00:00;10.9;22.1;15.7;-1.4;-1.7;-0.3;;;;;;;;;;;;;;;;;164;129;;;12927;104;;
SMA;01.07.1934 00:00;13.2;24.9;18.2;-0.8;-1.2;0.6;;;;;;;;;;;;;;;;;100.6;80;;;16763;122;;
SMA;01.08.1934 00:00;12;21.4;15.7;-2.9;-2.3;-2.5;;;;;;;;;;;;;;;;;180.4;151;;;9876;76;;
SMA;01.09.1934 00:00;11.1;21.2;15.1;0.7;0.4;2.1;;;;;;;;;;;;;;;;;122.5;140;;;11507;117;;
SMA;01.10.1934 00:00;5.1;13.6;8.7;-1.3;-2;-0.2;;;;;;;;;;;;;;;;;106;124;;;7804;120;;
SMA;01.11.1934 00:00;0.1;5.8;2.3;-2.6;-2.4;-1.8;;;;;;;;;;;;;;;;;23.4;31;;;4496;124;;
SMA;01.12.1934 00:00;1.6;6.5;3.9;2.2;2.1;2.5;;;;;;;;;;;;;;;;;72;86;;;1268;45;;
SMA;01.01.1935 00:00;-4.3;0;-2.3;-3.2;-2.9;-3.5;;;;;;;;;;;;;;;;;42.9;68;;;2893;81;;
SMA;01.02.1935 00:00;-1.1;4.2;1.6;-0.2;0.1;-1;;;;;;;;;;;;;;;;;161.1;267;;;4197;79;;
SMA;01.03.1935 00:00;-0.9;7.6;2.8;-3;-2.8;-2.6;;;;;;;;;;;;;;;;;31.5;44;;;11068;128;;
SMA;01.04.1935 00:00;3.5;10.9;6.7;-2.9;-1.6;-3.9;;;;;;;;;;;;;;;;;132;164;;;6099;57;;
SMA;01.05.1935 00:00;5.7;16.3;10.7;-2.9;-3.3;-2.5;;;;;;;;;;;;;;;;;104;81;;;12226;106;;
SMA;01.06.1935 00:00;12.1;23.7;17.5;0.4;-0.5;1.3;;;;;;;;;;;;;;;;;89.1;70;;;16012;129;;
SMA;01.07.1935 00:00;13.8;25.5;18.9;-0.1;-0.6;1.2;;;;;;;;;;;;;;;;;77.7;62;;;17328;126;;
SMA;01.08.1935 00:00;11.4;22;16;-2.6;-2.9;-1.9;;;;;;;;;;;;;;;;;95.4;80;;;12267;95;;
SMA;01.09.1935 00:00;10;19.7;14.1;-0.3;-0.7;0.6;;;;;;;;;;;;;;;;;101.1;116;;;12844;130;;
SMA;01.10.1935 00:00;6.1;11.3;8.4;-1.6;-1;-2.5;;;;;;;;;;;;;;;;;197.5;232;;;3021;46;;
SMA;01.11.1935 00:00;2.3;8.2;4.7;-0.2;-0.2;0.6;;;;;;;;;;;;;;;;;50.8;67;;;4750;130;;
SMA;01.12.1935 00:00;-3.2;1.6;-1;-2.7;-2.7;-2.4;;;;;;;;;;;;;;;;;113.6;136;;;1893;67;;
SMA;01.01.1936 00:00;0.9;5.8;3.5;2.6;2.3;2.3;;;;;;;;;;;;;;;;;71.4;113;;;3001;84;;
SMA;01.02.1936 00:00;-1.8;3.8;0.9;-0.9;-0.6;-1.4;;;;;;;;;;;;;;;;;48.8;81;;;4977;94;;
SMA;01.03.1936 00:00;1.8;10.9;5.8;0;-0.1;0.7;;;;;;;;;;;;;;;;;32.2;45;;;10105;117;;
SMA;01.04.1936 00:00;3.8;11.4;7.2;-2.4;-1.3;-3.4;;;;;;;;;;;;;;;;;158.5;197;;;5846;55;;
SMA;01.05.1936 00:00;8.1;18;12.6;-1;-0.9;-0.8;;;;;;;;;;;;;;;;;100.4;78;;;12243;106;;
SMA;01.06.1936 00:00;11.2;20.5;15;-2.1;-1.4;-1.9;;;;;;;;;;;;;;;;;163;128;;;9750;78;;
SMA;01.07.1936 00:00;12.3;21.5;16;-3;-2.1;-2.8;;;;;;;;;;;;;;;;;237.5;188;;;10210;74;;
SMA;01.08.1936 00:00;11.8;22.2;16.2;-2.4;-2.5;-1.7;;;;;;;;;;;;;;;;;81;68;;;14193;110;;
SMA;01.09.1936 00:00;10.7;17.7;13.3;-1.1;0;-1.4;;;;;;;;;;;;;;;;;184.1;211;;;7163;73;;
SMA;01.10.1936 00:00;2.8;9.2;5.6;-4.4;-4.3;-4.6;;;;;;;;;;;;;;;;;79.5;93;;;6568;101;;
SMA;01.11.1936 00:00;2.1;6.3;3.8;-1.1;-0.4;-1.3;;;;;;;;;;;;;;;;;54;71;;;2563;70;;
SMA;01.12.1936 00:00;-0.4;3.5;1.4;-0.3;0.1;-0.5;;;;;;;;;;;;;;;;;39;47;;;2387;85;;
SMA;01.01.1937 00:00;-1.7;3.4;0.7;-0.2;-0.3;-0.1;;;;;;;;;;;;;;;;;71.9;114;;;4362;122;;
SMA;01.02.1937 00:00;0.6;5.7;3.2;1.4;1.8;0.5;;;;;;;;;;;;;;;;;132.6;220;;;2309;43;;
SMA;01.03.1937 00:00;0.4;6.1;3;-2.8;-1.5;-4.1;;;;;;;;;;;;;;;;;101.9;143;;;5290;61;;
SMA;01.04.1937 00:00;4.3;12.2;7.7;-1.9;-0.8;-2.6;;;;;;;;;;;;;;;;;102.3;127;;;7949;75;;
SMA;01.05.1937 00:00;8.8;20.7;14.2;0.6;-0.2;1.9;;;;;;;;;;;;;;;;;73;57;;;12715;111;;
SMA;01.06.1937 00:00;12.2;22.8;16.6;-0.5;-0.4;0.4;;;;;;;;;;;;;;;;;100.3;79;;;12328;99;;
SMA;01.07.1937 00:00;12.8;23.3;17.5;-1.5;-1.6;-1;;;;;;;;;;;;;;;;;76.6;61;;;12843;93;;
SMA;01.08.1937 00:00;13;22.8;16.9;-1.7;-1.3;-1.1;;;;;;;;;;;;;;;;;94.8;80;;;10238;79;;
SMA;01.09.1937 00:00;9.6;17.1;12.7;-1.7;-1.1;-2;;;;;;;;;;;;;;;;;164;188;;;7169;73;;
SMA;01.10.1937 00:00;5.6;12.5;8.5;-1.5;-1.5;-1.3;;;;;;;;;;;;;;;;;48;56;;;6145;94;;
SMA;01.11.1937 00:00;0.9;6.6;3.2;-1.7;-1.6;-1;;;;;;;;;;;;;;;;;56.4;74;;;4696;129;;
SMA;01.12.1937 00:00;-2.5;1.9;-0.5;-2.2;-2;-2.1;;;;;;;;;;;;;;;;;41.7;50;;;2569;91;;
SMA;01.01.1938 00:00;-1.8;3.1;0.8;-0.1;-0.4;-0.4;;;;;;;;;;;;;;;;;118.8;189;;;2728;76;;
SMA;01.02.1938 00:00;-2.8;3.3;0;-1.8;-1.6;-1.9;;;;;;;;;;;;;;;;;29;48;;;6296;118;;
SMA;01.03.1938 00:00;1.8;13.4;7;1.2;-0.1;3.2;;;;;;;;;;;;;;;;;36.2;51;;;14621;169;;
SMA;01.04.1938 00:00;1;10.8;5.2;-4.4;-4.1;-4;;;;;;;;;;;;;;;;;25.7;32;;;11795;111;;
SMA;01.05.1938 00:00;5.7;15.6;10.4;-3.2;-3.3;-3.2;;;;;;;;;;;;;;;;;101.5;79;;;10460;91;;
SMA;01.06.1938 00:00;11.7;22.7;16.6;-0.5;-0.9;0.3;;;;;;;;;;;;;;;;;133.7;105;;;14236;114;;
SMA;01.07.1938 00:00;11.9;22.4;16.3;-2.7;-2.5;-1.9;;;;;;;;;;;;;;;;;198.3;157;;;12449;90;;
SMA;01.08.1938 00:00;12.7;22;16.5;-2.1;-1.6;-1.9;;;;;;;;;;;;;;;;;171.9;144;;;11652;90;;
SMA;01.09.1938 00:00;10.1;19.1;13.9;-0.5;-0.6;0;;;;;;;;;;;;;;;;;100.8;115;;;10720;109;;
SMA;01.10.1938 00:00;5.5;12.7;8.6;-1.4;-1.6;-1.1;;;;;;;;;;;;;;;;;42.1;49;;;8027;123;;
SMA;01.11.1938 00:00;2.8;9.8;5.7;0.8;0.3;2.2;;;;;;;;;;;;;;;;;35.6;47;;;4575;126;;
SMA;01.12.1938 00:00;-4.6;0.5;-2.3;-4;-4.1;-3.5;;;;;;;;;;;;;;;;;52.5;63;;;1411;50;;
SMA;01.01.1939 00:00;-0.6;4.2;1.5;0.6;0.8;0.7;;;;;;;;;;;;;;;;;52.2;83;;;3834;107;;
SMA;01.02.1939 00:00;-2;4.3;0.8;-1;-0.8;-0.9;;;;;;;;;;;;;;;;;15;25;;;5603;105;;
SMA;01.03.1939 00:00;-1.2;4.7;1.4;-4.4;-3.1;-5.5;;;;;;;;;;;;;;;;;115.6;162;;;5187;60;;
SMA;01.04.1939 00:00;5.5;14.2;9.4;-0.2;0.4;-0.6;;;;;;;;;;;;;;;;;42.7;53;;;9025;85;;
SMA;01.05.1939 00:00;6.3;12;9;-4.6;-2.7;-6.8;;;;;;;;;;;;;;;;;252.7;197;;;4068;35;;
SMA;01.06.1939 00:00;11.2;20.4;15.6;-1.5;-1.4;-2;;;;;;;;;;;;;;;;;109.7;86;;;11976;96;;
SMA;01.07.1939 00:00;11.7;21.7;16.2;-2.8;-2.7;-2.6;;;;;;;;;;;;;;;;;134.7;107;;;13512;98;;
SMA;01.08.1939 00:00;13;22.3;17;-1.6;-1.3;-1.6;;;;;;;;;;;;;;;;;123.6;104;;;11664;90;;
SMA;01.09.1939 00:00;9.4;16.8;12.5;-1.9;-1.3;-2.3;;;;;;;;;;;;;;;;;122.9;141;;;7471;76;;
SMA;01.10.1939 00:00;5.2;9.6;7.1;-2.9;-1.9;-4.2;;;;;;;;;;;;;;;;;224.7;264;;;2105;32;;
SMA;01.11.1939 00:00;3.3;8.7;5.6;0.7;0.8;1.1;;;;;;;;;;;;;;;;;101.2;133;;;2878;79;;
SMA;01.12.1939 00:00;-3.1;0.7;-1.3;-3;-2.6;-3.3;;;;;;;;;;;;;;;;;63.4;76;;;2192;78;;
SMA;01.01.1940 00:00;-8.5;-3.9;-6.2;-7.1;-7.1;-7.4;;;;;;;;;;;;;;;;;52.3;83;;;2995;84;;
SMA;01.02.1940 00:00;-3.5;2.9;-0.6;-2.4;-2.3;-2.3;;;;;;;;;;;;;;;;;75.8;126;;;3201;60;;
SMA;01.03.1940 00:00;0.3;8.3;3.9;-1.9;-1.6;-1.9;;;;;;;;;;;;;;;;;78.1;110;;;7765;90;;
SMA;01.04.1940 00:00;3.9;13.5;8.4;-1.2;-1.2;-1.3;;;;;;;;;;;;;;;;;81.3;101;;;9974;94;;
SMA;01.05.1940 00:00;7.1;17.5;11.7;-1.9;-1.9;-1.3;;;;;;;;;;;;;;;;;151.1;118;;;12606;110;;
SMA;01.06.1940 00:00;10.7;20.7;15.2;-1.9;-1.9;-1.7;;;;;;;;;;;;;;;;;123.7;97;;;12627;102;;
SMA;01.07.1940 00:00;11.7;21.2;15.7;-3.3;-2.7;-3.1;;;;;;;;;;;;;;;;;168.2;133;;;12221;89;;
SMA;01.08.1940 00:00;10.8;20.5;15.2;-3.4;-3.5;-3.4;;;;;;;;;;;;;;;;;135;113;;;13549;105;;
SMA;01.09.1940 00:00;9.7;17.9;13.3;-1.1;-1;-1.2;;;;;;;;;;;;;;;;;235.1;269;;;9655;98;;
SMA;01.10.1940 00:00;5.6;10.6;7.8;-2.2;-1.5;-3.2;;;;;;;;;;;;;;;;;59;69;;;3444;53;;
SMA;01.11.1940 00:00;2.4;8.1;4.7;-0.2;-0.1;0.5;;;;;;;;;;;;;;;;;122.5;161;;;3902;107;;
SMA;01.12.1940 00:00;-5.9;-1.8;-4;-5.7;-5.4;-5.8;;;;;;;;;;;;;;;;;88.2;106;;;872;31;;
SMA;01.01.1941 00:00;-6;-1.1;-3.6;-4.5;-4.6;-4.6;;;;;;;;;;;;;;;;;72.8;116;;;1933;54;;
SMA;01.02.1941 00:00;-2;4.3;0.9;-0.9;-0.8;-0.9;;;;;;;;;;;;;;;;;52.6;87;;;4736;89;;
SMA;01.03.1941 00:00;0.8;9.6;4.9;-0.9;-1.1;-0.6;;;;;;;;;;;;;;;;;51.8;73;;;10294;119;;
SMA;01.04.1941 00:00;2.2;10.1;6;-3.6;-2.9;-4.7;;;;;;;;;;;;;;;;;68.6;85;;;8152;77;;
SMA;01.05.1941 00:00;4.2;13.5;8.6;-5;-4.8;-5.3;;;;;;;;;;;;;;;;;153.5;120;;;9366;81;;
SMA;01.06.1941 00:00;11;21.7;16.1;-1;-1.6;-0.7;;;;;;;;;;;;;;;;;91;71;;;14075;113;;
SMA;01.07.1941 00:00;13.7;24.4;18.6;-0.4;-0.7;0.1;;;;;;;;;;;;;;;;;90.9;72;;;15397;112;;
SMA;01.08.1941 00:00;11.5;20.4;15.3;-3.3;-2.8;-3.5;;;;;;;;;;;;;;;;;218.9;184;;;10405;80;;
SMA;01.09.1941 00:00;8.5;17.7;12.6;-1.8;-2.2;-1.4;;;;;;;;;;;;;;;;;13.6;16;;;11579;118;;
SMA;01.10.1941 00:00;5.1;10.4;7.5;-2.5;-2;-3.4;;;;;;;;;;;;;;;;;94.6;111;;;4119;63;;
SMA;01.11.1941 00:00;0.4;4.9;2.2;-2.7;-2.1;-2.7;;;;;;;;;;;;;;;;;57.1;75;;;2012;55;;
SMA;01.12.1941 00:00;-2;2.9;0.2;-1.5;-1.5;-1.1;;;;;;;;;;;;;;;;;40.9;49;;;3213;114;;
SMA;01.01.1942 00:00;-8;-3.1;-5.5;-6.4;-6.6;-6.6;;;;;;;;;;;;;;;;;108.6;172;;;1672;47;;
SMA;01.02.1942 00:00;-6.2;-2;-4.1;-5.9;-5;-7.2;;;;;;;;;;;;;;;;;25.1;42;;;2024;38;;
SMA;01.03.1942 00:00;1.1;8.5;4.4;-1.4;-0.8;-1.7;;;;;;;;;;;;;;;;;74.5;105;;;6942;80;;
SMA;01.04.1942 00:00;4.3;13.6;8.3;-1.3;-0.8;-1.2;;;;;;;;;;;;;;;;;58.5;73;;;11464;108;;
SMA;01.05.1942 00:00;7.6;18;12.3;-1.3;-1.4;-0.8;;;;;;;;;;;;;;;;;96.9;76;;;12076;105;;
SMA;01.06.1942 00:00;10.5;21.6;15.8;-1.3;-2.1;-0.8;;;;;;;;;;;;;;;;;111.4;87;;;15487;125;;
SMA;01.07.1942 00:00;12.6;22.6;17.1;-1.9;-1.8;-1.7;;;;;;;;;;;;;;;;;121.4;96;;;13300;97;;
SMA;01.08.1942 00:00;12.4;23.2;16.9;-1.7;-1.9;-0.7;;;;;;;;;;;;;;;;;148.3;125;;;13371;103;;
SMA;01.09.1942 00:00;11.6;21;15.7;1.3;0.9;1.9;;;;;;;;;;;;;;;;;53.9;62;;;12862;131;;
SMA;01.10.1942 00:00;7.9;15.7;11.2;1.2;0.8;1.9;;;;;;;;;;;;;;;;;60.4;71;;;8546;131;;
SMA;01.11.1942 00:00;0.3;4.5;2.1;-2.8;-2.2;-3.1;;;;;;;;;;;;;;;;;44.9;59;;;3011;83;;
SMA;01.12.1942 00:00;-1.7;3.1;0.5;-1.2;-1.2;-0.9;;;;;;;;;;;;;;;;;22.4;27;;;2673;95;;
SMA;01.01.1943 00:00;-3;2.3;-0.5;-1.4;-1.6;-1.2;;;;;;;;;;;;;;;;;72.9;116;;;3065;86;;
SMA;01.02.1943 00:00;-1;6.1;2.2;0.4;0.2;0.9;;;;;;;;;;;;;;;;;47.9;79;;;7392;139;;
SMA;01.03.1943 00:00;1.6;11.8;6.3;0.5;-0.3;1.6;;;;;;;;;;;;;;;;;56.6;79;;;11452;133;;
SMA;01.04.1943 00:00;4.7;14.7;9.6;0;-0.4;-0.1;;;;;;;;;;;;;;;;;41;51;;;12558;118;;
SMA;01.05.1943 00:00;8.5;19.2;13.6;0;-0.5;0.4;;;;;;;;;;;;;;;;;55.5;43;;;12951;113;;
SMA;01.06.1943 00:00;10.2;19.6;14.3;-2.8;-2.4;-2.8;;;;;;;;;;;;;;;;;109.4;86;;;11019;89;;
SMA;01.07.1943 00:00;12.6;24.2;17.8;-1.2;-1.8;-0.1;;;;;;;;;;;;;;;;;126.2;100;;;15340;111;;
SMA;01.08.1943 00:00;13.9;25.8;18.8;0.2;-0.4;1.9;;;;;;;;;;;;;;;;;27.7;23;;;14619;113;;
SMA;01.09.1943 00:00;10.8;19.2;14.4;0;0.1;0.1;;;;;;;;;;;;;;;;;131;150;;;8137;83;;
SMA;01.10.1943 00:00;7.3;14.5;10.3;0.3;0.2;0.7;;;;;;;;;;;;;;;;;0.8;1;;;8087;124;;
SMA;01.11.1943 00:00;0.7;5.6;2.6;-2.3;-1.8;-2;;;;;;;;;;;;;;;;;79;104;;;2708;74;;
SMA;01.12.1943 00:00;-1.2;2.3;0.6;-1.1;-0.7;-1.7;;;;;;;;;;;;;;;;;15.1;18;;;1184;42;;
SMA;01.01.1944 00:00;-0.9;4.3;1.5;0.6;0.5;0.8;;;;;;;;;;;;;;;;;69.2;110;;;3675;103;;
SMA;01.02.1944 00:00;-4.7;0.2;-2.4;-4.2;-3.5;-5;;;;;;;;;;;;;;;;;89.4;148;;;2458;46;;
SMA;01.03.1944 00:00;-2;4.1;0.9;-4.9;-3.9;-6.1;;;;;;;;;;;;;;;;;54;76;;;5613;65;;
SMA;01.04.1944 00:00;5.3;15;10;0.4;0.2;0.2;;;;;;;;;;;;;;;;;47.5;59;;;10046;94;;
SMA;01.05.1944 00:00;7.1;17.4;12.3;-1.3;-1.9;-1.4;;;;;;;;;;;;;;;;;37.5;29;;;12375;108;;
SMA;01.06.1944 00:00;10.3;19.1;14.3;-2.8;-2.3;-3.3;;;;;;;;;;;;;;;;;147.6;116;;;10679;86;;
SMA;01.07.1944 00:00;12.8;22.2;17.1;-1.9;-1.6;-2.1;;;;;;;;;;;;;;;;;94.8;75;;;10741;78;;
SMA;01.08.1944 00:00;15.1;26.5;20.3;1.7;0.8;2.6;;;;;;;;;;;;;;;;;98.2;82;;;14738;114;;
SMA;01.09.1944 00:00;9.8;17.1;13;-1.4;-0.9;-2;;;;;;;;;;;;;;;;;102.8;118;;;8057;82;;
SMA;01.10.1944 00:00;5.6;11.1;7.9;-2.1;-1.5;-2.7;;;;;;;;;;;;;;;;;54.2;64;;;5566;85;;
SMA;01.11.1944 00:00;1.3;6.9;3.6;-1.3;-1.2;-0.7;;;;;;;;;;;;;;;;;214;281;;;2502;69;;
SMA;01.12.1944 00:00;-2.8;1.5;-0.7;-2.4;-2.3;-2.5;;;;;;;;;;;;;;;;;78;94;;;2348;83;;
SMA;01.01.1945 00:00;-8.4;-3.2;-5.4;-6.3;-7;-6.7;;;;;;;;;;;;;;;;;56;89;;;1965;55;;
SMA;01.02.1945 00:00;0.5;6.5;3.6;1.8;1.7;1.3;;;;;;;;;;;;;;;;;63.1;105;;;4643;87;;
SMA;01.03.1945 00:00;2;9.9;5.8;0;0.1;-0.3;;;;;;;;;;;;;;;;;61.6;87;;;7917;92;;
SMA;01.04.1945 00:00;4.9;15.4;9.9;0.3;-0.2;0.6;;;;;;;;;;;;;;;;;46.9;58;;;13351;125;;
SMA;01.05.1945 00:00;9;20.8;14.6;1;0;2;;;;;;;;;;;;;;;;;110.8;86;;;15160;132;;
SMA;01.06.1945 00:00;12.5;24.1;18;0.9;-0.1;1.7;;;;;;;;;;;;;;;;;65.8;52;;;17108;138;;
SMA;01.07.1945 00:00;13.2;25.2;18.7;-0.3;-1.2;0.9;;;;;;;;;;;;;;;;;67.7;54;;;17260;125;;
SMA;01.08.1945 00:00;12.1;21.7;16.4;-2.2;-2.2;-2.2;;;;;;;;;;;;;;;;;188.5;158;;;11934;92;;
SMA;01.09.1945 00:00;10.6;19.3;14.3;-0.1;-0.1;0.2;;;;;;;;;;;;;;;;;139;159;;;10781;110;;
SMA;01.10.1945 00:00;5.4;13.2;8.7;-1.3;-1.7;-0.6;;;;;;;;;;;;;;;;;48.5;57;;;8401;129;;
SMA;01.11.1945 00:00;0.7;4;2;-2.9;-1.8;-3.6;;;;;;;;;;;;;;;;;52.1;68;;;1224;34;;
SMA;01.12.1945 00:00;-1.8;3.4;1;-0.7;-1.3;-0.6;;;;;;;;;;;;;;;;;112.1;134;;;1730;61;;
SMA;01.01.1946 00:00;-4.8;-0.3;-2.5;-3.4;-3.4;-3.8;;;;;;;;;;;;;;;;;40.5;64;;;2734;76;;
SMA;01.02.1946 00:00;0.7;5.4;3.2;1.4;1.9;0.2;;;;;;;;;;;;;;;;;102.7;170;;;2699;51;;
SMA;01.03.1946 00:00;1.6;9.4;5.3;-0.5;-0.3;-0.8;;;;;;;;;;;;;;;;;25.9;36;;;8587;100;;
SMA;01.04.1946 00:00;5.4;17;11;1.4;0.3;2.2;;;;;;;;;;;;;;;;;15.8;20;;;13423;126;;
SMA;01.05.1946 00:00;9.1;19.7;13.7;0.1;0.1;0.9;;;;;;;;;;;;;;;;;125.7;98;;;11950;104;;
SMA;01.06.1946 00:00;10.8;19.7;14.5;-2.6;-1.8;-2.7;;;;;;;;;;;;;;;;;203.6;160;;;9623;77;;
SMA;01.07.1946 00:00;13.4;23.7;17.9;-1.1;-1;-0.6;;;;;;;;;;;;;;;;;182;144;;;15100;110;;
SMA;01.08.1946 00:00;12.2;22;16.4;-2.2;-2.1;-1.9;;;;;;;;;;;;;;;;;158.8;133;;;12831;99;;
SMA;01.09.1946 00:00;10.2;19.1;14;-0.4;-0.5;0;;;;;;;;;;;;;;;;;120.5;138;;;11253;114;;
SMA;01.10.1946 00:00;4.7;11.2;7.3;-2.7;-2.4;-2.6;;;;;;;;;;;;;;;;;38.5;45;;;5977;92;;
SMA;01.11.1946 00:00;0.8;6.5;3.3;-1.6;-1.7;-1.1;;;;;;;;;;;;;;;;;45.3;60;;;3957;109;;
SMA;01.12.1946 00:00;-3;0.2;-1.4;-3.1;-2.5;-3.8;;;;;;;;;;;;;;;;;35.5;43;;;832;29;;
SMA;01.01.1947 00:00;-6.2;-1.1;-3.8;-4.7;-4.8;-4.6;;;;;;;;;;;;;;;;;86.6;137;;;3942;110;;
SMA;01.02.1947 00:00;-4.9;-0.5;-2.7;-4.5;-3.7;-5.7;;;;;;;;;;;;;;;;;56;93;;;2142;40;;
SMA;01.03.1947 00:00;1;8.7;4.6;-1.2;-0.9;-1.5;;;;;;;;;;;;;;;;;129.5;182;;;4736;55;;
SMA;01.04.1947 00:00;5.9;16.8;11.1;1.5;0.8;2;;;;;;;;;;;;;;;;;30.6;38;;;14558;137;;
SMA;01.05.1947 00:00;9.3;19.6;14.4;0.8;0.3;0.8;;;;;;;;;;;;;;;;;47.5;37;;;11104;97;;
SMA;01.06.1947 00:00;12.2;24.2;17.8;0.7;-0.4;1.8;;;;;;;;;;;;;;;;;57.5;45;;;15619;126;;
SMA;01.07.1947 00:00;14;25.8;19.4;0.4;-0.4;1.5;;;;;;;;;;;;;;;;;99;79;;;15390;112;;
SMA;01.08.1947 00:00;14.3;26.8;20.1;1.5;0;2.9;;;;;;;;;;;;;;;;;39.6;33;;;17573;136;;
SMA;01.09.1947 00:00;11;23.2;16.4;2;0.3;4.1;;;;;;;;;;;;;;;;;48.1;55;;;14447;147;;
SMA;01.10.1947 00:00;5.1;13.1;8.7;-1.3;-2;-0.7;;;;;;;;;;;;;;;;;12.2;14;;;8310;127;;
SMA;01.11.1947 00:00;2.8;9.5;5.6;0.7;0.3;1.9;;;;;;;;;;;;;;;;;163.1;214;;;3520;97;;
SMA;01.12.1947 00:00;-0.9;3.7;1.4;-0.3;-0.4;-0.3;;;;;;;;;;;;;;;;;105.1;126;;;2016;71;;
SMA;01.01.1948 00:00;0.6;5.4;3.1;2.2;2;1.9;;;;;;;;;;;;;;;;;123.6;196;;;2938;82;;
SMA;01.02.1948 00:00;-1.5;3.9;1.2;-0.6;-0.3;-1.3;;;;;;;;;;;;;;;;;55.3;92;;;4315;81;;
SMA;01.03.1948 00:00;2.6;13.7;7.6;1.8;0.7;3.5;;;;;;;;;;;;;;;;;23.4;33;;;15121;175;;
SMA;01.04.1948 00:00;4.5;14.4;9;-0.6;-0.6;-0.4;;;;;;;;;;;;;;;;;61.9;77;;;11152;105;;
SMA;01.05.1948 00:00;9;19.5;13.9;0.3;0;0.7;;;;;;;;;;;;;;;;;50.5;39;;;13290;116;;
SMA;01.06.1948 00:00;10.6;20.5;14.9;-2.2;-2;-1.9;;;;;;;;;;;;;;;;;156.3;122;;;11711;94;;
SMA;01.07.1948 00:00;11;19.6;14.6;-4.4;-3.4;-4.7;;;;;;;;;;;;;;;;;174.2;138;;;8427;61;;
SMA;01.08.1948 00:00;12.8;21.8;16.5;-2.1;-1.5;-2.1;;;;;;;;;;;;;;;;;95.2;80;;;10629;82;;
SMA;01.09.1948 00:00;9.2;19.1;13.5;-0.9;-1.5;0;;;;;;;;;;;;;;;;;48;55;;;10629;108;;
SMA;01.10.1948 00:00;6.3;13.9;9.4;-0.6;-0.8;0.1;;;;;;;;;;;;;;;;;25.6;30;;;7315;112;;
SMA;01.11.1948 00:00;1.7;6.9;3.7;-1.2;-0.8;-0.7;;;;;;;;;;;;;;;;;53.9;71;;;2605;72;;
SMA;01.12.1948 00:00;-2.2;2;-0.3;-2;-1.7;-2;;;;;;;;;;;;;;;;;21.3;26;;;1932;68;;
SMA;01.01.1949 00:00;-2.1;2.2;0;-0.9;-0.7;-1.3;;;;;;;;;;;;;;;;;29.6;47;;;3866;108;;
SMA;01.02.1949 00:00;-3.2;5.6;0.8;-1;-2;0.4;;;;;;;;;;;;;;;;;15;25;;;9075;171;;
SMA;01.03.1949 00:00;-1.1;7.1;2.6;-3.2;-3;-3.1;;;;;;;;;;;;;;;;;46.6;65;;;9843;114;;
SMA;01.04.1949 00:00;6;17.3;11.3;1.7;0.9;2.5;;;;;;;;;;;;;;;;;101.9;127;;;12191;114;;
SMA;01.05.1949 00:00;7.2;15.7;10.9;-2.7;-1.8;-3.1;;;;;;;;;;;;;;;;;71.5;56;;;7957;69;;
SMA;01.06.1949 00:00;10.3;21.7;15.9;-1.2;-2.3;-0.7;;;;;;;;;;;;;;;;;37.2;29;;;16283;131;;
SMA;01.07.1949 00:00;13.3;26.1;19.4;0.4;-1.1;1.8;;;;;;;;;;;;;;;;;43;34;;;18625;135;;
SMA;01.08.1949 00:00;13.3;24.8;18.4;-0.2;-1;0.9;;;;;;;;;;;;;;;;;51.3;43;;;13072;101;;
SMA;01.09.1949 00:00;12.5;22.7;16.7;2.3;1.8;3.6;;;;;;;;;;;;;;;;;52.6;60;;;11765;120;;
SMA;01.10.1949 00:00;7.4;16.2;11.3;1.3;0.3;2.4;;;;;;;;;;;;;;;;;25.5;30;;;9213;141;;
SMA;01.11.1949 00:00;0.7;5.9;3.2;-1.7;-1.8;-1.7;;;;;;;;;;;;;;;;;71;93;;;2053;56;;
SMA;01.12.1949 00:00;0.2;5.8;2.8;1.1;0.7;1.8;;;;;;;;;;;;;;;;;101.5;122;;;2199;78;;
SMA;01.01.1950 00:00;-3.5;2;-0.8;-1.7;-2.1;-1.5;;;;;;;;;;;;;;;;;31.1;49;;;2287;64;;
SMA;01.02.1950 00:00;-0.6;7.1;3.2;1.4;0.6;1.9;;;;;;;;;;;;;;;;;66.9;111;;;4420;83;;
SMA;01.03.1950 00:00;0.9;10.6;5.2;-0.6;-1;0.4;;;;;;;;;;;;;;;;;25;35;;;10393;120;;
SMA;01.04.1950 00:00;2.8;11.2;6.6;-3;-2.3;-3.6;;;;;;;;;;;;;;;;;122.8;153;;;6840;64;;
SMA;01.05.1950 00:00;8.8;20.4;14.2;0.6;-0.2;1.6;;;;;;;;;;;;;;;;;73.8;58;;;14009;122;;
SMA;01.06.1950 00:00;12.6;24.8;18.2;1.1;0;2.4;;;;;;;;;;;;;;;;;102.5;80;;;17108;138;;
SMA;01.07.1950 00:00;14.5;26;19.9;0.9;0.1;1.7;;;;;;;;;;;;;;;;;78;62;;;16523;120;;
SMA;01.08.1950 00:00;12.9;23.4;17.4;-1.2;-1.4;-0.5;;;;;;;;;;;;;;;;;122.3;103;;;12446;96;;
SMA;01.09.1950 00:00;9.7;17.4;13.1;-1.3;-1;-1.7;;;;;;;;;;;;;;;;;122.5;140;;;7063;72;;
SMA;01.10.1950 00:00;5.4;12.3;8.4;-1.6;-1.7;-1.5;;;;;;;;;;;;;;;;;47.2;55;;;6479;99;;
SMA;01.11.1950 00:00;1.5;7.4;4.3;-0.6;-1;-0.2;;;;;;;;;;;;;;;;;223.2;293;;;2818;77;;
SMA;01.12.1950 00:00;-4.3;0.7;-1.9;-3.6;-3.8;-3.3;;;;;;;;;;;;;;;;;37.4;45;;;2338;83;;
SMA;01.01.1951 00:00;-1;3.5;1.3;0.4;0.4;0;;;;;;;;;;;;;;;;;63.7;101;;;2304;64;;
SMA;01.02.1951 00:00;-0.8;4.8;1.9;0.1;0.4;-0.4;;;;;;;;;;;;;;;;;83.8;139;;;3806;72;;
SMA;01.03.1951 00:00;-0.3;7;3.2;-2.6;-2.2;-3.2;;;;;;;;;;;;;;;;;99.3;139;;;5060;59;;
SMA;01.04.1951 00:00;3.2;12.9;7.9;-1.7;-1.9;-1.9;;;;;;;;;;;;;;;;;69.3;86;;;10656;100;;
SMA;01.05.1951 00:00;7;16.7;11.5;-2.1;-2;-2.1;;;;;;;;;;;;;;;;;77.4;60;;;9913;86;;
SMA;01.06.1951 00:00;10.7;20.4;15.1;-2;-1.9;-2;;;;;;;;;;;;;;;;;142.2;111;;;10235;82;;
SMA;01.07.1951 00:00;12.5;23.5;17.8;-1.2;-1.9;-0.8;;;;;;;;;;;;;;;;;142.9;113;;;15243;111;;
SMA;01.08.1951 00:00;12.7;22.1;16.8;-1.8;-1.6;-1.8;;;;;;;;;;;;;;;;;124.3;104;;;11342;88;;
SMA;01.09.1951 00:00;10.9;18.9;14.4;0;0.2;-0.2;;;;;;;;;;;;;;;;;89.5;102;;;8603;87;;
SMA;01.10.1951 00:00;4.2;11;7.3;-2.7;-2.9;-2.8;;;;;;;;;;;;;;;;;47.2;55;;;4606;71;;
SMA;01.11.1951 00:00;3.3;9.6;6.1;1.2;0.8;2;;;;;;;;;;;;;;;;;80.2;105;;;3577;98;;
SMA;01.12.1951 00:00;-2.2;3.2;0.3;-1.4;-1.7;-0.8;;;;;;;;;;;;;;;;;57;68;;;4000;142;;
SMA;01.01.1952 00:00;-3.3;1.6;-1;-1.9;-1.9;-1.9;;;;;;;;;;;;;;;;;51.6;82;;;2901;81;;
SMA;01.02.1952 00:00;-4.2;1.9;-1.6;-3.4;-3;-3.3;;;;;;;;;;;;;;;;;97.6;162;;;3857;73;;
SMA;01.03.1952 00:00;1.6;8.7;5;-0.8;-0.3;-1.5;;;;;;;;;;;;;;;;;95.8;135;;;6488;75;;
SMA;01.04.1952 00:00;5.6;15.7;10.4;0.8;0.5;0.9;;;;;;;;;;;;;;;;;103.6;129;;;11885;112;;
SMA;01.05.1952 00:00;8.3;19;13.2;-0.4;-0.7;0.2;;;;;;;;;;;;;;;;;76.2;59;;;14285;124;;
SMA;01.06.1952 00:00;12;22.4;16.7;-0.4;-0.6;0;;;;;;;;;;;;;;;;;112.7;88;;;14380;116;;
SMA;01.07.1952 00:00;14.7;26.8;20.4;1.4;0.3;2.5;;;;;;;;;;;;;;;;;49;39;;;17860;130;;
SMA;01.08.1952 00:00;13.7;24.5;18.3;-0.3;-0.6;0.6;;;;;;;;;;;;;;;;;107.5;90;;;14205;110;;
SMA;01.09.1952 00:00;7.9;14.8;10.7;-3.7;-2.8;-4.3;;;;;;;;;;;;;;;;;110.7;127;;;6957;71;;
SMA;01.10.1952 00:00;5.5;11.5;8.2;-1.8;-1.6;-2.3;;;;;;;;;;;;;;;;;210.6;247;;;3967;61;;
SMA;01.11.1952 00:00;-0.1;5.4;2.6;-2.3;-2.6;-2.2;;;;;;;;;;;;;;;;;140.7;185;;;2766;76;;
SMA;01.12.1952 00:00;-1.7;2.1;-0.1;-1.8;-1.2;-1.9;;;;;;;;;;;;;;;;;105.5;126;;;1118;40;;
SMA;01.01.1953 00:00;-4.9;-0.7;-3;-3.9;-3.5;-4.2;;;;;;;;;;;;;;;;;23.2;37;;;1554;43;;
SMA;01.02.1953 00:00;-3.6;2.2;-1;-2.8;-2.4;-3;;;;;;;;;;;;;;;;;32.4;54;;;3950;74;;
SMA;01.03.1953 00:00;0.9;11.5;5.3;-0.5;-1;1.3;;;;;;;;;;;;;;;;;7;10;;;14478;168;;
SMA;01.04.1953 00:00;4.8;15.1;9.2;-0.4;-0.3;0.3;;;;;;;;;;;;;;;;;85.6;106;;;11897;112;;
SMA;01.05.1953 00:00;8.5;20.2;13.9;0.3;-0.5;1.4;;;;;;;;;;;;;;;;;87.2;68;;;14257;124;;
SMA;01.06.1953 00:00;10.5;19.3;14.5;-2.6;-2.1;-3.1;;;;;;;;;;;;;;;;;245.7;193;;;8234;66;;
SMA;01.07.1953 00:00;13.3;23.2;17.6;-1.4;-1.1;-1.1;;;;;;;;;;;;;;;;;163.3;130;;;12889;94;;
SMA;01.08.1953 00:00;12.5;22.9;17.1;-1.5;-1.8;-1;;;;;;;;;;;;;;;;;46.6;39;;;14958;116;;
SMA;01.09.1953 00:00;10.5;19.7;14.2;-0.2;-0.2;0.6;;;;;;;;;;;;;;;;;67.7;77;;;11215;114;;
SMA;01.10.1953 00:00;7;13.8;9.9;-0.1;-0.1;0;;;;;;;;;;;;;;;;;33.7;40;;;6311;97;;
SMA;01.11.1953 00:00;0.4;6;2.7;-2.2;-2.1;-1.6;;;;;;;;;;;;;;;;;26.1;34;;;4060;112;;
SMA;01.12.1953 00:00;-0.1;3.9;1.5;-0.2;0.4;-0.1;;;;;;;;;;;;;;;;;25.9;31;;;2127;75;;
SMA;01.01.1954 00:00;-4.9;-1;-2.9;-3.8;-3.5;-4.5;;;;;;;;;;;;;;;;;65;103;;;2511;70;;
SMA;01.02.1954 00:00;-4.3;0.8;-1.6;-3.4;-3.1;-4.4;;;;;;;;;;;;;;;;;58.1;96;;;2867;54;;
SMA;01.03.1954 00:00;1.7;10.9;5.8;0;-0.2;0.7;;;;;;;;;;;;;;;;;17.9;25;;;9621;112;;
SMA;01.04.1954 00:00;2.2;9.8;6;-3.6;-2.9;-5;;;;;;;;;;;;;;;;;78.5;98;;;7020;66;;
SMA;01.05.1954 00:00;6.5;16.6;11.4;-2.2;-2.5;-2.2;;;;;;;;;;;;;;;;;92.1;72;;;12289;107;;
SMA;01.06.1954 00:00;11.1;21;15.8;-1.3;-1.5;-1.4;;;;;;;;;;;;;;;;;84.1;66;;;11295;91;;
SMA;01.07.1954 00:00;11.4;19.8;15.2;-3.8;-3;-4.5;;;;;;;;;;;;;;;;;169.5;135;;;10844;79;;
SMA;01.08.1954 00:00;11.6;20.4;15.6;-3;-2.7;-3.5;;;;;;;;;;;;;;;;;178.8;150;;;9859;76;;
SMA;01.09.1954 00:00;10.4;19;14;-0.4;-0.3;-0.1;;;;;;;;;;;;;;;;;176.8;202;;;9803;100;;
SMA;01.10.1954 00:00;5.6;13.9;9.2;-0.8;-1.5;0.1;;;;;;;;;;;;;;;;;55.6;65;;;7898;121;;
SMA;01.11.1954 00:00;1.9;7.8;4.6;-0.3;-0.6;0.2;;;;;;;;;;;;;;;;;41.1;54;;;4072;112;;
SMA;01.12.1954 00:00;0.8;5.3;2.8;1.1;1.3;1.3;;;;;;;;;;;;;;;;;100;120;;;3045;108;;
SMA;01.01.1955 00:00;-2.8;2.1;-0.4;-1.3;-1.4;-1.4;;;;;;;;;;;;;;;;;130.2;207;;;1347;38;;
SMA;01.02.1955 00:00;-2;2.7;0.2;-1.6;-0.8;-2.5;;;;;;;;;;;;;;;;;90.4;150;;;2247;42;;
SMA;01.03.1955 00:00;-1.5;6.1;1.8;-4;-3.4;-4.1;;;;;;;;;;;;;;;;;39.9;56;;;8536;99;;
SMA;01.04.1955 00:00;3.2;13.4;8.4;-1.2;-1.9;-1.4;;;;;;;;;;;;;;;;;36.3;45;;;12275;115;;
SMA;01.05.1955 00:00;6.5;17.1;11.4;-2.2;-2.5;-1.7;;;;;;;;;;;;;;;;;134.8;105;;;13457;117;;
SMA;01.06.1955 00:00;10.7;21.3;15.5;-1.6;-1.9;-1.1;;;;;;;;;;;;;;;;;135.6;106;;;11618;93;;
SMA;01.07.1955 00:00;13.4;22;17;-2;-1;-2.3;;;;;;;;;;;;;;;;;204;162;;;8981;65;;
SMA;01.08.1955 00:00;11.9;21.6;16.2;-2.4;-2.4;-2.3;;;;;;;;;;;;;;;;;75.7;64;;;12561;97;;
SMA;01.09.1955 00:00;9.9;18;13.1;-1.3;-0.8;-1.1;;;;;;;;;;;;;;;;;79;90;;;8374;85;;
SMA;01.10.1955 00:00;4.8;11.3;7.5;-2.5;-2.3;-2.5;;;;;;;;;;;;;;;;;36.9;43;;;7230;111;;
SMA;01.11.1955 00:00;-0.3;5.1;2.4;-2.5;-2.8;-2.5;;;;;;;;;;;;;;;;;10.2;13;;;3192;88;;
SMA;01.12.1955 00:00;1.2;5.7;3.5;1.8;1.7;1.7;;;;;;;;;;;;;;;;;114.8;138;;;2501;89;;
SMA;01.01.1956 00:00;-0.7;4.1;1.8;0.9;0.7;0.6;;;;;;;;;;;;;;;;;92.3;147;;;3256;91;;
SMA;01.02.1956 00:00;-12.6;-5.5;-8.9;-10.7;-11.4;-10.7;;;;;;;;;;;;;;;;;14.2;24;;;4877;92;;
SMA;01.03.1956 00:00;0.2;8.4;4.2;-1.6;-1.7;-1.8;;;;;;;;;;;;;;;;;61.1;86;;;8977;104;;
SMA;01.04.1956 00:00;2.4;11;6.6;-3;-2.7;-3.8;;;;;;;;;;;;;;;;;95.6;119;;;8931;84;;
SMA;01.05.1956 00:00;7.5;17.8;12.7;-0.9;-1.5;-1;;;;;;;;;;;;;;;;;125.2;98;;;12669;110;;
SMA;01.06.1956 00:00;9.2;17.5;13;-4.1;-3.4;-4.9;;;;;;;;;;;;;;;;;72.4;57;;;7530;61;;
SMA;01.07.1956 00:00;12.3;21.9;16.8;-2.2;-2.1;-2.4;;;;;;;;;;;;;;;;;213.4;169;;;13232;96;;
SMA;01.08.1956 00:00;11.2;19.3;14.6;-4;-3.1;-4.6;;;;;;;;;;;;;;;;;219.1;184;;;8985;69;;
SMA;01.09.1956 00:00;10.7;19.6;14.3;-0.1;0;0.5;;;;;;;;;;;;;;;;;67.7;77;;;10682;109;;
SMA;01.10.1956 00:00;4.4;10.9;7.3;-2.7;-2.7;-2.9;;;;;;;;;;;;;;;;;122.8;144;;;5880;90;;
SMA;01.11.1956 00:00;-0.2;3.5;1.6;-3.3;-2.7;-4.1;;;;;;;;;;;;;;;;;37.3;49;;;2410;66;;
SMA;01.12.1956 00:00;-1.5;3.4;0.9;-0.8;-1;-0.6;;;;;;;;;;;;;;;;;16.5;20;;;3807;135;;
SMA;01.01.1957 00:00;-4.1;1.4;-1.4;-2.3;-2.7;-2.1;;;;;;;;;;;;;;;;;33.5;53;;;4432;124;;
SMA;01.02.1957 00:00;1.4;6.7;4;2.2;2.6;1.5;;;;;;;;;;;;;;;;;142.9;237;;;4981;94;;
SMA;01.03.1957 00:00;3.9;13;8.2;2.4;2;2.8;;;;;;;;;;;;;;;;;53;74;;;10741;125;;
SMA;01.04.1957 00:00;3.9;12.8;8.3;-1.3;-1.2;-2;;;;;;;;;;;;;;;;;65.5;81;;;9077;85;;
SMA;01.05.1957 00:00;5;14.3;9.4;-4.2;-4;-4.5;;;;;;;;;;;;;;;;;54.6;43;;;9090;79;;
SMA;01.06.1957 00:00;11.5;21.5;16.2;-0.9;-1.1;-0.9;;;;;;;;;;;;;;;;;113.1;89;;;11526;93;;
SMA;01.07.1957 00:00;13.2;22.2;17.3;-1.7;-1.2;-2.1;;;;;;;;;;;;;;;;;173.2;137;;;11284;82;;
SMA;01.08.1957 00:00;11.7;20.5;15.6;-3;-2.6;-3.4;;;;;;;;;;;;;;;;;102.5;86;;;12480;96;;
SMA;01.09.1957 00:00;9.4;17.5;12.6;-1.8;-1.3;-1.6;;;;;;;;;;;;;;;;;140.3;161;;;8995;91;;
SMA;01.10.1957 00:00;4.9;12.9;8.6;-1.4;-2.2;-0.9;;;;;;;;;;;;;;;;;40.2;47;;;8538;131;;
SMA;01.11.1957 00:00;1.7;5.2;3.4;-1.5;-0.8;-2.4;;;;;;;;;;;;;;;;;32.7;43;;;1581;43;;
SMA;01.12.1957 00:00;-1.8;2.9;0.4;-1.3;-1.3;-1.1;;;;;;;;;;;;;;;;;36.2;43;;;3335;118;;
SMA;01.01.1958 00:00;-2.6;1.9;-0.2;-1.1;-1.2;-1.6;;;;;;;;;;;;;;;;;61.9;98;;;2872;80;;
SMA;01.02.1958 00:00;0.3;6.3;3.5;1.7;1.5;1.1;;;;;;;;;;;;;;;;;181.9;302;;;4298;81;;
SMA;01.03.1958 00:00;-3;4.4;0.6;-5.2;-4.9;-5.8;;;;;;;;;;;;;;;;;43.8;62;;;7451;86;;
SMA;01.04.1958 00:00;1.5;9.5;5.4;-4.2;-3.6;-5.3;;;;;;;;;;;;;;;;;102.4;127;;;8104;76;;
SMA;01.05.1958 00:00;9.2;19.8;14.3;0.7;0.2;1;;;;;;;;;;;;;;;;;97.9;76;;;12260;107;;
SMA;01.06.1958 00:00;10.1;19.9;15;-2.1;-2.5;-2.5;;;;;;;;;;;;;;;;;198.1;155;;;13077;105;;
SMA;01.07.1958 00:00;13.2;22.9;17.7;-1.3;-1.2;-1.4;;;;;;;;;;;;;;;;;131.9;105;;;12838;93;;
SMA;01.08.1958 00:00;13.1;23;17.5;-1.1;-1.2;-0.9;;;;;;;;;;;;;;;;;182.1;153;;;13762;106;;
SMA;01.09.1958 00:00;11.4;20.3;15.1;0.7;0.7;1.2;;;;;;;;;;;;;;;;;87;100;;;10547;107;;
SMA;01.10.1958 00:00;5.6;10.5;8;-2;-1.5;-3.3;;;;;;;;;;;;;;;;;115.7;136;;;4170;64;;
SMA;01.11.1958 00:00;2.1;4.5;3.4;-1.5;-0.4;-3.1;;;;;;;;;;;;;;;;;62.4;82;;;725;20;;
SMA;01.12.1958 00:00;0.2;4.4;2.5;0.8;0.7;0.4;;;;;;;;;;;;;;;;;83.2;100;;;2900;103;;
SMA;01.01.1959 00:00;-3;2.7;-0.1;-1;-1.6;-0.8;24;4.9;0;-0.7;7;0;9.9;949.4;-9.4;-4.1;0;624.8;;;17;;122.4;194;;;4000;112;0;
SMA;01.02.1959 00:00;-2;5.4;1.4;-0.4;-0.8;0.2;22;5.3;0;-0.3;5;0;14.1;963.7;-5.6;11.3;0;520.8;;;2;;4.3;7;;;8578;161;0;
SMA;01.03.1959 00:00;3.8;11.1;7;1.2;1.9;0.9;2;7.8;0;1.2;0;0;18.4;950.3;-0.5;-0.9;0;401;;;10;;69.6;98;;;6795;79;0;
SMA;01.04.1959 00:00;4.4;14.8;9.5;-0.1;-0.7;0;3;7.7;0;-0.1;0;0;23.6;946.8;-2.7;-2.5;0;270.6;;;11;;65.3;81;;;12037;113;0;
SMA;01.05.1959 00:00;7.8;18.6;13;-0.6;-1.2;-0.2;0;10.7;0;-0.1;0;0;24.6;949.5;2.5;-1.5;0;125.2;;;8;;50;39;;;14015;122;0;
SMA;01.06.1959 00:00;11.8;20.9;16.1;-1;-0.8;-1.5;0;13.6;7;0;0;0;27.6;954;6.7;1.6;0;46;;;13;;170.2;133;;;11157;90;10.2;
SMA;01.07.1959 00:00;14.3;24.8;19.3;0.3;-0.1;0.5;0;15.9;19;0.8;0;0;31;953.3;9.7;0.6;2;8.8;;;10;;95;75;;;15334;111;58;
SMA;01.08.1959 00:00;12.3;22.4;16.7;-1.9;-2;-1.5;0;14.7;5;-0.8;0;0;27.6;953.4;6.5;0.6;0;0;;;8;;51.4;43;;;12538;97;10.3;
SMA;01.09.1959 00:00;9.7;20.7;14.7;0.3;-1;1.6;0;13.2;3;0.3;0;0;26.1;954.1;3.2;1.2;0;30;;;2;;11.8;14;;;14863;151;1.3;
SMA;01.10.1959 00:00;5.3;12.3;8.5;-1.5;-1.8;-1.5;0;10;0;-0.4;0;0;19.4;953.5;0.3;1.1;0;351;;;10;;104.8;123;;;6258;96;0;
SMA;01.11.1959 00:00;0.3;3.9;2;-2.9;-2.2;-3.7;11;6.6;0;-0.9;3;0;10.8;949.5;-2.6;-1.8;0;538.9;;;8;;45.9;60;;;1725;47;0;
SMA;01.12.1959 00:00;0.3;5;2.5;0.8;0.8;1;14;6.3;0;0.3;2;0;10.6;944;-5.4;-9;0;542.7;;;12;;87.7;105;;;3619;128;0;
SMA;01.01.1960 00:00;-3.2;2.6;-0.3;-1.2;-1.8;-0.9;20;5.2;0;-0.4;11;0;10.5;950.3;-16.5;-3.2;0;630.8;;;10;;55.7;88;;;4219;118;0;
SMA;01.02.1960 00:00;-1;5.1;1.9;0.1;0.2;-0.1;16;5.6;0;0;4;0;16.3;946.5;-12.1;-5.9;0;523.7;;;11;;69.8;116;;;5578;105;0;
SMA;01.03.1960 00:00;2.6;10.1;5.9;0.1;0.7;-0.1;8;6.8;0;0.2;0;0;18.8;945.9;-2.5;-5.3;0;436.6;;;9;;57.8;81;;;6987;81;0;
SMA;01.04.1960 00:00;4;12.8;7.9;-1.7;-1.1;-2;1;7.6;0;-0.2;0;0;20.7;951.5;-1.6;2.2;0;320.3;;;15;;69.1;86;;;8780;82;0;
SMA;01.05.1960 00:00;8.3;19.5;13.6;0;-0.7;0.7;0;10.7;2;-0.1;0;0;26.5;951.8;0.7;0.8;0;73.6;;;12;;77;60;;;13555;118;0.3;
SMA;01.06.1960 00:00;11.9;22;16.5;-0.6;-0.7;-0.4;0;12.9;7;-0.7;0;0;29.1;953.7;5.8;1.3;0;16.2;;;13;;143.3;112;;;13187;106;11.6;
SMA;01.07.1960 00:00;11.2;20.1;15.1;-3.9;-3.2;-4.2;0;12.3;3;-2.8;0;0;26.5;952;7;-0.7;0;16.2;;;16;;142.4;113;;;10792;78;1.1;
SMA;01.08.1960 00:00;12.4;21.6;16.3;-2.3;-1.9;-2.3;0;13.4;7;-2.1;0;0;29.4;950.7;9;-2.1;0;0;;;18;;227.2;191;;;12227;94;18;
SMA;01.09.1960 00:00;8.5;16.3;11.9;-2.5;-2.2;-2.8;0;11.3;0;-1.6;0;0;23.7;951;4.8;-1.9;0;167.2;;;12;;104.1;119;;;8158;83;0;
SMA;01.10.1960 00:00;5.6;12.3;8.4;-1.6;-1.5;-1.5;1;8.9;0;-1.5;0;0;21.6;944.2;-0.1;-8.2;0;334.4;;;12;;134.3;158;;;6223;95;0;
SMA;01.11.1960 00:00;3.6;9.3;6.1;1.2;1.1;1.7;2;7.4;0;-0.1;0;0;15.2;948.1;-0.4;-3.2;0;416.3;;;16;;97.4;128;;;4440;122;0;
SMA;01.12.1960 00:00;-1.1;2.3;0.4;-1.3;-0.6;-1.7;21;5.2;0;-0.8;9;0;13.1;945.1;-5.9;-7.9;0;608.2;;;8;;48.1;58;;;2393;85;0;
SMA;01.01.1961 00:00;-1.9;1.1;-0.3;-1.2;-0.5;-2.4;22;5;0;-0.6;10;0;9.8;950;-5.7;-3.5;0;629.9;;;13;;71.9;114;;;1158;32;0;381.9
SMA;01.02.1961 00:00;1.7;8.9;5;3.2;2.9;3.7;4;6.4;0;0.8;0;0;16.6;958.1;-1.2;5.7;0;418.8;;;9;;59.2;98;;;6974;131;0;194.8
SMA;01.03.1961 00:00;2;12;6.6;0.8;0.1;1.8;9;6.9;0;0.3;0;0;19;959.3;-3.1;8.1;0;414.2;;;6;;29.3;41;;;12215;142;0;166.2
SMA;01.04.1961 00:00;7.3;16.1;11.1;1.5;2.2;1.3;0;10;0;2.2;0;0;24.7;946.6;3.3;-2.7;0;211.5;;;17;;90;112;;;8558;80;0;51.5
SMA;01.05.1961 00:00;6.7;16;10.7;-2.9;-2.3;-2.8;0;10.6;1;-0.2;0;0;25.4;950.1;0.3;-0.9;0;219.3;;;19;;130.5;102;;;10011;87;0;67.3
SMA;01.06.1961 00:00;11.4;21.4;16;-1.1;-1.2;-1;0;14.2;8;0.6;0;0;28.7;952.5;6.8;0.1;0;47.2;;;10;;58.6;46;;;12385;100;22.1;7.2
SMA;01.07.1961 00:00;11.4;21.4;16.3;-2.7;-3;-2.9;0;13.3;7;-1.8;0;0;30.5;952.5;6.7;-0.2;2;16.6;;;11;;136.2;108;;;13963;101;20.2;0.6
SMA;01.08.1961 00:00;12.2;21.6;16.3;-2.3;-2.1;-2.3;0;14.3;9;-1.2;0;0;28.8;954.9;8.5;2.1;0;25.4;;;12;;106.1;89;;;14458;112;14.9;1.4
SMA;01.09.1961 00:00;13.2;23;17.3;2.9;2.5;3.9;0;15.7;9;2.8;0;0;27.9;954.4;7.1;1.5;0;0;;;6;;32.5;37;;;13007;132;15.8;0
SMA;01.10.1961 00:00;7.2;14;10.1;0.1;0.1;0.2;0;10.9;0;0.5;0;0;20.5;951;1.5;-1.4;0;247.1;;;8;;40.8;48;;;7061;108;0;79.1
SMA;01.11.1961 00:00;1.3;6.6;3.6;-1.3;-1.2;-1;10;7.2;0;-0.3;0;0;13.9;947.8;-3.5;-3.5;0;491.7;;;7;;25.7;34;;;3715;102;0;251.7
SMA;01.12.1961 00:00;-1.4;3.6;0.9;-0.8;-0.9;-0.4;19;6.4;0;0.4;11;0;16.3;949.9;-11.2;-3.1;0;591.1;;;12;;117.4;141;;;3456;122;0;343.1
SMA;01.01.1962 00:00;-1;3.9;1.2;0.3;0.4;0.4;17;5.6;0;0;6;0;11.2;953.6;-10.8;0.1;0;582;;;10;;119;189;;;3403;95;0;334
SMA;01.02.1962 00:00;-2.9;2.5;-0.1;-1.9;-1.7;-2.7;23;5;0;-0.6;8;0;8.2;954.4;-11.3;2;0;563.3;;;12;;70.7;117;;;4530;85;0;339.3
SMA;01.03.1962 00:00;-2.4;4.8;0.9;-4.9;-4.3;-5.4;22;5;0;-1.6;2;0;17.1;944;-8.2;-7.2;0;590.8;;;12;;64.8;91;;;8188;95;0;342.8
SMA;01.04.1962 00:00;4;13.6;8.5;-1.1;-1.1;-1.2;4;7.3;0;-0.5;0;0;24.5;949.6;-0.8;0.3;0;298.6;;;9;;51.4;64;;;11483;108;0;138.6
SMA;01.05.1962 00:00;6.3;14.8;10.2;-3.4;-2.7;-4;1;9.1;1;-1.7;0;0;26.7;951.1;-2;0.1;0;260.1;;;16;;133.5;104;;;9044;79;0.9;76.1
SMA;01.06.1962 00:00;9.5;20.5;14.8;-2.3;-3.1;-1.9;0;11;8;-2.6;0;0;29.9;955.9;0.7;3.5;0;101.6;;;5;;53.9;42;;;16669;134;20.1;29.6
SMA;01.07.1962 00:00;11.9;21.8;16.8;-2.2;-2.5;-2.5;0;12.2;8;-2.9;0;0;31.3;952.9;6.3;0.2;1;31.1;;;11;;51.3;41;;;13123;95;22.7;7.1
SMA;01.08.1962 00:00;13.1;24.2;18.4;-0.2;-1.2;0.3;0;13.5;12;-2;0;0;31.6;954.3;9.7;1.5;3;0;;;8;;138.6;116;;;17533;135;34.7;0
SMA;01.09.1962 00:00;9.4;18.3;13.3;-1.1;-1.3;-0.8;0;11.3;6;-1.6;0;0;28.9;953.1;3.2;0.2;0;140.3;;;8;;92.2;105;;;11326;115;6.6;36.3
SMA;01.10.1962 00:00;5.8;13.5;9.2;-0.8;-1.3;-0.3;1;9.9;0;-0.5;0;0;22.2;955.1;-1;2.7;0;304.3;;;4;;14.5;17;;;8963;137;0;104.3
SMA;01.11.1962 00:00;-0.6;4.8;1.7;-3.2;-3.1;-2.8;16;6.3;0;-1.2;3;0;21.1;947.6;-10.1;-3.7;0;539.2;;;4;;22.3;29;;;3370;93;0;307.2
SMA;01.12.1962 00:00;-5.6;-1.3;-3.5;-5.2;-5.1;-5.3;26;4.6;0;-1.4;14;0;7.6;949.6;-14.6;-3.4;0;729;;;14;;118.5;142;;;1287;46;0;481
SMA;01.01.1963 00:00;-8.7;-3.6;-6.3;-7.2;-7.3;-7.1;29;3.6;0;-2;24;0;5.5;950.6;-19;-2.9;0;816.3;;;9;;29.5;47;;;4343;121;0;568.3
SMA;01.02.1963 00:00;-7.4;-0.7;-4.3;-6.1;-6.2;-5.9;26;3.6;0;-2;13;0;7.8;943.1;-17;-9.3;0;681.4;;;7;;47;78;;;5381;101;0;457.4
SMA;01.03.1963 00:00;-0.6;7.4;2.9;-2.9;-2.5;-2.8;11;5.5;0;-1.1;1;0;12.5;950.3;-12.9;-0.9;0;527.6;;;17;;120.9;170;;;8786;102;0;279.6
SMA;01.04.1963 00:00;5.1;13.4;9;-0.6;0;-1.4;2;8.2;0;0.4;0;0;20.2;947.5;-1.2;-1.8;0;282.2;;;9;;89.8;112;;;6846;64;0;98.2
SMA;01.05.1963 00:00;7.1;16;11.3;-2.3;-1.9;-2.8;0;10;0;-0.8;0;0;24.1;951.3;2.2;0.3;0;218.1;;;10;;82.2;64;;;9700;84;0;58.1
SMA;01.06.1963 00:00;10.9;20.9;15.4;-1.7;-1.7;-1.5;0;12.6;4;-1;0;0;30.6;950;8.7;-2.4;1;35.5;;;14;;112.6;88;;;9894;80;9.6;3.5
SMA;01.07.1963 00:00;13.2;24;18.4;-0.6;-1.2;-0.3;0;14.9;12;-0.2;0;0;29.2;954.1;9.4;1.4;0;0;;;11;;94.5;75;;;15906;116;32.7;0
SMA;01.08.1963 00:00;11.9;20.4;15.6;-3;-2.4;-3.5;0;14.1;7;-1.4;0;0;29.2;949.7;5.7;-3.1;0;56.2;;;17;;126.5;106;;;9704;75;16.9;8.2
SMA;01.09.1963 00:00;10.9;18.2;13.9;-0.5;0.2;-0.9;0;13.8;0;0.9;0;0;23.7;953.1;5.3;0.2;0;77;;;10;;93.3;107;;;7636;78;0;13
SMA;01.10.1963 00:00;5.5;12.4;8.6;-1.4;-1.6;-1.4;0;9.7;0;-0.7;0;0;18.3;955.5;0.5;3.1;0;338.6;;;5;;70;82;;;6921;106;0;106.6
SMA;01.11.1963 00:00;4.4;10.9;7.2;2.3;1.9;3.3;1;8.1;0;0.6;0;0;16.6;946.1;-0.2;-5.2;0;383.9;;;14;;105.3;138;;;5176;142;0;143.9
SMA;01.12.1963 00:00;-4.6;-1;-3.1;-4.8;-4.1;-5;29;4.6;0;-1.4;18;0;7;951.1;-11.1;-1.9;0;715.7;;;0;;1.9;2;;;3033;107;0;467.7
SMA;01.01.1964 00:00;-5;-1.9;-3.4;-4.3;-3.6;-5.4;31;4.6;0;-1;23;0;3.6;962.2;-8.2;8.7;0;726.4;;;3;;13.4;21;;;727;20;0;478.4
SMA;01.02.1964 00:00;-0.7;4.5;1.8;0;0.5;-0.7;18;5.9;0;0.3;3;0;15.2;951.1;-7.2;-1.3;0;528;;;7;;38.1;63;;;5283;99;0;296
SMA;01.03.1964 00:00;-0.2;5.1;2.1;-3.7;-2.1;-5.1;11;6.5;0;-0.1;5;0;13;945.6;-7;-5.6;0;554.7;;;16;;125.2;176;;;2925;34;0;306.7
SMA;01.04.1964 00:00;5.3;13.8;9.4;-0.2;0.2;-1;0;8.4;0;0.6;0;0;23.6;949.4;0.9;0.1;0;284.3;;;13;;84.1;105;;;9485;89;0;100.3
SMA;01.05.1964 00:00;8.8;19.3;13.8;0.2;-0.2;0.5;0;11.3;3;0.5;0;0;26.3;952.9;4.8;1.9;0;74.9;;;14;;165.5;129;;;13463;117;2.3;10.9
SMA;01.06.1964 00:00;11.5;22.8;16.9;-0.2;-1.1;0.4;0;13.4;11;-0.2;0;0;29.7;952;7.7;-0.4;0;0;;;14;;91.7;72;;;14617;118;19.3;0
SMA;01.07.1964 00:00;13.5;25.7;19.3;0.3;-0.9;1.4;0;13.7;18;-1.4;0;0;32.3;954.2;7.8;1.5;7;9.8;;;8;;42.2;33;;;18254;133;61.2;1.8
SMA;01.08.1964 00:00;11.7;21.9;16.2;-2.4;-2.6;-2;0;13;8;-2.5;0;0;29.6;952.1;6.6;-0.7;0;26;;;11;;125.3;105;;;12687;98;23.3;2
SMA;01.09.1964 00:00;9.9;19.1;14.1;-0.3;-0.8;0;0;12.4;2;-0.5;0;0;26.4;955.7;2.6;2.8;0;69.7;;;9;;63.8;73;;;11092;113;2.8;13.7
SMA;01.10.1964 00:00;4.9;9.7;7.1;-2.9;-2.2;-4.1;1;8.7;0;-1.7;0;0;19.2;950.8;-0.7;-1.6;0;369.6;;;13;;74.9;88;;;3141;48;0;161.6
SMA;01.11.1964 00:00;3.3;6.6;4.7;-0.2;0.8;-1;3;7.5;0;0;1;0;12.4;954.1;-0.8;2.8;0;457.2;;;12;;55.9;73;;;1679;46;0;217.2
SMA;01.12.1964 00:00;-2.3;1.3;-0.6;-2.3;-1.8;-2.7;24;5.2;0;-0.8;12;0;7.4;949.2;-10.5;-3.8;0;639.4;;;8;;36.1;43;;;1347;48;0;391.4
SMA;01.01.1965 00:00;-1;2.6;0.7;-0.2;0.4;-0.9;20;5.5;0;-0.1;4;0;12.6;947.3;-6;-6.2;0;599;;;15;;63.1;100;;;2381;66;0;351
SMA;01.02.1965 00:00;-6.2;0.7;-3.3;-5.1;-5;-4.5;28;4;0;-1.6;12;0;6;954.1;-11.1;1.7;0;653.8;;;9;;30.6;51;;;5682;107;0;429.8
SMA;01.03.1965 00:00;0.3;7.7;3.5;-2.3;-1.6;-2.5;13;6.3;0;-0.3;2;0;17.9;950.6;-10.9;-0.6;0;509.2;;;11;;89.9;126;;;6702;78;0;261.2
SMA;01.04.1965 00:00;2.9;10.5;6.3;-3.3;-2.2;-4.3;2;7.4;0;-0.4;0;0;19.3;947.1;-0.1;-2.2;0;396;;;21;;170.7;212;;;7003;66;0;172
SMA;01.05.1965 00:00;7;15.9;11.1;-2.5;-2;-2.9;0;9.9;1;-0.9;0;0;25;950.3;1.9;-0.7;0;221;;;16;;196.4;153;;;9706;84;0;53
SMA;01.06.1965 00:00;11.5;20.7;15.8;-1.3;-1.1;-1.7;0;14.5;9;0.9;0;0;31.1;951.6;4.8;-0.8;2;68.3;;;12;;145.2;114;;;10788;87;22.4;12.3
SMA;01.07.1965 00:00;11.7;20.5;15.5;-3.5;-2.7;-3.8;0;14.1;4;-1;0;0;29.2;951;8.1;-1.7;0;45.6;;;18;;168.2;133;;;10272;75;7;5.6
SMA;01.08.1965 00:00;11.5;20.8;15.5;-3.1;-2.8;-3.1;0;14.1;4;-1.4;0;0;29.4;951.9;7;-0.9;0;17.3;;;13;;144.1;121;;;11445;88;9.9;1.3
SMA;01.09.1965 00:00;8.3;16.4;11.7;-2.7;-2.4;-2.7;0;12.2;0;-0.7;0;0;23.3;949.1;5.4;-3.8;0;179;;;13;;125.3;143;;;8345;85;0;35
SMA;01.10.1965 00:00;5.9;11.5;8.1;-1.9;-1.2;-2.3;0;10.2;0;-0.2;0;0;18.6;955.5;1.6;3.1;0;364.1;;;3;;12.7;15;;;4903;75;0;124.1
SMA;01.11.1965 00:00;0.8;5.6;3;-1.9;-1.7;-2;12;7;0;-0.5;3;0;16.8;944.9;-8;-6.4;0;502.7;;;23;;148.6;195;;;2082;57;0;270.7
SMA;01.12.1965 00:00;0.4;5;2.7;1;0.9;1;12;6.3;0;0.3;1;0;12.5;944.9;-3.4;-8.1;0;537.5;;;21;;152.2;182;;;1220;43;0;289.5
SMA;01.01.1966 00:00;-5;0.1;-2.4;-3.3;-3.6;-3.4;19;4.6;0;-1;14;0;11.6;948.1;-16.6;-5.4;0;696.2;;;12;;56.7;90;;;3634;101;0;448.2
SMA;01.02.1966 00:00;2.6;8.9;5.6;3.8;3.8;3.7;4;7.5;0;1.9;0;0;14.3;943.9;-2.4;-8.5;0;403.6;;;15;;112;186;;;3921;74;0;179.6
SMA;01.03.1966 00:00;0.1;7.4;3.3;-2.5;-1.8;-2.8;15;6;0;-0.6;0;0;13.3;953.6;-2.7;2.4;0;515.2;;;14;;64.6;91;;;7817;91;0;267.2
SMA;01.04.1966 00:00;5.9;14.4;9.7;0.1;0.8;-0.4;0;9.2;0;1.4;0;0;19.8;946.6;0.1;-2.7;0;283.7;;;13;;108.1;134;;;8226;77;0;75.7
SMA;01.05.1966 00:00;8.1;18.3;12.7;-0.9;-0.9;-0.5;0;10.5;3;-0.3;0;0;25.1;952.3;3.8;1.3;0;155.8;;;10;;69.5;54;;;12853;112;2.9;43.8
SMA;01.06.1966 00:00;11.7;22;16.5;-0.6;-0.9;-0.4;0;13.2;9;-0.4;0;0;29.9;952;5.8;-0.4;0;38.2;;;14;;80.9;63;;;13925;112;19.8;6.2
SMA;01.07.1966 00:00;11.3;20.3;15.3;-3.7;-3.1;-4;0;13.1;4;-2;0;0;28.2;950.6;7.9;-2.1;0;27;;;16;;178.7;142;;;10295;75;8.7;3
SMA;01.08.1966 00:00;11.3;19.5;14.9;-3.7;-3;-4.4;0;14.2;5;-1.3;0;0;32.3;951.3;5;-1.5;2;48.7;;;16;;203.9;171;;;9376;72;14.7;8.7
SMA;01.09.1966 00:00;11.1;19.4;14.6;0.2;0.4;0.3;0;14.1;5;1.2;0;0;26.9;953.7;6.5;0.8;0;64.7;;;5;;77;88;;;10014;102;5.6;8.7
SMA;01.10.1966 00:00;9.1;15.2;11.5;1.5;2;1.4;1;12.1;1;1.7;0;0;26.9;945.7;-1.3;-6.7;0;167.3;;;12;;46.7;55;;;6392;98;0;63.3
SMA;01.11.1966 00:00;-0.2;5;1.8;-3.1;-2.7;-2.6;18;6.1;0;-1.4;1;0;18.4;948.9;-3.9;-2.4;0;546;;;14;;102.4;135;;;3410;94;0;306
SMA;01.12.1966 00:00;-0.5;4.2;1.4;-0.3;0;0.2;18;5.7;0;-0.3;3;0;8.9;948.4;-6.1;-4.6;0;576.1;;;19;;131.4;158;;;1239;44;0;328.1
SMA;01.01.1967 00:00;-2;2.4;0;-0.9;-0.6;-1.1;18;5.3;0;-0.3;10;0;12.2;954.2;-11.5;0.7;0;621;;;12;;89.6;142;;;2505;70;0;373
SMA;01.02.1967 00:00;-1;6;2.2;0.4;0.2;0.8;14;5.4;0;-0.2;4;0;12.9;952.8;-10.5;0.4;0;498.8;;;8;;44.7;74;;;6383;120;0;274.8
SMA;01.03.1967 00:00;2.4;9.5;5.2;-0.6;0.5;-0.7;3;6.5;0;-0.1;0;0;16.7;954.1;-1.1;2.9;0;456.5;;;11;;89.5;126;;;6679;77;0;208.5
SMA;01.04.1967 00:00;2.5;11.9;7;-2.6;-2.6;-2.9;5;6.9;0;-0.9;0;0;20;948.8;-3;-0.5;0;368.8;;;6;;25.9;32;;;9514;89;0;152.8
SMA;01.05.1967 00:00;7.1;17.9;12.1;-1.5;-1.9;-0.9;0;9.5;2;-1.3;0;0;30.1;949.1;0.3;-1.9;1;177.9;;;15;;106.7;83;;;11167;97;5;49.9
SMA;01.06.1967 00:00;9.7;19.9;14.3;-2.8;-2.9;-2.5;0;12.7;7;-0.9;0;0;31.1;954.4;4.3;2;2;108.4;;;11;;136.1;107;;;12593;101;15.1;28.4
SMA;01.07.1967 00:00;14.2;25.1;19.3;0.3;-0.2;0.8;0;16.4;18;1.3;0;0;30.2;954.3;8.2;1.6;1;0;;;11;;126.8;101;;;16134;117;49.9;0
SMA;01.08.1967 00:00;12.4;22.2;16.5;-2.1;-1.9;-1.7;0;14.9;6;-0.6;0;0;30;952.6;7.5;-0.2;1;17.6;;;13;;81.6;69;;;12210;94;9.7;1.6
SMA;01.09.1967 00:00;9.9;17.7;13.1;-1.3;-0.8;-1.4;0;12.9;3;0;0;0;25.8;951.2;5.8;-1.7;0;141.4;;;13;;170.4;195;;;7631;78;0.6;29.4
SMA;01.10.1967 00:00;8.1;17;11.6;1.6;1;3.2;1;11.4;0;1;0;0;23.6;952.4;-0.1;0;0;147;;;5;;36;42;;;11464;176;0;43
SMA;01.11.1967 00:00;1.8;6.5;3.9;-1;-0.7;-1.1;7;7.3;0;-0.2;0;0;13.2;952.1;-4.7;0.8;0;481.8;;;6;;62.7;82;;;2829;78;0;241.8
SMA;01.12.1967 00:00;-3.4;1.5;-1.2;-2.9;-2.9;-2.5;25;4.9;0;-1.1;11;0;10.5;951.6;-11.8;-1.4;0;656.8;;;10;;56.6;68;;;2689;95;0;408.8
SMA;01.01.1968 00:00;-3.3;1.3;-1.1;-2;-1.9;-2.2;24;5;0;-0.6;12;0;10.3;951.4;-14.6;-2.1;0;655.4;;;19;;127.3;202;;;3657;102;0;407.4
SMA;01.02.1968 00:00;-0.9;4.4;1.4;-0.4;0.3;-0.8;18;5.8;0;0.2;1;0;9.7;946.4;-4.9;-6;0;538.3;;;11;;68.9;114;;;4530;85;0;306.3
SMA;01.03.1968 00:00;1;8.9;4.6;-1.2;-0.9;-1.3;12;6.3;0;-0.3;0;0;21.4;951.3;-5.4;0.1;0;461.3;;;10;;44.3;62;;;8426;98;0;229.3
SMA;01.04.1968 00:00;4.7;14.9;9.3;-0.3;-0.4;0.1;5;8.4;3;0.6;0;0;26.5;949.7;-2.5;0.4;0;296.4;;;11;;69.3;86;;;11611;109;0.8;120.4
SMA;01.05.1968 00:00;6.8;16.9;11.3;-2.3;-2.2;-1.9;0;10.1;1;-0.7;0;0;25.7;949.8;1.7;-1.2;0;188.3;;;14;;98.3;77;;;11156;97;0;52.3
SMA;01.06.1968 00:00;10.7;20.9;15.4;-1.7;-1.9;-1.5;0;12.4;5;-1.2;0;1;29.4;952.2;5.4;-0.2;0;34.5;;;8;;70.7;55;;;13533;109;14.4;2.5
SMA;01.07.1968 00:00;12.1;22.2;16.7;-2.3;-2.3;-2.1;0;13.7;10;-1.4;0;0;30.7;954;6.9;1.3;1;27;;;16;;79.4;63;;;13849;101;31.3;3
SMA;01.08.1968 00:00;11.8;19.8;15.2;-3.4;-2.5;-4.1;0;13.6;1;-1.9;0;0;25.5;950.1;6.3;-2.7;0;34;;;16;;194.6;163;;;9284;72;1.3;2
SMA;01.09.1968 00:00;9.4;17.2;12.6;-1.8;-1.3;-1.9;0;11.9;0;-1;0;0;23.3;951;5.3;-1.9;0;87.5;;;16;;216.8;248;;;8251;84;0;15.5
SMA;01.10.1968 00:00;7.9;14.6;10.7;0.7;0.8;0.8;0;11.7;0;1.3;0;0;21.9;955.1;3.5;2.7;0;248.4;;;6;;35.2;41;;;6247;96;0;56.4
SMA;01.11.1968 00:00;1.9;5.8;3.6;-1.3;-0.6;-1.8;10;7.5;0;0;3;0;22.5;948.4;-4.9;-2.9;0;482.4;;;6;;34.9;46;;;1909;52;0;258.4
SMA;01.12.1968 00:00;-2.7;0.7;-1.4;-3.1;-2.2;-3.3;24;5.2;0;-0.8;15;0;8.4;946;-9.6;-7;0;662.2;;;11;;46.9;56;;;1535;54;0;414.2
SMA;01.01.1969 00:00;-1.9;2.3;0.2;-0.7;-0.5;-1.2;24;5.7;0;0.1;9;0;7.3;949.7;-7.9;-3.8;0;614.2;;;8;;45.7;73;;;2157;60;0;366.2
SMA;01.02.1969 00:00;-3.6;2;-1.2;-3;-2.4;-3.2;20;4.8;0;-0.8;8;0;9.3;943.1;-9.7;-9.3;0;592.3;;;13;;43;71;;;4391;83;0;368.3
SMA;01.03.1969 00:00;1;6.7;3.4;-2.4;-0.9;-3.5;16;6.6;0;0;1;0;13.7;945.3;-4;-5.9;0;513.7;;;11;;49.2;69;;;4793;56;0;265.7
SMA;01.04.1969 00:00;3.3;11.5;7.3;-2.3;-1.8;-3.3;8;7.8;0;0;0;0;23.3;949.7;-2.5;0.4;0;350.2;;;13;;77.5;96;;;8168;77;0;150.2
SMA;01.05.1969 00:00;8.1;19.3;13.6;0;-0.9;0.5;0;10.8;5;0;0;0;29.8;949;2.8;-2;0;145.5;;;10;;69.9;55;;;13428;117;10.4;33.5
SMA;01.06.1969 00:00;8.9;18.4;13.4;-3.7;-3.7;-4;0;11.9;3;-1.7;0;0;25.5;949.9;4;-2.5;0;113.1;;;16;;178.9;140;;;10131;81;0.5;33.1
SMA;01.07.1969 00:00;13.2;23.9;18.3;-0.7;-1.2;-0.4;0;15.4;19;0.3;0;0;30.3;956.2;7;3.5;1;49.2;;;8;;56;44;;;15603;113;50;9.2
SMA;01.08.1969 00:00;11.7;21.1;15.9;-2.7;-2.6;-2.8;0;13.8;10;-1.7;0;0;28.2;951.7;6.7;-1.1;0;70.3;;;16;;180.4;151;;;11411;88;19.5;14.3
SMA;01.09.1969 00:00;11.2;19;14.3;-0.1;0.5;-0.1;0;13.5;0;0.6;0;0;23.3;952.6;8;-0.3;0;44.2;;;7;;21.9;25;;;8743;89;0;4.2
SMA;01.10.1969 00:00;6.6;14.2;9.6;-0.4;-0.5;0.4;0;10.3;0;-0.1;0;0;19.5;957.5;1.5;5.1;0;308.6;;;2;;9.5;11;;;7881;121;0;76.6
SMA;01.11.1969 00:00;1.8;8.3;4.7;-0.2;-0.7;0.7;9;6.9;0;-0.6;2;0;14.8;947;-7.9;-4.3;0;458.7;;;12;;90.4;119;;;5849;161;0;218.7
SMA;01.12.1969 00:00;-5.8;-2.1;-4;-5.7;-5.3;-6.1;29;4.2;0;-1.8;21;0;4.8;947.4;-11.9;-5.6;0;744.2;;;9;;72.1;86;;;671;24;0;496.2
SMA;01.01.1970 00:00;-3.1;1.5;-0.7;-1.6;-1.7;-2;26;5.2;0;-0.4;10;0;8.6;944.7;-9.1;-8.8;0;643.1;;;9;0;55;87;;;2411;67;0;395.1
SMA;01.02.1970 00:00;-1.9;2.7;0.4;-1.4;-0.7;-2.5;19;5.3;0;-0.3;5;0;10.2;945.3;-9.8;-7.1;0;548.4;;;22;0;265.6;440;;;1778;33;0;324.4
SMA;01.03.1970 00:00;-1.5;5.4;1.4;-4.4;-3.4;-4.8;20;5.3;0;-1.3;3;0;12.6;946.3;-8.4;-4.9;0;574.9;;;13;0;56;79;;;6755;78;0;326.9
SMA;01.04.1970 00:00;2.4;9.6;5.5;-4.1;-2.7;-5.2;9;6.8;0;-1;0;0;22.3;949.5;-2.8;0.2;0;415.4;;;21;0;182.9;227;;;6129;58;0;207.4
SMA;01.05.1970 00:00;6.3;15.8;10.9;-2.7;-2.7;-3;0;9.3;0;-1.5;0;0;23.5;950.6;0.4;-0.4;0;211.5;;;12;0;89.4;70;;;9556;83;0;51.5
SMA;01.06.1970 00:00;12.1;22.7;16.6;-0.5;-0.5;0.3;0;13.9;11;0.3;0;0;28.6;952.5;6.1;0.1;0;29.1;;;15;0;142.6;112;;;12351;99;10.5;5.1
SMA;01.07.1970 00:00;12.1;22.4;16.9;-2.1;-2.3;-1.9;0;13.6;13;-1.5;0;0;28.8;952.5;5.2;-0.2;0;48.5;;;9;0;102.5;81;;;13209;96;28.8;8.5
SMA;01.08.1970 00:00;12.8;22;16.9;-1.7;-1.5;-1.9;0;14.8;8;-0.7;0;0;31.2;951.6;7.4;-1.2;1;25.5;;;16;0;214.7;180;;;10658;82;22.6;1.5
SMA;01.09.1970 00:00;10;19.7;14;-0.4;-0.7;0.6;0;12.3;1;-0.6;0;0;26.5;954.9;4.3;2;0;71.8;;;6;0;53.7;61;;;12397;126;1.3;7.8
SMA;01.10.1970 00:00;5.5;12.4;8.4;-1.6;-1.6;-1.4;0;9.1;0;-1.3;0;0;22.1;955;0.3;2.6;0;318.7;;;8;0;56.4;66;;;6840;105;0;118.7
SMA;01.11.1970 00:00;3;8.5;5.7;0.8;0.5;0.9;8;7.1;0;-0.4;0;0;19.5;951.2;-1.3;-0.1;0;410.9;;;12;0;76.7;101;;;3968;109;0;194.9
SMA;01.12.1970 00:00;-2.5;1.1;-1;-2.7;-2;-2.9;23;5;0;-1;13;0;9.5;954.5;-10.9;1.5;0;649.8;;;9;0;36;43;;;1776;63;0;401.8
SMA;01.01.1971 00:00;-4.5;1.2;-1.8;-2.7;-3.1;-2.3;23;4.8;0;-0.8;12;0;9.7;947.6;-13.6;-5.9;0;677.2;;;7;0;30.2;48;;;3486;97;0;429.2
SMA;01.02.1971 00:00;-3.4;3.1;-0.3;-2.1;-2.2;-2.1;24;5.2;0;-0.4;5;0;7.5;953.2;-9.4;0.8;0;568;;;11;0;51.9;86;;;5051;95;0;344
SMA;01.03.1971 00:00;-3.2;4.7;0.4;-5.4;-5.1;-5.5;19;5.1;0;-1.5;8;0;12.9;946.9;-14.7;-4.3;0;607.2;;;7;0;41.3;58;;;6192;72;0;359.2
SMA;01.04.1971 00:00;5.3;16.2;10.6;1;0.2;1.4;1;8.2;0;0.4;0;0;24.1;946;-0.9;-3.3;0;241.2;;;7;0;60.6;75;;;12398;116;0;65.2
SMA;01.05.1971 00:00;9.4;19.3;13.8;0.2;0.4;0.5;0;11.5;4;0.7;0;0;28.2;946.8;4.5;-4.2;0;124.7;;;14;0;78.6;61;;;9689;84;4.4;28.7
SMA;01.06.1971 00:00;9.8;18.8;13.7;-3.4;-2.8;-3.6;0;12;0;-1.6;0;0;24.5;949.3;6.8;-3.1;0;86.4;;;18;0;193.2;151;;;9024;73;0;14.4
SMA;01.07.1971 00:00;13;24.8;18.6;-0.4;-1.4;0.5;0;14.3;15;-0.8;0;0;30.6;953.8;7;1.1;4;0;;;8;0;91.3;72;;;18734;136;42.7;0
SMA;01.08.1971 00:00;13.6;23.1;17.8;-0.8;-0.7;-0.8;0;15.6;12;0.1;0;0;29.8;952;10;-0.8;0;0;;;17;0;116.9;98;;;12785;99;28.8;0
SMA;01.09.1971 00:00;8.1;18.5;12.7;-1.7;-2.6;-0.6;0;11.1;0;-1.8;0;0;23.6;956.7;1.5;3.8;0;104.2;;;7;0;76.2;87;;;13651;139;0;24.2
SMA;01.10.1971 00:00;6;15;9.8;-0.2;-1.1;1.2;1;9.9;0;-0.5;0;0;22.6;960;-0.2;7.6;0;248.8;;;4;0;43;50;;;10347;159;0;80.8
SMA;01.11.1971 00:00;0.6;5.8;2.8;-2.1;-1.9;-1.8;10;6.4;0;-1.1;2;0;14.2;948.8;-6.9;-2.5;0;514.3;;;9;0;85.3;112;;;3640;100;0;274.3
SMA;01.12.1971 00:00;-0.8;3.6;1.2;-0.5;-0.3;-0.4;20;5.9;0;-0.1;2;0;10.2;959.6;-4.5;6.6;0;583.7;;;5;0;34.5;41;;;2501;89;0;335.7
SMA;01.01.1972 00:00;-2.1;1.7;-0.3;-1.2;-0.7;-1.8;23;4.9;0;-0.7;7;0;9.7;947.5;-7.7;-6;0;630.2;;;5;0;20.7;33;;;2033;57;0;382.2
SMA;01.02.1972 00:00;0.2;7;3;1.2;1.4;1.8;11;6.1;0;0.5;1;0;16.3;945.4;-8.2;-7;0;493.9;;;5;0;14.4;24;;;5225;98;0;261.9
SMA;01.03.1972 00:00;2.2;11.6;6.4;0.6;0.3;1.4;4;6.9;0;0.3;1;0;18.3;948.2;-1.9;-3;0;421.9;;;3;0;14.1;20;;;10294;119;0;173.9
SMA;01.04.1972 00:00;3.9;11.3;7.2;-2.4;-1.2;-3.5;2;8.1;0;0.3;0;0;21.9;945.8;-2.5;-3.5;0;359;;;17;0;111.5;139;;;5447;51;0;151
SMA;01.05.1972 00:00;7.3;16;11.2;-2.4;-1.7;-2.8;0;10;0;-0.8;0;0;23.1;948.7;2;-2.3;0;204.7;;;17;0;88.8;69;;;8929;78;0;52.7
SMA;01.06.1972 00:00;9.6;19;14;-3.1;-3;-3.4;0;12.1;4;-1.5;0;0;27.1;950.8;4.7;-1.6;0;88.4;;;14;0;145.9;114;;;10413;84;3;16.4
SMA;01.07.1972 00:00;12.8;21.7;16.8;-2.2;-1.6;-2.6;0;14.9;9;-0.2;0;0;30.5;953.4;7.3;0.7;1;35.4;;;15;0;161.9;128;;;11192;81;23.2;3.4
SMA;01.08.1972 00:00;11.5;20.9;15.7;-2.9;-2.8;-3;0;14;8;-1.5;0;0;29.1;953.8;6;1;0;37.6;;;13;0;120.6;101;;;11555;89;19.7;5.6
SMA;01.09.1972 00:00;6.7;15.8;10.5;-3.9;-4;-3.3;0;10.4;0;-2.5;0;0;23;953.7;2.1;0.8;0;248.5;;;8;0;31.2;36;;;10114;103;0;72.5
SMA;01.10.1972 00:00;3.4;11.3;6.8;-3.2;-3.7;-2.5;3;8.3;0;-2.1;0;0;18.1;954;-1;1.6;0;410.8;;;3;0;18.4;22;;;7363;113;0;162.8
SMA;01.11.1972 00:00;1.5;8.2;4.2;-0.7;-1;0.6;7;7.3;0;-0.2;1;0;15.5;954;-4.8;2.7;0;472.2;;;14;0;199.7;262;;;4526;124;0;232.2
SMA;01.12.1972 00:00;-2.6;1.6;-0.7;-2.4;-2.1;-2.4;23;5.2;0;-0.8;14;0;10.8;958.4;-7.9;5.4;0;641.5;;;6;0;23.5;28;;;2961;105;0;393.5
SMA;01.01.1973 00:00;-2.7;0.6;-1.2;-2.1;-1.3;-2.9;25;4.8;0;-0.8;11;0;4.6;956.3;-7.1;2.8;0;657.4;;;7;0;36.3;58;;;975;27;0;409.4
SMA;01.02.1973 00:00;-2.4;2.6;-0.4;-2.2;-1.2;-2.6;26;4.8;0;-0.8;1;0;7.4;950.1;-8.9;-2.3;0;570.7;;;11;0;47.4;79;;;4107;77;0;346.7
SMA;01.03.1973 00:00;-0.8;7.2;2.8;-3;-2.7;-3;18;5.3;0;-1.3;0;0;17.2;956.6;-8.3;5.4;0;531.2;;;11;0;30.5;43;;;7567;88;0;283.2
SMA;01.04.1973 00:00;1.6;9.2;5;-4.6;-3.5;-5.6;13;5.8;0;-2;0;0;20.9;949.5;-3.1;0.2;0;445.3;;;14;0;80.6;100;;;7877;74;0;213.3
SMA;01.05.1973 00:00;8.6;18.9;13.3;-0.3;-0.4;0.1;0;9.7;2;-1.1;0;0;25.5;952.4;2.5;1.4;0;113.4;;;14;0;88.4;69;;;12663;110;0.3;25.4
SMA;01.06.1973 00:00;11.4;21.1;16;-1.1;-1.2;-1.3;0;12.4;7;-1.2;0;0;29.3;954;5.7;1.6;0;38.1;;;10;0;179;140;;;12016;97;12.9;6.1
SMA;01.07.1973 00:00;12.9;21.7;16.9;-2.1;-1.5;-2.6;0;13.2;6;-1.9;0;0;29.3;950.9;7.7;-1.8;0;16.9;;;15;0;148.1;118;;;11038;80;18.7;0.9
SMA;01.08.1973 00:00;14.1;24;18.5;-0.1;-0.2;0.1;0;15.9;16;0.4;0;0;29.6;955.2;10.1;2.4;0;0;;;12;0;70.8;59;;;12773;99;33.9;0
SMA;01.09.1973 00:00;10.5;20.1;14.6;0.2;-0.2;1;0;13.3;8;0.4;0;0;28.7;953.5;5.7;0.6;0;94.8;;;9;0;77.2;88;;;11174;114;10.3;22.8
SMA;01.10.1973 00:00;4.6;10.8;7.3;-2.7;-2.5;-3;2;9.1;0;-1.3;0;0;19.2;954.4;-0.8;2;0;374.6;;;12;0;128.1;150;;;4729;73;0;150.6
SMA;01.11.1973 00:00;0.6;6.7;3.4;-1.5;-1.9;-0.9;12;6.7;0;-0.8;3;0;13.1;956.6;-6.1;5.3;0;498;;;13;0;110.6;145;;;4394;121;0;258
SMA;01.12.1973 00:00;-2.1;3.2;0.2;-1.5;-1.6;-0.8;19;5.2;0;-0.8;8;0;10.8;950.8;-14.3;-2.2;0;612.4;;;8;0;55.2;66;;;1952;69;0;364.4
SMA;01.01.1974 00:00;0.4;5.4;2.8;1.9;1.8;1.9;14;6.3;0;0.7;2;0;14.4;955.1;-3.7;1.6;0;533.9;;;8;0;39.3;62;;;2470;69;0;285.9
SMA;01.02.1974 00:00;0.6;5.4;2.7;0.9;1.8;0.2;9;6.1;0;0.5;0;0;14.7;945.4;-4.2;-7;0;485.4;;;13;0;76.9;128;;;2960;56;0;261.4
SMA;01.03.1974 00:00;3.2;11.2;6.8;1;1.3;1;11;7.1;0;0.5;0;0;22.4;948.3;-2.8;-2.9;0;383;;;9;0;39.3;55;;;6946;81;0;167
SMA;01.04.1974 00:00;3.6;13.6;8.3;-1.3;-1.5;-1.2;5;7;0;-0.8;0;0;19.1;946.2;-1.6;-3.1;0;324.1;;;7;0;37.6;47;;;12037;113;0;116.1
SMA;01.05.1974 00:00;6.9;16.2;11.2;-2.4;-2.1;-2.6;0;9.8;0;-1;0;0;23;948.7;2.1;-2.3;0;192.9;;;12;0;120.7;94;;;11202;97;0;64.9
SMA;01.06.1974 00:00;9.7;19.3;14.2;-2.9;-2.9;-3.1;0;12.1;1;-1.5;0;0;26.1;950.2;4.9;-2.2;0;72.5;;;13;0;131.8;103;;;11924;96;0.7;16.5
SMA;01.07.1974 00:00;12.3;22.1;16.9;-2.1;-2.1;-2.2;0;13.8;8;-1.3;0;0;28.3;953.5;8.1;0.8;0;18.3;;;15;0;132.6;105;;;14077;102;19.1;2.3
SMA;01.08.1974 00:00;13.6;23.3;17.8;-0.8;-0.7;-0.6;0;15.6;11;0.1;0;0;32.1;952.7;8.3;-0.1;3;18.2;;;10;0;95.4;80;;;12756;99;32.2;2.2
SMA;01.09.1974 00:00;9.9;18;13.3;-1.1;-0.8;-1.1;0;12.6;3;-0.3;0;0;25.4;950.2;3.1;-2.7;0;129.9;;;10;0;77.4;89;;;8298;84;1.4;33.9
SMA;01.10.1974 00:00;2.5;7.3;4.5;-5.5;-4.6;-6.5;2;7.3;0;-3.1;0;0;12.1;947.3;-0.4;-5.1;0;483.7;;;21;0;125.1;147;;;2158;33;0;235.7
SMA;01.11.1974 00:00;1.9;7.1;4.1;-0.8;-0.6;-0.5;3;7.1;0;-0.4;0;0;13.7;950.7;-1.3;-0.6;0;474.2;;;16;0;121.4;160;;;2427;67;0;234.2
SMA;01.12.1974 00:00;1.7;6.6;4;2.3;2.2;2.6;10;6.7;0;0.7;0;0;14;958.2;-5.3;5.2;0;496.7;;;16;0;91.8;110;;;3245;115;0;248.7
SMA;01.01.1975 00:00;1;6.1;3.5;2.6;2.4;2.6;10;6.4;0;0.8;1;0;10.7;954.8;-2.7;1.3;0;512.4;;;11;0;68.7;109;;;3192;89;0;264.4
SMA;01.02.1975 00:00;-1.4;6.1;1.6;-0.2;-0.2;0.9;21;5.3;0;-0.3;0;0;13.1;956.8;-4.8;4.4;0;513.9;;;4;0;20.3;34;;;8460;159;0;289.9
SMA;01.03.1975 00:00;0.9;6.6;3.3;-2.5;-1;-3.6;13;6.3;0;-0.3;2;0;13.8;943;-6.1;-8.2;0;518;;;16;0;67.3;95;;;4368;51;0;270
SMA;01.04.1975 00:00;3.7;11.9;7.5;-2.1;-1.4;-2.9;8;7.3;0;-0.5;0;0;21.6;950.1;-2.3;0.8;0;341.7;;;12;0;87.5;109;;;8142;76;0;141.7
SMA;01.05.1975 00:00;7.9;17.5;12.3;-1.3;-1.1;-1.3;0;10.1;3;-0.7;0;0;27.3;949.2;2;-1.8;0;166.8;;;7;0;79.4;62;;;9672;84;1;38.8
SMA;01.06.1975 00:00;9.9;18.6;13.9;-3.2;-2.7;-3.8;0;11.9;4;-1.7;0;0;27;952.1;3.4;-0.3;0;108.5;;;15;0;143.8;113;;;9192;74;5.6;28.5
SMA;01.07.1975 00:00;12.9;22.8;17.6;-1.4;-1.5;-1.5;0;14.2;12;-0.9;0;0;30.5;953.1;7.9;0.4;1;18.9;;;13;0;110.2;87;;;14724;107;24.5;2.9
SMA;01.08.1975 00:00;13;22.2;17.3;-1.3;-1.3;-1.7;0;15.3;11;-0.2;0;0;29.5;953.3;9;0.5;0;36.2;;;15;0;281.1;236;;;11580;89;29.4;4.2
SMA;01.09.1975 00:00;12.1;20.7;15.8;1.4;1.4;1.6;0;14.5;2;1.6;0;0;27.3;953;8;0.1;0;24.8;;;6;0;112.6;129;;;8394;85;2.9;0.8
SMA;01.10.1975 00:00;4.9;11.1;7.4;-2.6;-2.2;-2.7;0;9.1;0;-1.3;0;0;20;955.6;1.5;3.2;0;373.5;;;7;0;60.4;71;;;6348;97;0;149.5
SMA;01.11.1975 00:00;2.1;6.6;4.2;-0.7;-0.4;-1;6;7.4;0;-0.1;2;0;14.5;951.2;-5.9;-0.1;0;472.8;;;12;0;110.5;145;;;2814;77;0;232.8
SMA;01.12.1975 00:00;-2.5;1.3;-0.7;-2.4;-2;-2.7;25;5.2;0;-0.8;10;0;7.3;957.2;-9.5;4.2;0;642.6;;;2;0;9.4;11;;;1782;63;0;394.6
SMA;01.01.1976 00:00;-1;3.8;1.2;0.3;0.4;0.3;17;5.5;0;-0.1;7;0;8.8;954.1;-11.4;0.6;0;582.2;;;14;0;48.7;77;;;2964;83;0;334.2
SMA;01.02.1976 00:00;-1.6;4.3;0.9;-0.9;-0.4;-0.9;20;5.7;0;0.1;5;0;15.2;953.4;-8.7;1;0;555;;;7;0;38.6;64;;;4266;80;0;323
SMA;01.03.1976 00:00;-0.5;8.3;3.4;-2.4;-2.4;-1.9;14;5.7;0;-0.9;3;0;17.4;952;-7.4;0.8;0;512.8;;;4;0;11.8;17;;;9990;116;0;264.8
SMA;01.04.1976 00:00;3.3;13;7.8;-1.8;-1.8;-1.8;8;7.4;0;-0.4;0;0;20.9;948.8;-1.6;-0.5;0;305.2;;;7;0;51.9;65;;;12702;119;0;137.2
SMA;01.05.1976 00:00;8.4;18.7;13;-0.6;-0.6;-0.1;0;10.8;3;0;0;0;26.8;951.4;1;0.4;0;131.6;;;13;0;76;59;;;13626;118;1.2;27.6
SMA;01.06.1976 00:00;12;23.9;17.9;0.8;-0.6;1.5;0;13;17;-0.6;0;0;30.1;954.8;5.3;2.4;1;40.9;;;5;0;32.6;26;;;18072;145;44.5;8.9
SMA;01.07.1976 00:00;14.4;24.3;18.8;-0.2;0;0;0;15.2;17;0.1;0;0;31.2;951.9;9.5;-0.8;6;26.4;;;14;0;222.1;176;;;13140;95;58.9;2.4
SMA;01.08.1976 00:00;11;20.5;15.4;-3.2;-3.3;-3.4;0;13;1;-2.5;0;0;25.1;953.8;7.8;1;0;0;;;12;0;112.9;95;;;12324;95;0;0
SMA;01.09.1976 00:00;8.9;16.8;12.2;-2.2;-1.8;-2.3;0;11.8;0;-1.1;0;0;22.2;951.3;4.8;-1.6;0;147.4;;;10;0;98.5;113;;;6408;65;0;27.4
SMA;01.10.1976 00:00;7.5;13.8;10.2;0.2;0.4;0;0;10.8;0;0.4;0;0;21.9;944.7;2.3;-7.7;0;259.8;;;7;0;61;72;;;5922;91;0;75.8
SMA;01.11.1976 00:00;2.4;6.4;4.3;-0.6;-0.1;-1.2;1;7.1;0;-0.4;0;0;18.8;952.1;-0.5;0.8;0;470.5;;;10;0;55.9;73;;;2190;60;0;230.5
SMA;01.12.1976 00:00;-3.4;0.3;-1.7;-3.4;-2.9;-3.7;24;4.9;0;-1.1;18;0;7.3;945.4;-11.1;-7.6;0;671.3;;;11;0;100;120;;;1644;58;0;423.3
SMA;01.01.1977 00:00;-1.2;2.7;0.6;-0.3;0.2;-0.8;23;5.6;0;0;4;0;8.3;947.9;-6.7;-5.6;0;602.1;;;11;0;72.9;116;;;1440;40;0;354.1
SMA;01.02.1977 00:00;2;7.6;4.6;2.8;3.2;2.4;7;6.7;0;1.1;0;0;12.7;945.9;-4.7;-6.5;0;430.8;;;16;0;128;212;;;4074;77;0;206.8
SMA;01.03.1977 00:00;3.7;11.6;7.3;1.5;1.8;1.4;7;7.6;0;1;1;0;21.1;953.6;-3.4;2.4;0;378.7;;;11;0;65.5;92;;;6510;75;0;146.7
SMA;01.04.1977 00:00;2.6;10.3;6.1;-3.5;-2.5;-4.5;7;7.4;0;-0.4;0;0;21.3;950;-2.4;0.7;0;399.3;;;20;0;151.7;189;;;5856;55;0;183.3
SMA;01.05.1977 00:00;6.9;16.8;11.3;-2.3;-2.1;-2;0;9.8;0;-1;0;0;24.4;949.1;2.3;-1.9;0;170.9;;;10;0;71;55;;;9876;86;0;50.9
SMA;01.06.1977 00:00;10.8;20.5;14.9;-2.2;-1.8;-1.9;0;12.5;4;-1.1;0;0;29.9;950;5.1;-2.4;0;25.5;;;14;0;117;92;;;9816;79;1.4;1.5
SMA;01.07.1977 00:00;12.7;21.8;16.9;-2.1;-1.7;-2.5;0;14;8;-1.1;0;0;27.9;950.3;7.8;-2.4;0;0;;;12;0;118.8;94;;;11994;87;12.3;0
SMA;01.08.1977 00:00;11.9;20.1;15.6;-3;-2.4;-3.8;0;13.7;3;-1.8;0;0;26.2;949.8;8.6;-3;0;0;;;13;0;99.3;83;;;8928;69;2.3;0
SMA;01.09.1977 00:00;8.7;16.8;12.2;-2.2;-2;-2.3;0;11.5;0;-1.4;0;0;24.5;957;3;4.1;0;162;;;9;0;54.5;62;;;8682;88;0;42
SMA;01.10.1977 00:00;7.6;14.2;10.5;0.5;0.5;0.4;0;10.5;0;0.1;0;0;22.8;954.2;2.4;1.8;0;245.3;;;9;0;72.9;86;;;5532;85;1.3;69.3
SMA;01.11.1977 00:00;2.7;8.2;5;0.1;0.2;0.6;8;7.1;0;-0.4;2;0;19.1;948.8;-4.3;-2.5;0;428.9;;;15;0;84.9;112;;;4068;112;0;212.9
SMA;01.12.1977 00:00;-0.6;4;1.5;-0.2;-0.1;0;15;6;0;0;6;0;14.1;954.6;-6;1.6;0;574.7;;;11;0;61;73;;;2226;79;0;326.7
SMA;01.01.1978 00:00;-1.8;2.3;0;-0.9;-0.4;-1.2;27;5.1;0;-0.5;6;0;6.7;947.6;-9.3;-5.9;0;620.6;;;12;0;65.9;105;;;2130;59;0;372.6
SMA;01.02.1978 00:00;-2.8;2.6;-0.5;-2.3;-1.6;-2.6;23;5.1;0;-0.5;8;0;13.1;942.3;-6.4;-10.1;0;573.3;;;13;0;127.5;211;;;2826;53;0;349.3
SMA;01.03.1978 00:00;1.4;8.9;4.8;-1;-0.5;-1.3;10;6.4;0;-0.2;0;0;18.6;948.8;-2.1;-2.4;0;461.8;;;16;0;145.8;205;;;5940;69;0;221.8
SMA;01.04.1978 00:00;3.2;11.6;7.2;-2.4;-1.9;-3.2;4;7.1;0;-0.7;0;0;19;944.2;-1.9;-5.1;0;368.8;;;6;0;47.9;60;;;8406;79;0;144.8
SMA;01.05.1978 00:00;7.2;14.8;10.8;-2.8;-1.8;-4;0;9.9;0;-0.9;0;0;22.4;948.7;2.8;-2.3;0;215.4;;;12;0;135.7;106;;;6528;57;0;63.4
SMA;01.06.1978 00:00;9.5;19.4;14.2;-2.9;-3.1;-3;0;11.9;4;-1.7;0;0;27.1;950.6;5.7;-1.8;0;91.5;;;16;0;136.2;107;;;9534;77;5.2;19.5
SMA;01.07.1978 00:00;11.9;20.9;16.2;-2.8;-2.5;-3.4;0;13.7;8;-1.4;0;0;28.5;952.6;8;-0.1;0;35.7;;;11;0;100;79;;;9936;72;16.4;3.7
SMA;01.08.1978 00:00;11.2;20.2;15.5;-3.1;-3.1;-3.7;0;13.9;6;-1.6;0;0;26.9;953.8;6.3;1;0;30.8;;;10;0;179.4;151;;;11064;85;9.2;6.8
SMA;01.09.1978 00:00;9.1;18.1;13.2;-1.2;-1.6;-1;0;12.1;0;-0.8;0;0;24;954.6;3.1;1.7;0;106.9;;;10;0;51.6;59;;;10656;108;0;18.9
SMA;01.10.1978 00:00;5.4;11.7;8.2;-1.8;-1.7;-2.1;0;9.9;0;-0.5;0;0;18.5;956.9;1.6;4.5;0;367.1;;;7;0;102.8;121;;;5772;89;0;119.1
SMA;01.11.1978 00:00;1.2;5.8;3.2;-1.7;-1.3;-1.8;8;6.9;0;-0.6;3;0;11.4;960.8;-5.1;9.5;0;504.9;;;5;0;16.5;22;;;4230;116;0;264.9
SMA;01.12.1978 00:00;-0.7;4.2;1.7;0;-0.2;0.2;15;5.9;0;-0.1;11;0;11.3;943.4;-7.4;-9.6;0;567.3;;;12;0;95.3;114;;;1758;62;0;319.3
SMA;01.01.1979 00:00;-5.1;-0.4;-3;-3.9;-3.7;-3.9;29;4.5;0;-1.1;14;0;5.8;947.4;-12.5;-6.1;0;711.6;;;13;0;74.3;118;;;2364;66;0;463.6
SMA;01.02.1979 00:00;-0.2;4.6;1.9;0.1;1;-0.6;13;6.1;0;0.5;1;0;11.9;944.4;-7.1;-8;0;507.5;;;13;0;88.2;146;;;3678;69;0;283.5
SMA;01.03.1979 00:00;1.9;9;5;-0.8;0;-1.2;5;7;0;0.4;0;0;16.7;945.1;-1.4;-6.1;0;464.9;;;18;0;137.6;193;;;4932;57;0;216.9
SMA;01.04.1979 00:00;2.4;10.9;6;-3.6;-2.7;-3.9;7;7.1;0;-0.7;0;0;19.6;947.3;-1;-2;0;412.3;;;15;0;100.8;125;;;7038;66;0;180.3
SMA;01.05.1979 00:00;7;18.1;12.3;-1.3;-2;-0.7;3;9.9;5;-0.9;0;0;28.1;952.3;-1.3;1.3;0;160.5;;;8;0;48.4;38;;;12402;108;6.3;64.5
SMA;01.06.1979 00:00;11.8;21;16;-1.1;-0.8;-1.4;0;13.9;7;0.3;0;0;26.5;953.5;6.6;1.1;0;50.4;;;14;0;124.9;98;;;9084;73;8;10.4
SMA;01.07.1979 00:00;12.7;21.9;17.1;-1.9;-1.7;-2.4;0;13.7;7;-1.4;0;0;30.2;955.1;6.8;2.4;1;29.3;;;7;0;70.6;56;;;10302;75;21.1;5.3
SMA;01.08.1979 00:00;11.3;20.5;15.5;-3.1;-3;-3.4;0;13.4;6;-2.1;0;0;28.2;951.3;6.2;-1.5;0;61.1;;;12;0;108.3;91;;;10176;79;12.2;5.1
SMA;01.09.1979 00:00;9.9;18.4;13.7;-0.7;-0.8;-0.7;0;12.6;1;-0.3;0;0;25.4;955.3;3.3;2.4;0;121.1;;;8;0;95.6;109;;;9912;101;0.8;33.1
SMA;01.10.1979 00:00;7;13.2;9.6;-0.4;-0.1;-0.6;0;10.8;0;0.4;0;0;19.3;948.9;0.9;-3.5;0;250.1;;;9;0;87.5;103;;;4896;75;0;82.1
SMA;01.11.1979 00:00;1.4;6.2;3.6;-1.3;-1.1;-1.4;11;7;0;-0.5;0;0;13.9;951.6;-3.2;0.3;0;493.1;;;14;0;148.2;195;;;3114;86;0;253.1
SMA;01.12.1979 00:00;1.2;6.2;3.7;2;1.7;2.2;12;6.3;0;0.3;2;0;13.5;949.6;-3.2;-3.4;0;506.1;;;14;0;99.8;120;;;3006;106;0;258.1
SMA;01.01.1980 00:00;-3.3;1;-1.3;-2.2;-1.9;-2.5;25;4.7;0;-0.9;13;0;10.8;949.6;-8.4;-3.9;0;661.7;;;9;0;105.5;167;;;1782;50;0;413.7
SMA;01.02.1980 00:00;0.8;6.9;3.2;1.4;2;1.7;10;6.1;0;0.5;0;0;11.5;954.6;-3.3;2.2;0;486.4;;;8;0;70.8;117;;;5244;99;0;254.4
SMA;01.03.1980 00:00;1.6;8.6;4.7;-1.1;-0.3;-1.6;6;6.4;0;-0.2;0;0;14.6;945;-3.8;-6.2;0;475;;;12;0;75.8;106;;;5640;65;0;227
SMA;01.04.1980 00:00;2.3;9.9;5.8;-3.8;-2.8;-4.9;5;6.9;0;-0.9;0;0;17.8;951.3;-1.3;2;0;411.9;;;14;0;75.6;94;;;6390;60;0;187.9
SMA;01.05.1980 00:00;6.3;15.5;10.7;-2.9;-2.7;-3.3;0;9.2;0;-1.6;0;0;22.1;947;3;-4;0;238.4;;;11;0;84.6;66;;;9006;78;0;54.4
SMA;01.06.1980 00:00;10.2;18.4;13.9;-3.2;-2.4;-4;0;12.5;3;-1.1;0;0;28.2;950.1;6.2;-2.3;0;77.9;;;22;0;160.4;126;;;7164;58;7.5;13.9
SMA;01.07.1980 00:00;11;19.5;14.9;-4.1;-3.4;-4.8;0;13.5;6;-1.6;0;0;28.6;950.5;6.4;-2.2;0;61.9;;;17;0;127.9;102;;;7422;54;10.8;5.9
SMA;01.08.1980 00:00;13.5;22.5;17.7;-0.9;-0.8;-1.4;0;15.2;9;-0.3;0;0;30.3;953.1;6.1;0.3;1;0;;;9;0;71.7;60;;;11280;87;28.7;0
SMA;01.09.1980 00:00;10.8;20.1;14.8;0.4;0.1;1;0;13.1;1;0.2;0;0;25;956.1;7;3.2;0;16.7;;;4;0;33.4;38;;;11490;117;0;0.7
SMA;01.10.1980 00:00;5.3;12;8.2;-1.8;-1.8;-1.8;1;9.4;0;-1;0;0;19.3;948.8;-0.4;-3.6;0;310.8;;;13;0;127.3;149;;;5184;80;0;126.8
SMA;01.11.1980 00:00;0.4;5.7;2.8;-2.1;-2.1;-1.9;15;6.2;0;-1.3;6;0;16;950.9;-4.7;-0.4;0;516.6;;;8;0;49.2;65;;;2988;82;0;276.6
SMA;01.12.1980 00:00;-3;2.4;-0.6;-2.3;-2.5;-1.6;23;5.1;0;-0.9;10;0;10.2;954.4;-12.7;1.4;0;637.6;;;11;0;45.1;54;;;3300;117;0;389.6
SMA;01.01.1981 00:00;-4.5;0.2;-2.1;-3;-3.1;-3.3;29;4.6;0;-1;15;0;7.8;955.5;-9.5;2;0;685;2.5;109;15;0;95.2;151;39;94;2380;66;0;437
SMA;01.02.1981 00:00;-3.7;2.3;-1.1;-2.9;-2.5;-2.9;23;4.7;0;-0.9;4;0;7.1;952.9;-7.8;0.5;0;590.2;1.7;74;6;0;23.7;39;74;100;5061;95;0;366.2
SMA;01.03.1981 00:00;3.9;11.6;7.4;1.6;2;1.4;4;8;0;1.4;0;0;21.3;946.8;-1.9;-4.4;0;364.6;2.2;88;15;0;106.2;149;112;89;6303;73;0;148.6
SMA;01.04.1981 00:00;4.9;14.7;9.5;-0.1;-0.2;-0.1;2;8.5;0;0.7;0;0;23.1;950.6;-2;1.3;0;257.2;2;95;6;0;21.7;27;184;102;9975;94;0;97.2
SMA;01.05.1981 00:00;7.7;17.2;12;-1.6;-1.3;-1.6;0;10.4;3;-0.4;0;0;26.7;947.8;2.4;-3.2;0;189.2;1.7;81;17;0;106.7;83;186;88;8404;73;2.6;53.2
SMA;01.06.1981 00:00;10.9;20.5;15.6;-1.5;-1.7;-1.9;0;12.7;6;-0.9;0;0;29.1;953.2;5;0.8;0;77.3;1.7;89;9;0;49.4;39;222;94;9489;76;16.1;13.3
SMA;01.07.1981 00:00;11.9;21.1;16.2;-2.8;-2.5;-3.2;0;13.9;7;-1.2;0;0;28.5;953.6;8.2;0.9;0;55.4;1.5;79;14;0;165.5;131;189;80;8871;64;16.6;7.4
SMA;01.08.1981 00:00;12.7;23;17.5;-1.1;-1.6;-0.9;0;14;11;-1.5;0;0;29.5;954.4;7.7;1.6;0;0;1.5;88;5;0;114.6;96;217;107;13459;104;29.9;0
SMA;01.09.1981 00:00;10.8;18.1;13.9;-0.5;0.1;-1;0;13.4;0;0.5;0;0;23.4;952.3;5.6;-0.6;0;59.5;1.3;72;16;0;196.7;225;107;73;4619;47;0;11.5
SMA;01.10.1981 00:00;6.1;12.9;9.1;-0.9;-1;-0.9;0;9.8;0;-0.6;0;0;22.2;949.1;0.3;-3.3;0;293.1;2.3;128;17;0;187.9;221;76;89;4331;66;0;101.1
SMA;01.11.1981 00:00;1.7;8.2;4.6;-0.3;-0.8;0.6;12;7;0;-0.5;0;0;17.4;958.9;-4.9;7.6;0;462.5;2;100;8;0;53.4;70;63;138;7086;195;0;222.5
SMA;01.12.1981 00:00;-2;3.6;0.5;-1.2;-1.5;-0.4;21;5.6;0;-0.4;7;0;11.3;938.4;-11.9;-14.6;0;604.1;2.5;114;20;0;168.6;202;29;90;1372;49;0;356.1
SMA;01.01.1982 00:00;-2.3;3;0.2;-0.7;-0.9;-0.5;20;5.5;0;-0.1;10;0;10.3;953.2;-7.9;-0.3;0;613.5;1.8;78;14;0;138.9;220;30;73;1290;36;0;365.5
SMA;01.02.1982 00:00;-2;3.9;0.6;-1.2;-0.8;-1.3;20;5.3;0;-0.3;6;0;11.5;953.7;-8.1;1.3;0;542.4;1.5;65;4;0;18.5;31;72;97;5117;96;0;318.4
SMA;01.03.1982 00:00;0.7;8.2;4;-1.8;-1.2;-2;10;6.1;0;-0.5;0;0;16.4;951.6;-2.6;0.4;0;496.9;2.3;92;16;0;46.8;66;107;85;6333;73;0;248.9
SMA;01.04.1982 00:00;2.7;12.7;7.2;-2.4;-2.4;-2.1;1;6.6;0;-1.2;0;0;20.2;951.5;-1.2;2.2;0;375.4;2.1;100;7;0;50.9;63;192;106;10347;97;0;143.4
SMA;01.05.1982 00:00;7.8;18.6;12.8;-0.8;-1.2;-0.2;0;10.2;3;-0.6;0;0;25.8;954.4;2.2;3.4;0;124.6;2;95;9;0;40.1;31;232;109;12405;108;0.3;44.6
SMA;01.06.1982 00:00;12.5;21.6;16.6;-0.5;-0.1;-0.8;0;14.2;11;0.6;0;0;28.1;951.6;8.2;-0.8;0;20;1.8;95;16;0;184.2;144;219;92;9839;79;18.4;4
SMA;01.07.1982 00:00;14.5;24.3;19;0;0.1;0;0;15.9;16;0.8;0;0;30;953.1;11.1;0.4;1;0;1.8;95;12;0;174.3;138;226;96;12612;92;53.1;0
SMA;01.08.1982 00:00;13;21.3;16.6;-2;-1.3;-2.6;0;15.1;3;-0.4;0;0;29.1;952.5;8.2;-0.3;0;16.3;1.4;82;16;0;202.2;170;178;88;8769;68;9.6;0.3
SMA;01.09.1982 00:00;12.1;20.8;15.8;1.4;1.4;1.7;0;14.8;1;1.9;0;0;25.9;954.4;8.1;1.5;0;17.1;1.4;78;7;0;51.2;59;152;103;10461;106;2.5;1.1
SMA;01.10.1982 00:00;7;12.5;9.2;-0.8;-0.1;-1.3;0;10.3;0;-0.1;0;0;17.1;949;2.3;-3.4;0;313.7;1.9;106;14;0;107;126;72;84;4112;63;0;89.7
SMA;01.11.1982 00:00;3;9.4;5.8;0.9;0.5;1.8;2;7.9;0;0.4;0;0;20.1;952;-1.8;0.7;0;422;1.8;90;11;0;65.4;86;48;105;3827;105;0;190
SMA;01.12.1982 00:00;0.6;5.2;2.7;1;1.1;1.2;11;6.5;0;0.5;0;0;12.4;950.4;-4.8;-2.6;0;536.1;2.4;109;13;0;92.4;111;27;84;2172;77;0;288.1
SMA;01.01.1983 00:00;0.4;5.8;2.8;1.9;1.8;2.3;17;6.3;0;0.7;3;0;12;961.9;-4.1;8.4;0;532;2.8;122;15;0;83.2;132;45;109;4776;133;0;284
SMA;01.02.1983 00:00;-4.4;1.5;-1.6;-3.4;-3.2;-3.7;24;4.4;0;-1.2;13;0;12.2;951.1;-10.9;-1.3;0;605.2;2.5;109;10;0;55.8;93;77;104;4926;93;0;381.2
SMA;01.03.1983 00:00;2.1;9.7;5.5;-0.3;0.2;-0.5;10;7.1;0;0.5;0;0;16.8;952.2;-2.3;1;0;450.1;2;80;10;0;67.5;95;116;92;7222;84;0;202.1
SMA;01.04.1983 00:00;4.9;14;9;-0.6;-0.2;-0.8;0;8.5;0;0.7;0;0;23.4;945.5;0.5;-3.8;0;267.3;2.5;119;14;0;85.7;107;154;85;6003;56;0;99.3
SMA;01.05.1983 00:00;6.6;15;10.5;-3.1;-2.4;-3.8;0;10;0;-0.8;0;0;24.7;946.7;3.7;-4.3;0;226.1;2.2;105;14;0;143.7;112;173;81;7197;63;0;66.1
SMA;01.06.1983 00:00;12.4;21.9;16.8;-0.3;-0.2;-0.5;0;13.6;6;0;0;0;29.4;954.4;7.3;2;0;17.8;1.8;95;10;0;65.6;51;236;100;9655;78;15.9;1.8
SMA;01.07.1983 00:00;15.9;28.5;22;3;1.5;4.2;0;16.3;25;1.2;0;2;35.8;953.5;9.8;0.8;12;0;1.6;84;5;2;36.7;29;284;121;17292;126;119;0
SMA;01.08.1983 00:00;13.8;23.4;18.1;-0.5;-0.5;-0.5;0;15.3;13;-0.2;0;0;28.9;953.1;9.9;0.3;0;8.2;1.6;94;9;0;56.2;47;194;96;10339;80;24.5;0.2
SMA;01.09.1983 00:00;10.4;19.5;14.4;0;-0.3;0.4;0;12.8;0;-0.1;0;0;24;953.7;7.3;0.8;0;56;1.9;106;13;0;116.6;133;150;102;9702;99;0;8
SMA;01.10.1983 00:00;6.6;13.7;9.7;-0.3;-0.5;-0.1;0;10.1;0;-0.3;0;0;23;957.6;0.5;5.2;0;268.5;1.8;100;9;0;35.8;42;93;109;7171;110;0;92.5
SMA;01.11.1983 00:00;0.7;5.9;3;-1.9;-1.8;-1.7;13;6.9;0;-0.6;3;0;14.9;952.9;-5.4;1.6;0;510.8;2;100;5;0;92.7;122;44;96;2933;81;0;270.8
SMA;01.12.1983 00:00;-1.6;4;0.9;-0.8;-1.1;0;17;5.7;0;-0.3;9;0;13.9;952.6;-7.6;-0.4;0;590.6;1.8;82;8;0;36.4;44;38;118;4302;152;0;342.6
SMA;01.01.1984 00:00;-1.6;3.6;0.8;-0.1;-0.2;0.1;26;5.4;0;-0.2;4;0;11.9;948.8;-7.6;-4.7;0;595.5;3;130;18;0;96.2;153;38;92;2686;75;0;347.5
SMA;01.02.1984 00:00;-2.6;1.8;-0.6;-2.4;-1.4;-3.4;21;5;0;-0.6;9;0;9.3;952.8;-9.9;0.4;0;597.9;2.6;113;12;0;62.4;103;64;86;3304;62;0;365.9
SMA;01.03.1984 00:00;-1.3;6.9;2.4;-3.4;-3.2;-3.3;22;5.4;0;-1.2;1;0;15.8;948.5;-5.8;-2.7;0;546.5;1.9;76;9;0;25;35;135;107;9189;107;0;298.5
SMA;01.04.1984 00:00;2.8;12;7.1;-2.5;-2.3;-2.8;5;7;0;-0.8;0;0;23.4;951.5;-1.5;2.2;0;350.9;1.8;86;8;0;70.8;88;183;101;10162;95;0;158.9
SMA;01.05.1984 00:00;6.1;14.5;9.8;-3.8;-2.9;-4.3;0;9.3;0;-1.5;0;0;21.1;943.9;1.4;-7.1;0;264.9;2.2;105;13;0;87.6;68;168;79;5808;50;0;72.9
SMA;01.06.1984 00:00;10.1;20.5;15.1;-2;-2.5;-1.9;0;11.9;5;-1.7;0;0;26.7;952.2;6.1;-0.2;0;47.8;2.2;116;7;0;84.6;66;232;98;10836;87;3.6;7.8
SMA;01.07.1984 00:00;12.8;23.9;17.8;-1.2;-1.6;-0.4;0;13.7;13;-1.4;0;0;34.7;954.3;7.9;1.6;5;8.1;1.9;100;9;0;63.1;50;254;108;14487;105;41.3;0.1
SMA;01.08.1984 00:00;13;22.1;16.8;-1.8;-1.3;-1.8;0;14.3;5;-1.2;0;0;30.2;953.1;10.9;0.3;1;0;1.7;100;6;0;77.7;65;185;92;10378;80;6.8;0
SMA;01.09.1984 00:00;9.8;17;12.6;-1.8;-0.9;-2.1;0;12.1;4;-0.8;0;0;27.5;948.5;5.8;-4.4;0;159.2;2.3;128;15;0;229;262;119;81;6803;69;6.2;31.2
SMA;01.10.1984 00:00;7.2;14.4;10.1;0.1;0.1;0.6;0;10.3;0;-0.1;0;0;19.5;954.1;2.3;1.7;0;244.1;1.8;100;6;0;69.7;82;93;109;6995;107;0;68.1
SMA;01.11.1984 00:00;3.6;9;5.7;0.8;1.1;1.4;1;8;0;0.5;0;0;18.1;946.9;-2.5;-4.4;0;415.4;1.9;95;7;0;67.7;89;48;105;3565;98;0;191.4
SMA;01.12.1984 00:00;0.3;3.8;1.7;0;0.8;-0.2;13;6.2;0;0.2;3;0;10.2;956.8;-6.5;3.8;0;568.1;1.4;64;6;0;60.1;72;31;97;2672;95;0;320.1
SMA;01.01.1985 00:00;-7.9;-2.6;-5.4;-6.3;-6.5;-6.1;27;4;0;-1.6;17;0;7.4;945.9;-19.6;-7.6;0;788;1.8;78;13;0;77.6;123;43;104;1951;54;0;540
SMA;01.02.1985 00:00;-3.8;3.5;-0.6;-2.4;-2.6;-1.7;18;5.1;0;-0.5;9;0;9.5;953.7;-13.2;1.3;0;577.8;2.4;104;11;0;65;108;80;108;5462;103;0;353.8
SMA;01.03.1985 00:00;0.3;6.8;3;-2.8;-1.6;-3.4;15;5.8;0;-0.8;1;0;15.2;948.3;-6.5;-2.9;0;526.1;2.4;96;7;0;41.5;58;110;87;5519;64;0;278.1
SMA;01.04.1985 00:00;4.2;13.1;8.5;-1.1;-0.9;-1.7;1;7.4;0;-0.4;0;0;22.4;948.4;-0.8;-0.9;0;301.4;3;143;14;0;106.9;133;174;96;9423;88;0;117.4
SMA;01.05.1985 00:00;8.5;17.4;12.6;-1;-0.5;-1.4;0;11;3;0.2;0;0;26.4;946.6;0;-4.4;0;124.6;2.1;100;11;0;127.9;100;191;90;8750;76;1.1;36.6
SMA;01.06.1985 00:00;9.6;19.2;14.1;-3;-3;-3.2;0;11.7;3;-1.9;0;0;26.9;951.2;4.8;-1.2;0;65.4;2.5;132;16;0;128.3;101;225;95;10230;82;3.7;9.4
SMA;01.07.1985 00:00;14.4;24.5;19.1;0.1;0;0.2;0;15.4;15;0.3;0;0;32.2;953.6;11.2;0.9;3;0;1.9;100;9;0;62.3;49;247;105;14598;106;42.4;0
SMA;01.08.1985 00:00;12.1;22.9;17.2;-1.4;-2.2;-1;0;13.7;12;-1.8;0;0;31.6;953.2;7.2;0.4;1;35.7;1.8;106;10;0;93.8;79;215;106;14194;110;27.4;3.7
SMA;01.09.1985 00:00;10.8;21;15.4;1;0.1;1.9;0;13.1;3;0.2;0;0;25.8;957;6.2;4.1;0;35;1.5;83;4;0;44.9;51;172;117;13139;133;0.8;3
SMA;01.10.1985 00:00;6.2;13.8;9.5;-0.5;-0.9;0;0;9.8;0;-0.6;0;0;24.6;958.5;0.1;6.1;0;288.9;1.4;78;3;0;7.1;8;94;110;8007;123;0;112.9
SMA;01.11.1985 00:00;-1;3.5;1.2;-3.7;-3.5;-4.1;20;5.7;0;-1.8;12;0;18.3;948.7;-5.7;-2.6;0;556.8;2.1;105;14;0;134.9;177;37;81;1979;54;0;324.8
SMA;01.12.1985 00:00;0.8;6.8;3.6;1.9;1.3;2.8;12;6.3;0;0.3;1;0;14.4;953.4;-5.4;0.4;0;508.7;1.7;77;7;0;69.4;83;44;137;5319;188;0;260.7
SMA;01.01.1986 00:00;-1.6;3.7;0.9;0;-0.2;0.2;20;5.3;0;-0.3;6;0;12.2;946.2;-8.6;-7.3;0;591.7;3.5;152;20;0;143.1;227;39;94;3048;85;0;343.7
SMA;01.02.1986 00:00;-7.5;-2.8;-5.2;-7;-6.3;-8;28;3.6;0;-2;21;0;3.8;944.4;-15.4;-8;0;706.4;2;87;6;0;54.3;90;68;92;2311;43;0;482.4
SMA;01.03.1986 00:00;-0.1;7.7;3.5;-2.3;-2;-2.5;14;5.9;0;-0.7;2;0;16.4;950.4;-8.1;-0.8;0;512.6;2.5;100;12;0;73.5;103;120;95;7586;88;0;264.6
SMA;01.04.1986 00:00;2.8;9.7;6;-3.6;-2.3;-5.1;4;7.3;0;-0.5;1;0;20.7;944.7;-4.2;-4.6;0;411.2;2.2;105;18;0;179.9;224;118;65;4645;44;0;179.2
SMA;01.05.1986 00:00;9.6;19.3;14.1;0.5;0.6;0.5;0;12.1;3;1.3;0;0;27.3;953.5;3.7;2.5;0;75;1.7;81;15;0;150.7;118;183;86;9163;80;2.4;19
SMA;01.06.1986 00:00;11;21;15.8;-1.3;-1.6;-1.4;0;12.8;14;-0.8;0;0;29.3;952.2;3.5;-0.2;0;91.7;2;105;10;0;99;78;233;98;13412;108;29.1;27.7
SMA;01.07.1986 00:00;12.6;22.7;17.4;-1.6;-1.8;-1.6;0;13.6;13;-1.5;0;0;29.3;953.9;8.6;1.2;0;0;1.8;95;10;0;119.4;95;230;98;13816;100;31.9;0
SMA;01.08.1986 00:00;12.6;21.8;16.9;-1.7;-1.7;-2.1;0;14.5;11;-1;0;0;32.3;951.8;6.8;-1;1;45.6;1.6;94;15;0;159.7;134;193;95;11682;90;27.5;5.6
SMA;01.09.1986 00:00;9.4;18.4;13.6;-0.8;-1.3;-0.7;0;12;1;-0.9;0;0;26.2;955.6;4.5;2.7;0;98.4;1.7;94;5;0;29.3;34;154;105;10144;103;3;10.4
SMA;01.10.1986 00:00;7.5;15.3;10.7;0.7;0.4;1.5;0;10.6;0;0.2;0;0;22.2;955.4;0.6;3;0;201;2.1;117;7;0;74.4;87;93;109;7862;121;0;65
SMA;01.11.1986 00:00;2.4;9;5.4;0.5;-0.1;1.4;6;7.3;0;-0.2;1;0;14.3;957.6;-4.1;6.3;0;439.5;1.5;75;8;0;38.1;50;60;132;6618;182;0;199.5
SMA;01.12.1986 00:00;-0.8;3.9;1.6;-0.1;-0.3;-0.1;17;5.9;0;-0.1;4;0;9;955.3;-9.5;2.3;0;570.8;2.9;132;14;0;82.9;99;31;97;2577;91;0;322.8
SMA;01.01.1987 00:00;-6.7;-2.1;-4.3;-5.2;-5.3;-5.6;29;4.1;0;-1.5;20;0;10.7;951.3;-20.9;-2.2;0;752.3;2.3;100;11;0;48.7;77;34;82;2624;73;0;504.3
SMA;01.02.1987 00:00;-1.3;2.6;0.6;-1.2;-0.1;-2.6;16;5.8;0;0.2;6;0;11.3;948.6;-8.9;-3.8;0;543.7;1.5;65;11;0;84.2;140;39;53;1341;25;0;319.7
SMA;01.03.1987 00:00;-2.6;4.8;1;-4.8;-4.5;-5.4;22;5.2;0;-1.4;5;0;14.7;951;-10.5;-0.2;0;588.6;2.8;112;15;0;63.6;89;117;93;6474;75;0;340.6
SMA;01.04.1987 00:00;4.7;15.7;9.9;0.3;-0.4;0.9;2;7.8;1;0;0;0;25.2;952.3;-2;3;0;247.6;2;95;9;0;75.1;93;191;106;11580;109;0;87.6
SMA;01.05.1987 00:00;5.7;14.7;9.8;-3.8;-3.3;-4.1;0;8.8;0;-2;0;0;23.8;950.1;1.8;-0.9;0;264.8;2.3;110;19;0;148.2;116;172;81;7623;66;0;88.8
SMA;01.06.1987 00:00;10.2;18.9;14;-3.1;-2.4;-3.5;0;12.4;4;-1.2;0;0;30.8;951.7;5.5;-0.7;2;115.9;2.1;111;19;0;232.2;182;180;76;7462;60;11.8;19.9
SMA;01.07.1987 00:00;13.9;22.8;18;-1;-0.5;-1.5;0;15.5;12;0.4;0;0;28.8;951.9;9.4;-0.8;0;0;1.9;100;13;0;133.1;106;209;89;9696;70;33.2;0
SMA;01.08.1987 00:00;12.7;21.9;16.9;-1.7;-1.6;-2;0;14.4;9;-1.1;0;0;29.2;952.3;8.2;-0.5;0;17.3;1.9;112;10;0;115.9;97;187;93;11319;87;21;1.3
SMA;01.09.1987 00:00;12.8;21.6;16.7;2.3;2.1;2.5;0;14.5;10;1.6;0;0;28.3;954.2;3.2;1.3;0;47.1;1.6;89;7;0;168.2;192;162;110;11310;115;22.8;15.1
SMA;01.10.1987 00:00;7.3;13.3;10;0;0.2;-0.5;0;10.4;0;0;0;0;23;950.7;2.6;-1.7;0;270.2;1.9;106;8;0;34.6;41;76;89;4867;75;0;70.2
SMA;01.11.1987 00:00;2.9;7.8;5;0.1;0.4;0.2;2;7.5;0;0;0;0;15.6;951.1;-1;-0.2;0;449.8;2.2;110;12;0;60.7;80;41;90;2526;69;0;209.8
SMA;01.12.1987 00:00;-0.1;4.7;2.3;0.6;0.4;0.7;13;6.5;0;0.5;6;0;12.1;955;-6.8;2;0;548.7;1.7;77;7;0;50.7;61;29;90;2863;101;0;300.7
SMA;01.01.1988 00:00;1;6.1;3.4;2.5;2.4;2.6;12;6.4;0;0.8;0;0;12.9;947.9;-3.3;-5.6;0;514.3;2.6;113;14;0;53.9;86;38;92;3048;85;0;266.3
SMA;01.02.1988 00:00;-1.1;4.9;1.7;-0.1;0.1;-0.3;22;5.3;0;-0.3;2;0;10.1;949.4;-4.7;-3;0;531.8;3.1;135;13;0;57.7;96;72;97;5256;99;0;299.8
SMA;01.03.1988 00:00;0.9;6.3;3.4;-2.4;-1;-3.9;9;6.4;0;-0.2;0;0;14.7;948.2;-6.5;-3;0;516.1;3.6;144;21;0;190.2;267;84;67;3477;40;0;268.1
SMA;01.04.1988 00:00;4.7;14.1;9.3;-0.3;-0.4;-0.7;1;8.3;0;0.5;0;0;22.4;948.9;-0.6;-0.4;0;298;1.9;90;9;0;75.8;94;172;95;9612;90;0;90
SMA;01.05.1988 00:00;9.8;19.6;14.2;0.6;0.8;0.8;0;11.6;1;0.8;0;0;25.6;948;3.9;-3;0;71.6;2.1;100;13;0;125;98;208;98;10156;88;0.1;7.6
SMA;01.06.1988 00:00;10.9;20.6;15.4;-1.7;-1.7;-1.8;0;12.8;1;-0.8;0;0;25.1;950;6.5;-2.4;0;42.7;1.7;89;10;0;168.4;132;227;96;10629;85;1.3;10.7
SMA;01.07.1988 00:00;12.8;23.4;17.7;-1.3;-1.6;-0.9;0;14.3;9;-0.8;0;0;31.6;952.3;9;-0.4;1;0;1.9;100;18;0;166.4;132;240;102;13903;101;24.2;0
SMA;01.08.1988 00:00;13.3;23;17.7;-0.9;-1;-0.9;0;15.6;13;0.1;0;0;29.8;951.6;9.4;-1.2;0;8.6;1.8;106;15;0;220.1;185;194;96;12172;94;39.8;0.6
SMA;01.09.1988 00:00;10.3;18.2;13.9;-0.5;-0.4;-0.9;0;12.5;0;-0.4;0;0;23.8;954.5;5.6;1.6;0;73.8;2.1;117;9;0;69.9;80;137;93;8518;87;1.8;17.8
SMA;01.10.1988 00:00;7.8;14.2;10.7;0.7;0.7;0.4;0;11.2;0;0.8;0;0;20.6;953;0;0.6;0;228.7;2;111;12;0;113.4;133;72;84;4985;76;0;52.7
SMA;01.11.1988 00:00;0.3;5.5;2.9;-2;-2.2;-2.1;14;6.7;0;-0.8;3;0;14.7;956.2;-9;4.9;0;512.7;1.4;70;8;0;56.2;74;46;101;3940;108;0;272.7
SMA;01.12.1988 00:00;0.7;4.5;2.7;1;1.2;0.5;12;6.6;0;0.6;3;0;11.2;958.2;-5.8;5.2;0;535.7;2.4;109;13;0;117.6;141;23;72;1817;64;0;287.7
SMA;01.01.1989 00:00;-1.1;3.1;1;0.1;0.3;-0.4;18;5.9;0;0.3;4;0;8.6;965.2;-4.5;11.7;0;590.1;1.3;57;2;0;7;11;39;94;3493;97;0;342.1
SMA;01.02.1989 00:00;0.4;6.3;3;1.2;1.6;1.1;11;6.4;0;0.8;0;0;14.1;954.6;-3.8;2.2;0;476;2.2;96;12;0;70;116;63;85;4632;87;0;252
SMA;01.03.1989 00:00;3.9;13.2;8.3;2.5;2;3;1;7.3;0;0.7;0;0;23.2;951.7;-0.2;0.5;0;337.7;2.6;104;10;0;47.6;67;136;108;11010;128;0;129.7
SMA;01.04.1989 00:00;4.2;11.4;7.1;-2.5;-0.9;-3.4;0;7.8;0;0;0;0;18.6;943.8;1;-5.5;0;377.7;2.3;110;17;0;118.3;147;123;68;5161;48;0;145.7
SMA;01.05.1989 00:00;8.6;20.2;14.2;0.6;-0.4;1.4;0;10.2;2;-0.6;0;0;25.4;954;1.5;3;0;89.3;2.3;110;9;0;49;38;250;118;15899;138;0;17.3
SMA;01.06.1989 00:00;10.4;20.8;15.1;-2;-2.2;-1.6;0;11.4;5;-2.2;0;0;27.7;952.4;5.3;0;0;76.8;2;105;13;0;77.8;61;253;107;13659;110;6.9;12.8
SMA;01.07.1989 00:00;13.9;23.6;18.2;-0.8;-0.5;-0.7;0;15.3;9;0.2;0;0;29.6;954.7;9;2;0;0;1.7;89;14;0;198.2;157;212;90;10117;73;28.2;0
SMA;01.08.1989 00:00;13.2;22.9;17.4;-1.2;-1.1;-1;0;14.9;9;-0.6;0;0;30.8;951.8;6.1;-1;1;34.8;1.6;94;13;0;117.2;98;203;100;13141;102;25.4;2.8
SMA;01.09.1989 00:00;10.3;18.7;13.9;-0.5;-0.4;-0.4;0;12.9;1;0;0;0;25.7;954.2;3.9;1.3;0;78.3;1.6;89;10;0;72.9;83;134;91;8697;88;0.6;14.3
SMA;01.10.1989 00:00;6.8;15.6;10.3;0.3;-0.3;1.8;0;10.1;0;-0.3;0;0;20.2;956;2.2;3.6;0;239.2;1.6;89;9;0;102.2;120;99;116;9657;148;0;63.2
SMA;01.11.1989 00:00;0.2;5.7;2.4;-2.5;-2.3;-1.9;13;6.6;0;-0.9;2;0;17.2;951.8;-8.5;0.5;0;512.1;1.5;75;6;0;30.7;40;49;107;4589;126;0;288.1
SMA;01.12.1989 00:00;0.3;4.8;2.3;0.6;0.8;0.8;19;6;0;0;13;0;16.3;950.3;-4.7;-2.7;0;542.6;2.2;100;11;0;59.2;71;30;93;2580;91;0;302.6
SMA;01.01.1990 00:00;-1.5;3.8;0.6;-0.3;-0.1;0.3;19;5.5;0;-0.1;8;0;12.9;957.9;-5.8;4.4;0;600.6;1.6;70;8;0;33.7;53;45;109;4357;122;0;352.6
SMA;01.02.1990 00:00;2.5;11.2;6.5;4.7;3.7;6;2;7;0;1.4;0;0;17.7;952.1;-1.2;-0.3;0;379.4;3.4;148;12;0;153.2;254;81;109;7652;144;0;155.4
SMA;01.03.1990 00:00;3.6;12.2;7.4;1.6;1.7;2;5;7.2;0;0.6;0;0;23.1;961.2;-2.9;10;0;382;2.1;84;8;0;46.6;65;125;99;9503;110;0;150
SMA;01.04.1990 00:00;3.7;11.5;7;-2.6;-1.4;-3.3;0;7.4;0;-0.4;0;0;19.7;948.5;0.5;-0.8;0;375.2;2.2;105;12;0;67.7;84;142;79;6486;61;0;151.2
SMA;01.05.1990 00:00;9.8;20.7;14.6;1;0.8;1.9;0;11.1;0;0.3;0;0;24.3;953.3;4.5;2.3;0;42.8;1.8;86;10;0;92;72;244;115;13778;120;0;2.8
SMA;01.06.1990 00:00;11.1;20.2;15;-2.1;-1.5;-2.2;0;13;6;-0.6;0;0;29.2;950.7;7.6;-1.7;0;62.8;1.9;100;20;0;205.5;161;204;86;9604;77;12;6.8
SMA;01.07.1990 00:00;13;24.2;18.2;-0.8;-1.4;-0.1;0;13.2;15;-1.9;0;0;32.8;954.3;8.6;1.6;3;0;2.2;116;7;0;82.9;66;252;107;15328;111;42.3;0
SMA;01.08.1990 00:00;13.8;25.1;18.8;0.2;-0.5;1.2;0;14.2;16;-1.3;0;0;31.4;954.9;9.7;2.1;4;0;1.8;106;6;0;49.8;42;221;109;15241;118;45;0
SMA;01.09.1990 00:00;9.3;18.4;13.2;-1.2;-1.4;-0.7;0;11.4;0;-1.5;0;0;23.3;953.2;5.2;0.3;0;79.1;2.2;122;10;0;128.3;147;148;101;9475;96;0;7.1
SMA;01.10.1990 00:00;7.8;15.7;11;1;0.7;1.9;0;11.2;0;0.8;0;0;24.6;949.2;0.2;-3.2;0;215.3;1.8;100;11;0;117.7;138;89;104;6941;106;0;63.3
SMA;01.11.1990 00:00;2.1;6.8;4.2;-0.7;-0.4;-0.8;11;7.2;0;-0.3;0;0;15.1;949.2;-2.1;-2.1;0;474.7;2.7;135;15;0;140.9;185;38;83;2499;69;0;234.7
SMA;01.12.1990 00:00;-1.9;2.1;-0.1;-1.8;-1.4;-1.9;24;5.2;0;-0.8;9;0;11.9;951.7;-7.3;-1.3;0;622.4;2.1;95;11;0;69.9;84;33;103;2971;105;0;374.4
SMA;01.01.1991 00:00;-1.2;2.9;0.8;-0.1;0.2;-0.6;17;5.6;0;0;11;0;13.5;958;-6.8;4.5;0;595.1;2.4;104;10;0;59.4;94;31;75;2172;61;0;347.1
SMA;01.02.1991 00:00;-4.4;2.7;-1.1;-2.9;-3.2;-2.5;22;4.8;0;-0.8;11;0;15.5;950.7;-13.1;-1.7;0;591.4;1.8;78;6;0;19;32;84;114;5768;109;0;367.4
SMA;01.03.1991 00:00;3.9;10.8;7.1;1.3;2;0.6;4;8;0;1.4;0;0;18.8;948.3;-3.1;-2.9;0;378.6;1.9;76;8;0;63.7;89;94;74;4775;55;0;154.6
SMA;01.04.1991 00:00;3.2;12.7;7.6;-2;-1.9;-2.1;7;6.8;0;-1;0;0;19.3;950.2;-1.7;0.9;0;364.8;2;95;10;0;62.6;78;179;99;10440;98;0;132.8
SMA;01.05.1991 00:00;5.2;14.2;9.6;-4;-3.8;-4.6;0;8.3;0;-2.5;0;0;23.9;952.9;0.8;1.9;0;280.5;1.9;90;12;0;138.9;108;195;92;9985;87;0;96.5
SMA;01.06.1991 00:00;10.5;19.4;14.6;-2.5;-2.1;-3;0;12.3;5;-1.3;0;0;27.9;951;6.6;-1.4;0;89.5;2.1;111;18;0;209.8;164;206;87;9571;77;8.8;9.5
SMA;01.07.1991 00:00;14.8;25.2;19.7;0.7;0.4;0.9;0;15.8;18;0.7;0;0;31.3;952.4;11.1;-0.3;3;0;2.1;111;10;0;48.7;39;252;107;15551;113;62.2;0
SMA;01.08.1991 00:00;14.4;25.7;19.8;1.2;0.1;1.8;0;14.8;20;-0.7;0;0;33.1;954.8;9.6;2;3;0;1.8;106;4;0;26.9;23;231;114;16190;125;54.9;0
SMA;01.09.1991 00:00;12.1;21.6;16.4;2;1.4;2.5;0;13.2;10;0.3;0;0;27.9;952.4;7;-0.5;0;36.2;1.6;89;6;0;83.5;96;152;103;10889;111;8.3;4.2
SMA;01.10.1991 00:00;5.5;12.2;8.5;-1.5;-1.6;-1.6;3;9.5;0;-0.9;0;0;19.5;952;-2;-0.4;0;299;2;111;6;0;31.6;37;90;105;6507;100;0;115
SMA;01.11.1991 00:00;1.6;6.4;3.9;-1;-0.9;-1.2;9;6.8;0;-0.7;0;0;16.6;950.3;-1.7;-1;0;482.7;2.3;115;12;0;128.5;169;36;79;2347;64;0;242.7
SMA;01.12.1991 00:00;-2.7;1.9;-0.5;-2.2;-2.2;-2.1;27;5.2;0;-0.8;12;0;10.1;961.9;-7.7;8.9;0;635;2.7;123;8;0;51.5;62;31;97;2737;97;0;387
SMA;01.01.1992 00:00;-3.2;2;-0.8;-1.7;-1.8;-1.5;26;4.8;0;-0.8;9;0;9.9;962.3;-10.3;8.8;0;643.9;1.4;61;3;0;16.2;26;48;116;4646;130;0;395.9
SMA;01.02.1992 00:00;-1.5;5.5;1.7;-0.1;-0.3;0.3;14;5.7;0;0.1;3;0;12.5;959.5;-10.4;7.1;0;530.6;2.1;91;9;0;56.9;94;79;107;6108;115;0;298.6
SMA;01.03.1992 00:00;2.3;10.3;6.1;0.3;0.4;0.1;3;6.8;0;0.2;0;0;16.1;951;-0.9;-0.2;0;432.1;3.1;124;12;0;90.5;127;109;86;6489;75;0;184.1
SMA;01.04.1992 00:00;3.8;13;8.2;-1.4;-1.3;-1.8;1;7.4;1;-0.4;0;0;25.8;948.3;-0.1;-1;0;330.8;2.5;119;14;0;88.7;110;163;90;8455;79;0;130.8
SMA;01.05.1992 00:00;9.7;20.2;14.7;1.1;0.7;1.4;0;10.6;4;-0.2;0;0;27.3;952.9;3.9;1.9;0;62.7;2.1;100;8;0;29.6;23;231;109;12862;112;5;14.7
SMA;01.06.1992 00:00;11.5;20.7;15.6;-1.5;-1.1;-1.7;0;13.1;4;-0.5;0;0;27.9;948.9;7.3;-3.5;0;18.2;2.1;111;13;0;114.4;90;210;89;9462;76;7;2.2
SMA;01.07.1992 00:00;14.4;23.9;18.8;-0.2;0;-0.4;0;15.8;12;0.7;0;0;31.3;953.4;11.4;0.7;3;0;1.8;95;11;0;104.4;83;217;92;11331;82;51.5;0
SMA;01.08.1992 00:00;15.7;26.6;20.7;2.1;1.4;2.7;0;16.2;19;0.7;0;1;32.5;952.1;9.5;-0.7;11;0;1.8;106;9;0;91.8;77;217;107;14466;112;87.9;0
SMA;01.09.1992 00:00;10.7;19;14.4;0;0;-0.1;0;13;1;0.1;0;0;26.6;954.9;5;2;0;48.1;1.8;100;11;0;60.7;69;143;97;9661;98;0;8.1
SMA;01.10.1992 00:00;5.3;10.4;7.7;-2.3;-1.8;-3.4;1;9.1;0;-1.3;0;0;18.4;944.7;-0.8;-7.7;0;360.8;2.8;156;15;0;167;196;54;63;2220;34;0;136.8
SMA;01.11.1992 00:00;3.8;9;6.3;1.4;1.3;1.4;1;8.5;0;1;0;0;16.1;953.4;-0.5;2.1;0;409.5;2.9;145;18;0;174.1;229;33;72;2082;57;0;169.5
SMA;01.12.1992 00:00;-1.3;2.4;0.6;-1.1;-0.8;-1.6;23;5.8;0;-0.2;9;0;10.2;953.6;-5.9;0.6;0;601.1;1.6;73;9;0;84.2;101;24;75;1629;58;0;353.1
SMA;01.01.1993 00:00;0.4;6.6;3.5;2.6;1.8;3.1;11;6.4;0;0.8;4;0;16.6;960.4;-11.4;6.9;0;512.2;2.9;126;7;0;24.4;39;47;114;4824;135;0;264.2
SMA;01.02.1993 00:00;-2.7;2.6;-0.4;-2.2;-1.5;-2.6;24;5.1;0;-0.5;6;0;10.4;960.4;-9.9;8;0;571.3;1.7;74;5;0;23.6;39;73;99;5073;95;0;347.3
SMA;01.03.1993 00:00;0.2;9;4.3;-1.5;-1.7;-1.2;17;5.9;0;-0.7;2;0;19.8;955;-8.5;3.8;0;478.3;1.7;68;9;0;49.8;70;140;111;10314;120;0;238.3
SMA;01.04.1993 00:00;6.1;15.7;10.6;1;1;0.9;0;8.2;1;0.4;0;0;26.8;946.9;0.2;-2.4;0;230.4;2.2;105;13;0;78.7;98;179;99;10282;97;0.6;86.4
SMA;01.05.1993 00:00;9.9;20;14.5;0.9;0.9;1.2;0;11.6;2;0.8;0;0;28.8;949.2;5.4;-1.8;0;56.6;1.7;81;10;0;131;102;223;105;11248;98;5;8.6
SMA;01.06.1993 00:00;12.1;21.9;16.8;-0.3;-0.5;-0.5;0;13.6;6;0;0;0;29;952.3;8.1;-0.1;0;8.4;2.1;111;12;0;128.9;101;229;97;11177;90;19.2;0.4
SMA;01.07.1993 00:00;12.5;21.6;16.7;-2.3;-1.9;-2.7;0;14.5;10;-0.6;0;0;30.8;953.8;7.3;1.1;1;29.6;1.8;95;15;0;284.9;226;202;86;9920;72;24.6;5.6
SMA;01.08.1993 00:00;13;22.7;17.5;-1.1;-1.3;-1.2;0;15.2;13;-0.3;0;0;30.3;954.3;6.6;1.5;1;44.6;1.9;112;12;0;119.9;101;200;99;12592;97;35;4.6
SMA;01.09.1993 00:00;9.7;17.3;13;-1.4;-1;-1.8;0;12.4;1;-0.5;0;0;27.2;948.7;5;-4.2;0;98.4;1.9;106;14;0;72.4;83;131;89;7487;76;0;18.4
SMA;01.10.1993 00:00;5.6;10.6;7.9;-2.1;-1.5;-3.2;0;9.4;0;-1;0;0;18.9;949.3;0.2;-3.1;0;353.9;1.8;100;11;0;98.1;115;59;69;3120;48;0;129.9
SMA;01.11.1993 00:00;-0.7;3.1;1;-3.9;-3.2;-4.5;15;6.1;0;-1.4;12;0;12.8;953.4;-7;2.1;0;568.9;1.9;95;5;0;52.2;69;33;72;1920;53;0;328.9
SMA;01.12.1993 00:00;1.1;6.8;3.9;2.2;1.6;2.8;10;6.5;0;0.5;3;0;16.3;948.2;-5;-4.8;0;491.3;3;136;17;0;109.7;132;31;97;2198;78;0;251.3
SMA;01.01.1994 00:00;0.1;5.3;2.5;1.6;1.5;1.8;12;6.1;0;0.5;5;0;13.6;950.9;-7.1;-2.6;0;541.9;2.2;96;14;0;104.4;166;40;97;3440;96;0;293.9
SMA;01.02.1994 00:00;-0.5;5;2.1;0.3;0.7;-0.2;12;5.8;0;0.2;4;0;13.1;948.6;-7.3;-3.8;0;501.2;2;87;8;0;42.1;70;57;77;2752;52;0;277.2
SMA;01.03.1994 00:00;5.4;13.1;9.1;3.3;3.5;2.9;1;8.1;0;1.5;0;0;21.2;955;-0.3;3.8;0;308.6;3.6;144;13;0;80.6;113;113;90;6657;77;0;100.6
SMA;01.04.1994 00:00;3.5;11.5;7.2;-2.4;-1.6;-3.3;1;7.7;0;-0.1;0;0;23.8;947;-0.5;-2.3;0;357.6;2.5;119;15;0;100.2;125;142;79;6951;65;0;157.6
SMA;01.05.1994 00:00;8.9;17.6;12.9;-0.7;-0.1;-1.2;0;11.6;0;0.8;0;0;23.5;948.8;4.9;-2.2;0;110.2;2;95;16;0;234.2;183;172;81;7452;65;0;14.2
SMA;01.06.1994 00:00;11.9;22;16.8;-0.3;-0.7;-0.4;0;13.7;13;0.1;0;0;28.9;954.5;5.8;2.1;0;68.9;2.2;116;12;0;84.4;66;224;95;11580;93;32;12.9
SMA;01.07.1994 00:00;16.4;27.3;21.4;2.4;2;3;0;16.8;24;1.7;0;0;32.9;953.2;12.6;0.5;6;0;1.7;89;8;0;43.3;34;247;105;15262;111;102.3;0
SMA;01.08.1994 00:00;14.5;24.9;19.2;0.6;0.2;1;0;16.2;14;0.7;0;0;33.3;951.9;10;-0.9;5;0;1.8;106;16;0;127.4;107;199;98;12251;95;52;0
SMA;01.09.1994 00:00;10.5;17.4;13.7;-0.7;-0.2;-1.7;0;13.2;0;0.3;0;0;24.1;950.7;3.6;-2.2;0;75.7;2.1;117;15;0;98.2;112;118;80;6096;62;0.6;19.7
SMA;01.10.1994 00:00;6.1;13.6;9.3;-0.7;-1;-0.2;0;9.8;0;-0.6;0;0;21.1;952;0.4;-0.4;0;311.7;2.1;117;8;0;73.1;86;90;105;7491;115;0;95.7
SMA;01.11.1994 00:00;5.8;9.8;7.8;2.9;3.3;2.2;0;9.5;0;2;0;0;16.1;955.5;1.6;4.2;0;367.2;1.5;75;9;0;42.8;56;33;72;1644;45;0;127.2
SMA;01.12.1994 00:00;1.3;5.6;3.6;1.9;1.8;1.6;9;6.9;0;0.9;4;0;12.5;956.4;-4.2;3.4;0;509.1;2.5;114;15;0;141.2;169;29;90;2789;99;0;261.1
SMA;01.01.1995 00:00;-3.1;2.8;0;-0.9;-1.7;-0.7;22;5.2;0;-0.4;13;0;13.1;952.5;-10.9;-1;0;621.1;3.5;152;18;0;120.3;191;39;94;3046;85;0;373.1
SMA;01.02.1995 00:00;2.2;8.5;5.1;3.3;3.4;3.3;5;6.9;0;1.3;0;0;14.7;951.5;-1.3;-0.9;0;416.2;3;130;16;0;116.6;193;65;88;4447;84;0;192.2
SMA;01.03.1995 00:00;-0.3;7.9;3.7;-2.1;-2.2;-2.3;18;5.6;0;-1;0;0;16.9;950.2;-4.8;-1;0;506.5;3.3;132;15;0;113.7;160;125;99;8893;103;0;258.5
SMA;01.04.1995 00:00;4.9;13.3;8.9;-0.7;-0.2;-1.5;1;8.3;0;0.5;0;0;21.5;950.9;-0.1;1.6;0;293.1;2.2;105;10;0;89;111;157;87;7889;74;0;101.1
SMA;01.05.1995 00:00;8.2;18.1;12.9;-0.7;-0.8;-0.7;0;10.1;3;-0.7;0;0;25.7;950.9;0.3;-0.1;0;141.2;2.2;105;14;0;170.6;133;210;99;11039;96;0.5;37.2
SMA;01.06.1995 00:00;10.2;19;14.3;-2.8;-2.4;-3.4;0;12.2;5;-1.4;0;0;29.1;952;6.5;-0.4;0;112.6;1.9;100;14;0;163.2;128;206;87;9343;75;12.4;16.6
SMA;01.07.1995 00:00;15.7;26.2;20.5;1.5;1.3;1.9;0;16.8;21;1.7;0;0;32.7;952.1;12.7;-0.6;5;0;1.8;95;11;0;73.2;58;254;108;15115;110;77.2;0
SMA;01.08.1995 00:00;13.8;22.3;17.5;-1.1;-0.5;-1.6;0;15.2;8;-0.3;0;0;29.8;952.4;7.1;-0.4;0;40.6;2;118;15;0;176.6;148;183;91;10245;79;25.7;8.6
SMA;01.09.1995 00:00;8.6;16.3;11.9;-2.5;-2.1;-2.8;0;11.4;0;-1.5;0;0;21;949.8;2.9;-3.1;0;144.8;2;111;13;0;87.1;100;125;85;6859;70;0;24.8
SMA;01.10.1995 00:00;9.9;17;12.7;2.7;2.8;3.2;0;12.8;0;2.4;0;0;21.9;957.6;5.5;5.2;0;86.1;1.2;67;2;0;8.7;10;96;112;8154;125;0;22.1
SMA;01.11.1995 00:00;0.8;6.6;3.6;-1.3;-1.7;-1;13;6.9;0;-0.6;0;0;13.7;952.9;-5.6;1.6;0;492.2;1.8;90;8;0;58.9;77;47;103;4330;119;0;252.2
SMA;01.12.1995 00:00;-2;1.7;-0.3;-2;-1.5;-2.3;21;5.6;0;-0.4;14;0;12.9;949.2;-8.4;-3.8;0;628.1;2.1;95;14;0;145.4;174;24;75;970;34;0;380.1
SMA;01.01.1996 00:00;-2.1;1.2;-0.7;-1.6;-0.7;-2.3;25;5.4;0;-0.2;13;0;7.9;947.9;-6.8;-5.6;0;641.5;1.5;65;1;0;5.6;9;32;77;2138;60;0;393.5
SMA;01.02.1996 00:00;-3.8;2.2;-0.9;-2.7;-2.6;-3;25;4.7;0;-0.9;8;0;10.9;946.9;-9.7;-5.5;0;606.8;2.3;100;11;0;49;81;69;93;4646;87;0;374.8
SMA;01.03.1996 00:00;-0.6;7.6;2.9;-2.9;-2.5;-2.6;20;5.7;0;-0.9;1;0;19.6;949.1;-9;-2.1;0;523.5;2.1;84;6;0;36.1;51;135;107;9290;108;0;283.5
SMA;01.04.1996 00:00;4.9;14.4;9.3;-0.3;-0.2;-0.4;6;7.5;1;-0.3;0;0;25.2;950.3;-2.1;1;0;282.3;2;95;7;0;46.1;57;183;101;10034;94;0.1;106.3
SMA;01.05.1996 00:00;7.9;17;12.1;-1.5;-1.1;-1.8;0;10.7;3;-0.1;0;0;28.2;948.4;4.1;-2.6;0;168.4;2.1;100;15;0;139.5;109;183;86;8483;74;3.2;40.4
SMA;01.06.1996 00:00;12.4;22.3;17.1;0;-0.2;-0.1;0;13.1;9;-0.5;0;0;30.5;955;6.7;2.6;1;29.9;2.1;111;8;0;97.6;76;247;104;12709;102;30.6;5.9
SMA;01.07.1996 00:00;12.3;22.3;17.1;-1.9;-2.1;-2;0;13.5;10;-1.6;0;0;27.9;953.7;8.4;1;0;17.5;2.3;121;13;0;162.5;129;243;103;14163;103;18.6;1.5
SMA;01.08.1996 00:00;12.9;21.4;16.6;-2;-1.4;-2.5;0;14.9;6;-0.6;0;0;28.7;952.2;9.3;-0.6;0;0;1.8;106;16;0;117;98;180;89;9448;73;10.8;0
SMA;01.09.1996 00:00;7.2;15.1;10.8;-3.6;-3.5;-4;0;10.2;0;-2.7;0;0;21.5;950.5;4.1;-2.4;0;237.2;1.9;106;7;0;51.9;59;135;92;8072;82;0;45.2
SMA;01.10.1996 00:00;6.5;12.7;9.3;-0.7;-0.6;-1.1;0;10;0;-0.4;0;0;21;953.6;0.8;1.2;0;318.3;1.5;83;16;0;110.8;130;70;82;4819;74;0;86.3
SMA;01.11.1996 00:00;2.2;8;4.7;-0.2;-0.3;0.4;8;7.1;0;-0.4;0;0;19.6;947.7;-3.5;-3.6;0;458.7;2.8;140;14;0;116.3;153;46;101;3834;105;0;218.7
SMA;01.12.1996 00:00;-2.7;1.3;-0.8;-2.5;-2.2;-2.7;19;5.4;0;-0.6;10;0;10.2;947.2;-13;-5.8;0;643.7;1.6;73;11;0;71.3;85;28;87;1855;66;0;395.7
SMA;01.01.1997 00:00;-3.4;0;-1.9;-2.8;-2;-3.5;23;5;0;-0.6;19;0;7.4;954.8;-11.5;1.3;0;679.5;0.9;39;3;0;5.6;9;34;82;1222;34;0;431.5
SMA;01.02.1997 00:00;0.8;8.4;4.3;2.5;2;3.2;13;6.2;0;0.6;1;0;13.7;957.8;-3.8;5.4;0;440;3.2;139;10;0;89;148;79;107;6263;118;0;216
SMA;01.03.1997 00:00;3.6;12.4;7.6;1.8;1.7;2.2;2;7.5;0;0.9;0;0;18.5;958.6;-1.1;7.4;0;385.5;2.1;84;7;0;18.8;26;126;100;8237;95;0;137.5
SMA;01.04.1997 00:00;2.4;13.1;7.7;-1.9;-2.7;-1.7;8;6.3;0;-1.5;0;0;20.1;953.4;-2.6;4.1;0;356.4;2.6;124;13;0;87.8;109;207;115;13435;126;0;132.4
SMA;01.05.1997 00:00;8.2;19;13.3;-0.3;-0.8;0.2;0;9.9;3;-0.9;0;0;26.8;950.9;2.3;-0.1;0;88.4;2.5;119;7;0;48.5;38;241;113;13318;116;3.4;24.4
SMA;01.06.1997 00:00;11.5;20.4;15.5;-1.6;-1.1;-2;0;13.4;5;-0.2;0;0;28.3;947.4;6.3;-5;0;35.9;2.1;111;20;0;188.4;148;201;85;8265;66;9.1;3.9
SMA;01.07.1997 00:00;12.6;21.9;16.8;-2.2;-1.8;-2.4;0;14.4;6;-0.7;0;0;27.1;953.6;10.1;0.9;0;8.1;1.9;100;15;0;158.3;126;219;93;11014;80;10.2;0.1
SMA;01.08.1997 00:00;14.9;25.2;19.3;0.7;0.6;1.3;0;16.5;22;1;0;0;29.9;953.1;10.8;0.3;0;0;1.6;94;7;0;109.3;92;212;105;13855;107;53.5;0
SMA;01.09.1997 00:00;10.9;20.2;14.9;0.5;0.2;1.1;0;13.7;3;0.8;0;0;27.4;956.6;5.4;3.7;0;35.7;1.5;83;3;0;42.7;49;165;112;11995;122;6.4;3.7
SMA;01.10.1997 00:00;5.8;12.9;8.9;-1.1;-1.3;-0.9;6;9.6;0;-0.8;0;0;23.6;952.5;-4.4;0.1;0;308.2;2.3;128;7;0;76.2;89;93;109;7677;118;1.5;132.2
SMA;01.11.1997 00:00;2;7.5;4.5;-0.4;-0.5;-0.1;7;7.4;0;-0.1;0;0;20.1;945.3;-2.5;-6;0;455.9;1.4;70;7;0;31;41;48;105;3360;92;0;223.9
SMA;01.12.1997 00:00;0.3;4.6;2.4;0.7;0.8;0.6;15;6.3;0;0.3;4;0;12.7;948.7;-5.9;-4.3;0;546.6;2.5;114;12;0;130.3;156;29;90;2153;76;0;298.6
SMA;01.01.1998 00:00;-0.7;4.5;1.8;0.9;0.7;1;17;5.6;0;0;10;0;11.6;953;-6.1;-0.5;0;563.9;2.5;109;10;0;79.8;127;43;104;4588;128;0;315.9
SMA;01.02.1998 00:00;-0.4;8.5;3.6;1.8;0.8;3.3;10;6.1;0;0.5;3;0;16.3;960.3;-6.8;7.9;0;459.8;1.3;57;4;0;37.9;63;92;124;8320;157;0;235.8
SMA;01.03.1998 00:00;1.6;9.5;5.4;-0.4;-0.3;-0.7;10;6.2;0;-0.4;0;0;20.7;957.1;-4;5.9;0;428.6;2.3;92;10;0;67.8;95;118;94;6975;81;0;212.6
SMA;01.04.1998 00:00;4.8;13.5;8.5;-1.1;-0.3;-1.3;0;8;0;0.2;0;0;21.4;942.1;0.2;-7.2;0;289.8;2.1;100;17;0;66.2;82;160;89;7536;71;0;113.8
SMA;01.05.1998 00:00;9.4;20.4;14.6;1;0.4;1.6;0;10;5;-0.8;0;0;28.5;950.5;2.5;-0.5;0;66.3;2;95;5;0;17.8;14;250;118;14971;130;8.2;10.3
SMA;01.06.1998 00:00;12.7;22.7;17.2;0.1;0.1;0.3;0;13.2;10;-0.4;0;0;31.2;953;6.1;0.6;3;46.2;1.7;89;12;0;128.6;101;239;101;12558;101;31.5;6.2
SMA;01.07.1998 00:00;14.1;23.4;18.3;-0.7;-0.3;-0.9;0;14.6;10;-0.5;0;0;33.4;951.1;9.8;-1.6;3;0;2.1;111;12;0;101.3;80;211;90;10289;75;37.5;0
SMA;01.08.1998 00:00;13.6;23.9;18.4;-0.2;-0.7;0;0;14.1;13;-1.4;0;0;33.4;953.9;6.2;1.1;7;17.3;1.8;106;6;0;69.7;59;209;103;13638;105;53.6;1.3
SMA;01.09.1998 00:00;10.4;17.5;13.2;-1.2;-0.3;-1.6;0;12.6;2;-0.3;0;0;25.4;948.9;5.4;-4;0;107.2;2.1;117;16;0;170.2;195;116;79;5353;54;1;19.2
SMA;01.10.1998 00:00;7.3;13.1;9.9;-0.1;0.2;-0.7;0;9.8;0;-0.6;0;0;20.1;951.2;2.8;-1.2;0;289.6;3;167;15;0;150.2;176;69;81;3551;54;0;73.6
SMA;01.11.1998 00:00;-0.5;4.5;1.9;-3;-3;-3.1;15;6;0;-1.5;6;0;11.7;952.9;-10;1.6;0;542.5;2;100;13;0;121.7;160;50;110;4319;119;0;302.5
SMA;01.12.1998 00:00;-1.3;3.6;1.1;-0.6;-0.8;-0.4;21;5.5;0;-0.5;7;0;11.2;956.3;-7.8;3.3;0;585.6;1.9;86;6;0;32.6;39;38;118;4431;157;0;337.6
SMA;01.01.1999 00:00;-0.7;5.3;2;1.1;0.7;1.8;16;5.6;0;0;3;0;12.2;952;-8.9;-1.5;0;558.1;2.3;100;11;0;53.5;85;52;126;5881;164;0;310.1
SMA;01.02.1999 00:00;-3.1;2;-0.5;-2.3;-1.9;-3.2;22;5.2;0;-0.4;8;0;10;951.5;-11.6;-0.9;0;574.5;2.9;126;13;0;176.4;293;59;80;2861;54;0;350.5
SMA;01.03.1999 00:00;2.6;10.4;6;0.2;0.7;0.2;2;7;0;0.4;0;0;18.2;947.9;-1.9;-3.3;0;433.3;2.2;88;11;0;56.2;79;119;94;7417;86;0;185.3
SMA;01.04.1999 00:00;5.1;13.7;8.9;-0.7;0;-1.1;0;8.4;0;0.6;0;0;21.1;949.7;0.2;0.4;0;285.6;2.2;105;18;0;107.6;134;158;88;7791;73;0;101.6
SMA;01.05.1999 00:00;11;19.6;14.9;1.3;2;0.8;0;12.7;4;1.9;0;0;28.7;951.2;6.6;0.2;0;59.7;1.8;86;15;0;287;224;192;90;9910;86;11.5;3.7
SMA;01.06.1999 00:00;10.7;20.2;15;-2.1;-1.9;-2.2;0;12.8;3;-0.8;0;0;28.4;953.9;5.4;1.5;0;36.1;1.8;95;16;0;202.4;159;211;89;9661;78;4.1;4.1
SMA;01.07.1999 00:00;14.3;23.5;18.6;-0.4;-0.1;-0.8;0;15.6;12;0.5;0;0;31;952.3;9.8;-0.4;2;0;1.8;95;12;0;101;80;218;93;12395;90;36.7;0
SMA;01.08.1999 00:00;14.3;22.6;17.8;-0.8;0;-1.3;0;16;10;0.5;0;0;28.9;950.7;10.4;-2.1;0;0;1.6;94;17;0;135.4;114;180;89;9800;76;23.1;0
SMA;01.09.1999 00:00;12.8;21.5;16.6;2.2;2.1;2.4;0;14.5;6;1.6;0;0;27.5;949.8;10.6;-3.1;0;0;1.8;100;11;0;129.3;148;150;102;10811;110;7.1;0
SMA;01.10.1999 00:00;6.4;13.3;9.3;-0.7;-0.7;-0.5;0;10;0;-0.4;0;0;18.8;953;1.2;0.6;0;306.9;1.9;106;8;0;52.2;61;84;98;6397;98;0;90.9
SMA;01.11.1999 00:00;0;4.4;1.9;-3;-2.5;-3.2;17;6.4;0;-1.1;4;0;15.3;955.5;-5.7;4.2;0;544;1.7;85;11;0;108.5;143;40;88;2609;72;0;304
SMA;01.12.1999 00:00;-0.9;4.6;1.8;0.1;-0.4;0.6;17;5.7;0;-0.3;4;0;11.1;949.5;-6.9;-3.5;0;564.3;3;136;17;0;139.5;167;34;106;2834;100;0;316.3
SMA;01.01.2000 00:00;-2.3;2.3;-0.1;-1;-0.9;-1.2;21;5.3;0;-0.3;6;0;11;959;-12.2;5.5;0;623.8;2.1;91;7;0;30.5;48;41;99;3989;111;0;375.8
SMA;01.02.2000 00:00;0.9;7.5;4;2.2;2.1;2.3;9;6.5;0;0.9;0;0;15.9;957.6;-3.7;5.2;0;463.5;2.7;117;17;0;136.4;226;66;89;4726;89;0;231.5
SMA;01.03.2000 00:00;2.4;10.2;6;0.2;0.5;0;5;6.6;0;0;0;0;17.4;954.7;-3;3.5;0;427.4;2.6;104;13;0;85.7;120;117;93;8013;93;0;187.4
SMA;01.04.2000 00:00;5.3;15.6;10.2;0.6;0.2;0.8;2;8.1;1;0.3;0;0;25.7;943.8;-1.6;-5.5;0;257.1;2;95;9;0;49.7;62;173;96;9759;92;0;81.1
SMA;01.05.2000 00:00;10.5;20.6;15;1.4;1.5;1.8;0;11.8;5;1;0;0;27;951.5;5.2;0.5;0;80.1;1.9;90;11;0;136.9;107;216;102;11751;102;5.5;8.1
SMA;01.06.2000 00:00;12.5;23.6;17.8;0.7;-0.1;1.2;0;13.2;11;-0.4;0;0;31;955.4;7.8;3;2;17.1;1.8;95;7;0;75.7;59;264;111;15058;121;35.1;1.1
SMA;01.07.2000 00:00;12;20.6;15.7;-3.3;-2.4;-3.7;0;13.6;4;-1.5;0;0;29;950.2;7.4;-2.5;0;45.6;2.1;111;20;0;195.5;155;198;84;9650;70;7.7;5.6
SMA;01.08.2000 00:00;14.5;24.4;18.8;0.2;0.2;0.5;0;16;15;0.5;0;0;31.8;954;11.2;1.2;1;0;1.4;82;12;0;142.9;120;206;102;14275;110;47.8;0
SMA;01.09.2000 00:00;11.1;20;14.9;0.5;0.4;0.9;0;13.4;2;0.5;0;0;25.3;951.2;7.7;-1.7;0;25.6;1.9;106;11;0;127.5;146;160;109;11773;120;1.2;1.6
SMA;01.10.2000 00:00;8;13.2;10.2;0.2;0.9;-0.6;0;10.8;0;0.4;0;0;17.5;951.2;3;-1.2;0;288.4;1.5;83;13;0;72;85;65;76;3376;52;0;56.4
SMA;01.11.2000 00:00;3.5;9;5.8;0.9;1;1.4;1;7.5;0;0;0;0;15;945.1;-0.7;-6.2;0;425.1;1.7;85;14;0;67.1;88;51;112;4397;121;0;185.1
SMA;01.12.2000 00:00;1.4;6.2;3.7;2;1.9;2.2;10;6.6;0;0.6;2;0;13.2;948.2;-4.9;-4.8;0;505.7;1.9;86;11;0;36.8;44;34;106;2646;94;0;257.7
SMA;01.01.2001 00:00;-1;4.3;1.5;0.6;0.4;0.8;17;5.8;0;0.2;3;0;9.4;948.6;-5.9;-4.9;0;573.9;1.7;74;10;0;99.3;158;42;102;3775;105;0;325.9
SMA;01.02.2001 00:00;0.1;7.1;3.4;1.6;1.3;1.9;14;5.7;0;0.1;1;0;15.1;952.6;-6;0.2;0;463.5;2.5;109;4;0;53.1;88;75;101;5147;97;0;239.5
SMA;01.03.2001 00:00;3.9;10.6;6.7;0.9;2;0.4;2;8.2;0;1.6;0;0;18.4;942.8;-1.1;-8.4;0;404.5;3;120;23;0;237.4;333;81;64;3331;39;0;164.5
SMA;01.04.2001 00:00;3.3;11.2;6.8;-2.8;-1.8;-3.6;5;7.4;0;-0.4;0;0;20;948.9;-2.1;-0.4;0;384;2.2;105;17;0;129.8;161;138;76;6006;56;0;160
SMA;01.05.2001 00:00;10.6;20.9;15.3;1.7;1.6;2.1;0;12.1;4;1.3;0;0;28.4;951;5.6;0;0;49;2;95;9;0;116.2;91;228;107;13355;116;10.8;9
SMA;01.06.2001 00:00;10.7;20.3;15;-2.1;-1.9;-2.1;0;12.1;6;-1.5;0;0;29.1;953.2;4.6;0.8;0;64.2;2;105;15;0;182.3;143;235;99;12856;103;11.4;8.2
SMA;01.07.2001 00:00;13.8;24;18.5;-0.5;-0.6;-0.3;0;14.8;15;-0.3;0;0;29.5;951.7;10.1;-1;0;0;1.9;100;12;0;140.9;112;245;104;15039;109;41.4;0
SMA;01.08.2001 00:00;14.7;24.3;19;0.4;0.4;0.4;0;16.3;14;0.8;0;0;31;953.4;9.7;0.6;2;0;1.7;100;14;0;111.6;94;212;105;14272;110;43.6;0
SMA;01.09.2001 00:00;8.7;15.2;11.5;-2.9;-2;-3.9;0;11.2;0;-1.7;0;0;22.7;950.7;4.9;-2.2;0;184;2.1;117;19;0;189.3;217;107;73;5186;53;0;32
SMA;01.10.2001 00:00;9.9;17.6;13.1;3.1;2.8;3.8;0;12.7;0;2.3;0;0;23.6;955.1;6.1;2.7;0;64.2;1.4;78;9;0;81;95;104;121;9384;144;0.5;8.2
SMA;01.11.2001 00:00;0.5;5.1;2.7;-2.2;-2;-2.5;16;6.5;0;-1;0;0;11.3;956.2;-2.6;4.9;0;518.2;2.3;115;13;0;98.7;130;43;94;3118;86;0;278.2
SMA;01.12.2001 00:00;-3;2;-0.3;-2;-2.5;-2;22;5.2;0;-0.8;12;0;10.1;956.3;-14.7;3.3;0;630;3.3;150;11;0;43.3;52;36;112;3330;118;0;382
SMA;01.01.2002 00:00;-1.9;3.5;0.6;-0.3;-0.5;0;19;5.3;0;-0.3;12;0;13.8;960.2;-9.1;6.7;0;601;2.1;91;4;0;25.3;40;47;114;4692;131;0;353
SMA;01.02.2002 00:00;2.4;8.8;5.5;3.7;3.6;3.6;6;6.7;0;1.1;0;0;14.6;951.7;-4.1;-0.7;0;407.1;3.9;170;12;0;85.2;141;67;91;4149;78;0;183.1
SMA;01.03.2002 00:00;2.9;11.9;7;1.2;1;1.7;8;6.8;0;0.2;0;0;18.8;952.7;-2.9;1.5;0;388.7;2.5;100;8;0;57.6;81;142;113;10310;120;0;156.7
SMA;01.04.2002 00:00;4.3;14.2;8.9;-0.7;-0.8;-0.6;2;7.3;0;-0.5;0;0;19.9;949.2;-0.9;-0.1;0;297.7;2.5;119;8;0;70;87;193;107;11812;111;0;97.7
SMA;01.05.2002 00:00;8.6;18;12.8;-0.8;-0.4;-0.8;0;10.7;3;-0.1;0;0;28.2;950;3.2;-1;0;129.3;1.8;86;13;0;180.4;141;194;91;10161;88;2.5;33.3
SMA;01.06.2002 00:00;14;25.1;19.1;2;1.4;2.7;0;14.7;16;1.1;0;1;34.1;952.4;8.6;0;7;8;1.8;95;9;0;84.8;66;260;110;15067;121;63.7;0
SMA;01.07.2002 00:00;13.9;23.2;18;-1;-0.5;-1.1;0;14.7;11;-0.4;0;0;29.6;951.6;9.4;-1.1;0;0;1.8;95;11;0;109.7;87;220;94;12268;89;22.2;0
SMA;01.08.2002 00:00;13.9;22.5;17.5;-1.1;-0.4;-1.4;0;15.5;6;0;0;0;28.8;951.3;10.9;-1.5;0;0;1.6;94;10;0;149.8;126;180;89;10416;80;13.6;0
SMA;01.09.2002 00:00;9.5;17;12.8;-1.6;-1.2;-2.1;0;12.2;0;-0.7;0;0;24;953.2;1.7;0.3;0;116.2;1.7;94;14;0;123.4;141;132;90;8534;87;0;36.2
SMA;01.10.2002 00:00;6.8;13.8;9.9;-0.1;-0.3;0;0;9.8;0;-0.6;0;0;21.5;950.3;1.4;-2.1;0;255.7;2.4;133;15;0;127.9;150;90;105;7120;109;0;71.7
SMA;01.11.2002 00:00;4.7;8.8;6.5;1.6;2.2;1.2;0;8.6;0;1.1;0;0;16.3;946.1;1.9;-5.2;0;404.1;1.8;90;21;0;181.6;239;33;72;1799;49;0;164.1
SMA;01.12.2002 00:00;2;5.5;3.7;2;2.5;1.5;9;7.1;0;1.1;3;0;12.6;950.6;-4.1;-2.4;0;506.4;2.1;95;14;0;80.1;96;22;69;901;32;0;258.4
SMA;01.01.2003 00:00;-2.1;2.4;0;-0.9;-0.7;-1.1;23;5.3;0;-0.3;10;0;13.4;950.7;-10.2;-2.8;0;618.7;2.6;113;13;0;66.4;105;35;85;2562;71;0;370.7
SMA;01.02.2003 00:00;-4.8;1.4;-2;-3.8;-3.6;-3.8;26;4.2;0;-1.4;13;0;12.4;953.9;-10.4;1.5;0;615.5;1.8;78;5;0;34.3;57;76;103;5359;101;0;391.5
SMA;01.03.2003 00:00;2.5;13.2;7.4;1.6;0.6;3;8;6.2;0;-0.4;0;0;20;957.1;-2.3;5.9;0;355.4;1.9;76;7;0;31.3;44;156;124;13267;154;0;147.4
SMA;01.04.2003 00:00;4.1;14.9;9.2;-0.4;-1;0.1;8;7.2;0;-0.6;0;0;23.5;950.5;-5.1;1.2;0;248.9;2.4;114;10;0;54.3;68;197;109;12512;118;0;104.9
SMA;01.05.2003 00:00;10.3;19.6;14.6;1;1.3;0.8;0;11.9;7;1.1;0;0;27.4;953.7;3.8;2.7;0;81.4;2;95;14;0;115.5;90;193;91;10078;88;9.8;17.4
SMA;01.06.2003 00:00;16.8;28.9;22.3;5.2;4.2;6.5;0;16.3;28;2.7;0;0;34.7;952.5;14;0.1;11;0;1.8;95;9;0;57.8;45;286;121;17656;142;119.3;0
SMA;01.07.2003 00:00;14.7;25.3;19.8;0.8;0.3;1;0;14.8;18;-0.3;0;0;33;953;9.9;0.3;3;0;1.8;95;12;0;110.9;88;239;102;15270;111;67;0
SMA;01.08.2003 00:00;17;29.2;22.7;4.1;2.7;5.3;0;15.5;27;0;0;1;36;953.5;9.7;0.7;13;0;1.6;94;10;1;81.8;69;233;115;17806;138;145.9;0
SMA;01.09.2003 00:00;10;20.1;14.5;0.1;-0.7;1;0;11.8;5;-1.1;0;0;26.5;955.8;5.1;2.9;0;45.9;1.8;100;9;0;45.6;52;170;116;12894;131;3.9;5.9
SMA;01.10.2003 00:00;3.3;9.9;6.4;-3.6;-3.8;-3.9;8;8.5;0;-1.9;1;0;21.2;948.4;-4.3;-4;0;413.6;2.3;128;14;0;143.9;169;75;88;5563;85;0;181.6
SMA;01.11.2003 00:00;2.7;8.5;5.4;0.5;0.2;0.9;1;7.9;0;0.4;0;0;12.9;952;-0.9;0.7;0;438.2;1.5;75;7;0;77.9;102;53;116;5372;148;0;198.2
SMA;01.12.2003 00:00;-1.5;4;1.2;-0.5;-1;0;20;5.7;0;-0.3;4;0;12.4;953.2;-8.9;0.2;0;582.7;2.1;95;7;0;39.5;47;38;118;4201;149;0;334.7
SMA;01.01.2004 00:00;-1.4;2.9;0.9;0;0;-0.6;23;5.6;0;0;8;0;12.3;946.8;-6.9;-6.7;0;593.2;3;130;19;0;156.3;248;35;85;1890;53;0;345.2
SMA;01.02.2004 00:00;-1.3;5.9;2.1;0.3;-0.1;0.7;19;5.3;0;-0.3;2;0;13.8;953.9;-8;1.5;0;520.2;2.2;96;5;0;41.4;69;87;118;7451;140;0;288.2
SMA;01.03.2004 00:00;0.6;8.7;4.4;-1.4;-1.3;-1.5;14;6;0;-0.6;1;0;20.5;954.7;-6.3;3.5;0;453.6;2.1;84;10;0;66.7;94;135;107;9304;108;0;237.6
SMA;01.04.2004 00:00;4.9;14.7;9.6;0;-0.2;-0.1;0;7.6;0;-0.2;0;0;22.8;947.7;0.6;-1.6;0;258.1;2.3;110;11;0;45.8;57;184;102;10764;101;0;90.1
SMA;01.05.2004 00:00;7.1;17.1;11.9;-1.7;-1.9;-1.7;0;9.3;2;-1.5;0;0;26.7;949.9;2.3;-1.1;0;148.6;2.1;100;12;0;172.1;134;224;105;12497;109;1.2;44.6
SMA;01.06.2004 00:00;12;21.1;16.4;-0.7;-0.6;-1.3;0;13;5;-0.6;0;0;29.7;954;8.2;1.6;0;17.3;1.8;95;13;0;139.1;109;227;96;11225;90;17.4;1.3
SMA;01.07.2004 00:00;13.6;23.2;17.8;-1.2;-0.8;-1.1;0;14.6;11;-0.5;0;0;29.2;953.3;9.4;0.6;0;16.4;1.9;100;17;0;118.3;94;231;98;13443;98;31.7;0.4
SMA;01.08.2004 00:00;14.7;24;18.7;0.1;0.4;0.1;0;15.5;14;0;0;0;29.9;950.8;10.9;-2;0;0;2;118;13;0;57.4;48;200;99;11965;92;42.8;0
SMA;01.09.2004 00:00;11.3;19.9;15.2;0.8;0.6;0.8;0;12.9;9;0;0;0;27.1;956.1;6.8;3.2;0;60.4;2.1;117;9;0;72.5;83;151;103;10233;104;10.7;12.4
SMA;01.10.2004 00:00;8.8;14.9;11.4;1.4;1.7;1.1;0;11.6;0;1.2;0;0;24.3;948.8;4.9;-3.6;0;186.8;1.6;89;13;0;126.5;148;80;93;5391;83;0;50.8
SMA;01.11.2004 00:00;2.1;6.7;4.3;-0.6;-0.4;-0.9;10;7.1;0;-0.4;0;0;13.7;955.2;-3.5;3.9;0;470.4;2;100;6;0;20.5;27;45;99;2802;77;0;230.4
SMA;01.12.2004 00:00;-0.9;2.6;0.7;-1;-0.4;-1.4;21;5.6;0;-0.4;4;0;9.4;953.9;-4.5;0.9;0;599.6;2;91;6;0;54.4;65;31;97;1958;69;0;351.6
SMA;01.01.2005 00:00;-2.3;3.5;0.5;-0.4;-0.9;0;18;5.1;0;-0.5;8;0;11.5;957.7;-11.8;4.2;0;604.8;2.3;100;11;0;34.8;55;56;136;5853;163;0;356.8
SMA;01.02.2005 00:00;-3.3;1.7;-1.1;-2.9;-2.1;-3.5;26;4.7;0;-0.9;14;0;11;951.3;-11.4;-1.1;0;589.8;2.1;91;10;0;49.2;82;71;96;3829;72;0;365.8
SMA;01.03.2005 00:00;1.3;10.2;5.6;-0.2;-0.6;0;13;7;0;0.4;4;0;20.6;951.3;-14.1;0.1;0;419.5;2;80;10;0;48.1;68;144;114;10618;123;0;203.5
SMA;01.04.2005 00:00;5.3;14.1;9.3;-0.3;0.2;-0.7;1;8.2;1;0.4;0;0;25.2;949.4;-0.6;0.1;0;301.6;2;95;13;0;139.5;174;162;90;9065;85;0;93.6
SMA;01.05.2005 00:00;8.9;19.1;13.7;0.1;-0.1;0.3;0;10.8;6;0;0;0;29.7;952.8;3.3;1.8;0;144.2;2.1;100;15;0;119.3;93;216;102;12589;109;17.5;32.2
SMA;01.06.2005 00:00;13.1;24.1;18.3;1.2;0.5;1.7;0;13.7;14;0.1;0;0;32.6;954.3;4.2;1.9;6;27.9;1.8;95;10;0;111.6;87;273;115;15913;128;57.3;3.9
SMA;01.07.2005 00:00;14.1;23.4;18.3;-0.7;-0.3;-0.9;0;15;11;-0.1;0;1;32.7;952.5;10.3;-0.2;3;0;1.8;95;14;0;116.9;93;215;91;11666;85;40.6;0
SMA;01.08.2005 00:00;12.5;21;16.3;-2.3;-1.8;-2.9;0;14.1;4;-1.4;0;0;27.8;953.1;8.9;0.3;0;8.4;1.7;100;14;0;194.3;163;183;91;11277;87;5.2;0.4
SMA;01.09.2005 00:00;12;20.1;15.6;1.2;1.3;1;0;13.9;7;1;0;0;26.8;954;6.3;1.1;0;77.4;1.7;94;7;0;53;61;149;101;9878;100;13.9;13.4
SMA;01.10.2005 00:00;7.9;15;11;1;0.8;1.2;0;11.1;0;0.7;0;0;19.2;954.8;3.8;2.4;0;201.5;1.2;67;6;0;84.9;100;95;111;8826;135;0;41.5
SMA;01.11.2005 00:00;1.5;6.7;3.9;-1;-1;-0.9;12;7.1;0;-0.4;1;0;18.5;952.6;-5.2;1.3;0;475.7;1.7;85;5;0;21.5;28;53;116;4730;130;0;243.7
SMA;01.12.2005 00:00;-2.4;1.3;-0.4;-2.1;-1.9;-2.7;22;5.1;0;-0.9;11;0;7.2;952.1;-9.5;-0.9;0;631.6;2;91;10;0;68.8;82;28;87;1658;59;0;383.6
SMA;01.01.2006 00:00;-4.2;0.1;-2.2;-3.1;-2.8;-3.4;25;4.5;0;-1.1;15;0;6;956.5;-8.6;3;0;688.4;1.8;78;3;0;24.6;39;48;116;3829;107;0;440.4
SMA;01.02.2006 00:00;-2.2;2.5;0;-1.8;-1;-2.7;18;5.1;0;-0.5;7;0;10.2;948.6;-6.9;-3.8;0;559.5;2.4;104;8;0;56.4;94;59;80;3253;61;0;335.5
SMA;01.03.2006 00:00;-0.1;7.3;3.1;-2.7;-2;-2.9;18;6.1;0;-0.5;2;0;20.7;946.3;-7.6;-4.9;0;503.6;3.2;128;16;0;169.1;238;114;90;6230;72;0;279.6
SMA;01.04.2006 00:00;5;13.6;8.8;-0.8;-0.1;-1.2;3;8.3;0;0.5;0;0;21.8;950;-1.5;0.7;0;307;1.9;90;18;0;189.4;236;159;88;8733;82;0;107
SMA;01.05.2006 00:00;9.3;18.2;13.3;-0.3;0.3;-0.6;0;10.9;0;0.1;0;0;24.3;952.4;3.4;1.4;0;88.1;2.4;114;17;0;151.4;118;185;87;9180;80;0;24.1
SMA;01.06.2006 00:00;12.6;23.7;17.7;0.6;0;1.3;0;13.5;16;-0.1;0;0;30.1;955.3;3.7;2.9;1;60.4;1.7;89;10;0;41.6;33;267;113;15300;123;47.7;12.4
SMA;01.07.2006 00:00;17.1;29;22.5;3.5;2.7;4.7;0;16.2;28;1.1;0;1;33.1;954.8;14;2.1;15;0;1.8;95;6;0;46.9;37;278;118;18753;136;131.3;0
SMA;01.08.2006 00:00;11.7;18.9;14.7;-3.9;-2.6;-5;0;13.3;1;-2.2;0;0;25.3;949.9;8.3;-2.9;0;36.5;2.1;124;22;0;185.2;155;144;71;6567;51;0.3;4.5
SMA;01.09.2006 00:00;13.2;21.5;16.9;2.5;2.5;2.4;0;15.3;6;2.4;0;0;26.5;951.9;8.4;-1;0;0;1.5;83;8;0;110.4;126;151;103;10970;111;13.4;0
SMA;01.10.2006 00:00;9.4;16.9;12.7;2.7;2.3;3.1;0;12.2;0;1.8;0;0;20.9;951.6;5.7;-0.8;0;117.5;1.6;89;7;0;62.8;74;94;110;7918;121;0;13.5
SMA;01.11.2006 00:00;3.7;10.6;7;2.1;1.2;3;4;8.2;0;0.7;0;0;16.3;955;-0.9;3.7;0;389.3;1.8;90;7;0;42.1;55;58;127;6097;168;0;149.3
SMA;01.12.2006 00:00;0.1;5.2;2.5;0.8;0.6;1.2;17;6.3;0;0.3;4;0;13.1;959.6;-4.2;6.6;0;541;1.6;73;8;0;54.6;65;38;118;4861;172;0;293
SMA;01.01.2007 00:00;2;6.9;4.5;3.6;3.4;3.4;9;6.8;0;1.2;4;0;13.8;956.2;-8.4;2.7;0;474.1;3.5;152;13;0;56;89;39;94;3529;98;0;234.1
SMA;01.02.2007 00:00;1.6;8.5;4.8;3;2.8;3.3;8;6.8;0;1.2;0;0;13.8;948.1;-1.5;-4.3;0;425.2;2.6;113;12;0;69.5;115;73;99;6505;122;0;201.2
SMA;01.03.2007 00:00;1.7;10.4;5.7;-0.1;-0.2;0.2;9;6.8;0;0.2;0;0;16.6;950.3;-1.6;-0.9;0;441.9;2.1;84;15;0;106.9;150;135;107;9845;114;0;193.9
SMA;01.04.2007 00:00;7.8;20.3;13.9;4.3;2.7;5.5;0;8.7;2;0.9;0;0;25.4;953.2;1.9;3.9;0;99;1.6;76;1;0;6.4;8;241;134;18490;174;0.5;27
SMA;01.05.2007 00:00;10;19.8;14.6;1;1;1;0;11.4;6;0.6;0;0;28.1;948.2;4.8;-2.8;0;91.8;2.6;124;14;0;120.9;94;222;105;12551;109;13.9;19.8
SMA;01.06.2007 00:00;13;22.2;17.2;0.1;0.4;-0.2;0;14.4;10;0.8;0;0;29;949.8;8.1;-2.6;0;28.1;2;105;16;0;121.2;95;221;93;10525;85;20.4;4.1
SMA;01.07.2007 00:00;13.3;22.9;17.6;-1.4;-1.1;-1.4;0;14.3;13;-0.8;0;0;33.2;952.5;8.6;-0.2;2;18;2.2;116;17;0;171.4;136;225;96;12408;90;39.5;2
SMA;01.08.2007 00:00;13.1;21.6;17;-1.6;-1.2;-2.3;0;15.1;6;-0.4;0;0;29.9;951.4;9;-1.4;0;8.9;1.7;100;13;0;260.3;219;180;89;10729;83;18.2;0.9
SMA;01.09.2007 00:00;9;17.9;13;-1.4;-1.7;-1.2;0;11.7;0;-1.2;0;0;24.1;955.1;5.4;2.2;0;111.1;1.7;94;11;0;75.1;86;155;105;9830;100;0.5;23.1
SMA;01.10.2007 00:00;6.4;13;9.3;-0.7;-0.7;-0.8;2;9.9;0;-0.5;0;0;23.5;956.8;-0.8;4.4;0;292.3;1.7;94;4;0;21;25;95;111;6987;107;0;108.3
SMA;01.11.2007 00:00;0.6;5.7;2.9;-2;-1.9;-1.9;11;6.3;0;-1.2;1;0;10.9;954.1;-5.6;2.8;0;514;2.6;130;7;0;41.6;55;47;103;3978;109;0;274
SMA;01.12.2007 00:00;-1.2;2.6;0.6;-1.1;-0.7;-1.4;17;5.6;0;-0.4;13;0;11.4;957.6;-6.4;4.6;0;600.1;2.6;118;14;0;102.6;123;29;90;1762;62;0;352.1
SMA;01.01.2008 00:00;0.3;6.2;3.1;2.2;1.7;2.7;14;5.9;0;0.3;2;0;12.7;955.2;-4.6;1.7;0;525.1;2;87;9;0;61.9;98;50;121;5736;160;0;277.1
SMA;01.02.2008 00:00;0;8.4;3.9;2.1;1.2;3.2;17;5.9;0;0.3;1;0;17.3;960.2;-7;7.8;0;467.8;2.1;91;8;0;37.2;62;101;136;10572;199;0;235.8
SMA;01.03.2008 00:00;1.3;8.5;4.7;-1.1;-0.6;-1.7;14;6.1;0;-0.5;0;0;17.9;944.4;-5.7;-6.8;0;475.1;3.7;148;15;0;92.6;130;117;93;6467;75;0;227.1
SMA;01.04.2008 00:00;4.4;12.2;7.9;-1.7;-0.7;-2.6;2;7.9;0;0.1;0;0;20;946.3;-2.2;-3;0;341;2.4;114;14;0;183.6;228;142;79;6000;56;0;125
SMA;01.05.2008 00:00;10.5;20.8;15.4;1.8;1.5;2;0;11;3;0.2;0;0;28;949.1;5.7;-1.9;0;45.9;2.2;105;6;0;67.4;53;237;112;13755;120;10;5.9
SMA;01.06.2008 00:00;13.3;21.9;17.3;0.2;0.7;-0.5;0;14.4;12;0.8;0;0;30.8;952.1;7;-0.3;2;43.4;1.8;95;13;0;90.5;71;223;94;11241;90;43.1;3.4
SMA;01.07.2008 00:00;13.9;23.8;18.4;-0.6;-0.5;-0.5;0;14.5;14;-0.6;0;0;30;952.4;10.5;-0.3;1;0;1.9;100;13;0;136.6;108;241;102;14112;103;39.7;0
SMA;01.08.2008 00:00;13.8;22.7;17.7;-0.9;-0.5;-1.2;0;15.1;5;-0.4;0;0;27.8;951.8;9.6;-1;0;0;1.8;106;11;0;174.1;146;196;97;12322;95;16.7;0
SMA;01.09.2008 00:00;9;16.7;12.3;-2.1;-1.7;-2.4;0;11.9;2;-1;0;0;26.9;952.9;4;0;0;185;1.9;106;12;0;117.1;134;135;92;8058;82;2.2;49
SMA;01.10.2008 00:00;7;13.7;10;0;-0.1;-0.1;1;10.4;0;0;0;0;20.8;953.5;-0.1;1.1;0;223.4;1.8;100;11;0;147.9;174;86;100;6448;99;0;87.4
SMA;01.11.2008 00:00;2.1;6.8;4.3;-0.6;-0.4;-0.8;8;7.3;0;-0.2;1;0;14.8;950;-6.3;-1.3;0;471.8;2;100;6;0;31.5;41;48;105;3884;107;0;231.8
SMA;01.12.2008 00:00;-1.1;2.2;0.5;-1.2;-0.6;-1.8;22;5.6;0;-0.4;7;0;7.7;952;-7;-1;0;603;2.2;100;14;0;72.3;87;27;84;2146;76;0;355
SMA;01.01.2009 00:00;-3.7;0.2;-1.9;-2.8;-2.3;-3.3;28;4.7;0;-0.9;15;0;7.8;948.7;-8.9;-4.8;0;679.1;1.6;70;5;0;42.4;67;37;90;2868;80;0;431.1
SMA;01.02.2009 00:00;-2.3;3.3;0.4;-1.4;-1.1;-1.9;23;5.1;0;-0.5;5;0;10.8;948.6;-10.7;-3.8;0;549.6;2.1;91;11;0;60.2;100;71;96;4803;90;0;325.6
SMA;01.03.2009 00:00;0.9;7.9;4.2;-1.6;-1;-2.3;7;6.1;0;-0.5;0;0;14;950;-4.2;-1.2;0;489.3;2.8;112;13;0;118.9;167;103;82;5440;63;0;241.3
SMA;01.04.2009 00:00;7.2;17.7;12;2.4;2.1;2.9;0;8.3;0;0.5;0;0;22.7;948.2;2.9;-1.1;0;154.5;1.8;86;4;0;20.3;25;199;110;12134;114;0;34.5
SMA;01.05.2009 00:00;10.5;21.1;15.4;1.8;1.5;2.3;0;11.8;6;1;0;0;31.8;954.3;4;3.3;2;39.7;1.9;90;10;0;87.7;68;234;110;13502;117;15.8;7.7
SMA;01.06.2009 00:00;12.2;21.5;16.5;-0.6;-0.4;-0.9;0;13.3;7;-0.3;0;0;29;951.8;8.4;-0.6;0;18.1;2.1;111;14;0;186.3;146;245;103;12910;104;14.3;2.1
SMA;01.07.2009 00:00;14.5;23.9;18.6;-0.4;0.1;-0.4;0;15.3;13;0.2;0;0;29;952.7;10.5;0;0;0;2.1;111;14;0;154;122;230;98;12681;92;41.3;0
SMA;01.08.2009 00:00;15.3;25.3;19.9;1.3;1;1.4;0;16.2;19;0.7;0;0;31.7;954.1;8.9;1.3;3;0;1.7;100;7;0;69;58;227;112;15960;123;64.1;0
SMA;01.09.2009 00:00;11.9;20.4;15.4;1;1.2;1.3;0;13.7;1;0.8;0;0;30.7;955.1;7.4;2.2;1;17.4;1.7;94;8;0;68.7;79;150;102;10180;103;3.2;1.4
SMA;01.10.2009 00:00;6.5;13.2;9.6;-0.4;-0.6;-0.6;2;9.9;0;-0.5;0;0;24.8;953.1;-1.7;0.7;0;269.1;1.6;89;12;0;56;66;91;106;6768;104;1.2;101.1
SMA;01.11.2009 00:00;4.5;10.4;7.2;2.3;2;2.8;1;8.4;0;0.9;0;0;16.6;947.5;-0.1;-3.8;0;383.3;2.2;110;19;0;123.9;163;48;105;3872;106;0;143.3
SMA;01.12.2009 00:00;-0.9;3.3;1.1;-0.6;-0.4;-0.7;15;5.8;0;-0.2;8;0;9;943.5;-13.6;-9.5;0;585.5;2;91;15;0;110.9;133;30;93;2415;86;0;337.5
SMA;01.01.2010 00:00;-3.7;0;-1.9;-2.8;-2.3;-3.5;30;4.7;0;-0.9;16;0;7;947.5;-8.2;-6;0;678.5;1.9;83;14;0;39.2;62;37;90;2393;67;0;430.5
SMA;01.02.2010 00:00;-1.9;3.7;0.9;-0.9;-0.7;-1.5;17;5;0;-0.6;8;0;12.3;940.4;-9.3;-12;0;535.9;2.3;100;9;0;35.1;58;71;96;3734;70;0;311.9
SMA;01.03.2010 00:00;1.3;8.8;4.6;-1.2;-0.6;-1.4;12;6;0;-0.6;4;0;21.3;951.4;-8.1;0.2;0;472;2.6;104;13;0;53.7;75;126;100;7933;92;0;232
SMA;01.04.2010 00:00;5.3;15.4;10.1;0.5;0.2;0.6;1;7.6;1;-0.2;0;0;25.2;952.7;-0.4;3.4;0;250.4;2.2;105;7;0;33.7;42;204;113;12436;117;0.2;82.4
SMA;01.05.2010 00:00;8.2;15.4;11.5;-2.1;-0.8;-3.4;0;10.4;2;-0.4;0;0;27.2;948.9;4.9;-2.1;0;231.6;2.1;100;20;0;140.1;109;157;74;6327;55;3.3;55.6
SMA;01.06.2010 00:00;12.6;21.7;16.9;-0.2;0;-0.7;0;13.4;11;-0.2;0;0;29.8;950.4;7.1;-2;0;46;2;105;10;0;126.1;99;220;93;11765;95;33;6
SMA;01.07.2010 00:00;15.4;25.7;20;1;1;1.4;0;16.3;19;1.2;0;0;32.7;953.7;10.2;1;9;0;1.6;84;15;0;131.7;105;248;105;15516;113;78.1;0
SMA;01.08.2010 00:00;13.7;21.6;17.2;-1.4;-0.6;-2.3;0;15;8;-0.5;0;0;29;952;8.2;-0.8;0;17.8;2;118;16;0;121.3;102;170;84;9108;70;26.8;1.8
SMA;01.09.2010 00:00;9.4;17.9;13.2;-1.2;-1.3;-1.2;0;11.7;0;-1.2;0;0;22.8;951.7;5.9;-1.2;0;80.4;1.6;89;6;0;89.2;102;159;108;10630;108;0;16.4
SMA;01.10.2010 00:00;5.9;12.5;8.7;-1.3;-1.2;-1.3;1;9.5;0;-0.9;0;0;22.6;949.6;-0.3;-2.8;0;300.2;1.8;100;8;0;45.5;53;84;98;6199;95;0;116.2
SMA;01.11.2010 00:00;2.8;7.9;5.3;0.4;0.3;0.3;6;7.6;0;0.1;2;0;17.8;942.9;-7;-8.4;0;405.1;2.3;115;13;0;80.9;106;47;103;3555;98;0;205.1
SMA;01.12.2010 00:00;-3;1.6;-0.8;-2.5;-2.5;-2.4;21;5.2;0;-0.8;11;0;10.7;946.3;-11.3;-6.7;0;645;1.9;86;13;0;105;126;30;93;1649;58;0;397
SMA;01.01.2011 00:00;-1;3.6;1.2;0.3;0.4;0.1;19;5.8;0;0.2;9;0;12.8;953.4;-8.1;-0.1;0;581.7;1.9;83;10;0;47.2;75;40;97;3261;91;0;333.7
SMA;01.02.2011 00:00;-0.1;6.2;2.7;0.9;1.1;1;9;5.8;0;0.2;2;0;12.8;952.6;-6.6;0.2;0;483.2;1.5;65;4;0;22.4;37;75;101;6424;121;0;259.2
SMA;01.03.2011 00:00;2.8;11.4;6.6;0.8;0.9;1.2;10;6.6;0;0;0;0;19.2;954.6;-2.8;3.4;0;408.6;2.1;84;4;0;21.1;30;139;110;11164;129;0;168.6
SMA;01.04.2011 00:00;7.1;18.8;12.7;3.1;2;4;0;8.3;0;0.5;0;0;24.5;952.8;1.2;3.5;0;119.8;1.7;81;4;0;24.1;30;233;129;17363;163;0;31.8
SMA;01.05.2011 00:00;9.6;21.4;15.3;1.7;0.6;2.6;0;10.6;5;-0.2;0;0;27.6;953.9;1.9;2.9;0;61.4;1.9;90;9;0;89.5;70;263;124;17301;150;4.4;13.4
SMA;01.06.2011 00:00;12.6;21.7;16.8;-0.3;0;-0.7;0;13.5;8;-0.1;0;0;32.2;952.8;7.4;0.4;2;19.3;1.9;100;10;0;78.5;62;211;89;9709;78;22.7;3.3
SMA;01.07.2011 00:00;12.3;21.7;16.5;-2.5;-2.1;-2.6;0;13.4;7;-1.7;0;0;30.8;949.8;8.6;-2.9;1;8.3;1.9;100;15;0;198.8;158;225;96;11873;86;14.1;0.3
SMA;01.08.2011 00:00;14.5;25;19.2;0.6;0.2;1.1;0;16.1;15;0.6;0;0;32.7;952;9.5;-0.8;5;0;1.8;106;13;0;113.8;96;231;114;15887;123;60;0
SMA;01.09.2011 00:00;12.6;21.4;16.4;2;1.9;2.3;0;14.7;4;1.8;0;0;28;954.2;7.6;1.3;0;27.6;1.7;94;11;0;74.2;85;168;114;12590;128;11.6;3.6
SMA;01.10.2011 00:00;6.3;13.6;9.5;-0.5;-0.8;-0.2;1;10.3;0;-0.1;0;0;21.9;956.2;-0.7;3.8;0;285.9;1.8;100;8;0;74.5;87;98;114;7787;119;0;101.9
SMA;01.11.2011 00:00;2.7;8.2;5.1;0.2;0.2;0.6;7;8;0;0.5;0;0;15.9;955.6;-1.5;4.3;0;447.5;1.3;65;0;0;0.1;0;52;114;4889;134;0;207.5
SMA;01.12.2011 00:00;1.3;6.1;3.6;1.9;1.8;2.1;9;6.8;0;0.8;1;0;13.5;952.6;-3.6;-0.4;0;507;3.6;164;22;0;169.3;203;27;84;2005;71;0;259
SMA;01.01.2012 00:00;-0.2;4.5;2;1.1;1.2;1;13;6.1;0;0.5;2;0;10.1;956.7;-6.3;3.2;0;556.8;3.3;143;13;0;86.8;138;35;85;3465;97;0;308.8
SMA;01.02.2012 00:00;-6.5;-0.2;-3.5;-5.3;-5.3;-5.4;25;4;0;-1.6;14;0;14.6;958.7;-16.9;6.3;0;682.9;2;87;3;0;10.1;17;88;119;6874;129;0;450.9
SMA;01.03.2012 00:00;3.2;14;8.2;2.4;1.3;3.8;4;6.8;0;0.2;0;0;20.2;959.9;-1.7;8.7;0;350.1;1.7;68;4;0;21.5;30;168;133;14913;173;0;118.1
SMA;01.04.2012 00:00;5;13.5;9;-0.6;-0.1;-1.3;2;7.9;1;0.1;0;0;28.4;941.7;-0.5;-7.6;0;311.1;2.4;114;15;0;59.1;74;153;85;7211;68;5.6;119.1
SMA;01.05.2012 00:00;9.4;20;14.2;0.6;0.4;1.2;0;11;3;0.2;0;0;28.9;951.2;1.4;0.2;0;91.4;2;95;14;0;110.7;86;239;113;13904;121;4.7;19.4
SMA;01.06.2012 00:00;13.3;22.3;17.5;0.4;0.7;-0.1;0;14.8;12;1.2;0;0;31.5;951;8.1;-1.4;2;25.3;2;105;15;0;196.6;154;230;97;11815;95;35;1.3
SMA;01.07.2012 00:00;14;22.6;17.9;-1.1;-0.4;-1.7;0;15;9;-0.1;0;0;31.8;952.7;9.6;0;1;0;1.8;95;12;0;172.9;137;215;91;11935;87;25.4;0
SMA;01.08.2012 00:00;14.8;25;19.5;0.9;0.5;1.1;0;16.4;15;0.9;0;0;32.4;953.7;9.5;0.9;3;8.9;1.7;100;12;0;150.6;126;222;110;15295;118;55.3;0.9
SMA;01.09.2012 00:00;10.6;18.8;14.2;-0.2;-0.1;-0.3;0;13.3;2;0.4;0;0;26.6;952.4;5.6;-0.5;0;81.7;1.6;89;10;0;103.6;119;138;94;9275;94;3;9.7
SMA;01.10.2012 00:00;6.8;13.3;9.7;-0.3;-0.3;-0.5;5;10.8;0;0.4;1;0;21.9;948.9;-2.5;-3.5;0;227.8;1.5;83;11;0;126;148;82;96;6840;105;0;91.8
SMA;01.11.2012 00:00;3.4;8.4;5.8;0.9;0.9;0.8;2;8.1;0;0.6;0;0;16.5;949.1;-2.7;-2.2;0;426.9;1.5;75;14;0;100.1;132;49;107;3814;105;0;186.9
SMA;01.12.2012 00:00;-0.4;4.4;2;0.3;0.1;0.4;16;6;0;0;7;0;13.6;949.6;-10;-3.4;0;557.6;3;136;17;0;153.7;184;34;106;2975;105;0;309.6
SMA;01.01.2013 00:00;-1.5;2.7;0.6;-0.3;-0.1;-0.8;21;5.6;0;0;10;0;13;949.4;-8.3;-4.1;0;601.4;2;87;11;0;60.4;96;38;92;2562;71;0;353.4
SMA;01.02.2013 00:00;-3.8;1.1;-1.3;-3.1;-2.6;-4.1;27;4.7;0;-0.9;11;0;9;948.2;-9.5;-4.2;0;595.7;2.7;117;14;0;63.3;105;60;81;2457;46;0;371.7
SMA;01.03.2013 00:00;-0.3;6.1;2.5;-3.3;-2.2;-4.1;16;5.7;0;-0.9;3;0;13.9;941.8;-6.9;-9.4;0;541.1;2;80;11;0;59.7;84;101;80;4949;57;0;293.1
SMA;01.04.2013 00:00;4.8;13.4;8.8;-0.8;-0.3;-1.4;5;8.3;0;0.5;0;0;24.5;949.6;-1.3;0.3;0;303.8;2.2;105;12;0;106.1;132;141;78;6715;63;0;127.8
SMA;01.05.2013 00:00;7.6;15.5;10.9;-2.7;-1.4;-3.3;0;10.1;0;-0.7;0;0;22.4;947.4;2.3;-3.6;0;216.8;2.3;110;17;0;180.8;141;165;78;6491;56;0;56.8
SMA;01.06.2013 00:00;11.4;21.1;16.1;-1;-1.2;-1.3;0;12.9;8;-0.7;0;0;33.8;953.5;4.4;1.1;3;45.1;1.9;100;11;0;95.5;75;222;94;11334;91;28.1;5.1
SMA;01.07.2013 00:00;15.6;26.6;20.7;1.7;1.2;2.3;0;15.8;23;0.7;0;1;35.1;954.9;10.2;2.2;5;0;1.8;95;6;1;81.6;65;269;114;18207;132;82.7;0
SMA;01.08.2013 00:00;14.2;23.9;18.7;0.1;-0.1;0;0;15;10;-0.5;0;1;32.9;954.1;10.1;1.3;3;0;1.7;100;8;0;69.4;58;222;110;15382;119;44.8;0
SMA;01.09.2013 00:00;11.1;19.2;14.7;0.3;0.4;0.1;0;13.2;5;0.3;0;0;28.5;952.5;6.6;-0.4;0;54.8;2.2;122;8;0;106.2;122;141;96;9292;94;9.7;6.8
SMA;01.10.2013 00:00;8.5;15;11.3;1.3;1.4;1.2;0;11.5;0;1.1;0;0;22.1;952.9;3.2;0.5;0;193.4;1.8;100;13;0;113.3;133;79;92;5599;86;0;41.4
SMA;01.11.2013 00:00;1.8;6.2;4;-0.9;-0.7;-1.4;10;7.1;0;-0.4;1;0;18.1;950.9;-5.7;-0.4;0;466.8;2.2;110;15;0;124;163;37;81;2566;70;0;242.8
SMA;01.12.2013 00:00;-1.1;5.1;1.7;0;-0.6;1.1;23;5.8;0;-0.2;2;0;13.2;957.4;-4.3;4.4;0;567.1;1.5;68;5;0;33.5;40;47;146;6864;243;0;319.1
SMA;01.01.2014 00:00;0.7;5.7;3.1;2.2;2.1;2.2;9;6.5;0;0.9;1;0;13.7;945.8;-3.6;-7.7;0;522.4;1.7;74;12;0;46.7;74;40;97;3649;102;0;274.4
SMA;01.02.2014 00:00;1.1;7.8;4.1;2.3;2.3;2.6;6;6.3;0;0.7;0;0;12.7;945.5;-2.1;-6.9;0;446.2;1.9;83;13;0;65;108;77;104;5747;108;0;222.2
SMA;01.03.2014 00:00;2.8;12.6;7.3;1.5;0.9;2.4;4;6.7;0;0.1;0;0;20.6;951.6;-0.4;0.4;0;363.2;1.7;68;4;0;26.1;37;145;115;12017;139;0;147.2
SMA;01.04.2014 00:00;6.7;15.7;10.9;1.3;1.6;0.9;0;8.7;0;0.9;0;0;21.7;949.6;1.3;0.3;0;183.9;1.8;86;9;0;88.2;110;180;100;11147;105;0;55.9
SMA;01.05.2014 00:00;8.1;17.7;12.6;-1;-0.9;-1.1;0;10;2;-0.8;0;0;27.8;951.5;2.9;0.5;0;156;2.4;114;17;0;115.7;90;205;97;10556;92;1.9;36
SMA;01.06.2014 00:00;12.7;23.8;18;0.9;0.1;1.4;0;12.8;10;-0.8;0;0;33.4;952.4;8.3;0;3;0;1.8;95;10;0;146.6;115;278;117;16440;132;34.1;0
SMA;01.07.2014 00:00;13.9;22.2;17.6;-1.4;-0.5;-2.1;0;15.7;9;0.6;0;0;31.5;950.8;9.6;-1.9;2;17.1;1.7;89;17;0;191.1;152;191;81;10051;73;26;1.1
SMA;01.08.2014 00:00;12.9;20.9;16.4;-2.2;-1.4;-3;0;14.4;3;-1.1;0;0;27.2;951.3;9.5;-1.5;0;0;1.7;100;14;0;111.7;94;178;88;9309;72;9.2;0
SMA;01.09.2014 00:00;11.6;20.1;15.2;0.8;0.9;1;0;14.2;2;1.3;0;0;26.6;953.6;4.9;0.7;0;51.9;1.5;83;7;0;69.4;79;152;103;9429;96;2.3;3.9
SMA;01.10.2014 00:00;9.4;16.3;12.4;2.4;2.3;2.5;0;12.5;0;2.1;0;0;23.3;953.4;2.9;1;0;115.8;1.5;83;9;0;82.3;97;96;112;7751;119;0;35.8
SMA;01.11.2014 00:00;4.4;9.4;6.6;1.7;1.9;1.8;0;8.8;0;1.3;0;0;16.3;947.3;0.4;-4;0;402.6;1.4;70;5;0;79.4;104;53;116;4378;120;0;162.6
SMA;01.12.2014 00:00;0.9;5.3;3.1;1.4;1.4;1.3;9;6.4;0;0.4;3;0;12.4;954.9;-11.8;1.9;0;524.8;2.3;105;7;0;54.2;65;28;87;2362;84;0;276.8
SMA;01.01.2015 00:00;-0.3;4.6;1.9;1;1.1;1.1;21;5.8;0;0.2;2;0;15.4;953;-5;-0.5;0;554.7;2.7;117;16;0;90.1;143;38;92;2758;77;0;314.7
SMA;01.02.2015 00:00;-2.8;2.6;-0.5;-2.3;-1.6;-2.6;26;4.9;0;-0.7;7;0;10.2;950.6;-7.4;-1.8;0;574.2;1.8;78;6;0;36.3;60;70;95;4552;86;0;350.2
SMA;01.03.2015 00:00;2.2;11.2;6.4;0.6;0.3;1;7;6.5;0;-0.1;0;0;17.2;954.3;-2.4;3.1;0;421.8;2.7;108;9;0;82.1;115;133;105;10441;121;0;173.8
SMA;01.04.2015 00:00;4.8;15.5;10.1;0.5;-0.3;0.7;4;7.3;0;-0.5;0;0;22.8;955.1;-1.4;5.8;0;218.3;2.3;110;10;0;145.7;181;206;114;13811;130;0;82.3
SMA;01.05.2015 00:00;9.5;18.7;13.8;0.2;0.5;-0.1;0;11.1;3;0.3;0;0;27.8;952.3;5.2;1.3;0;92.2;1.8;86;12;0;160.7;125;200;94;10375;90;5.1;20.2
SMA;01.06.2015 00:00;13.3;23.4;17.9;0.8;0.7;1;0;14;13;0.4;0;0;30.3;954.6;7.9;2.2;2;0;2;105;11;0;140.8;110;256;108;14183;114;35.4;0
SMA;01.07.2015 00:00;16.9;27.9;22.2;3.2;2.5;3.6;0;15.6;20;0.5;0;6;34.6;952.9;10.4;0.2;13;0;2.1;111;6;0;40.3;32;269;114;17582;128;130.8;0
SMA;01.08.2015 00:00;15.7;26;20.4;1.8;1.4;2.1;0;16;17;0.5;0;3;34.6;952.5;10.6;-0.3;11;0;1.5;88;9;0;60.7;51;214;106;14909;115;90.8;0
SMA;01.09.2015 00:00;9.4;18;13.2;-1.2;-1.3;-1.1;0;11.3;1;-1.6;0;0;25.8;953.1;5.6;0.2;0;83.9;2;111;8;0;43.9;50;146;99;9422;96;0.1;11.9
SMA;01.10.2015 00:00;6.4;12.6;9.2;-0.8;-0.7;-1.2;0;9.7;0;-0.7;0;0;20.1;952.8;1;0.4;0;303.5;1.5;83;9;0;43.6;51;82;96;5361;82;0;95.5
SMA;01.11.2015 00:00;4.9;11.2;7.8;2.9;2.4;3.6;6;8.4;0;0.9;0;0;19.9;956.6;-3.7;5.3;0;328.4;2.6;130;8;0;63.7;84;60;132;6434;177;0;136.4
SMA;01.12.2015 00:00;1.4;8;4.4;2.7;1.9;4;12;7.3;0;1.3;0;0;12.8;963.5;-2.3;10.5;0;483.2;1.1;50;5;0;10.1;12;48;150;6926;245;0;235.2
SMA;01.01.2016 00:00;0.3;5.4;2.8;1.9;1.7;1.9;12;6.4;0;0.8;3;0;11.6;950.2;-8.7;-3.3;0;533.9;2.6;113;16;0;145.9;232;40;97;3070;86;0;285.9
SMA;01.02.2016 00:00;1.2;7.2;3.9;2.1;2.4;2;9;6.6;0;1;0;0;16.6;947.9;-3;-4.5;0;466.1;3.2;139;15;0;92.1;153;60;81;3610;68;0;234.1
SMA;01.03.2016 00:00;1.3;8.8;4.7;-1.1;-0.6;-1.4;10;6.1;0;-0.5;0;0;21.6;948.4;-2.2;-2.8;0;470.7;2.2;88;8;0;41.7;59;115;91;7279;84;0;230.7
SMA;01.04.2016 00:00;4.9;13.8;8.9;-0.7;-0.2;-1;2;8.4;0;0.6;0;0;21.1;948.1;-0.7;-1.2;0;300.5;2.2;105;15;0;125.7;156;164;91;9350;88;0;100.5
SMA;01.05.2016 00:00;8.4;17.9;12.8;-0.8;-0.6;-0.9;0;10.3;2;-0.5;0;0;26.3;949.2;3.9;-1.8;0;159.7;2.1;100;13;0;171.6;134;199;94;10677;93;1.1;39.7
SMA;01.06.2016 00:00;12.9;21;16.4;-0.7;0.3;-1.4;0;14.8;5;1.2;0;0;32.3;951.2;8.8;-1.2;2;0;1.6;84;21;0;228.6;179;199;84;8422;68;20;0
SMA;01.07.2016 00:00;14.9;24.7;19.4;0.4;0.5;0.4;0;15.9;18;0.8;0;0;31.5;954.7;8.5;2;3;8.9;1.5;79;9;0;198.1;157;239;102;13991;102;64.1;0.9
SMA;01.08.2016 00:00;14.3;24.6;19;0.4;0;0.7;0;15.8;14;0.3;0;0;31.4;956;8.9;3.2;3;0;1.5;88;9;0;72.3;61;221;109;15463;119;48.6;0
SMA;01.09.2016 00:00;13;22.1;16.8;2.4;2.3;3;0;14.4;10;1.5;0;0;27.6;954.9;7.4;2;0;8.2;1.5;83;5;0;53;61;169;115;12831;130;22.7;0.2
SMA;01.10.2016 00:00;5.8;11.9;8.5;-1.5;-1.3;-1.9;0;9.5;0;-0.9;0;0;20.9;955.3;2.4;2.9;0;335.6;1.7;94;10;0;65.3;77;82;96;5191;80;0;111.6
SMA;01.11.2016 00:00;2.3;7.9;4.9;0;-0.2;0.3;8;7.4;0;-0.1;0;0;17.7;950.8;-4.3;-0.5;0;452.2;2.3;115;12;0;102;134;45;99;3048;84;0;212.2
SMA;01.12.2016 00:00;-1.5;3.4;0.7;-1;-1;-0.6;27;5.7;0;-0.3;5;0;8.4;964;-4.2;11;0;599;1.2;55;0;0;0.5;1;44;137;5565;197;0;351
SMA;01.01.2017 00:00;-5;-0.8;-3;-3.9;-3.6;-4.3;29;4.4;0;-1.2;18;0;7.5;956.5;-12.7;3;0;712.4;2;87;12;0;89.4;142;35;85;2206;62;0;464.4
SMA;01.02.2017 00:00;0.4;7.8;3.7;1.9;1.6;2.6;13;6.3;0;0.7;0;0;18.8;952.5;-2.2;0.1;0;455.2;2.1;91;7;0;52.4;87;79;107;5458;103;0;231.2
SMA;01.03.2017 00:00;4;13.7;8.5;2.7;2.1;3.5;0;7.5;0;0.9;0;0;20.8;952.6;0;1.4;0;321.3;2.6;104;9;0;62.8;88;145;115;11151;129;0;113.3
SMA;01.04.2017 00:00;4.2;13.9;8.8;-0.8;-0.9;-0.9;5;7.2;0;-0.6;0;0;23.3;954.3;-2.4;5;0;289.3;1.9;90;9;0;117.3;146;189;105;11692;110;0;105.3
SMA;01.05.2017 00:00;9.9;20.3;14.8;1.2;0.9;1.5;0;10.9;7;0.1;0;0;30.2;952.6;2.1;1.6;1;126;2;95;11;0;75.4;59;238;112;14004;122;21.3;30
SMA;01.06.2017 00:00;15.1;25.4;19.9;2.8;2.5;3;0;14.6;15;1;0;4;33;951.9;8.4;-0.5;5;0;2.2;116;8;0;85.7;67;266;112;15083;121;71.5;0
SMA;01.07.2017 00:00;15.1;24.7;19.2;0.2;0.7;0.4;0;15.5;16;0.4;0;1;32.4;952.8;11.6;0.1;5;0;2;105;18;0;171.7;136;222;94;12272;89;54.3;0
SMA;01.08.2017 00:00;15;25.1;19.5;0.9;0.7;1.2;0;16.3;19;0.8;0;1;31.7;954.3;10.4;1.5;2;8.4;1.5;88;11;0;102.2;86;208;103;13401;104;66.7;0.4
SMA;01.09.2017 00:00;9.8;17.7;13.1;-1.3;-0.9;-1.4;0;11.7;0;-1.2;0;0;24.5;952.5;5.1;-0.4;0;110;1.8;100;14;0;106.8;122;138;94;8792;89;0.7;14
SMA;01.10.2017 00:00;7.5;15.9;11.3;1.3;0.4;2.1;0;10.4;0;0;0;0;22.5;957.6;0.1;5.2;0;175;1.8;100;8;0;39.7;47;111;130;10476;161;0;47
SMA;01.11.2017 00:00;2.2;7.6;4.8;-0.1;-0.3;0;6;7;0;-0.5;0;0;16;952.5;-1.4;1.2;0;456.4;2.3;115;11;0;88.5;116;42;92;3049;84;0;216.4
SMA;01.12.2017 00:00;-0.7;3.7;1.3;-0.4;-0.2;-0.3;23;5.8;0;-0.2;3;0;12.3;952.2;-4.4;-0.8;0;579.4;2.6;118;15;0;114.7;138;28;87;2110;75;0;331.4
SMA;01.01.2018 00:00;2.1;7.5;4.8;3.9;3.5;4;5;7;0;1.4;0;0;13.1;950.9;-2.9;-2.6;0;472.5;3.6;157;12;0;131.9;209;39;94;3048;85;0;224.5
SMA;01.02.2018 00:00;-3.2;0.8;-1.5;-3.3;-2;-4.4;27;4.6;0;-1;8;0;6.9;948.7;-13.1;-3.7;0;601.2;2.2;96;7;0;43.8;73;51;69;2459;46;0;377.2
SMA;01.03.2018 00:00;0.4;7.8;3.8;-2;-1.5;-2.4;12;6.2;0;-0.4;3;0;13.8;939.8;-8.6;-11.4;0;503.3;2.4;96;14;0;66.4;93;105;83;5526;64;0;255.3
SMA;01.04.2018 00:00;7.9;19.7;13.5;3.9;2.8;4.9;0;8.5;4;0.7;0;0;26.3;948.8;0.2;-0.5;0;112.4;2.2;105;6;0;12.7;16;215;119;14531;136;1.1;24.4
SMA;01.05.2018 00:00;11.1;20.7;15.4;1.8;2.1;1.9;0;12.3;6;1.5;0;0;27.4;950.3;6.4;-0.7;0;74.6;1.8;86;13;0;106.7;83;217;102;12067;105;9.8;10.6
SMA;01.06.2018 00:00;13.8;23.9;18.5;1.4;1.2;1.5;0;14.2;10;0.6;0;0;29.8;952.5;9.1;0.1;0;0;1.9;100;6;0;64.5;51;262;111;15092;121;29.9;0
SMA;01.07.2018 00:00;15.9;27;21.2;2.2;1.5;2.7;0;14.6;22;-0.5;0;0;34.6;952.2;11;-0.5;6;0;1.7;89;8;0;63.2;50;266;113;17649;128;93.5;0
SMA;01.08.2018 00:00;16;27;20.8;2.2;1.7;3.1;0;15.6;21;0.1;0;3;33.5;953.8;8.1;1;10;0;1.7;100;11;0;113.3;95;220;109;15378;119;97.3;0
SMA;01.09.2018 00:00;11.7;22;16.4;2;1;2.9;0;13.3;11;0.4;0;0;28.4;956.8;3;3.9;0;30.4;1.6;89;6;0;71.4;82;177;120;14276;145;11.9;6.4
SMA;01.10.2018 00:00;7.6;16;11.2;1.2;0.5;2.2;0;10.4;0;0;0;0;22.6;952.8;0.5;0.4;0;188.1;1.7;94;5;0;48.7;57;104;121;10231;157;0;60.1
SMA;01.11.2018 00:00;3.3;7.7;5.4;0.5;0.8;0.1;7;8;0;0.5;0;0;16.4;951.5;-1.9;0.2;0;439.5;1.5;75;5;0;17;22;42;92;2907;80;0;199.5
SMA;01.12.2018 00:00;1.4;5.6;3.5;1.8;1.9;1.6;14;6.9;0;0.9;2;0;13;956.4;-4.6;3.4;0;512.5;2.9;132;15;0;157.7;189;31;97;2112;75;0;264.5
SMA;01.01.2019 00:00;-2;2.3;0.1;-0.8;-0.6;-1.2;23;5.1;0;-0.5;6;0;6.9;951.1;-5.7;-2.4;0;616.4;2.5;109;12;0;61.7;98;44;107;3829;107;0;368.4
SMA;01.02.2019 00:00;-0.2;8.9;3.9;2.1;1;3.7;13;5.6;0;0;2;0;18;958.2;-4.6;5.8;0;451.1;1.6;70;5;0;36.8;61;104;141;9469;178;0;227.1
SMA;01.03.2019 00:00;2.9;12.2;7.2;1.4;1;2;7;6.2;0;-0.4;0;0;18.7;954.8;-1.2;3.6;0;396.2;3.8;152;12;0;68.1;96;141;112;10701;124;0;148.2
SMA;01.04.2019 00:00;4.9;14.5;9.3;-0.3;-0.2;-0.3;0;7.6;0;-0.2;0;0;24.1;948.4;0;-0.9;0;271.9;2;95;11;0;55.9;70;169;94;9422;88;0;103.9
SMA;01.05.2019 00:00;6.5;15.4;10.6;-3;-2.5;-3.4;1;9.3;0;-1.5;0;0;22.7;950.3;-0.3;-0.7;0;233.9;2.1;100;15;0;143.4;112;197;93;9659;84;0;65.9
SMA;01.06.2019 00:00;14.2;25.4;19.6;2.5;1.6;3;0;14.7;17;1.1;0;2;34.3;952.6;8.8;0.2;6;0;1.9;100;8;0;109.8;86;270;114;16185;130;74.7;0
SMA;01.07.2019 00:00;15.7;26.2;20.7;1.7;1.3;1.9;0;15.2;20;0.1;0;2;34.7;951.8;10.1;-0.9;6;0;1.8;95;9;0;96.5;77;263;112;16457;120;85.1;0
SMA;01.08.2019 00:00;14.7;24.2;18.9;0.3;0.4;0.3;0;15.9;13;0.4;0;0;31.5;953.8;10.6;1;3;0;1.5;88;12;0;121.8;102;200;99;12661;98;45.4;0
SMA;01.09.2019 00:00;11;20;15;0.6;0.3;0.9;0;12.9;3;0;0;0;27.2;955.2;5.7;2.3;0;35.1;1.9;106;9;0;90.4;103;161;110;11894;121;4.2;3.1
SMA;01.10.2019 00:00;8.6;15.5;11.6;1.6;1.5;1.7;0;11.5;0;1.1;0;0;23;951.8;5.1;-0.6;0;177.1;2;111;14;0;131.6;154;86;100;7011;108;0;33.1
SMA;01.11.2019 00:00;3.2;8.2;5.5;0.6;0.7;0.6;2;7.7;0;0.2;0;0;15.9;941.6;-1;-9.7;0;427.5;2.1;105;11;0;63;83;44;96;2633;72;0;195.5
SMA;01.12.2019 00:00;1.3;6.4;3.8;2.1;1.8;2.4;13;6.7;0;0.7;0;0;13.4;950.5;-3.4;-2.5;0;502.5;2.8;127;13;0;62.2;75;36;112;2742;97;0;254.5
SMA;01.01.2020 00:00;-0.3;5.8;2.6;1.7;1.1;2.3;18;6;0;0.4;4;0;13.9;959.8;-4.2;6.3;0;539.5;1.9;83;5;0;23;37;56;136;6619;185;0;291.5
SMA;01.02.2020 00:00;2.5;10.6;6.2;4.4;3.7;5.4;6;6.4;0;0.8;0;0;18;954.3;-2.8;1.9;0;378.8;4.3;187;13;0;119;197;82;111;6627;125;0;170.8
SMA;01.03.2020 00:00;1.7;10.9;5.9;0.1;-0.2;0.7;9;6.2;0;-0.4;0;0;19;951.7;-3.5;0.5;0;421.4;2.8;112;7;0;40.1;56;144;114;10873;126;0;189.4
SMA;01.04.2020 00:00;6.8;19.3;12.9;3.3;1.7;4.5;1;7.5;0;-0.3;0;0;23.9;951.4;-2.6;2.1;0;113.7;2.1;100;4;0;26.5;33;241;134;17679;166;0;33.7
SMA;01.05.2020 00:00;8.1;19.2;13.6;0;-0.9;0.4;0;10.1;2;-0.7;0;0;26.2;954;1.5;3;0;114.1;2.2;105;7;0;87.1;68;246;116;15057;131;2.7;26.1
SMA;01.06.2020 00:00;12.2;21.6;16.3;-0.8;-0.4;-0.8;0;13.3;9;-0.3;0;0;27.7;949.8;9.3;-2.6;0;17.3;2;105;13;0;145.2;114;215;91;11073;89;14.2;1.3
SMA;01.07.2020 00:00;14.7;25.6;20;1;0.3;1.3;0;14.5;18;-0.6;0;1;33.6;953.5;9.6;0.8;3;0;1.8;95;8;0;56.8;45;264;112;17094;124;67.5;0
SMA;01.08.2020 00:00;15.2;25;19.7;1.1;0.9;1.1;0;15.7;17;0.2;0;0;32.7;951.3;8.8;-1.5;6;8.7;1.6;94;11;0;136.8;115;205;101;13421;104;71.9;0.7
SMA;01.09.2020 00:00;12.1;21.3;16.1;1.7;1.4;2.2;0;14;9;1.1;0;0;28.5;952.9;5.4;0;0;64.5;1.9;106;8;0;35.6;41;165;112;12104;123;15.5;16.5
SMA;01.10.2020 00:00;6.6;13.1;9.5;-0.5;-0.5;-0.7;0;9.8;0;-0.6;0;0;19.9;949.8;3.3;-2.6;0;298.5;2;111;16;0;92.4;108;83;97;5456;84;0;82.5
SMA;01.11.2020 00:00;3.5;9.1;5.9;1;1;1.5;6;8;0;0.5;0;0;21.4;959.3;-2.1;8;0;421.1;1.4;70;5;0;24;32;53;116;5430;149;0;189.1
SMA;01.12.2020 00:00;0.2;4.1;2.1;0.4;0.7;0.1;20;6.4;0;0.4;0;0;14;944.5;-3.9;-8.5;0;555.1;1.7;77;13;0;73;88;28;87;1924;68;0;307.1
SMA;01.01.2021 00:00;-1.6;2.6;0.6;-0.3;-0.2;-0.9;21;5.4;0;-0.2;7;0;9.7;946.7;-8.2;-6.8;0;602.1;2.5;109;15;0;154.7;246;37;90;2158;60;0;354.1
SMA;01.02.2021 00:00;0.4;8.1;4;2.2;1.6;2.9;8;6.4;0;0.8;4;0;17.6;952.9;-11.7;0.5;0;448.1;1.9;83;8;0;41;68;85;115;6756;127;0;224.1
SMA;01.03.2021 00:00;1.5;10.3;5.6;-0.2;-0.4;0.1;10;5.8;0;-0.8;0;0;22.8;956.4;-3.5;5.2;0;435;2.2;88;9;0;52.3;73;141;112;10584;123;0;203
SMA;01.04.2021 00:00;3;13.8;8.1;-1.5;-2.1;-1;8;6.1;0;-1.7;0;0;22.8;952.3;-2.7;3;0;326.5;2.3;110;6;0;35.2;44;212;118;13371;126;0;126.5
SMA;01.05.2021 00:00;6.7;15.5;10.9;-2.7;-2.3;-3.3;0;8.7;1;-2.1;0;0;26.3;950;2.9;-1;0;240.1;2.8;133;18;0;141.2;110;201;95;10378;90;0.4;56.1
SMA;01.06.2021 00:00;14.1;24.7;18.9;1.8;1.5;2.3;0;15;15;1.4;0;0;31.1;953.5;8.6;1.1;3;0;1.7;89;15;0;159.7;125;255;108;14238;114;44;0
SMA;01.07.2021 00:00;14.1;22.7;17.8;-1.2;-0.3;-1.6;0;16;8;0.9;0;0;28.6;951.9;10.7;-0.8;0;0;1.6;84;19;0;255.1;202;195;83;10259;75;19.7;0
SMA;01.08.2021 00:00;13.6;21.6;17.2;-1.4;-0.7;-2.3;0;14.9;7;-0.6;0;0;30.7;953.1;10.2;0.3;2;0;1.5;88;10;0;93.3;78;174;86;9727;75;29.7;0
SMA;01.09.2021 00:00;12.1;21.1;16.1;1.7;1.4;2;0;14.1;3;1.2;0;0;25.8;955.1;7.4;2.2;0;26;1.6;89;5;0;26.4;30;169;115;13133;133;3.3;2
SMA;01.10.2021 00:00;6.2;14.2;9.5;-0.5;-0.9;0.4;0;9.6;0;-0.8;0;0;22.8;955.2;1.5;2.8;0;298.1;1.6;89;6;0;22.3;26;101;118;8653;133;0;90.1
SMA;01.11.2021 00:00;1.9;6.1;3.8;-1.1;-0.6;-1.5;4;7.1;0;-0.4;0;0;12.8;951.1;-1.2;-0.2;0;486.8;1.7;85;12;0;33.8;44;41;90;2558;70;0;246.8
SMA;01.12.2021 00:00;0.7;4.8;2.7;1;1.2;0.8;18;6.6;0;0.6;2;0;12.8;951.3;-4.4;-1.7;0;537.8;2.1;95;14;0;111.6;134;29;90;2231;79;0;289.8
SMA;01.01.2022 00:00;-0.8;4.7;1.7;0.8;0.6;1.2;22;5.5;0;-0.1;0;0;14.6;960.1;-5;6.6;0;568.4;2.1;91;6;0;39.5;63;57;138;6261;175;0;320.4
SMA;01.02.2022 00:00;1.2;8.5;4.5;2.7;2.4;3.3;10;6;0;0.4;0;0;15.1;956.2;-3.4;3.8;0;434.8;3.3;143;13;0;54.4;90;91;123;7482;141;0;210.8
SMA;01.03.2022 00:00;2.2;13.1;7.2;1.4;0.3;2.9;10;5.4;0;-1.2;0;0;20;956;-4.6;4.8;0;373.1;1.9;76;5;0;26.5;37;166;132;15129;175;0;149.1
SMA;01.04.2022 00:00;4.6;14.3;9.2;-0.4;-0.5;-0.5;4;7.6;0;-0.2;0;0;22.8;948.5;-2.5;-0.8;0;298;2.7;129;11;0;85.2;106;200;111;12246;115;0;98
SMA;01.05.2022 00:00;11.5;21.2;16;2.4;2.5;2.4;0;12;6;1.2;0;0;30.4;953.7;5.9;2.7;1;43.9;1.8;86;9;0;72.6;57;237;112;13757;120;17.4;3.9
SMA;01.06.2022 00:00;14.3;25.3;19.5;2.4;1.7;2.9;0;15.1;17;1.5;0;1;34.2;952.6;9.3;0.2;4;0;1.7;89;15;0;126.6;99;261;110;15411;124;60.5;0
SMA;01.07.2022 00:00;15.6;27.4;21.3;2.3;1.2;3.1;0;14.1;24;-1;0;1;34.3;956;11.3;3.3;7;0;1.9;100;7;0;44.8;36;287;122;18935;138;97;0
SMA;01.08.2022 00:00;15.3;26.5;20.4;1.8;1;2.6;0;15.2;23;-0.3;0;1;34.7;952.4;13.6;-0.4;4;0;1.9;112;9;0;75.1;63;236;117;16893;131;72.7;0
SMA;01.09.2022 00:00;10.7;18.6;14.3;-0.1;0;-0.5;0;12.6;4;-0.3;0;0;26.1;950.3;4.4;-2.6;0;116.9;2.1;117;13;0;112.8;129;145;99;9031;92;7.3;20.9
SMA;01.10.2022 00:00;10.6;17.9;13.7;3.7;3.5;4.1;0;13.2;0;2.8;0;0;22.8;956.6;6.7;4.2;0;36.2;1.5;83;10;0;69.4;81;98;114;8484;130;0;4.2
SMA;01.11.2022 00:00;4.8;10;7.3;2.4;2.3;2.4;0;8.7;0;1.2;0;0;16.1;951.1;0.5;-0.2;0;375.3;1.8;90;14;0;74.7;98;49;107;3195;88;0;143.3
SMA;01.12.2022 00:00;0.7;4.8;2.7;1;1.2;0.8;14;6.7;0;0.7;6;0;15.6;949.9;-7.7;-3.1;0;529;1.9;86;13;0;90.3;108;29;90;2087;74;0;289
SMA;01.01.2023 00:00;0.8;5.1;2.9;2;2.2;1.6;16;6.1;0;0.5;5;0;15.6;953;-6.7;-0.5;0;522;2.5;109;10;0;42.6;68;33;80;2239;62;0;282
SMA;01.02.2023 00:00;0.5;7.6;3.5;1.7;1.7;2.4;14;5.9;0;0.3;1;0;15.3;960.9;-5.5;8.5;0;461;2.1;91;3;0;21.3;35;90;122;7496;141;0;237
SMA;01.03.2023 00:00;3.2;11.3;7;1.2;1.3;1.1;9;6.9;0;0.3;0;0;18.9;948.2;-1.3;-3;0;380.7;2.8;112;13;0;99.9;140;113;90;7014;81;0;156.7
SMA;01.04.2023 00:00;4.6;12.5;8.2;-1.4;-0.5;-2.3;2;7.9;0;0.1;0;0;19.8;950.5;-1.9;1.2;0;334.9;2.3;110;16;0;102.9;128;155;86;7200;68;0;118.9
SMA;01.05.2023 00:00;9.9;18.5;13.8;0.2;0.9;-0.3;0;11.4;0;0.6;0;0;24.9;952.5;6;1.5;0;121.7;1.9;90;13;0;117.3;91;201;95;9876;86;0.8;17.7
SMA;01.06.2023 00:00;14.3;26.2;20;2.9;1.7;3.8;0;12.8;23;-0.8;0;0;30.3;951.7;11.1;-0.7;1;0;1.9;100;5;0;37.8;30;304;128;19118;154;53.1;0
SMA;01.07.2023 00:00;15.6;25.9;20.3;1.3;1.2;1.6;0;15.3;17;0.2;0;0;35.5;951.9;10.9;-0.8;5;0;1.9;100;15;1;131.5;104;243;103;13537;98;70.6;0
SMA;01.08.2023 00:00;15.6;25.1;19.9;1.3;1.3;1.2;0;16;17;0.5;0;4;33.9;951.9;9.7;-0.9;8;8.9;1.8;106;12;0;162.8;137;205;101;12951;100;92.2;0.9
SMA;01.09.2023 00:00;14;23.9;18.3;3.9;3.3;4.8;0;15.6;15;2.7;0;0;29.3;954.1;6.6;1.2;0;8.3;1.5;83;5;0;53.7;61;190;129;15067;153;36.3;0.3
SMA;01.10.2023 00:00;9.4;17.5;13;3;2.3;3.7;0;11.5;1;1.1;0;0;25.7;949.4;2.6;-3;0;149;1.9;106;8;0;56.8;67;107;125;9081;139;0.3;29
SMA;01.11.2023 00:00;3.4;8.7;6;1.1;0.9;1.1;6;7.8;0;0.3;0;0;15.1;946;-1;-5.3;0;421.1;3.4;170;21;0;198.1;260;39;86;2362;65;0;181.1
SMA;01.12.2023 00:00;1.6;6.2;3.9;2.2;2.1;2.2;9;6.8;0;0.8;1;0;10.7;952.7;-7.3;-0.3;0;499.8;2.7;123;14;0;134.9;162;33;103;2797;99;0;251.8
SMA;01.01.2024 00:00;-0.5;5.2;2.3;1.4;0.9;1.7;17;6.1;0;0.5;8;0;13.1;954.4;-7.6;0.9;0;547.8;2.7;117;13;0;106.4;169;44;107;4105;115;0;299.8
SMA;01.02.2024 00:00;4.2;9.9;6.8;5;5.4;4.7;0;7.7;0;2.1;0;0;14.2;950.5;0.5;-1.9;0;381.9;1.9;83;11;0;63.7;106;73;99;4649;87;0;149.9
SMA;01.03.2024 00:00;4.1;12.7;8.1;2.3;2.2;2.5;0;7.8;0;1.2;0;0;20.5;944.9;0.2;-6.3;0;340.1;2.2;88;16;0;120;169;117;93;7358;85;0;124.1
SMA;01.04.2024 00:00;5.6;14.9;10;0.4;0.5;0.1;1;8;1;0.2;0;0;26.3;951.4;-0.1;2.1;0;243;2.4;114;10;0;74.1;92;163;90;8662;81;2.4;107
SMA;01.05.2024 00:00;9.8;18.6;13.7;0.1;0.8;-0.2;0;11.5;1;0.7;0;0;25;949.2;7.3;-1.8;0;72.2;1.8;86;18;0;191.1;149;189;89;8862;77;0;8.2
SMA;01.06.2024 00:00;13.6;22.1;17.4;0.3;1;-0.3;0;15.1;8;1.5;0;0;29.8;950.7;8.2;-1.7;0;18.2;1.8;95;13;0;125.5;98;202;85;8774;71;26.9;2.2
SMA;01.07.2024 00:00;15.7;25.4;20;1;1.3;1.1;0;16.7;16;1.6;0;0;32;952.2;11.6;-0.5;4;0;1.6;84;12;0;110.3;88;243;103;13418;97;70;0
SMA;01.08.2024 00:00;16.4;26.5;21.1;2.5;2.1;2.6;0;17.4;18;1.9;0;0;32.4;952.6;11.2;-0.2;6;0;1.5;88;9;0;61;51;230;114;16434;127;94.8;0
SMA;01.09.2024 00:00;10.9;18.7;14.4;0;0.2;-0.4;0;13.3;5;0.4;0;0;30.3;951.3;4.8;-1.6;1;93.8;1.9;106;15;0;156.2;179;137;93;8175;83;14.3;21.8
SMA;01.10.2024 00:00;9.1;14.6;11.5;1.5;2;0.8;0;12.1;0;1.7;0;0;20.1;952.9;5.3;0.5;0;168.4;1.5;83;11;0;109.9;129;72;84;3810;58;0;32.4
SMA;01.11.2024 00:00;3;8;5.3;0.4;0.5;0.4;6;7.7;0;0.2;0;0;14.6;956.7;-2.7;5.4;0;442.1;1.9;95;9;0;81.6;107;50;110;4111;113;0;202.1
SMA;01.12.2024 00:00;-0.1;3.7;1.7;0;0.4;-0.3;17;6;0;0;6;0;10.9;958;-3.3;5;0;566.4;1.8;82;10;0;81;97;28;87;2112;75;0;318.4
SMA;01.01.2025 00:00;-0.7;5.3;2.2;1.3;0.7;1.8;18;5.8;0;0.2;3;0;15.1;952.3;-6.1;-1.2;0;552.8;2.3;100;13;0;125;198;48;116;4141;116;0;304.8
SMA;01.02.2025 00:00;0.3;5.6;2.7;0.9;1.5;0.4;12;6.3;0;0.7;0;0;14.5;957.1;-4.2;4.7;0;485.5;1.5;65;6;0;25.8;43;59;80;3092;58;0;261.5
SMA;01.03.2025 00:00;3.5;12.1;7.3;1.5;1.6;1.9;4;6.7;0;0.1;0;0;19.6;949.9;-1.9;-1.3;0;387.4;1.7;68;9;0;29.4;41;130;103;9084;105;0;147.4
SMA;01.04.2025 00:00;6.1;16.9;11.2;1.6;1;2.1;0;8.3;0;0.5;0;0;23.9;950.9;0.3;1.6;0;192.1;2.2;105;6;0;46.2;57;218;121;15098;142;0;48.1
SMA;01.05.2025 00:00;9.1;18.7;13.7;0.1;0.1;-0.1;0;10.2;4;-0.6;0;0;28.9;951.7;4.9;0.7;0;83.8;1.9;90;12;0;155.1;121;219;103;11870;103;5.1;19.8
SMA;01.06.2025 00:00;15.3;26.4;20.5;3.4;2.7;4;0;15.4;20;1.8;0;1;32.5;955.2;10.7;2.8;6;0;1.9;100;9;0;91.9;72;285;120;17479;141;83.2;0
SMA;01.07.2025 00:00;14.6;23.6;18.6;-0.4;0.2;-0.7;0;14.9;11;-0.2;0;1;33.4;952.2;10.5;-0.5;2;0;1.8;95;17;0;158.4;126;226;96;12148;88;44.4;0
SMA;01.08.2025 00:00;15.2;25.1;19.7;1.1;0.9;1.2;0;15.8;16;0.3;0;2;32.5;952.8;10.3;0;6;0;1.6;94;9;0;130.1;109;226;112;15518;120;67.6;0
SMA;01.09.2025 00:00;11.4;19;14.7;0.3;0.7;-0.1;0;13.4;3;0.5;0;0;27.9;954;7.9;1.1;0;75.2;1.7;94;13;0;125.9;144;138;94;8124;83;3.2;11.2
SMA;01.10.2025 00:00;6.8;13.3;9.7;-0.3;-0.3;-0.5;0;9.9;0;-0.5;0;0;21.7;952.9;2.9;0.5;0;290.4;2.6;144;11;0;94.4;111;82;96;5190;80;0;74.4
SMA;01.11.2025 00:00;2.2;8.3;5;0.1;-0.3;0.7;8;7.4;0;-0.1;1;0;18.5;950.2;-6.9;-1.1;0;443.1;1.4;70;10;0;93.3;123;57;125;5817;160;0;211.1
SMA;01.12.2025 00:00;0.2;4.1;2.1;0.4;0.7;0.1;16;6.6;0;0.6;4;0;11.9;953.7;-6.2;0.7;0;555.8;1.4;64;4;0;23.8;29;31;97;2377;84;0;307.8
SMA;01.01.2026 00:00;-2.4;2.8;0.1;-0.8;-1;-0.7;23;5.4;0;-0.2;6;0;10.3;943.7;-10.1;-9.8;0;618.2;1.7;74;6;0;39.3;62;45;109;4200;117;0;370.2
SMA;01.02.2026 00:00;2.3;8.6;5.1;3.3;3.5;3.4;6;7.2;0;1.6;0;0;17.8;943.4;-1;-9;0;416.8;2.3;100;13;0;96.8;161;69;93;4295;81;0;192.8
SMA;01.03.2026 00:00;2.3;11.6;6.4;0.6;0.4;1.4;3;6.7;0;0.1;0;0;16.3;953.9;-2.3;2.7;0;421.3;2;80;8;0;50.8;71;144;114;11227;130;0;173.3
SMA;01.04.2026 00:00;6.3;17.6;11.7;2.1;1.2;2.8;1;7.9;0;0.1;0;0;22.8;954.3;-0.2;5;0;146.2;2;95;4;0;14.3;18;221;123;14920;140;0;42.2
SMA;01.05.2026 00:00;9.8;21.4;15.3;1.7;0.8;2.6;0;10.4;10;-0.4;0;0;30.9;952.8;2.5;1.8;3;106.4;2;95;10;0;52.6;41;256;121;15663;136;34.6;26.4
SMA;01.06.2026 00:00;;;21.2;4.1;;;0;;19;;0;7;37.1;;8.9;;13;8.5;2;105;9;4;105.1;82;271;114;15852;127;120.7;0.5
SMA;01.07.2026 00:00;16.3;28.5;22.3;3.3;1.9;4.2;0;13.4;28;-1.7;0;2;37.1;949;11.5;-3.7;9;0;2;105;6;2;40.9;32;288;122;19096;139;123.2;0
