station_abbr;reference_timestamp;ths2dymn;ths2dymx;ths200m0;th9120mv;th91dnmv;th91dxmv;ths00nm0;pva2hsm0;ths25xm0;pv9120mv;ths00xm0;ths20nm0;thl200mx;phsstam0;thl200mn;ph9120mv;ths30xm0;xhs000m0;fhs010m0;fh9120mv;rhs001m0;ths35xm0;rhs150m0;rh9120mv;ghs000m0;gh9120mv;shs000m0;sh9120mv;xhs00om0;xhs012m0
GVE;01.01.1753 00:00;;;-3.9;-6;;;;;;;;;;;;;;;;;;;;;;;;;;
GVE;01.02.1753 00:00;;;1.9;-1;;;;;;;;;;;;;;;;;;;;;;;;;;
GVE;01.03.1753 00:00;;;6.9;0.2;;;;;;;;;;;;;;;;;;;;;;;;;;
GVE;01.04.1753 00:00;;;8;-2.5;;;;;;;;;;;;;;;;;;;;;;;;;;
GVE;01.05.1753 00:00;;;13.5;-1;;;;;;;;;;;;;;;;;;;;;;;;;;
GVE;01.06.1753 00:00;;;18.5;0.1;;;;;;;;;;;;;;;;;;;;;;;;;;
GVE;01.07.1753 00:00;;;19.4;-1.2;;;;;;;;;;;;;;;;;;;;;;;;;;
GVE;01.08.1753 00:00;;;15.8;-4.2;;;;;;;;;;;;;;;;;;;;;;;;;;
GVE;01.09.1753 00:00;;;14.3;-1.4;;;;;;;;;;;;;;;;;;;;;;;;;;
GVE;01.10.1753 00:00;;;9.7;-1.6;;;;;;;;;;;;;;;;;;;;;;;;;;
GVE;01.11.1753 00:00;;;3.2;-2.8;;;;;;;;;;;;;;;;;;;;;;;;;;
GVE;01.12.1753 00:00;;;3.2;0.4;;;;;;;;;;;;;;;;;;;;;;;;;;
GVE;01.01.1754 00:00;;;-0.4;-2.5;;;;;;;;;;;;;;;;;;;;;;;;;;
GVE;01.02.1754 00:00;;;-0.2;-3.1;;;;;;;;;;;;;;;;;;;;;;;;;;
GVE;01.03.1754 00:00;;;1.3;-5.4;;;;;;;;;;;;;;;;;;;;;;;;;;
GVE;01.04.1754 00:00;;;7.8;-2.7;;;;;;;;;;;;;;;;;;;;;;;;;;
GVE;01.05.1754 00:00;;;14.3;-0.2;;;;;;;;;;;;;;;;;;;;;;;;;;
GVE;01.06.1754 00:00;;;16.9;-1.5;;;;;;;;;;;;;;;;;;;;;;;;;;
GVE;01.07.1754 00:00;;;17.4;-3.2;;;;;;;;;;;;;;;;;;;;;;;;;;
GVE;01.08.1754 00:00;;;18.8;-1.2;;;;;;;;;;;;;;;;;;;;;;;;;;
GVE;01.09.1754 00:00;;;14.8;-0.9;;;;;;;;;;;;;;;;;;;;;;;;;;
GVE;01.10.1754 00:00;;;11.2;-0.1;;;;;;;;;;;;;;;;;;;;;;;;;;
GVE;01.11.1754 00:00;;;6.3;0.3;;;;;;;;;;;;;;;;;;;;;;;;;;
GVE;01.12.1754 00:00;;;1.3;-1.5;;;;;;;;;;;;;;;;;;;;;;;;;;
GVE;01.01.1755 00:00;;;-5.4;-7.5;;;;;;;;;;;;;;;;;;;;;;;;;;
GVE;01.02.1755 00:00;;;-1.6;-4.5;;;;;;;;;;;;;;;;;;;;;;;;;;
GVE;01.03.1755 00:00;;;4.1;-2.6;;;;;;;;;;;;;;;;;;;;;;;;;;
GVE;01.04.1755 00:00;;;13;2.5;;;;;;;;;;;;;;;;;;;;;;;;;;
GVE;01.05.1755 00:00;;;12.4;-2.1;;;;;;;;;;;;;;;;;;;;;;;;;;
GVE;01.06.1755 00:00;;;18.4;0;;;;;;;;;;;;;;;;;;;;;;;;;;
GVE;01.07.1755 00:00;;;18.5;-2.1;;;;;;;;;;;;;;;;;;;;;;;;;;
GVE;01.08.1755 00:00;;;16.4;-3.6;;;;;;;;;;;;;;;;;;;;;;;;;;
GVE;01.09.1755 00:00;;;13.6;-2.1;;;;;;;;;;;;;;;;;;;;;;;;;;
GVE;01.10.1755 00:00;;;8.9;-2.4;;;;;;;;;;;;;;;;;;;;;;;;;;
GVE;01.11.1755 00:00;;;4.1;-1.9;;;;;;;;;;;;;;;;;;;;;;;;;;
GVE;01.12.1755 00:00;;;0.7;-2.1;;;;;;;;;;;;;;;;;;;;;;;;;;
GVE;01.01.1756 00:00;;;1.4;-0.7;;;;;;;;;;;;;;;;;;;;;;;;;;
GVE;01.02.1756 00:00;;;2.4;-0.5;;;;;;;;;;;;;;;;;;;;;;;;;;
GVE;01.03.1756 00:00;;;4.6;-2.1;;;;;;;;;;;;;;;;;;;;;;;;;;
GVE;01.04.1756 00:00;;;8;-2.5;;;;;;;;;;;;;;;;;;;;;;;;;;
GVE;01.05.1756 00:00;;;12;-2.5;;;;;;;;;;;;;;;;;;;;;;;;;;
GVE;01.06.1756 00:00;;;18.2;-0.2;;;;;;;;;;;;;;;;;;;;;;;;;;
GVE;01.07.1756 00:00;;;18.3;-2.3;;;;;;;;;;;;;;;;;;;;;;;;;;
GVE;01.08.1756 00:00;;;16.3;-3.7;;;;;;;;;;;;;;;;;;;;;;;;;;
GVE;01.09.1756 00:00;;;14.9;-0.8;;;;;;;;;;;;;;;;;;;;;;;;;;
GVE;01.10.1756 00:00;;;9;-2.3;;;;;;;;;;;;;;;;;;;;;;;;;;
GVE;01.11.1756 00:00;;;2.1;-3.9;;;;;;;;;;;;;;;;;;;;;;;;;;
GVE;01.12.1756 00:00;;;-2.3;-5.1;;;;;;;;;;;;;;;;;;;;;;;;;;
GVE;01.01.1757 00:00;;;-2.8;-4.9;;;;;;;;;;;;;;;;;;;;;;;;;;
GVE;01.02.1757 00:00;;;-0.2;-3.1;;;;;;;;;;;;;;;;;;;;;;;;;;
GVE;01.03.1757 00:00;;;3.5;-3.2;;;;;;;;;;;;;;;;;;;;;;;;;;
GVE;01.04.1757 00:00;;;9.2;-1.3;;;;;;;;;;;;;;;;;;;;;;;;;;
GVE;01.05.1757 00:00;;;14.3;-0.2;;;;;;;;;;;;;;;;;;;;;;;;;;
GVE;01.06.1757 00:00;;;18;-0.4;;;;;;;;;;;;;;;;;;;;;;;;;;
GVE;01.07.1757 00:00;;;21.2;0.6;;;;;;;;;;;;;;;;;;;;;;;;;;
GVE;01.08.1757 00:00;;;17;-3;;;;;;;;;;;;;;;;;;;;;;;;;;
GVE;01.09.1757 00:00;;;12.3;-3.4;;;;;;;;;;;;;;;;;;;;;;;;;;
GVE;01.10.1757 00:00;;;5.6;-5.7;;;;;;;;;;;;;;;;;;;;;;;;;;
GVE;01.11.1757 00:00;;;4.5;-1.5;;;;;;;;;;;;;;;;;;;;;;;;;;
GVE;01.12.1757 00:00;;;-0.4;-3.2;;;;;;;;;;;;;;;;;;;;;;;;;;
GVE;01.01.1758 00:00;;;-3.8;-5.9;;;;;;;;;;;;;;;;;;;;;;;;;;
GVE;01.02.1758 00:00;;;0.1;-2.8;;;;;;;;;;;;;;;;;;;;;;;;;;
GVE;01.03.1758 00:00;;;4.8;-1.9;;;;;;;;;;;;;;;;;;;;;;;;;;
GVE;01.04.1758 00:00;;;7.9;-2.6;;;;;;;;;;;;;;;;;;;;;;;;;;
GVE;01.05.1758 00:00;;;13.9;-0.6;;;;;;;;;;;;;;;;;;;;;;;;;;
GVE;01.06.1758 00:00;;;17.2;-1.2;;;;;;;;;;;;;;;;;;;;;;;;;;
GVE;01.07.1758 00:00;;;14.3;-6.3;;;;;;;;;;;;;;;;;;;;;;;;;;
GVE;01.08.1758 00:00;;;16.5;-3.5;;;;;;;;;;;;;;;;;;;;;;;;;;
GVE;01.09.1758 00:00;;;12.3;-3.4;;;;;;;;;;;;;;;;;;;;;;;;;;
GVE;01.10.1758 00:00;;;7.2;-4.1;;;;;;;;;;;;;;;;;;;;;;;;;;
GVE;01.11.1758 00:00;;;2.6;-3.4;;;;;;;;;;;;;;;;;;;;;;;;;;
GVE;01.12.1758 00:00;;;0.4;-2.4;;;;;;;;;;;;;;;;;;;;;;;;;;
GVE;01.01.1759 00:00;;;-0.4;-2.5;;;;;;;;;;;;;;;;;;;;;;;;;;
GVE;01.02.1759 00:00;;;1.7;-1.2;;;;;;;;;;;;;;;;;;;;;;;;;;
GVE;01.03.1759 00:00;;;4.3;-2.4;;;;;;;;;;;;;;;;;;;;;;;;;;
GVE;01.04.1759 00:00;;;10.2;-0.3;;;;;;;;;;;;;;;;;;;;;;;;;;
GVE;01.05.1759 00:00;;;14;-0.5;;;;;;;;;;;;;;;;;;;;;;;;;;
GVE;01.06.1759 00:00;;;16.1;-2.3;;;;;;;;;;;;;;;;;;;;;;;;;;
GVE;01.07.1759 00:00;;;20.7;0.1;;;;;;;;;;;;;;;;;;;;;;;;;;
GVE;01.08.1759 00:00;;;17;-3;;;;;;;;;;;;;;;;;;;;;;;;;;
GVE;01.09.1759 00:00;;;15.1;-0.6;;;;;;;;;;;;;;;;;;;;;;;;;;
GVE;01.10.1759 00:00;;;11;-0.3;;;;;;;;;;;;;;;;;;;;;;;;;;
GVE;01.11.1759 00:00;;;0.5;-5.5;;;;;;;;;;;;;;;;;;;;;;;;;;
GVE;01.12.1759 00:00;;;-1;-3.8;;;;;;;;;;;;;;;;;;;;;;;;;;
GVE;01.01.1760 00:00;;;-1.4;-3.5;;;;;;;;;;;;;;;;;;;;;;;;;;
GVE;01.02.1760 00:00;;;0.9;-2;;;;;;;;;;;;;;;;;;;;;;;;;;
GVE;01.03.1760 00:00;;;2.8;-3.9;;;;;;;;;;;;;;;;;;;;;;;;;;
GVE;01.04.1760 00:00;;;12.4;1.9;;;;;;;;;;;;;;;;;;;;;;;;;;
GVE;01.05.1760 00:00;;;14;-0.5;;;;;;;;;;;;;;;;;;;;;;;;;;
GVE;01.06.1760 00:00;;;17.5;-0.9;;;;;;;;;;;;;;;;;;;;;;;;;;
GVE;01.07.1760 00:00;;;19;-1.6;;;;;;;;;;;;;;;;;;;;;;;;;;
GVE;01.08.1760 00:00;;;16.6;-3.4;;;;;;;;;;;;;;;;;;;;;;;;;;
GVE;01.09.1760 00:00;;;14.8;-0.9;;;;;;;;;;;;;;;;;;;;;;;;;;
GVE;01.10.1760 00:00;;;9.4;-1.9;;;;;;;;;;;;;;;;;;;;;;;;;;
GVE;01.11.1760 00:00;;;4.2;-1.8;;;;;;;;;;;;;;;;;;;;;;;;;;
GVE;01.12.1760 00:00;;;2.4;-0.4;;;;;;;;;;;;;;;;;;;;;;;;;;
GVE;01.01.1761 00:00;;;-3.3;-5.4;;;;;;;;;;;;;;;;;;;;;;;;;;
GVE;01.02.1761 00:00;;;2.9;0;;;;;;;;;;;;;;;;;;;;;;;;;;
GVE;01.03.1761 00:00;;;6.4;-0.3;;;;;;;;;;;;;;;;;;;;;;;;;;
GVE;01.04.1761 00:00;;;8.7;-1.8;;;;;;;;;;;;;;;;;;;;;;;;;;
GVE;01.05.1761 00:00;;;14.8;0.3;;;;;;;;;;;;;;;;;;;;;;;;;;
GVE;01.06.1761 00:00;;;16.8;-1.6;;;;;;;;;;;;;;;;;;;;;;;;;;
GVE;01.07.1761 00:00;;;19.6;-1;;;;;;;;;;;;;;;;;;;;;;;;;;
GVE;01.08.1761 00:00;;;19.3;-0.7;;;;;;;;;;;;;;;;;;;;;;;;;;
GVE;01.09.1761 00:00;;;15.6;-0.1;;;;;;;;;;;;;;;;;;;;;;;;;;
GVE;01.10.1761 00:00;;;8.1;-3.2;;;;;;;;;;;;;;;;;;;;;;;;;;
GVE;01.11.1761 00:00;;;3.8;-2.2;;;;;;;;;;;;;;;;;;;;;;;;;;
GVE;01.12.1761 00:00;;;-2.1;-4.9;;;;;;;;;;;;;;;;;;;;;;;;;;
GVE;01.01.1762 00:00;;;1.3;-0.8;;;;;;;;;;;;;;;;;;;;;;;;;;
GVE;01.02.1762 00:00;;;-0.3;-3.2;;;;;;;;;;;;;;;;;;;;;;;;;;
GVE;01.03.1762 00:00;;;1.3;-5.4;;;;;;;;;;;;;;;;;;;;;;;;;;
GVE;01.04.1762 00:00;;;12.2;1.7;;;;;;;;;;;;;;;;;;;;;;;;;;
GVE;01.05.1762 00:00;;;16.1;1.6;;;;;;;;;;;;;;;;;;;;;;;;;;
GVE;01.06.1762 00:00;;;17.1;-1.3;;;;;;;;;;;;;;;;;;;;;;;;;;
GVE;01.07.1762 00:00;;;21.3;0.7;;;;;;;;;;;;;;;;;;;;;;;;;;
GVE;01.08.1762 00:00;;;17.5;-2.5;;;;;;;;;;;;;;;;;;;;;;;;;;
GVE;01.09.1762 00:00;;;14.3;-1.4;;;;;;;;;;;;;;;;;;;;;;;;;;
GVE;01.10.1762 00:00;;;7.8;-3.5;;;;;;;;;;;;;;;;;;;;;;;;;;
GVE;01.11.1762 00:00;;;3.1;-2.9;;;;;;;;;;;;;;;;;;;;;;;;;;
GVE;01.12.1762 00:00;;;-3.8;-6.6;;;;;;;;;;;;;;;;;;;;;;;;;;
GVE;01.01.1763 00:00;;;-3.8;-5.9;;;;;;;;;;;;;;;;;;;;;;;;;;
GVE;01.02.1763 00:00;;;4.6;1.7;;;;;;;;;;;;;;;;;;;;;;;;;;
GVE;01.03.1763 00:00;;;3.2;-3.5;;;;;;;;;;;;;;;;;;;;;;;;;;
GVE;01.04.1763 00:00;;;9.1;-1.4;;;;;;;;;;;;;;;;;;;;;;;;;;
GVE;01.05.1763 00:00;;;12.5;-2;;;;;;;;;;;;;;;;;;;;;;;;;;
GVE;01.06.1763 00:00;;;17.2;-1.2;;;;;;;;;;;;;;;;;;;;;;;;;;
GVE;01.07.1763 00:00;;;18.6;-2;;;;;;;;;;;;;;;;;;;;;;;;;;
GVE;01.08.1763 00:00;;;19.8;-0.2;;;;;;;;;;;;;;;;;;;;;;;;;;
GVE;01.09.1763 00:00;;;13.2;-2.5;;;;;;;;;;;;;;;;;;;;;;;;;;
GVE;01.10.1763 00:00;;;8;-3.3;;;;;;;;;;;;;;;;;;;;;;;;;;
GVE;01.11.1763 00:00;;;3.1;-2.9;;;;;;;;;;;;;;;;;;;;;;;;;;
GVE;01.12.1763 00:00;;;1.9;-0.9;;;;;;;;;;;;;;;;;;;;;;;;;;
GVE;01.01.1764 00:00;;;3.1;1;;;;;;;;;;;;;;;;;;;;;;;;;;
GVE;01.02.1764 00:00;;;3.2;0.3;;;;;;;;;;;;;;;;;;;;;;;;;;
GVE;01.03.1764 00:00;;;2.3;-4.4;;;;;;;;;;;;;;;;;;;;;;;;;;
GVE;01.04.1764 00:00;;;7.6;-2.9;;;;;;;;;;;;;;;;;;;;;;;;;;
GVE;01.05.1764 00:00;;;15.3;0.8;;;;;;;;;;;;;;;;;;;;;;;;;;
GVE;01.06.1764 00:00;;;18;-0.4;;;;;;;;;;;;;;;;;;;;;;;;;;
GVE;01.07.1764 00:00;;;19.4;-1.2;;;;;;;;;;;;;;;;;;;;;;;;;;
GVE;01.08.1764 00:00;;;16;-4;;;;;;;;;;;;;;;;;;;;;;;;;;
GVE;01.09.1764 00:00;;;13;-2.7;;;;;;;;;;;;;;;;;;;;;;;;;;
GVE;01.10.1764 00:00;;;7;-4.3;;;;;;;;;;;;;;;;;;;;;;;;;;
GVE;01.11.1764 00:00;;;2.9;-3.1;;;;;;;;;;;;;;;;;;;;;;;;;;
GVE;01.12.1764 00:00;;;1.1;-1.7;;;;;;;;;;;;;;;;;;;;;;;;;;
GVE;01.01.1765 00:00;;;1.3;-0.8;;;;;;;;;;;;;;;;;;;;;;;;;;
GVE;01.02.1765 00:00;;;-0.7;-3.6;;;;;;;;;;;;;;;;;;;;;;;;;;
GVE;01.03.1765 00:00;;;5.7;-1;;;;;;;;;;;;;;;;;;;;;;;;;;
GVE;01.04.1765 00:00;;;8.4;-2.1;;;;;;;;;;;;;;;;;;;;;;;;;;
GVE;01.05.1765 00:00;;;13.8;-0.7;;;;;;;;;;;;;;;;;;;;;;;;;;
GVE;01.06.1765 00:00;;;18.6;0.2;;;;;;;;;;;;;;;;;;;;;;;;;;
GVE;01.07.1765 00:00;;;17.3;-3.3;;;;;;;;;;;;;;;;;;;;;;;;;;
GVE;01.08.1765 00:00;;;17.2;-2.8;;;;;;;;;;;;;;;;;;;;;;;;;;
GVE;01.09.1765 00:00;;;13.6;-2.1;;;;;;;;;;;;;;;;;;;;;;;;;;
GVE;01.10.1765 00:00;;;9.9;-1.4;;;;;;;;;;;;;;;;;;;;;;;;;;
GVE;01.11.1765 00:00;;;3.3;-2.7;;;;;;;;;;;;;;;;;;;;;;;;;;
GVE;01.12.1765 00:00;;;-1.1;-3.9;;;;;;;;;;;;;;;;;;;;;;;;;;
GVE;01.01.1766 00:00;;;-6.1;-8.2;;;;;;;;;;;;;;;;;;;;;;;;;;
GVE;01.02.1766 00:00;;;-1.4;-4.3;;;;;;;;;;;;;;;;;;;;;;;;;;
GVE;01.03.1766 00:00;;;3.9;-2.8;;;;;;;;;;;;;;;;;;;;;;;;;;
GVE;01.04.1766 00:00;;;10.3;-0.2;;;;;;;;;;;;;;;;;;;;;;;;;;
GVE;01.05.1766 00:00;;;14;-0.5;;;;;;;;;;;;;;;;;;;;;;;;;;
GVE;01.06.1766 00:00;;;18.2;-0.2;;;;;;;;;;;;;;;;;;;;;;;;;;
GVE;01.07.1766 00:00;;;18.1;-2.5;;;;;;;;;;;;;;;;;;;;;;;;;;
GVE;01.08.1766 00:00;;;19.4;-0.6;;;;;;;;;;;;;;;;;;;;;;;;;;
GVE;01.09.1766 00:00;;;16.1;0.4;;;;;;;;;;;;;;;;;;;;;;;;;;
GVE;01.10.1766 00:00;;;10.4;-0.9;;;;;;;;;;;;;;;;;;;;;;;;;;
GVE;01.11.1766 00:00;;;4.5;-1.5;;;;;;;;;;;;;;;;;;;;;;;;;;
GVE;01.12.1766 00:00;;;-0.9;-3.7;;;;;;;;;;;;;;;;;;;;;;;;;;
GVE;01.01.1767 00:00;;;-4.6;-6.7;;;;;;;;;;;;;;;;;;;;;;;;;;
GVE;01.02.1767 00:00;;;4.8;1.9;;;;;;;;;;;;;;;;;;;;;;;;;;
GVE;01.03.1767 00:00;;;4.7;-2;;;;;;;;;;;;;;;;;;;;;;;;;;
GVE;01.04.1767 00:00;;;8;-2.5;;;;;;;;;;;;;;;;;;;;;;;;;;
GVE;01.05.1767 00:00;;;13;-1.5;;;;;;;;;;;;;;;;;;;;;;;;;;
GVE;01.06.1767 00:00;;;17.1;-1.3;;;;;;;;;;;;;;;;;;;;;;;;;;
GVE;01.07.1767 00:00;;;19.2;-1.4;;;;;;;;;;;;;;;;;;;;;;;;;;
GVE;01.08.1767 00:00;;;18.4;-1.6;;;;;;;;;;;;;;;;;;;;;;;;;;
GVE;01.09.1767 00:00;;;14.6;-1.1;;;;;;;;;;;;;;;;;;;;;;;;;;
GVE;01.10.1767 00:00;;;9.5;-1.8;;;;;;;;;;;;;;;;;;;;;;;;;;
GVE;01.11.1767 00:00;;;6.7;0.7;;;;;;;;;;;;;;;;;;;;;;;;;;
GVE;01.12.1767 00:00;;;-1.9;-4.7;;;;;;;;;;;;;;;;;;;;;;;;;;
GVE;01.01.1768 00:00;;;-2.5;-4.6;;;;;;;;;;;;;;;;;;;;;;;;;;
GVE;01.02.1768 00:00;;;1.8;-1.1;;;;;;;;;;;;;;;;;;;;;;;;;;
GVE;01.03.1768 00:00;;;2.1;-4.6;;;;;;;;;;;;;;;;;;;;;;;;;;
GVE;01.04.1768 00:00;;;9.7;-0.8;;;;;;;;;;;;;;;;;;;;;;;;;;
GVE;01.05.1768 00:00;;;14.2;-0.3;;;;;;;;;;;;;;;;;;;;;;;;;;
GVE;01.06.1768 00:00;;;15.9;-2.5;;;;;;;;;;;;;;;;;;;;;;;;;;
GVE;01.07.1768 00:00;;;18.8;-1.8;;;;;;;;;;;;;;;;;;;;;;;;;;
GVE;01.08.1768 00:00;;;18.2;-1.8;;;;;;;;;;;;;;;;;;;;;;;;;;
GVE;01.09.1768 00:00;;;13.8;-1.9;;;;;;;;;;;;;;;;;;;;;;;;;;
GVE;01.10.1768 00:00;;;10.6;-0.7;;;;;;;;;;;;;;;;;;;;;;;;;;
GVE;01.11.1768 00:00;;;5.2;-0.8;;;;;;;;;;;;;;;;;;;;;;;;;;
GVE;01.12.1768 00:00;;;0.6;-2.2;;;;;;;;;;;;;;;;;;;;;;;;;;
GVE;01.01.1769 00:00;;;0.6;-1.5;;;;;;;;;;;;;;;;;;;;;;;;;;
GVE;01.02.1769 00:00;;;1.6;-1.3;;;;;;;;;;;;;;;;;;;;;;;;;;
GVE;01.03.1769 00:00;;;2.8;-3.9;;;;;;;;;;;;;;;;;;;;;;;;;;
GVE;01.04.1769 00:00;;;9.7;-0.8;;;;;;;;;;;;;;;;;;;;;;;;;;
GVE;01.05.1769 00:00;;;14.1;-0.4;;;;;;;;;;;;;;;;;;;;;;;;;;
GVE;01.06.1769 00:00;;;16.1;-2.3;;;;;;;;;;;;;;;;;;;;;;;;;;
GVE;01.07.1769 00:00;;;18.7;-1.9;;;;;;;;;;;;;;;;;;;;;;;;;;
GVE;01.08.1769 00:00;;;17.7;-2.3;;;;;;;;;;;;;;;;;;;;;;;;;;
GVE;01.09.1769 00:00;;;14.3;-1.4;;;;;;;;;;;;;;;;;;;;;;;;;;
GVE;01.10.1769 00:00;;;6.1;-5.2;;;;;;;;;;;;;;;;;;;;;;;;;;
GVE;01.11.1769 00:00;;;6.4;0.4;;;;;;;;;;;;;;;;;;;;;;;;;;
GVE;01.12.1769 00:00;;;1.1;-1.7;;;;;;;;;;;;;;;;;;;;;;;;;;
GVE;01.01.1770 00:00;;;-2.2;-4.3;;;;;;;;;;;;;;;;;;;;;;;;;;
GVE;01.02.1770 00:00;;;0.1;-2.8;;;;;;;;;;;;;;;;;;;;;;;;;;
GVE;01.03.1770 00:00;;;2.5;-4.2;;;;;;;;;;;;;;;;;;;;;;;;;;
GVE;01.04.1770 00:00;;;6.4;-4.1;;;;;;;;;;;;;;;;;;;;;;;;;;
GVE;01.05.1770 00:00;;;13.7;-0.8;;;;;;;;;;;;;;;;;;;;;;;;;;
GVE;01.06.1770 00:00;;;16.2;-2.2;;;;;;;;;;;;;;;;;;;;;;;;;;
GVE;01.07.1770 00:00;;;16.1;-4.5;;;;;;;;;;;;;;;;;;;;;;;;;;
GVE;01.08.1770 00:00;;;18.7;-1.3;;;;;;;;;;;;;;;;;;;;;;;;;;
GVE;01.09.1770 00:00;;;15.8;0.1;;;;;;;;;;;;;;;;;;;;;;;;;;
GVE;01.10.1770 00:00;;;8.6;-2.7;;;;;;;;;;;;;;;;;;;;;;;;;;
GVE;01.11.1770 00:00;;;4.6;-1.4;;;;;;;;;;;;;;;;;;;;;;;;;;
GVE;01.12.1770 00:00;;;1;-1.8;;;;;;;;;;;;;;;;;;;;;;;;;;
GVE;01.01.1771 00:00;;;0.5;-1.6;;;;;;;;;;;;;;;;;;;;;;;;;;
GVE;01.02.1771 00:00;;;0.9;-2;;;;;;;;;;;;;;;;;;;;;;;;;;
GVE;01.03.1771 00:00;;;4.7;-2;;;;;;;;;;;;;;;;;;;;;;;;;;
GVE;01.04.1771 00:00;;;6;-4.5;;;;;;;;;;;;;;;;;;;;;;;;;;
GVE;01.05.1771 00:00;;;15.3;0.8;;;;;;;;;;;;;;;;;;;;;;;;;;
GVE;01.06.1771 00:00;;;15.6;-2.8;;;;;;;;;;;;;;;;;;;;;;;;;;
GVE;01.07.1771 00:00;;;20;-0.6;;;;;;;;;;;;;;;;;;;;;;;;;;
GVE;01.08.1771 00:00;;;17.4;-2.6;;;;;;;;;;;;;;;;;;;;;;;;;;
GVE;01.09.1771 00:00;;;14.8;-0.9;;;;;;;;;;;;;;;;;;;;;;;;;;
GVE;01.10.1771 00:00;;;9.8;-1.5;;;;;;;;;;;;;;;;;;;;;;;;;;
GVE;01.11.1771 00:00;;;2.2;-3.8;;;;;;;;;;;;;;;;;;;;;;;;;;
GVE;01.12.1771 00:00;;;2.6;-0.2;;;;;;;;;;;;;;;;;;;;;;;;;;
GVE;01.01.1772 00:00;;;0.1;-2;;;;;;;;;;;;;;;;;;;;;;;;;;
GVE;01.02.1772 00:00;;;4.3;1.4;;;;;;;;;;;;;;;;;;;;;;;;;;
GVE;01.03.1772 00:00;;;6.4;-0.3;;;;;;;;;;;;;;;;;;;;;;;;;;
GVE;01.04.1772 00:00;;;8.8;-1.7;;;;;;;;;;;;;;;;;;;;;;;;;;
GVE;01.05.1772 00:00;;;12.2;-2.3;;;;;;;;;;;;;;;;;;;;;;;;;;
GVE;01.06.1772 00:00;;;18.6;0.2;;;;;;;;;;;;;;;;;;;;;;;;;;
GVE;01.07.1772 00:00;;;18.8;-1.8;;;;;;;;;;;;;;;;;;;;;;;;;;
GVE;01.08.1772 00:00;;;18.7;-1.3;;;;;;;;;;;;;;;;;;;;;;;;;;
GVE;01.09.1772 00:00;;;16.1;0.4;;;;;;;;;;;;;;;;;;;;;;;;;;
GVE;01.10.1772 00:00;;;11.7;0.4;;;;;;;;;;;;;;;;;;;;;;;;;;
GVE;01.11.1772 00:00;;;6.4;0.4;;;;;;;;;;;;;;;;;;;;;;;;;;
GVE;01.12.1772 00:00;;;2.2;-0.6;;;;;;;;;;;;;;;;;;;;;;;;;;
GVE;01.01.1773 00:00;;;1.5;-0.6;;;;;;;;;;;;;;;;;;;;;;;;;;
GVE;01.02.1773 00:00;;;-1;-3.9;;;;;;;;;;;;;;;;;;;;;;;;;;
GVE;01.03.1773 00:00;;;3.2;-3.5;;;;;;;;;;;;;;;;;;;;;;;;;;
GVE;01.04.1773 00:00;;;8.1;-2.4;;;;;;;;;;;;;;;;;;;;;;;;;;
GVE;01.05.1773 00:00;;;12.8;-1.7;;;;;;;;;;;;;;;;;;;;;;;;;;
GVE;01.06.1773 00:00;;;16.9;-1.5;;;;;;;;;;;;;;;;;;;;;;;;;;
GVE;01.07.1773 00:00;;;17.8;-2.8;;;;;;;;;;;;;;;;;;;;;;;;;;
GVE;01.08.1773 00:00;;;17.2;-2.8;;;;;;;;;;;;;;;;;;;;;;;;;;
GVE;01.09.1773 00:00;;;14.9;-0.8;;;;;;;;;;;;;;;;;;;;;;;;;;
GVE;01.10.1773 00:00;;;9.6;-1.7;;;;;;;;;;;;;;;;;;;;;;;;;;
GVE;01.11.1773 00:00;;;4.5;-1.5;;;;;;;;;;;;;;;;;;;;;;;;;;
GVE;01.12.1773 00:00;;;2.5;-0.3;;;;;;;;;;;;;;;;;;;;;;;;;;
GVE;01.01.1774 00:00;;;1.4;-0.7;;;;;;;;;;;;;;;;;;;;;;;;;;
GVE;01.02.1774 00:00;;;2.5;-0.4;;;;;;;;;;;;;;;;;;;;;;;;;;
GVE;01.03.1774 00:00;;;7.3;0.6;;;;;;;;;;;;;;;;;;;;;;;;;;
GVE;01.04.1774 00:00;;;10.2;-0.3;;;;;;;;;;;;;;;;;;;;;;;;;;
GVE;01.05.1774 00:00;;;13;-1.5;;;;;;;;;;;;;;;;;;;;;;;;;;
GVE;01.06.1774 00:00;;;16.6;-1.8;;;;;;;;;;;;;;;;;;;;;;;;;;
GVE;01.07.1774 00:00;;;17.9;-2.7;;;;;;;;;;;;;;;;;;;;;;;;;;
GVE;01.08.1774 00:00;;;19.5;-0.5;;;;;;;;;;;;;;;;;;;;;;;;;;
GVE;01.09.1774 00:00;;;13.3;-2.4;;;;;;;;;;;;;;;;;;;;;;;;;;
GVE;01.10.1774 00:00;;;7.7;-3.6;;;;;;;;;;;;;;;;;;;;;;;;;;
GVE;01.11.1774 00:00;;;2.1;-3.9;;;;;;;;;;;;;;;;;;;;;;;;;;
GVE;01.12.1774 00:00;;;-1.8;-4.6;;;;;;;;;;;;;;;;;;;;;;;;;;
GVE;01.01.1775 00:00;;;0.8;-1.3;;;;;;;;;;;;;;;;;;;;;;;;;;
GVE;01.02.1775 00:00;;;3.9;1;;;;;;;;;;;;;;;;;;;;;;;;;;
GVE;01.03.1775 00:00;;;5.4;-1.3;;;;;;;;;;;;;;;;;;;;;;;;;;
GVE;01.04.1775 00:00;;;7.4;-3.1;;;;;;;;;;;;;;;;;;;;;;;;;;
GVE;01.05.1775 00:00;;;11.8;-2.7;;;;;;;;;;;;;;;;;;;;;;;;;;
GVE;01.06.1775 00:00;;;17.7;-0.7;;;;;;;;;;;;;;;;;;;;;;;;;;
GVE;01.07.1775 00:00;;;18.1;-2.5;;;;;;;;;;;;;;;;;;;;;;;;;;
GVE;01.08.1775 00:00;;;17.2;-2.8;;;;;;;;;;;;;;;;;;;;;;;;;;
GVE;01.09.1775 00:00;;;14.6;-1.1;;;;;;;;;;;;;;;;;;;;;;;;;;
GVE;01.10.1775 00:00;;;9.3;-2;;;;;;;;;;;;;;;;;;;;;;;;;;
GVE;01.11.1775 00:00;;;4.2;-1.8;;;;;;;;;;;;;;;;;;;;;;;;;;
GVE;01.12.1775 00:00;;;-0.2;-3;;;;;;;;;;;;;;;;;;;;;;;;;;
GVE;01.01.1776 00:00;;;-2.8;-4.9;;;;;;;;;;;;;;;;;;;;;;;;;;
GVE;01.02.1776 00:00;;;3.5;0.6;;;;;;;;;;;;;;;;;;;;;;;;;;
GVE;01.03.1776 00:00;;;6.6;-0.1;;;;;;;;;;;;;;;;;;;;;;;;;;
GVE;01.04.1776 00:00;;;9.6;-0.9;;;;;;;;;;;;;;;;;;;;;;;;;;
GVE;01.05.1776 00:00;;;12;-2.5;;;;;;;;;;;;;;;;;;;;;;;;;;
GVE;01.06.1776 00:00;;;17.3;-1.1;;;;;;;;;;;;;;;;;;;;;;;;;;
GVE;01.07.1776 00:00;;;19.5;-1.1;;;;;;;;;;;;;;;;;;;;;;;;;;
GVE;01.08.1776 00:00;;;18.9;-1.1;;;;;;;;;;;;;;;;;;;;;;;;;;
GVE;01.09.1776 00:00;;;12.9;-2.8;;;;;;;;;;;;;;;;;;;;;;;;;;
GVE;01.10.1776 00:00;;;9.7;-1.6;;;;;;;;;;;;;;;;;;;;;;;;;;
GVE;01.11.1776 00:00;;;3.9;-2.1;;;;;;;;;;;;;;;;;;;;;;;;;;
GVE;01.12.1776 00:00;;;0.6;-2.2;;;;;;;;;;;;;;;;;;;;;;;;;;
GVE;01.01.1777 00:00;;;-0.9;-3;;;;;;;;;;;;;;;;;;;;;;;;;;
GVE;01.02.1777 00:00;;;0.3;-2.6;;;;;;;;;;;;;;;;;;;;;;;;;;
GVE;01.03.1777 00:00;;;7.4;0.7;;;;;;;;;;;;;;;;;;;;;;;;;;
GVE;01.04.1777 00:00;;;7.9;-2.6;;;;;;;;;;;;;;;;;;;;;;;;;;
GVE;01.05.1777 00:00;;;12.2;-2.3;;;;;;;;;;;;;;;;;;;;;;;;;;
GVE;01.06.1777 00:00;;;16.6;-1.8;;;;;;;;;;;;;;;;;;;;;;;;;;
GVE;01.07.1777 00:00;;;17.7;-2.9;;;;;;;;;;;;;;;;;;;;;;;;;;
GVE;01.08.1777 00:00;;;19.4;-0.6;;;;;;;;;;;;;;;;;;;;;;;;;;
GVE;01.09.1777 00:00;;;14.4;-1.3;;;;;;;;;;;;;;;;;;;;;;;;;;
GVE;01.10.1777 00:00;;;11.2;-0.1;;;;;;;;;;;;;;;;;;;;;;;;;;
GVE;01.11.1777 00:00;;;4.8;-1.2;;;;;;;;;;;;;;;;;;;;;;;;;;
GVE;01.12.1777 00:00;;;-1.3;-4.1;;;;;;;;;;;;;;;;;;;;;;;;;;
GVE;01.01.1778 00:00;;;-0.5;-2.6;;;;;;;;;;;;;;;;;;;;;;;;;;
GVE;01.02.1778 00:00;;;0.2;-2.7;;;;;;;;;;;;;;;;;;;;;;;;;;
GVE;01.03.1778 00:00;;;5.2;-1.5;;;;;;;;;;;;;;;;;;;;;;;;;;
GVE;01.04.1778 00:00;;;10.5;0;;;;;;;;;;;;;;;;;;;;;;;;;;
GVE;01.05.1778 00:00;;;14.6;0.1;;;;;;;;;;;;;;;;;;;;;;;;;;
GVE;01.06.1778 00:00;;;16.5;-1.9;;;;;;;;;;;;;;;;;;;;;;;;;;
GVE;01.07.1778 00:00;;;21;0.4;;;;;;;;;;;;;;;;;;;;;;;;;;
GVE;01.08.1778 00:00;;;19.6;-0.4;;;;;;;;;;;;;;;;;;;;;;;;;;
GVE;01.09.1778 00:00;;;12.8;-2.9;;;;;;;;;;;;;;;;;;;;;;;;;;
GVE;01.10.1778 00:00;;;9.6;-1.7;;;;;;;;;;;;;;;;;;;;;;;;;;
GVE;01.11.1778 00:00;;;5.2;-0.8;;;;;;;;;;;;;;;;;;;;;;;;;;
GVE;01.12.1778 00:00;;;2.7;-0.1;;;;;;;;;;;;;;;;;;;;;;;;;;
GVE;01.01.1779 00:00;;;-4.9;-7;;;;;;;;;;;;;;;;;;;;;;;;;;
GVE;01.02.1779 00:00;;;1.4;-1.5;;;;;;;;;;;;;;;;;;;;;;;;;;
GVE;01.03.1779 00:00;;;4.6;-2.1;;;;;;;;;;;;;;;;;;;;;;;;;;
GVE;01.04.1779 00:00;;;11.5;1;;;;;;;;;;;;;;;;;;;;;;;;;;
GVE;01.05.1779 00:00;;;15.1;0.6;;;;;;;;;;;;;;;;;;;;;;;;;;
GVE;01.06.1779 00:00;;;15.4;-3;;;;;;;;;;;;;;;;;;;;;;;;;;
GVE;01.07.1779 00:00;;;18.5;-2.1;;;;;;;;;;;;;;;;;;;;;;;;;;
GVE;01.08.1779 00:00;;;17.9;-2.1;;;;;;;;;;;;;;;;;;;;;;;;;;
GVE;01.09.1779 00:00;;;15.3;-0.4;;;;;;;;;;;;;;;;;;;;;;;;;;
GVE;01.10.1779 00:00;;;11.9;0.6;;;;;;;;;;;;;;;;;;;;;;;;;;
GVE;01.11.1779 00:00;;;5;-1;;;;;;;;;;;;;;;;;;;;;;;;;;
GVE;01.12.1779 00:00;;;4.1;1.3;;;;;;;;;;;;;;;;;;;;;;;;;;
GVE;01.01.1780 00:00;;;-2.4;-4.5;;;;;;;;;;;;;;;;;;;;;;;;;;
GVE;01.02.1780 00:00;;;-1;-3.9;;;;;;;;;;;;;;;;;;;;;;;;;;
GVE;01.03.1780 00:00;;;7;0.3;;;;;;;;;;;;;;;;;;;;;;;;;;
GVE;01.04.1780 00:00;;;8;-2.5;;;;;;;;;;;;;;;;;;;;;;;;;;
GVE;01.05.1780 00:00;;;15.3;0.8;;;;;;;;;;;;;;;;;;;;;;;;;;
GVE;01.06.1780 00:00;;;17.9;-0.5;;;;;;;;;;;;;;;;;;;;;;;;;;
GVE;01.07.1780 00:00;;;20.1;-0.5;;;;;;;;;;;;;;;;;;;;;;;;;;
GVE;01.08.1780 00:00;;;19.7;-0.3;;;;;;;;;;;;;;;;;;;;;;;;;;
GVE;01.09.1780 00:00;;;15;-0.7;;;;;;;;;;;;;;;;;;;;;;;;;;
GVE;01.10.1780 00:00;;;9.8;-1.5;;;;;;;;;;;;;;;;;;;;;;;;;;
GVE;01.11.1780 00:00;;;3.1;-2.9;;;;;;;;;;;;;;;;;;;;;;;;;;
GVE;01.12.1780 00:00;;;-0.8;-3.6;;;;;;;;;;;;;;;;;;;;;;;;;;
GVE;01.01.1781 00:00;;;0.8;-1.3;;;;;;;;;;;;;;;;;;;;;;;;;;
GVE;01.02.1781 00:00;;;2.7;-0.2;;;;;;;;;;;;;;;;;;;;;;;;;;
GVE;01.03.1781 00:00;;;5.2;-1.5;;;;;;;;;;;;;;;;;;;;;;;;;;
GVE;01.04.1781 00:00;;;11.9;1.4;;;;;;;;;;;;;;;;;;;;;;;;;;
GVE;01.05.1781 00:00;;;16.3;1.8;;;;;;;;;;;;;;;;;;;;;;;;;;
GVE;01.06.1781 00:00;;;17.7;-0.7;;;;;;;;;;;;;;;;;;;;;;;;;;
GVE;01.07.1781 00:00;;;20.3;-0.3;;;;;;;;;;;;;;;;;;;;;;;;;;
GVE;01.08.1781 00:00;;;19.4;-0.6;;;;;;;;;;;;;;;;;;;;;;;;;;
GVE;01.09.1781 00:00;;;15.2;-0.5;;;;;;;;;;;;;;;;;;;;;;;;;;
GVE;01.10.1781 00:00;;;8.2;-3.1;;;;;;;;;;;;;;;;;;;;;;;;;;
GVE;01.11.1781 00:00;;;5.6;-0.4;;;;;;;;;;;;;;;;;;;;;;;;;;
GVE;01.12.1781 00:00;;;3.3;0.5;;;;;;;;;;;;;;;;;;;;;;;;;;
GVE;01.01.1782 00:00;;;2;-0.1;;;;;;;;;;;;;;;;;;;;;;;;;;
GVE;01.02.1782 00:00;;;-3.7;-6.6;;;;;;;;;;;;;;;;;;;;;;;;;;
GVE;01.03.1782 00:00;;;3.6;-3.1;;;;;;;;;;;;;;;;;;;;;;;;;;
GVE;01.04.1782 00:00;;;8.1;-2.4;;;;;;;;;;;;;;;;;;;;;;;;;;
GVE;01.05.1782 00:00;;;12;-2.5;;;;;;;;;;;;;;;;;;;;;;;;;;
GVE;01.06.1782 00:00;;;19.3;0.9;;;;;;;;;;;;;;;;;;;;;;;;;;
GVE;01.07.1782 00:00;;;21.5;0.9;;;;;;;;;;;;;;;;;;;;;;;;;;
GVE;01.08.1782 00:00;;;17.7;-2.3;;;;;;;;;;;;;;;;;;;;;;;;;;
GVE;01.09.1782 00:00;;;13.3;-2.4;;;;;;;;;;;;;;;;;;;;;;;;;;
GVE;01.10.1782 00:00;;;7.3;-4;;;;;;;;;;;;;;;;;;;;;;;;;;
GVE;01.11.1782 00:00;;;1.2;-4.8;;;;;;;;;;;;;;;;;;;;;;;;;;
GVE;01.12.1782 00:00;;;-1.9;-4.7;;;;;;;;;;;;;;;;;;;;;;;;;;
GVE;01.01.1783 00:00;;;2.2;0.1;;;;;;;;;;;;;;;;;;;;;;;;;;
GVE;01.02.1783 00:00;;;3.3;0.4;;;;;;;;;;;;;;;;;;;;;;;;;;
GVE;01.03.1783 00:00;;;4;-2.7;;;;;;;;;;;;;;;;;;;;;;;;;;
GVE;01.04.1783 00:00;;;8.7;-1.8;;;;;;;;;;;;;;;;;;;;;;;;;;
GVE;01.05.1783 00:00;;;14.3;-0.2;;;;;;;;;;;;;;;;;;;;;;;;;;
GVE;01.06.1783 00:00;;;16.2;-2.2;;;;;;;;;;;;;;;;;;;;;;;;;;
GVE;01.07.1783 00:00;;;21.2;0.6;;;;;;;;;;;;;;;;;;;;;;;;;;
GVE;01.08.1783 00:00;;;17.8;-2.2;;;;;;;;;;;;;;;;;;;;;;;;;;
GVE;01.09.1783 00:00;;;15;-0.7;;;;;;;;;;;;;;;;;;;;;;;;;;
GVE;01.10.1783 00:00;;;10.5;-0.8;;;;;;;;;;;;;;;;;;;;;;;;;;
GVE;01.11.1783 00:00;;;5.2;-0.8;;;;;;;;;;;;;;;;;;;;;;;;;;
GVE;01.12.1783 00:00;;;1.8;-1;;;;;;;;;;;;;;;;;;;;;;;;;;
GVE;01.01.1784 00:00;;;-1.8;-3.9;;;;;;;;;;;;;;;;;;;;;;;;;;
GVE;01.02.1784 00:00;;;-1.2;-4.1;;;;;;;;;;;;;;;;;;;;;;;;;;
GVE;01.03.1784 00:00;;;4.1;-2.6;;;;;;;;;;;;;;;;;;;;;;;;;;
GVE;01.04.1784 00:00;;;6.2;-4.3;;;;;;;;;;;;;;;;;;;;;;;;;;
GVE;01.05.1784 00:00;;;16.2;1.7;;;;;;;;;;;;;;;;;;;;;;;;;;
GVE;01.06.1784 00:00;;;18.3;-0.1;;;;;;;;;;;;;;;;;;;;;;;;;;
GVE;01.07.1784 00:00;;;19.9;-0.7;;;;;;;;;;;;;;;;;;;;;;;;;;
GVE;01.08.1784 00:00;;;16.6;-3.4;;;;;;;;;;;;;;;;;;;;;;;;;;
GVE;01.09.1784 00:00;;;16.2;0.5;;;;;;;;;;;;;;;;;;;;;;;;;;
GVE;01.10.1784 00:00;;;6.3;-5;;;;;;;;;;;;;;;;;;;;;;;;;;
GVE;01.11.1784 00:00;;;3.9;-2.1;;;;;;;;;;;;;;;;;;;;;;;;;;
GVE;01.12.1784 00:00;;;-3.6;-6.4;;;;;;;;;;;;;;;;;;;;;;;;;;
GVE;01.01.1785 00:00;;;-0.1;-2.2;;;;;;;;;;;;;;;;;;;;;;;;;;
GVE;01.02.1785 00:00;;;-2.8;-5.7;;;;;;;;;;;;;;;;;;;;;;;;;;
GVE;01.03.1785 00:00;;;-3.6;-10.3;;;;;;;;;;;;;;;;;;;;;;;;;;
GVE;01.04.1785 00:00;;;4.5;-6;;;;;;;;;;;;;;;;;;;;;;;;;;
GVE;01.05.1785 00:00;;;14.6;0.1;;;;;;;;;;;;;;;;;;;;;;;;;;
GVE;01.06.1785 00:00;;;17.5;-0.9;;;;;;;;;;;;;;;;;;;;;;;;;;
GVE;01.07.1785 00:00;;;18.2;-2.4;;;;;;;;;;;;;;;;;;;;;;;;;;
GVE;01.08.1785 00:00;;;16.3;-3.7;;;;;;;;;;;;;;;;;;;;;;;;;;
GVE;01.09.1785 00:00;;;16;0.3;;;;;;;;;;;;;;;;;;;;;;;;;;
GVE;01.10.1785 00:00;;;8.8;-2.5;;;;;;;;;;;;;;;;;;;;;;;;;;
GVE;01.11.1785 00:00;;;4;-2;;;;;;;;;;;;;;;;;;;;;;;;;;
GVE;01.12.1785 00:00;;;1.3;-1.5;;;;;;;;;;;;;;;;;;;;;;;;;;
GVE;01.01.1786 00:00;;;0.2;-1.9;;;;;;;;;;;;;;;;;;;;;;;;;;
GVE;01.02.1786 00:00;;;1.4;-1.5;;;;;;;;;;;;;;;;;;;;;;;;;;
GVE;01.03.1786 00:00;;;2.4;-4.3;;;;;;;;;;;;;;;;;;;;;;;;;;
GVE;01.04.1786 00:00;;;9.8;-0.7;;;;;;;;;;;;;;;;;;;;;;;;;;
GVE;01.05.1786 00:00;;;13.5;-1;;;;;;;;;;;;;;;;;;;;;;;;;;
GVE;01.06.1786 00:00;;;18.8;0.4;;;;;;;;;;;;;;;;;;;;;;;;;;
GVE;01.07.1786 00:00;;;17.5;-3.1;;;;;;;;;;;;;;;;;;;;;;;;;;
GVE;01.08.1786 00:00;;;16.4;-3.6;;;;;;;;;;;;;;;;;;;;;;;;;;
GVE;01.09.1786 00:00;;;14.1;-1.6;;;;;;;;;;;;;;;;;;;;;;;;;;
GVE;01.10.1786 00:00;;;7.1;-4.2;;;;;;;;;;;;;;;;;;;;;;;;;;
GVE;01.11.1786 00:00;;;2.7;-3.3;;;;;;;;;;;;;;;;;;;;;;;;;;
GVE;01.12.1786 00:00;;;0.7;-2.1;;;;;;;;;;;;;;;;;;;;;;;;;;
GVE;01.01.1787 00:00;;;-2.9;-5;;;;;;;;;;;;;;;;;;;;;;;;;;
GVE;01.02.1787 00:00;;;0;-2.9;;;;;;;;;;;;;;;;;;;;;;;;;;
GVE;01.03.1787 00:00;;;6.5;-0.2;;;;;;;;;;;;;;;;;;;;;;;;;;
GVE;01.04.1787 00:00;;;8.6;-1.9;;;;;;;;;;;;;;;;;;;;;;;;;;
GVE;01.05.1787 00:00;;;11.3;-3.2;;;;;;;;;;;;;;;;;;;;;;;;;;
GVE;01.06.1787 00:00;;;18.1;-0.3;;;;;;;;;;;;;;;;;;;;;;;;;;
GVE;01.07.1787 00:00;;;18.4;-2.2;;;;;;;;;;;;;;;;;;;;;;;;;;
GVE;01.08.1787 00:00;;;18.7;-1.3;;;;;;;;;;;;;;;;;;;;;;;;;;
GVE;01.09.1787 00:00;;;14.4;-1.3;;;;;;;;;;;;;;;;;;;;;;;;;;
GVE;01.10.1787 00:00;;;10;-1.3;;;;;;;;;;;;;;;;;;;;;;;;;;
GVE;01.11.1787 00:00;;;4.9;-1.1;;;;;;;;;;;;;;;;;;;;;;;;;;
GVE;01.12.1787 00:00;;;4;1.2;;;;;;;;;;;;;;;;;;;;;;;;;;
GVE;01.01.1788 00:00;;;0.6;-1.5;;;;;;;;;;;;;;;;;;;;;;;;;;
GVE;01.02.1788 00:00;;;3.7;0.8;;;;;;;;;;;;;;;;;;;;;;;;;;
GVE;01.03.1788 00:00;;;6.6;-0.1;;;;;;;;;;;;;;;;;;;;;;;;;;
GVE;01.04.1788 00:00;;;9.4;-1.1;;;;;;;;;;;;;;;;;;;;;;;;;;
GVE;01.05.1788 00:00;;;14.9;0.4;;;;;;;;;;;;;;;;;;;;;;;;;;
GVE;01.06.1788 00:00;;;17.8;-0.6;;;;;;;;;;;;;;;;;;;;;;;;;;
GVE;01.07.1788 00:00;;;20.5;-0.1;;;;;;;;;;;;;;;;;;;;;;;;;;
GVE;01.08.1788 00:00;;;17.9;-2.1;;;;;;;;;;;;;;;;;;;;;;;;;;
GVE;01.09.1788 00:00;;;15.2;-0.5;;;;;;;;;;;;;;;;;;;;;;;;;;
GVE;01.10.1788 00:00;;;8.1;-3.2;;;;;;;;;;;;;;;;;;;;;;;;;;
GVE;01.11.1788 00:00;;;1.4;-4.6;;;;;;;;;;;;;;;;;;;;;;;;;;
GVE;01.12.1788 00:00;;;-6;-8.8;;;;;;;;;;;;;;;;;;;;;;;;;;
GVE;01.01.1789 00:00;;;-1.9;-4;;;;;;;;;;;;;;;;;;;;;;;;;;
GVE;01.02.1789 00:00;;;2.4;-0.5;;;;;;;;;;;;;;;;;;;;;;;;;;
GVE;01.03.1789 00:00;;;1.2;-5.5;;;;;;;;;;;;;;;;;;;;;;;;;;
GVE;01.04.1789 00:00;;;10.1;-0.4;;;;;;;;;;;;;;;;;;;;;;;;;;
GVE;01.05.1789 00:00;;;15.7;1.2;;;;;;;;;;;;;;;;;;;;;;;;;;
GVE;01.06.1789 00:00;;;15.1;-3.3;;;;;;;;;;;;;;;;;;;;;;;;;;
GVE;01.07.1789 00:00;;;17.8;-2.8;;;;;;;;;;;;;;;;;;;;;;;;;;
GVE;01.08.1789 00:00;;;18.2;-1.8;;;;;;;;;;;;;;;;;;;;;;;;;;
GVE;01.09.1789 00:00;;;13.6;-2.1;;;;;;;;;;;;;;;;;;;;;;;;;;
GVE;01.10.1789 00:00;;;8.3;-3;;;;;;;;;;;;;;;;;;;;;;;;;;
GVE;01.11.1789 00:00;;;2.6;-3.4;;;;;;;;;;;;;;;;;;;;;;;;;;
GVE;01.12.1789 00:00;;;0.7;-2.1;;;;;;;;;;;;;;;;;;;;;;;;;;
GVE;01.01.1790 00:00;;;0.1;-2;;;;;;;;;;;;;;;;;;;;;;;;;;
GVE;01.02.1790 00:00;;;1.9;-1;;;;;;;;;;;;;;;;;;;;;;;;;;
GVE;01.03.1790 00:00;;;5.4;-1.3;;;;;;;;;;;;;;;;;;;;;;;;;;
GVE;01.04.1790 00:00;;;8;-2.5;;;;;;;;;;;;;;;;;;;;;;;;;;
GVE;01.05.1790 00:00;;;14.8;0.3;;;;;;;;;;;;;;;;;;;;;;;;;;
GVE;01.06.1790 00:00;;;17.6;-0.8;;;;;;;;;;;;;;;;;;;;;;;;;;
GVE;01.07.1790 00:00;;;17.7;-2.9;;;;;;;;;;;;;;;;;;;;;;;;;;
GVE;01.08.1790 00:00;;;19.1;-0.9;;;;;;;;;;;;;;;;;;;;;;;;;;
GVE;01.09.1790 00:00;;;13.3;-2.4;;;;;;;;;;;;;;;;;;;;;;;;;;
GVE;01.10.1790 00:00;;;11.3;0;;;;;;;;;;;;;;;;;;;;;;;;;;
GVE;01.11.1790 00:00;;;5.3;-0.7;;;;;;;;;;;;;;;;;;;;;;;;;;
GVE;01.12.1790 00:00;;;1.6;-1.2;;;;;;;;;;;;;;;;;;;;;;;;;;
GVE;01.01.1791 00:00;;;2.4;0.3;;;;;;;;;;;;;;;;;;;;;;;;;;
GVE;01.02.1791 00:00;;;1.3;-1.6;;;;;;;;;;;;;;;;;;;;;;;;;;
GVE;01.03.1791 00:00;;;4.7;-2;;;;;;;;;;;;;;;;;;;;;;;;;;
GVE;01.04.1791 00:00;;;12.3;1.8;;;;;;;;;;;;;;;;;;;;;;;;;;
GVE;01.05.1791 00:00;;;14;-0.5;;;;;;;;;;;;;;;;;;;;;;;;;;
GVE;01.06.1791 00:00;;;17.5;-0.9;;;;;;;;;;;;;;;;;;;;;;;;;;
GVE;01.07.1791 00:00;;;19.1;-1.5;;;;;;;;;;;;;;;;;;;;;;;;;;
GVE;01.08.1791 00:00;;;20.4;0.4;;;;;;;;;;;;;;;;;;;;;;;;;;
GVE;01.09.1791 00:00;;;15.3;-0.4;;;;;;;;;;;;;;;;;;;;;;;;;;
GVE;01.10.1791 00:00;;;9.8;-1.5;;;;;;;;;;;;;;;;;;;;;;;;;;
GVE;01.11.1791 00:00;;;2.5;-3.5;;;;;;;;;;;;;;;;;;;;;;;;;;
GVE;01.12.1791 00:00;;;1.7;-1.1;;;;;;;;;;;;;;;;;;;;;;;;;;
GVE;01.01.1792 00:00;;;0.3;-1.8;;;;;;;;;;;;;;;;;;;;;;;;;;
GVE;01.02.1792 00:00;;;0.9;-2;;;;;;;;;;;;;;;;;;;;;;;;;;
GVE;01.03.1792 00:00;;;6.4;-0.3;;;;;;;;;;;;;;;;;;;;;;;;;;
GVE;01.04.1792 00:00;;;11.3;0.8;;;;;;;;;;;;;;;;;;;;;;;;;;
GVE;01.05.1792 00:00;;;13.2;-1.3;;;;;;;;;;;;;;;;;;;;;;;;;;
GVE;01.06.1792 00:00;;;17.6;-0.8;;;;;;;;;;;;;;;;;;;;;;;;;;
GVE;01.07.1792 00:00;;;19.1;-1.5;;;;;;;;;;;;;;;;;;;;;;;;;;
GVE;01.08.1792 00:00;;;18.7;-1.3;;;;;;;;;;;;;;;;;;;;;;;;;;
GVE;01.09.1792 00:00;;;13.4;-2.3;;;;;;;;;;;;;;;;;;;;;;;;;;
GVE;01.10.1792 00:00;;;10.9;-0.4;;;;;;;;;;;;;;;;;;;;;;;;;;
GVE;01.11.1792 00:00;;;4.7;-1.3;;;;;;;;;;;;;;;;;;;;;;;;;;
GVE;01.12.1792 00:00;;;1.1;-1.7;;;;;;;;;;;;;;;;;;;;;;;;;;
GVE;01.01.1793 00:00;;;-1.7;-3.8;;;;;;;;;;;;;;;;;;;;;;;;;;
GVE;01.02.1793 00:00;;;2.6;-0.3;;;;;;;;;;;;;;;;;;;;;;;;;;
GVE;01.03.1793 00:00;;;5.6;-1.1;;;;;;;;;;;;;;;;;;;;;;;;;;
GVE;01.04.1793 00:00;;;8.6;-1.9;;;;;;;;;;;;;;;;;;;;;;;;;;
GVE;01.05.1793 00:00;;;12.9;-1.6;;;;;;;;;;;;;;;;;;;;;;;;;;
GVE;01.06.1793 00:00;;;16.6;-1.8;;;;;;;;;;;;;;;;;;;;;;;;;;
GVE;01.07.1793 00:00;;;21.8;1.2;;;;;;;;;;;;;;;;;;;;;;;;;;
GVE;01.08.1793 00:00;;;20.9;0.9;;;;;;;;;;;;;;;;;;;;;;;;;;
GVE;01.09.1793 00:00;;;13.9;-1.8;;;;;;;;;;;;;;;;;;;;;;;;;;
GVE;01.10.1793 00:00;;;10.7;-0.6;;;;;;;;;;;;;;;;;;;;;;;;;;
GVE;01.11.1793 00:00;;;4.7;-1.3;;;;;;;;;;;;;;;;;;;;;;;;;;
GVE;01.12.1793 00:00;;;2.2;-0.6;;;;;;;;;;;;;;;;;;;;;;;;;;
GVE;01.01.1794 00:00;;;-0.3;-2.4;;;;;;;;;;;;;;;;;;;;;;;;;;
GVE;01.02.1794 00:00;;;4.6;1.7;;;;;;;;;;;;;;;;;;;;;;;;;;
GVE;01.03.1794 00:00;;;7.3;0.6;;;;;;;;;;;;;;;;;;;;;;;;;;
GVE;01.04.1794 00:00;;;12.7;2.2;;;;;;;;;;;;;;;;;;;;;;;;;;
GVE;01.05.1794 00:00;;;13.7;-0.8;;;;;;;;;;;;;;;;;;;;;;;;;;
GVE;01.06.1794 00:00;;;17.7;-0.7;;;;;;;;;;;;;;;;;;;;;;;;;;
GVE;01.07.1794 00:00;;;22.4;1.8;;;;;;;;;;;;;;;;;;;;;;;;;;
GVE;01.08.1794 00:00;;;17.8;-2.2;;;;;;;;;;;;;;;;;;;;;;;;;;
GVE;01.09.1794 00:00;;;13;-2.7;;;;;;;;;;;;;;;;;;;;;;;;;;
GVE;01.10.1794 00:00;;;9.1;-2.2;;;;;;;;;;;;;;;;;;;;;;;;;;
GVE;01.11.1794 00:00;;;5.4;-0.6;;;;;;;;;;;;;;;;;;;;;;;;;;
GVE;01.12.1794 00:00;;;-1.7;-4.5;;;;;;;;;;;;;;;;;;;;;;;;;;
GVE;01.01.1795 00:00;;;-6.5;-8.6;;;;;;;;;;;;;;;;;;;;;;;;;;
GVE;01.02.1795 00:00;;;1.7;-1.2;;;;;;;;;;;;;;;;;;;;;;;;;;
GVE;01.03.1795 00:00;;;4.3;-2.4;;;;;;;;;;;;;;;;;;;;;;;;;;
GVE;01.04.1795 00:00;;;11.1;0.6;;;;;;;;;;;;;;;;;;;;;;;;;;
GVE;01.05.1795 00:00;;;14.7;0.2;;;;;;;;;;;;;;;;;;;;;;;;;;
GVE;01.06.1795 00:00;;;17.7;-0.7;;;;;;;;;;;;;;;;;;;;;;;;;;
GVE;01.07.1795 00:00;;;17;-3.6;;;;;;;;;;;;;;;;;;;;;;;;;;
GVE;01.08.1795 00:00;;;19.2;-0.8;;;;;;;;;;;;;;;;;;;;;;;;;;
GVE;01.09.1795 00:00;;;16.3;0.6;;;;;;;;;;;;;;;;;;;;;;;;;;
GVE;01.10.1795 00:00;;;12;0.7;;;;;;;;;;;;;;;;;;;;;;;;;;
GVE;01.11.1795 00:00;;;2.9;-3.1;;;;;;;;;;;;;;;;;;;;;;;;;;
GVE;01.12.1795 00:00;;;2.2;-0.6;;;;;;;;;;;;;;;;;;;;;;;;;;
GVE;01.01.1796 00:00;;;1.5;-0.6;;;;;;;;;;;;;;;;;;;;;;;;;;
GVE;01.02.1796 00:00;;;1.7;-1.2;;;;;;;;;;;;;;;;;;;;;;;;;;
GVE;01.03.1796 00:00;;;1.9;-4.8;;;;;;;;;;;;;;;;;;;;;;;;;;
GVE;01.04.1796 00:00;;;9.2;-1.3;;;;;;;;;;;;;;;;;;;;;;;;;;
GVE;01.05.1796 00:00;;;13.7;-0.8;;;;;;;;;;;;;;;;;;;;;;;;;;
GVE;01.06.1796 00:00;;;16.7;-1.7;;;;;;;;;;;;;;;;;;;;;;;;;;
GVE;01.07.1796 00:00;;;18.1;-2.5;;;;;;;;;;;;;;;;;;;;;;;;;;
GVE;01.08.1796 00:00;;;18.7;-1.3;;;;;;;;;;;;;;;;;;;;;;;;;;
GVE;01.09.1796 00:00;;;16;0.3;;;;;;;;;;;;;;;;;;;;;;;;;;
GVE;01.10.1796 00:00;;;9.5;-1.8;;;;;;;;;;;;;;;;;;;;;;;;;;
GVE;01.11.1796 00:00;;;4;-2;;;;;;;;;;;;;;;;;;;;;;;;;;
GVE;01.12.1796 00:00;;;-1.8;-4.6;;;;;;;;;;;;;;;;;;;;;;;;;;
GVE;01.01.1797 00:00;;;-0.6;-2.7;;;;;;;;;;;;;;;;;;;;;;;;;;
GVE;01.02.1797 00:00;;;0.7;-2.2;;;;;;;;;;;;;;;;;;;;;;;;;;
GVE;01.03.1797 00:00;;;3.4;-3.3;;;;;;;;;;;;;;;;;;;;;;;;;;
GVE;01.04.1797 00:00;;;10.7;0.2;;;;;;;;;;;;;;;;;;;;;;;;;;
GVE;01.05.1797 00:00;;;15.8;1.3;;;;;;;;;;;;;;;;;;;;;;;;;;
GVE;01.06.1797 00:00;;;14.4;-4;;;;;;;;;;;;;;;;;;;;;;;;;;
GVE;01.07.1797 00:00;;;20.7;0.1;;;;;;;;;;;;;;;;;;;;;;;;;;
GVE;01.08.1797 00:00;;;19.2;-0.8;;;;;;;;;;;;;;;;;;;;;;;;;;
GVE;01.09.1797 00:00;;;14.4;-1.3;;;;;;;;;;;;;;;;;;;;;;;;;;
GVE;01.10.1797 00:00;;;8.8;-2.5;;;;;;;;;;;;;;;;;;;;;;;;;;
GVE;01.11.1797 00:00;;;5.1;-0.9;;;;;;;;;;;;;;;;;;;;;;;;;;
GVE;01.12.1797 00:00;;;2.4;-0.4;;;;;;;;;;;;;;;;;;;;;;;;;;
GVE;01.01.1798 00:00;;;-0.2;-2.3;;;;;;;;;;;;;;;;;;;;;;;;;;
GVE;01.02.1798 00:00;;;0.1;-2.8;;;;;;;;;;;;;;;;;;;;;;;;;;
GVE;01.03.1798 00:00;;;3.7;-3;;;;;;;;;;;;;;;;;;;;;;;;;;
GVE;01.04.1798 00:00;;;10.3;-0.2;;;;;;;;;;;;;;;;;;;;;;;;;;
GVE;01.05.1798 00:00;;;14.4;-0.1;;;;;;;;;;;;;;;;;;;;;;;;;;
GVE;01.06.1798 00:00;;;17.7;-0.7;;;;;;;;;;;;;;;;;;;;;;;;;;
GVE;01.07.1798 00:00;;;18.4;-2.2;;;;;;;;;;;;;;;;;;;;;;;;;;
GVE;01.08.1798 00:00;;;18.6;-1.4;;;;;;;;;;;;;;;;;;;;;;;;;;
GVE;01.09.1798 00:00;;;14.7;-1;;;;;;;;;;;;;;;;;;;;;;;;;;
GVE;01.10.1798 00:00;;;9;-2.3;;;;;;;;;;;;;;;;;;;;;;;;;;
GVE;01.11.1798 00:00;;;4.3;-1.7;;;;;;;;;;;;;;;;;;;;;;;;;;
GVE;01.12.1798 00:00;;;-0.9;-3.7;;;;;;;;;;;;;;;;;;;;;;;;;;
GVE;01.01.1799 00:00;;;-2.6;-4.7;;;;;;;;;;;;;;;;;;;;;;;;;;
GVE;01.02.1799 00:00;;;3.6;0.7;;;;;;;;;;;;;;;;;;;;;;;;;;
GVE;01.03.1799 00:00;;;4.1;-2.6;;;;;;;;;;;;;;;;;;;;;;;;;;
GVE;01.04.1799 00:00;;;7.1;-3.4;;;;;;;;;;;;;;;;;;;;;;;;;;
GVE;01.05.1799 00:00;;;12.1;-2.4;;;;;;;;;;;;;;;;;;;;;;;;;;
GVE;01.06.1799 00:00;;;15.9;-2.5;;;;;;;;;;;;;;;;;;;;;;;;;;
GVE;01.07.1799 00:00;;;17.5;-3.1;;;;;;;;;;;;;;;;;;;;;;;;;;
GVE;01.08.1799 00:00;;;18.2;-1.8;;;;;;;;;;;;;;;;;;;;;;;;;;
GVE;01.09.1799 00:00;;;14.8;-0.9;;;;;;;;;;;;;;;;;;;;;;;;;;
GVE;01.10.1799 00:00;;;8.7;-2.6;;;;;;;;;;;;;;;;;;;;;;;;;;
GVE;01.11.1799 00:00;;;2.7;-3.3;;;;;;;;;;;;;;;;;;;;;;;;;;
GVE;01.12.1799 00:00;;;-3.4;-6.2;;;;;;;;;;;;;;;;;;;;;;;;;;
GVE;01.01.1800 00:00;;;1.7;-0.4;;;;;;;;;;;;;;;;;;;;;;;;;;
GVE;01.02.1800 00:00;;;1;-1.9;;;;;;;;;;;;;;;;;;;;;;;;;;
GVE;01.03.1800 00:00;;;2;-4.7;;;;;;;;;;;;;;;;;;;;;;;;;;
GVE;01.04.1800 00:00;;;12.1;1.6;;;;;;;;;;;;;;;;;;;;;;;;;;
GVE;01.05.1800 00:00;;;15.6;1.1;;;;;;;;;;;;;;;;;;;;;;;;;;
GVE;01.06.1800 00:00;;;15.2;-3.2;;;;;;;;;;;;;;;;;;;;;;;;;;
GVE;01.07.1800 00:00;;;19.9;-0.7;;;;;;;;;;;;;;;;;;;;;;;;;;
GVE;01.08.1800 00:00;;;18.5;-1.5;;;;;;;;;;;;;;;;;;;;;;;;;;
GVE;01.09.1800 00:00;;;14.7;-1;;;;;;;;;;;;;;;;;;;;;;;;;;
GVE;01.10.1800 00:00;;;7.1;-4.2;;;;;;;;;;;;;;;;;;;;;;;;;;
GVE;01.11.1800 00:00;;;5.5;-0.5;;;;;;;;;;;;;;;;;;;;;;;;;;
GVE;01.12.1800 00:00;;;-0.1;-2.9;;;;;;;;;;;;;;;;;;;;;;;;;;
GVE;01.01.1801 00:00;;;1.3;-0.8;;;;;;;;;;;;;;;;;;;;;;;;;;
GVE;01.02.1801 00:00;;;1.6;-1.3;;;;;;;;;;;;;;;;;;;;;;;;;;
GVE;01.03.1801 00:00;;;5.8;-0.9;;;;;;;;;;;;;;;;;;;;;;;;;;
GVE;01.04.1801 00:00;;;9.8;-0.7;;;;;;;;;;;;;;;;;;;;;;;;;;
GVE;01.05.1801 00:00;;;14.2;-0.3;;;;;;;;;;;;;;;;;;;;;;;;;;
GVE;01.06.1801 00:00;;;15.8;-2.6;;;;;;;;;;;;;;;;;;;;;;;;;;
GVE;01.07.1801 00:00;;;18.3;-2.3;;;;;;;;;;;;;;;;;;;;;;;;;;
GVE;01.08.1801 00:00;;;17.7;-2.3;;;;;;;;;;;;;;;;;;;;;;;;;;
GVE;01.09.1801 00:00;;;15.2;-0.5;;;;;;;;;;;;;;;;;;;;;;;;;;
GVE;01.10.1801 00:00;;;9.4;-1.9;;;;;;;;;;;;;;;;;;;;;;;;;;
GVE;01.11.1801 00:00;;;5;-1;;;;;;;;;;;;;;;;;;;;;;;;;;
GVE;01.12.1801 00:00;;;1.7;-1.1;;;;;;;;;;;;;;;;;;;;;;;;;;
GVE;01.01.1802 00:00;;;-6.1;-8.2;;;;;;;;;;;;;;;;;;;;;;;;;;
GVE;01.02.1802 00:00;;;0.6;-2.3;;;;;;;;;;;;;;;;;;;;;;;;;;
GVE;01.03.1802 00:00;;;5.2;-1.5;;;;;;;;;;;;;;;;;;;;;;;;;;
GVE;01.04.1802 00:00;;;10.4;-0.1;;;;;;;;;;;;;;;;;;;;;;;;;;
GVE;01.05.1802 00:00;;;14.3;-0.2;;;;;;;;;;;;;;;;;;;;;;;;;;
GVE;01.06.1802 00:00;;;18.4;0;;;;;;;;;;;;;;;;;;;;;;;;;;
GVE;01.07.1802 00:00;;;17.6;-3;;;;;;;;;;;;;;;;;;;;;;;;;;
GVE;01.08.1802 00:00;;;20.9;0.9;;;;;;;;;;;;;;;;;;;;;;;;;;
GVE;01.09.1802 00:00;;;16.4;0.7;;;;;;;;;;;;;;;;;;;;;;;;;;
GVE;01.10.1802 00:00;;;11.8;0.5;;;;;;;;;;;;;;;;;;;;;;;;;;
GVE;01.11.1802 00:00;;;4.9;-1.1;;;;;;;;;;;;;;;;;;;;;;;;;;
GVE;01.12.1802 00:00;;;1.3;-1.5;;;;;;;;;;;;;;;;;;;;;;;;;;
GVE;01.01.1803 00:00;;;-1.4;-3.5;;;;;;;;;;;;;;;;;;;;;;;;;;
GVE;01.02.1803 00:00;;;-2.2;-5.1;;;;;;;;;;;;;;;;;;;;;;;;;;
GVE;01.03.1803 00:00;;;4.4;-2.3;;;;;;;;;;;;;;;;;;;;;;;;;;
GVE;01.04.1803 00:00;;;11.6;1.1;;;;;;;;;;;;;;;;;;;;;;;;;;
GVE;01.05.1803 00:00;;;12;-2.5;;;;;;;;;;;;;;;;;;;;;;;;;;
GVE;01.06.1803 00:00;;;17.4;-1;;;;;;;;;;;;;;;;;;;;;;;;;;
GVE;01.07.1803 00:00;;;20.5;-0.1;;;;;;;;;;;;;;;;;;;;;;;;;;
GVE;01.08.1803 00:00;;;20.3;0.3;;;;;;;;;;;;;;;;;;;;;;;;;;
GVE;01.09.1803 00:00;;;13.2;-2.5;;;;;;;;;;;;;;;;;;;;;;;;;;
GVE;01.10.1803 00:00;;;8;-3.3;;;;;;;;;;;;;;;;;;;;;;;;;;
GVE;01.11.1803 00:00;;;5.5;-0.5;;;;;;;;;;;;;;;;;;;;;;;;;;
GVE;01.12.1803 00:00;;;2.8;0;;;;;;;;;;;;;;;;;;;;;;;;;;
GVE;01.01.1804 00:00;;;4.7;2.6;;;;;;;;;;;;;;;;;;;;;;;;;;
GVE;01.02.1804 00:00;;;-1;-3.9;;;;;;;;;;;;;;;;;;;;;;;;;;
GVE;01.03.1804 00:00;;;3.8;-2.9;;;;;;;;;;;;;;;;;;;;;;;;;;
GVE;01.04.1804 00:00;;;9.2;-1.3;;;;;;;;;;;;;;;;;;;;;;;;;;
GVE;01.05.1804 00:00;;;15.6;1.1;;;;;;;;;;;;;;;;;;;;;;;;;;
GVE;01.06.1804 00:00;;;18.8;0.4;;;;;;;;;;;;;;;;;;;;;;;;;;
GVE;01.07.1804 00:00;;;17.8;-2.8;;;;;;;;;;;;;;;;;;;;;;;;;;
GVE;01.08.1804 00:00;;;18.1;-1.9;;;;;;;;;;;;;;;;;;;;;;;;;;
GVE;01.09.1804 00:00;;;14.9;-0.8;;;;;;;;;;;;;;;;;;;;;;;;;;
GVE;01.10.1804 00:00;;;9;-2.3;;;;;;;;;;;;;;;;;;;;;;;;;;
GVE;01.11.1804 00:00;;;5.9;-0.1;;;;;;;;;;;;;;;;;;;;;;;;;;
GVE;01.12.1804 00:00;;;-0.3;-3.1;;;;;;;;;;;;;;;;;;;;;;;;;;
GVE;01.01.1805 00:00;;;-1.6;-3.7;;;;;;;;;;;;;;;;;;;;;;;;;;
GVE;01.02.1805 00:00;;;0.8;-2.1;;;;;;;;;;;;;;;;;;;;;;;;;;
GVE;01.03.1805 00:00;;;3.5;-3.2;;;;;;;;;;;;;;;;;;;;;;;;;;
GVE;01.04.1805 00:00;;;7.2;-3.3;;;;;;;;;;;;;;;;;;;;;;;;;;
GVE;01.05.1805 00:00;;;12.2;-2.3;;;;;;;;;;;;;;;;;;;;;;;;;;
GVE;01.06.1805 00:00;;;15.6;-2.8;;;;;;;;;;;;;;;;;;;;;;;;;;
GVE;01.07.1805 00:00;;;17.5;-3.1;;;;;;;;;;;;;;;;;;;;;;;;;;
GVE;01.08.1805 00:00;;;16.6;-3.4;;;;;;;;;;;;;;;;;;;;;;;;;;
GVE;01.09.1805 00:00;;;14.4;-1.3;;;;;;;;;;;;;;;;;;;;;;;;;;
GVE;01.10.1805 00:00;;;6.8;-4.5;;;;;;;;;;;;;;;;;;;;;;;;;;
GVE;01.11.1805 00:00;;;1.4;-4.6;;;;;;;;;;;;;;;;;;;;;;;;;;
GVE;01.12.1805 00:00;;;-1.7;-4.5;;;;;;;;;;;;;;;;;;;;;;;;;;
GVE;01.01.1806 00:00;;;3;0.9;;;;;;;;;;;;;;;;;;;;;;;;;;
GVE;01.02.1806 00:00;;;3.4;0.5;;;;;;;;;;;;;;;;;;;;;;;;;;
GVE;01.03.1806 00:00;;;4.2;-2.5;;;;;;;;;;;;;;;;;;;;;;;;;;
GVE;01.04.1806 00:00;;;6.6;-3.9;;;;;;;;;;;;;;;;;;;;;;;;;;
GVE;01.05.1806 00:00;;;15.2;0.7;;;;;;;;;;;;;;;;;;;;;;;;;;
GVE;01.06.1806 00:00;;;18.4;0;;;;;;;;;;;;;;;;;;;;;;;;;;
GVE;01.07.1806 00:00;;;17.7;-2.9;;;;;;;;;;;;;;;;;;;;;;;;;;
GVE;01.08.1806 00:00;;;17.1;-2.9;;;;;;;;;;;;;;;;;;;;;;;;;;
GVE;01.09.1806 00:00;;;14.3;-1.4;;;;;;;;;;;;;;;;;;;;;;;;;;
GVE;01.10.1806 00:00;;;10.1;-1.2;;;;;;;;;;;;;;;;;;;;;;;;;;
GVE;01.11.1806 00:00;;;5.8;-0.2;;;;;;;;;;;;;;;;;;;;;;;;;;
GVE;01.12.1806 00:00;;;3.5;0.7;;;;;;;;;;;;;;;;;;;;;;;;;;
GVE;01.01.1807 00:00;;;-2.4;-4.5;;;;;;;;;;;;;;;;;;;;;;;;;;
GVE;01.02.1807 00:00;;;1.4;-1.5;;;;;;;;;;;;;;;;;;;;;;;;;;
GVE;01.03.1807 00:00;;;0.7;-6;;;;;;;;;;;;;;;;;;;;;;;;;;
GVE;01.04.1807 00:00;;;7.1;-3.4;;;;;;;;;;;;;;;;;;;;;;;;;;
GVE;01.05.1807 00:00;;;15.5;1;;;;;;;;;;;;;;;;;;;;;;;;;;
GVE;01.06.1807 00:00;;;16.9;-1.5;;;;;;;;;;;;;;;;;;;;;;;;;;
GVE;01.07.1807 00:00;;;21.2;0.6;;;;;;;;;;;;;;;;;;;;;;;;;;
GVE;01.08.1807 00:00;;;21.2;1.2;;;;;;;;;;;;;;;;;;;;;;;;;;
GVE;01.09.1807 00:00;;;13.5;-2.2;;;;;;;;;;;;;;;;;;;;;;;;;;
GVE;01.10.1807 00:00;;;10.5;-0.8;;;;;;;;;;;;;;;;;;;;;;;;;;
GVE;01.11.1807 00:00;;;4.6;-1.4;;;;;;;;;;;;;;;;;;;;;;;;;;
GVE;01.12.1807 00:00;;;-2.6;-5.4;;;;;;;;;;;;;;;;;;;;;;;;;;
GVE;01.01.1808 00:00;;;-1.6;-3.7;;;;;;;;;;;;;;;;;;;;;;;;;;
GVE;01.02.1808 00:00;;;-2.7;-5.6;;;;;;;;;;;;;;;;;;;;;;;;;;
GVE;01.03.1808 00:00;;;0.9;-5.8;;;;;;;;;;;;;;;;;;;;;;;;;;
GVE;01.04.1808 00:00;;;6.5;-4;;;;;;;;;;;;;;;;;;;;;;;;;;
GVE;01.05.1808 00:00;;;15.5;1;;;;;;;;;;;;;;;;;;;;;;;;;;
GVE;01.06.1808 00:00;;;14.7;-3.7;;;;;;;;;;;;;;;;;;;;;;;;;;
GVE;01.07.1808 00:00;;;18.8;-1.8;;;;;;;;;;;;;;;;;;;;;;;;;;
GVE;01.08.1808 00:00;;;18.2;-1.8;;;;;;;;;;;;;;;;;;;;;;;;;;
GVE;01.09.1808 00:00;;;13.9;-1.8;;;;;;;;;;;;;;;;;;;;;;;;;;
GVE;01.10.1808 00:00;;;5.7;-5.6;;;;;;;;;;;;;;;;;;;;;;;;;;
GVE;01.11.1808 00:00;;;4;-2;;;;;;;;;;;;;;;;;;;;;;;;;;
GVE;01.12.1808 00:00;;;-3.4;-6.2;;;;;;;;;;;;;;;;;;;;;;;;;;
GVE;01.01.1809 00:00;;;1.8;-0.3;;;;;;;;;;;;;;;;;;;;;;;;;;
GVE;01.02.1809 00:00;;;3.5;0.6;;;;;;;;;;;;;;;;;;;;;;;;;;
GVE;01.03.1809 00:00;;;4.3;-2.4;;;;;;;;;;;;;;;;;;;;;;;;;;
GVE;01.04.1809 00:00;;;4.3;-6.2;;;;;;;;;;;;;;;;;;;;;;;;;;
GVE;01.05.1809 00:00;;;13.7;-0.8;;;;;;;;;;;;;;;;;;;;;;;;;;
GVE;01.06.1809 00:00;;;16.5;-1.9;;;;;;;;;;;;;;;;;;;;;;;;;;
GVE;01.07.1809 00:00;;;17.2;-3.4;;;;;;;;;;;;;;;;;;;;;;;;;;
GVE;01.08.1809 00:00;;;17.2;-2.8;;;;;;;;;;;;;;;;;;;;;;;;;;
GVE;01.09.1809 00:00;;;13;-2.7;;;;;;;;;;;;;;;;;;;;;;;;;;
GVE;01.10.1809 00:00;;;7.4;-3.9;;;;;;;;;;;;;;;;;;;;;;;;;;
GVE;01.11.1809 00:00;;;2;-4;;;;;;;;;;;;;;;;;;;;;;;;;;
GVE;01.12.1809 00:00;;;1.4;-1.4;;;;;;;;;;;;;;;;;;;;;;;;;;
GVE;01.01.1810 00:00;;;-5;-7.1;;;;;;;;;;;;;;;;;;;;;;;;;;
GVE;01.02.1810 00:00;;;-3;-5.9;;;;;;;;;;;;;;;;;;;;;;;;;;
GVE;01.03.1810 00:00;;;7.9;1.2;;;;;;;;;;;;;;;;;;;;;;;;;;
GVE;01.04.1810 00:00;;;8.5;-2;;;;;;;;;;;;;;;;;;;;;;;;;;
GVE;01.05.1810 00:00;;;14.1;-0.4;;;;;;;;;;;;;;;;;;;;;;;;;;
GVE;01.06.1810 00:00;;;15.7;-2.7;;;;;;;;;;;;;;;;;;;;;;;;;;
GVE;01.07.1810 00:00;;;16.6;-4;;;;;;;;;;;;;;;;;;;;;;;;;;
GVE;01.08.1810 00:00;;;16.6;-3.4;;;;;;;;;;;;;;;;;;;;;;;;;;
GVE;01.09.1810 00:00;;;15.9;0.2;;;;;;;;;;;;;;;;;;;;;;;;;;
GVE;01.10.1810 00:00;;;10.3;-1;;;;;;;;;;;;;;;;;;;;;;;;;;
GVE;01.11.1810 00:00;;;5.5;-0.5;;;;;;;;;;;;;;;;;;;;;;;;;;
GVE;01.12.1810 00:00;;;1.7;-1.1;;;;;;;;;;;;;;;;;;;;;;;;;;
GVE;01.01.1811 00:00;;;-3.8;-5.9;;;;;;;;;;;;;;;;;;;;;;;;;;
GVE;01.02.1811 00:00;;;3.6;0.7;;;;;;;;;;;;;;;;;;;;;;;;;;
GVE;01.03.1811 00:00;;;5.9;-0.8;;;;;;;;;;;;;;;;;;;;;;;;;;
GVE;01.04.1811 00:00;;;10.7;0.2;;;;;;;;;;;;;;;;;;;;;;;;;;
GVE;01.05.1811 00:00;;;15.2;0.7;;;;;;;;;;;;;;;;;;;;;;;;;;
GVE;01.06.1811 00:00;;;18.6;0.2;;;;;;;;;;;;;;;;;;;;;;;;;;
GVE;01.07.1811 00:00;;;19.8;-0.8;;;;;;;;;;;;;;;;;;;;;;;;;;
GVE;01.08.1811 00:00;;;17.4;-2.6;;;;;;;;;;;;;;;;;;;;;;;;;;
GVE;01.09.1811 00:00;;;14.9;-0.8;;;;;;;;;;;;;;;;;;;;;;;;;;
GVE;01.10.1811 00:00;;;11.5;0.2;;;;;;;;;;;;;;;;;;;;;;;;;;
GVE;01.11.1811 00:00;;;5;-1;;;;;;;;;;;;;;;;;;;;;;;;;;
GVE;01.12.1811 00:00;;;-0.5;-3.3;;;;;;;;;;;;;;;;;;;;;;;;;;
GVE;01.01.1812 00:00;;;-6;-8.1;;;;;;;;;;;;;;;;;;;;;;;;;;
GVE;01.02.1812 00:00;;;2.8;-0.1;;;;;;;;;;;;;;;;;;;;;;;;;;
GVE;01.03.1812 00:00;;;4;-2.7;;;;;;;;;;;;;;;;;;;;;;;;;;
GVE;01.04.1812 00:00;;;6.7;-3.8;;;;;;;;;;;;;;;;;;;;;;;;;;
GVE;01.05.1812 00:00;;;14.1;-0.4;;;;;;;;;;;;;;;;;;;;;;;;;;
GVE;01.06.1812 00:00;;;16.3;-2.1;;;;;;;;;;;;;;;;;;;;;;;;;;
GVE;01.07.1812 00:00;;;17.3;-3.3;;;;;;;;;;;;;;;;;;;;;;;;;;
GVE;01.08.1812 00:00;;;16.6;-3.4;;;;;;;;;;;;;;;;;;;;;;;;;;
GVE;01.09.1812 00:00;;;13.5;-2.2;;;;;;;;;;;;;;;;;;;;;;;;;;
GVE;01.10.1812 00:00;;;8.9;-2.4;;;;;;;;;;;;;;;;;;;;;;;;;;
GVE;01.11.1812 00:00;;;1.9;-4.1;;;;;;;;;;;;;;;;;;;;;;;;;;
GVE;01.12.1812 00:00;;;-3;-5.8;;;;;;;;;;;;;;;;;;;;;;;;;;
GVE;01.01.1813 00:00;;;-3;-5.1;;;;;;;;;;;;;;;;;;;;;;;;;;
GVE;01.02.1813 00:00;;;2.9;0;;;;;;;;;;;;;;;;;;;;;;;;;;
GVE;01.03.1813 00:00;;;3.1;-3.6;;;;;;;;;;;;;;;;;;;;;;;;;;
GVE;01.04.1813 00:00;;;9.5;-1;;;;;;;;;;;;;;;;;;;;;;;;;;
GVE;01.05.1813 00:00;;;14.3;-0.2;;;;;;;;;;;;;;;;;;;;;;;;;;
GVE;01.06.1813 00:00;;;15.2;-3.2;;;;;;;;;;;;;;;;;;;;;;;;;;
GVE;01.07.1813 00:00;;;15;-5.6;;;;;;;;;;;;;;;;;;;;;;;;;;
GVE;01.08.1813 00:00;;;16.2;-3.8;;;;;;;;;;;;;;;;;;;;;;;;;;
GVE;01.09.1813 00:00;;;12.7;-3;;;;;;;;;;;;;;;;;;;;;;;;;;
GVE;01.10.1813 00:00;;;9.7;-1.6;;;;;;;;;;;;;;;;;;;;;;;;;;
GVE;01.11.1813 00:00;;;3.5;-2.5;;;;;;;;;;;;;;;;;;;;;;;;;;
GVE;01.12.1813 00:00;;;0.8;-2;;;;;;;;;;;;;;;;;;;;;;;;;;
GVE;01.01.1814 00:00;;;-2.8;-4.9;;;;;;;;;;;;;;;;;;;;;;;;;;
GVE;01.02.1814 00:00;;;-3.9;-6.8;;;;;;;;;;;;;;;;;;;;;;;;;;
GVE;01.03.1814 00:00;;;2.2;-4.5;;;;;;;;;;;;;;;;;;;;;;;;;;
GVE;01.04.1814 00:00;;;10.1;-0.4;;;;;;;;;;;;;;;;;;;;;;;;;;
GVE;01.05.1814 00:00;;;11.3;-3.2;;;;;;;;;;;;;;;;;;;;;;;;;;
GVE;01.06.1814 00:00;;;16;-2.4;;;;;;;;;;;;;;;;;;;;;;;;;;
GVE;01.07.1814 00:00;;;18.2;-2.4;;;;;;;;;;;;;;;;;;;;;;;;;;
GVE;01.08.1814 00:00;;;16.6;-3.4;;;;;;;;;;;;;;;;;;;;;;;;;;
GVE;01.09.1814 00:00;;;11.9;-3.8;;;;;;;;;;;;;;;;;;;;;;;;;;
GVE;01.10.1814 00:00;;;7.5;-3.8;;;;;;;;;;;;;;;;;;;;;;;;;;
GVE;01.11.1814 00:00;;;5.3;-0.7;;;;;;;;;;;;;;;;;;;;;;;;;;
GVE;01.12.1814 00:00;;;3.4;0.6;;;;;;;;;;;;;;;;;;;;;;;;;;
GVE;01.01.1815 00:00;;;-3.8;-5.9;;;;;;;;;;;;;;;;;;;;;;;;;;
GVE;01.02.1815 00:00;;;2.8;-0.1;;;;;;;;;;;;;;;;;;;;;;;;;;
GVE;01.03.1815 00:00;;;6.7;0;;;;;;;;;;;;;;;;;;;;;;;;;;
GVE;01.04.1815 00:00;;;9.5;-1;;;;;;;;;;;;;;;;;;;;;;;;;;
GVE;01.05.1815 00:00;;;14.7;0.2;;;;;;;;;;;;;;;;;;;;;;;;;;
GVE;01.06.1815 00:00;;;16.3;-2.1;;;;;;;;;;;;;;;;;;;;;;;;;;
GVE;01.07.1815 00:00;;;18;-2.6;;;;;;;;;;;;;;;;;;;;;;;;;;
GVE;01.08.1815 00:00;;;16.7;-3.3;;;;;;;;;;;;;;;;;;;;;;;;;;
GVE;01.09.1815 00:00;;;14.8;-0.9;;;;;;;;;;;;;;;;;;;;;;;;;;
GVE;01.10.1815 00:00;;;10.5;-0.8;;;;;;;;;;;;;;;;;;;;;;;;;;
GVE;01.11.1815 00:00;;;2.2;-3.8;;;;;;;;;;;;;;;;;;;;;;;;;;
GVE;01.12.1815 00:00;;;0;-2.8;;;;;;;;;;;;;;;;;;;;;;;;;;
GVE;01.01.1816 00:00;;;-0.2;-2.3;;;;;;;;;;;;;;;;;;;;;;;;;;
GVE;01.02.1816 00:00;;;-0.6;-3.5;;;;;;;;;;;;;;;;;;;;;;;;;;
GVE;01.03.1816 00:00;;;3.6;-3.1;;;;;;;;;;;;;;;;;;;;;;;;;;
GVE;01.04.1816 00:00;;;8.3;-2.2;;;;;;;;;;;;;;;;;;;;;;;;;;
GVE;01.05.1816 00:00;;;13.3;-1.2;;;;;;;;;;;;;;;;;;;;;;;;;;
GVE;01.06.1816 00:00;;;14.5;-3.9;;;;;;;;;;;;;;;;;;;;;;;;;;
GVE;01.07.1816 00:00;;;14.8;-5.8;;;;;;;;;;;;;;;;;;;;;;;;;;
GVE;01.08.1816 00:00;;;14.8;-5.2;;;;;;;;;;;;;;;;;;;;;;;;;;
GVE;01.09.1816 00:00;;;13.3;-2.4;;;;;;;;;;;;;;;;;;;;;;;;;;
GVE;01.10.1816 00:00;;;9.5;-1.8;;;;;;;;;;;;;;;;;;;;;;;;;;
GVE;01.11.1816 00:00;;;2.8;-3.2;;;;;;;;;;;;;;;;;;;;;;;;;;
GVE;01.12.1816 00:00;;;0.4;-2.4;;;;;;;;;;;;;;;;;;;;;;;;;;
GVE;01.01.1817 00:00;;;2.1;0;;;;;;;;;;;;;;;;;;;;;;;;;;
GVE;01.02.1817 00:00;;;3.9;1;;;;;;;;;;;;;;;;;;;;;;;;;;
GVE;01.03.1817 00:00;;;4.4;-2.3;;;;;;;;;;;;;;;;;;;;;;;;;;
GVE;01.04.1817 00:00;;;6.2;-4.3;;;;;;;;;;;;;;;;;;;;;;;;;;
GVE;01.05.1817 00:00;;;12.1;-2.4;;;;;;;;;;;;;;;;;;;;;;;;;;
GVE;01.06.1817 00:00;;;17.9;-0.5;;;;;;;;;;;;;;;;;;;;;;;;;;
GVE;01.07.1817 00:00;;;17.4;-3.2;;;;;;;;;;;;;;;;;;;;;;;;;;
GVE;01.08.1817 00:00;;;16.6;-3.4;;;;;;;;;;;;;;;;;;;;;;;;;;
GVE;01.09.1817 00:00;;;16.9;1.2;;;;;;;;;;;;;;;;;;;;;;;;;;
GVE;01.10.1817 00:00;;;6.7;-4.6;;;;;;;;;;;;;;;;;;;;;;;;;;
GVE;01.11.1817 00:00;;;5.2;-0.8;;;;;;;;;;;;;;;;;;;;;;;;;;
GVE;01.12.1817 00:00;;;-0.2;-3;;;;;;;;;;;;;;;;;;;;;;;;;;
GVE;01.01.1818 00:00;;;-0.4;-2.5;;;;;;;;;;;;;;;;;;;;;;;;;;
GVE;01.02.1818 00:00;;;1.9;-1;;;;;;;;;;;;;;;;;;;;;;;;;;
GVE;01.03.1818 00:00;;;3.9;-2.8;;;;;;;;;;;;;;;;;;;;;;;;;;
GVE;01.04.1818 00:00;;;8.7;-1.8;;;;;;;;;;;;;;;;;;;;;;;;;;
GVE;01.05.1818 00:00;;;12.2;-2.3;;;;;;;;;;;;;;;;;;;;;;;;;;
GVE;01.06.1818 00:00;;;16.9;-1.5;;;;;;;;;;;;;;;;;;;;;;;;;;
GVE;01.07.1818 00:00;;;19.5;-1.1;;;;;;;;;;;;;;;;;;;;;;;;;;
GVE;01.08.1818 00:00;;;17;-3;;;;;;;;;;;;;;;;;;;;;;;;;;
GVE;01.09.1818 00:00;;;12.9;-2.8;;;;;;;;;;;;;;;;;;;;;;;;;;
GVE;01.10.1818 00:00;;;8.3;-3;;;;;;;;;;;;;;;;;;;;;;;;;;
GVE;01.11.1818 00:00;;;6.1;0.1;;;;;;;;;;;;;;;;;;;;;;;;;;
GVE;01.12.1818 00:00;;;0;-2.8;;;;;;;;;;;;;;;;;;;;;;;;;;
GVE;01.01.1819 00:00;;;1.2;-0.9;;;;;;;;;;;;;;;;;;;;;;;;;;
GVE;01.02.1819 00:00;;;2.3;-0.6;;;;;;;;;;;;;;;;;;;;;;;;;;
GVE;01.03.1819 00:00;;;5.1;-1.6;;;;;;;;;;;;;;;;;;;;;;;;;;
GVE;01.04.1819 00:00;;;10.1;-0.4;;;;;;;;;;;;;;;;;;;;;;;;;;
GVE;01.05.1819 00:00;;;13.5;-1;;;;;;;;;;;;;;;;;;;;;;;;;;
GVE;01.06.1819 00:00;;;16.1;-2.3;;;;;;;;;;;;;;;;;;;;;;;;;;
GVE;01.07.1819 00:00;;;17.9;-2.7;;;;;;;;;;;;;;;;;;;;;;;;;;
GVE;01.08.1819 00:00;;;17;-3;;;;;;;;;;;;;;;;;;;;;;;;;;
GVE;01.09.1819 00:00;;;14.7;-1;;;;;;;;;;;;;;;;;;;;;;;;;;
GVE;01.10.1819 00:00;;;8.8;-2.5;;;;;;;;;;;;;;;;;;;;;;;;;;
GVE;01.11.1819 00:00;;;3.4;-2.6;;;;;;;;;;;;;;;;;;;;;;;;;;
GVE;01.12.1819 00:00;;;1.6;-1.2;;;;;;;;;;;;;;;;;;;;;;;;;;
GVE;01.01.1820 00:00;;;-1;-3.1;;;;;;;;;;;;;;;;;;;;;;;;;;
GVE;01.02.1820 00:00;;;1.7;-1.2;;;;;;;;;;;;;;;;;;;;;;;;;;
GVE;01.03.1820 00:00;;;2.5;-4.2;;;;;;;;;;;;;;;;;;;;;;;;;;
GVE;01.04.1820 00:00;;;11.5;1;;;;;;;;;;;;;;;;;;;;;;;;;;
GVE;01.05.1820 00:00;;;14.1;-0.4;;;;;;;;;;;;;;;;;;;;;;;;;;
GVE;01.06.1820 00:00;;;15.5;-2.9;;;;;;;;;;;;;;;;;;;;;;;;;;
GVE;01.07.1820 00:00;;;17;-3.6;;;;;;;;;;;;;;;;;;;;;;;;;;
GVE;01.08.1820 00:00;;;18.5;-1.5;;;;;;;;;;;;;;;;;;;;;;;;;;
GVE;01.09.1820 00:00;;;11.6;-4.1;;;;;;;;;;;;;;;;;;;;;;;;;;
GVE;01.10.1820 00:00;;;8.3;-3;;;;;;;;;;;;;;;;;;;;;;;;;;
GVE;01.11.1820 00:00;;;1.4;-4.6;;;;;;;;;;;;;;;;;;;;;;;;;;
GVE;01.12.1820 00:00;;;0.4;-2.4;;;;;;;;;;;;;;;;;;;;;;;;;;
GVE;01.01.1821 00:00;;;1.4;-0.7;;;;;;;;;;;;;;;;;;;;;;;;;;
GVE;01.02.1821 00:00;;;-0.7;-3.6;;;;;;;;;;;;;;;;;;;;;;;;;;
GVE;01.03.1821 00:00;;;5.2;-1.5;;;;;;;;;;;;;;;;;;;;;;;;;;
GVE;01.04.1821 00:00;;;9.7;-0.8;;;;;;;;;;;;;;;;;;;;;;;;;;
GVE;01.05.1821 00:00;;;12.2;-2.3;;;;;;;;;;;;;;;;;;;;;;;;;;
GVE;01.06.1821 00:00;;;14.3;-4.1;;;;;;;;;;;;;;;;;;;;;;;;;;
GVE;01.07.1821 00:00;;;16.2;-4.4;;;;;;;;;;;;;;;;;;;;;;;;;;
GVE;01.08.1821 00:00;;;18;-2;;;;;;;;;;;;;;;;;;;;;;;;;;
GVE;01.09.1821 00:00;;;14.5;-1.2;;;;;;;;;;;;;;;;;;;;;;;;;;
GVE;01.10.1821 00:00;;;9.1;-2.2;;;;;;;;;;;;;;;;;;;;;;;;;;
GVE;01.11.1821 00:00;;;7;1;;;;;;;;;;;;;;;;;;;;;;;;;;
GVE;01.12.1821 00:00;;;4.6;1.8;;;;;;;;;;;;;;;;;;;;;;;;;;
GVE;01.01.1822 00:00;;;-0.4;-2.5;;;;;;;;;;;;;;;;;;;;;;;;;;
GVE;01.02.1822 00:00;;;2.6;-0.3;;;;;;;;;;;;;;;;;;;;;;;;;;
GVE;01.03.1822 00:00;;;7.9;1.2;;;;;;;;;;;;;;;;;;;;;;;;;;
GVE;01.04.1822 00:00;;;8.9;-1.6;;;;;;;;;;;;;;;;;;;;;;;;;;
GVE;01.05.1822 00:00;;;15.5;1;;;;;;;;;;;;;;;;;;;;;;;;;;
GVE;01.06.1822 00:00;;;21.1;2.7;;;;;;;;;;;;;;;;;;;;;;;;;;
GVE;01.07.1822 00:00;;;18.8;-1.8;;;;;;;;;;;;;;;;;;;;;;;;;;
GVE;01.08.1822 00:00;;;17.2;-2.8;;;;;;;;;;;;;;;;;;;;;;;;;;
GVE;01.09.1822 00:00;;;14.9;-0.8;;;;;;;;;;;;;;;;;;;;;;;;;;
GVE;01.10.1822 00:00;;;10.4;-0.9;;;;;;;;;;;;;;;;;;;;;;;;;;
GVE;01.11.1822 00:00;;;7;1;;;;;;;;;;;;;;;;;;;;;;;;;;
GVE;01.12.1822 00:00;;;-1.9;-4.7;;;;;;;;;;;;;;;;;;;;;;;;;;
GVE;01.01.1823 00:00;;;-2.5;-4.6;;;;;;;;;;;;;;;;;;;;;;;;;;
GVE;01.02.1823 00:00;;;3;0.1;;;;;;;;;;;;;;;;;;;;;;;;;;
GVE;01.03.1823 00:00;;;4;-2.7;;;;;;;;;;;;;;;;;;;;;;;;;;
GVE;01.04.1823 00:00;;;8.6;-1.9;;;;;;;;;;;;;;;;;;;;;;;;;;
GVE;01.05.1823 00:00;;;14.4;-0.1;;;;;;;;;;;;;;;;;;;;;;;;;;
GVE;01.06.1823 00:00;;;14.9;-3.5;;;;;;;;;;;;;;;;;;;;;;;;;;
GVE;01.07.1823 00:00;;;17;-3.6;;;;;;;;;;;;;;;;;;;;;;;;;;
GVE;01.08.1823 00:00;;;17.7;-2.3;;;;;;;;;;;;;;;;;;;;;;;;;;
GVE;01.09.1823 00:00;;;14.9;-0.8;;;;;;;;;;;;;;;;;;;;;;;;;;
GVE;01.10.1823 00:00;;;7.5;-3.8;;;;;;;;;;;;;;;;;;;;;;;;;;
GVE;01.11.1823 00:00;;;2.2;-3.8;;;;;;;;;;;;;;;;;;;;;;;;;;
GVE;01.12.1823 00:00;;;2.1;-0.7;;;;;;;;;;;;;;;;;;;;;;;;;;
GVE;01.01.1824 00:00;;;-1.5;-3.6;;;;;;;;;;;;;;;;;;;;;;;;;;
GVE;01.02.1824 00:00;;;1.4;-1.5;;;;;;;;;;;;;;;;;;;;;;;;;;
GVE;01.03.1824 00:00;;;2.7;-4;;;;;;;;;;;;;;;;;;;;;;;;;;
GVE;01.04.1824 00:00;;;6.9;-3.6;;;;;;;;;;;;;;;;;;;;;;;;;;
GVE;01.05.1824 00:00;;;12.8;-1.7;;;;;;;;;;;;;;;;;;;;;;;;;;
GVE;01.06.1824 00:00;;;14.9;-3.5;;;;;;;;;;;;;;;;;;;;;;;;;;
GVE;01.07.1824 00:00;;;19.6;-1;;;;;;;;;;;;;;;;;;;;;;;;;;
GVE;01.08.1824 00:00;;;17.8;-2.2;;;;;;;;;;;;;;;;;;;;;;;;;;
GVE;01.09.1824 00:00;;;15;-0.7;;;;;;;;;;;;;;;;;;;;;;;;;;
GVE;01.10.1824 00:00;;;8.9;-2.4;;;;;;;;;;;;;;;;;;;;;;;;;;
GVE;01.11.1824 00:00;;;6.5;0.5;;;;;;;;;;;;;;;;;;;;;;;;;;
GVE;01.12.1824 00:00;;;3.1;0.3;;;;;;;;;;;;;;;;;;;;;;;;;;
GVE;01.01.1825 00:00;;;-1;-3.1;;;;;;;;;;;;;;;;;;;;;;;;;;
GVE;01.02.1825 00:00;;;0.5;-2.4;;;;;;;;;;;;;;;;;;;;;;;;;;
GVE;01.03.1825 00:00;;;2.9;-3.8;;;;;;;;;;;;;;;;;;;;;;;;;;
GVE;01.04.1825 00:00;;;10.9;0.4;;;;;;;;;;;;;;;;;;;;;;;;;;
GVE;01.05.1825 00:00;;;13.1;-1.4;;;;;;;;;;;;;;;;;;;;;;;;;;
GVE;01.06.1825 00:00;;;16.9;-1.5;;;;;;;;;;;;;;;;;;;;;;;;;;
GVE;01.07.1825 00:00;;;18.1;-2.5;;;;;;;;;;;;;;;;;;;;;;;;;;
GVE;01.08.1825 00:00;;;18.2;-1.8;;;;;;;;;;;;;;;;;;;;;;;;;;
GVE;01.09.1825 00:00;;;16.1;0.4;;;;;;;;;;;;;;;;;;;;;;;;;;
GVE;01.10.1825 00:00;;;9.7;-1.6;;;;;;;;;;;;;;;;;;;;;;;;;;
GVE;01.11.1825 00:00;;;5.8;-0.2;;;;;;;;;;;;;;;;;;;;;;;;;;
GVE;01.12.1825 00:00;;;4.4;1.6;;;;;;;;;;;;;;;;;;;;;;;;;;
GVE;01.01.1826 00:00;;;-5.8;-7.9;;;;;;;;;;;;;;;;;;;;;;;;;;
GVE;01.02.1826 00:00;;;1.9;-1;;;;;;;;;;;;;;;;;;;;;;;;;;
GVE;01.03.1826 00:00;;;6;-0.7;;;;;;;;;;;;;;;;;;;;;;;;;;
GVE;01.04.1826 00:00;;;8.7;-1.8;;;;;;;;;;;;;;;;;;;;;;;;;;
GVE;01.05.1826 00:00;;;11.6;-2.9;;;;;;;;;;;;;;;;;;;;;;;;;;
GVE;01.06.1826 00:00;;;16.7;-1.7;;;;;;;;;;;;;;;;;;;;;;;;;;
GVE;01.07.1826 00:00;;;19.6;-1;;;;;;;;;;;;;;;;;;;;;;;;;;
GVE;01.08.1826 00:00;;;20.4;0.4;;;;;;;;;;;;;;;;;;;;;;;;;;
GVE;01.09.1826 00:00;;;15.5;-0.2;;;;;;;;;;;;;;;;;;;;;;;;;;
GVE;01.10.1826 00:00;;;10.1;-1.2;;;;;;;;;;;;;;;;;;;;;;;;;;
GVE;01.11.1826 00:00;;;3;-3;;;;;;;;;;;;;;;;;;;;;;;;;;
GVE;01.12.1826 00:00;;;1.2;-1.6;;;;;;;;;;;;;;;;;;;;;;;;;;
GVE;01.01.1827 00:00;;;-1.5;-3.6;;;;;;;;;;;;;;;;;;;;;;;;;;
GVE;01.02.1827 00:00;;;-2.4;-5.3;;;;;;;;;;;;;;;;;;;;;;;;;;
GVE;01.03.1827 00:00;;;5.9;-0.8;;;;;;;;;;;;;;;;;;;;;;;;;;
GVE;01.04.1827 00:00;;;9.9;-0.6;;;;;;;;;;;;;;;;;;;;;;;;;;
GVE;01.05.1827 00:00;;;14.2;-0.3;;;;;;;;;;;;;;;;;;;;;;;;;;
GVE;01.06.1827 00:00;;;16.4;-2;;;;;;;;;;;;;;;;;;;;;;;;;;
GVE;01.07.1827 00:00;;;21.2;0.6;;;;;;;;;;;;;;;;;;;;;;;;;;
GVE;01.08.1827 00:00;;;17.8;-2.2;;;;;;;;;;;;;;;;;;;;;;;;;;
GVE;01.09.1827 00:00;;;14.3;-1.4;;;;;;;;;;;;;;;;;;;;;;;;;;
GVE;01.10.1827 00:00;;;10.3;-1;;;;;;;;;;;;;;;;;;;;;;;;;;
GVE;01.11.1827 00:00;;;1.8;-4.2;;;;;;;;;;;;;;;;;;;;;;;;;;
GVE;01.12.1827 00:00;;;4.6;1.8;;;;;;;;;;;;;;;;;;;;;;;;;;
GVE;01.01.1828 00:00;;;2;-0.1;;;;;;;;;;;;;;;;;;;;;;;;;;
GVE;01.02.1828 00:00;;;1.8;-1.1;;;;;;;;;;;;;;;;;;;;;;;;;;
GVE;01.03.1828 00:00;;;5.4;-1.3;;;;;;;;;;;;;;;;;;;;;;;;;;
GVE;01.04.1828 00:00;;;9.5;-1;;;;;;;;;;;;;;;;;;;;;;;;;;
GVE;01.05.1828 00:00;;;14.6;0.1;;;;;;;;;;;;;;;;;;;;;;;;;;
GVE;01.06.1828 00:00;;;17.9;-0.5;;;;;;;;;;;;;;;;;;;;;;;;;;
GVE;01.07.1828 00:00;;;18.7;-1.9;;;;;;;;;;;;;;;;;;;;;;;;;;
GVE;01.08.1828 00:00;;;16.2;-3.8;;;;;;;;;;;;;;;;;;;;;;;;;;
GVE;01.09.1828 00:00;;;15;-0.7;;;;;;;;;;;;;;;;;;;;;;;;;;
GVE;01.10.1828 00:00;;;10;-1.3;;;;;;;;;;;;;;;;;;;;;;;;;;
GVE;01.11.1828 00:00;;;5;-1;;;;;;;;;;;;;;;;;;;;;;;;;;
GVE;01.12.1828 00:00;;;2.5;-0.3;;;;;;;;;;;;;;;;;;;;;;;;;;
GVE;01.01.1829 00:00;;;-2.4;-4.5;;;;;;;;;;;;;;;;;;;;;;;;;;
GVE;01.02.1829 00:00;;;-0.5;-3.4;;;;;;;;;;;;;;;;;;;;;;;;;;
GVE;01.03.1829 00:00;;;4.9;-1.8;;;;;;;;;;;;;;;;;;;;;;;;;;
GVE;01.04.1829 00:00;;;8.6;-1.9;;;;;;;;;;;;;;;;;;;;;;;;;;
GVE;01.05.1829 00:00;;;13.1;-1.4;;;;;;;;;;;;;;;;;;;;;;;;;;
GVE;01.06.1829 00:00;;;15.5;-2.9;;;;;;;;;;;;;;;;;;;;;;;;;;
GVE;01.07.1829 00:00;;;18.1;-2.5;;;;;;;;;;;;;;;;;;;;;;;;;;
GVE;01.08.1829 00:00;;;16.2;-3.8;;;;;;;;;;;;;;;;;;;;;;;;;;
GVE;01.09.1829 00:00;;;12.5;-3.2;;;;;;;;;;;;;;;;;;;;;;;;;;
GVE;01.10.1829 00:00;;;7.1;-4.2;;;;;;;;;;;;;;;;;;;;;;;;;;
GVE;01.11.1829 00:00;;;2.6;-3.4;;;;;;;;;;;;;;;;;;;;;;;;;;
GVE;01.12.1829 00:00;;;-3.8;-6.6;;;;;;;;;;;;;;;;;;;;;;;;;;
GVE;01.01.1830 00:00;;;-6.8;-8.9;;;;;;;;;;;;;;;;;;;;;;;;;;
GVE;01.02.1830 00:00;;;-1.9;-4.8;;;;;;;;;;;;;;;;;;;;;;;;;;
GVE;01.03.1830 00:00;;;6.7;0;;;;;;;;;;;;;;;;;;;;;;;;;;
GVE;01.04.1830 00:00;;;11.5;1;;;;;;;;;;;;;;;;;;;;;;;;;;
GVE;01.05.1830 00:00;;;13.7;-0.8;;;;;;;;;;;;;;;;;;;;;;;;;;
GVE;01.06.1830 00:00;;;15.7;-2.7;;;;;;;;;;;;;;;;;;;;;;;;;;
GVE;01.07.1830 00:00;;;18.6;-2;;;;;;;;;;;;;;;;;;;;;;;;;;
GVE;01.08.1830 00:00;;;17.8;-2.2;;;;;;;;;;;;;;;;;;;;;;;;;;
GVE;01.09.1830 00:00;;;12.3;-3.4;;;;;;;;;;;;;;;;;;;;;;;;;;
GVE;01.10.1830 00:00;;;8.1;-3.2;;;;;;;;;;;;;;;;;;;;;;;;;;
GVE;01.11.1830 00:00;;;5;-1;;;;;;;;;;;;;;;;;;;;;;;;;;
GVE;01.12.1830 00:00;;;0;-2.8;;;;;;;;;;;;;;;;;;;;;;;;;;
GVE;01.01.1831 00:00;;;-2.8;-4.9;;;;;;;;;;;;;;;;;;;;;;;;;;
GVE;01.02.1831 00:00;;;0.5;-2.4;;;;;;;;;;;;;;;;;;;;;;;;;;
GVE;01.03.1831 00:00;;;6.7;0;;;;;;;;;;;;;;;;;;;;;;;;;;
GVE;01.04.1831 00:00;;;10.4;-0.1;;;;;;;;;;;;;;;;;;;;;;;;;;
GVE;01.05.1831 00:00;;;13.5;-1;;;;;;;;;;;;;;;;;;;;;;;;;;
GVE;01.06.1831 00:00;;;15.3;-3.1;;;;;;;;;;;;;;;;;;;;;;;;;;
GVE;01.07.1831 00:00;;;18.3;-2.3;;;;;;;;;;;;;;;;;;;;;;;;;;
GVE;01.08.1831 00:00;;;17.4;-2.6;;;;;;;;;;;;;;;;;;;;;;;;;;
GVE;01.09.1831 00:00;;;13.1;-2.6;;;;;;;;;;;;;;;;;;;;;;;;;;
GVE;01.10.1831 00:00;;;11.1;-0.2;;;;;;;;;;;;;;;;;;;;;;;;;;
GVE;01.11.1831 00:00;;;5.2;-0.8;;;;;;;;;;;;;;;;;;;;;;;;;;
GVE;01.12.1831 00:00;;;2.2;-0.6;;;;;;;;;;;;;;;;;;;;;;;;;;
GVE;01.01.1832 00:00;;;-1.4;-3.5;;;;;;;;;;;;;;;;;;;;;;;;;;
GVE;01.02.1832 00:00;;;0.9;-2;;;;;;;;;;;;;;;;;;;;;;;;;;
GVE;01.03.1832 00:00;;;4.2;-2.5;;;;;;;;;;;;;;;;;;;;;;;;;;
GVE;01.04.1832 00:00;;;8.5;-2;;;;;;;;;;;;;;;;;;;;;;;;;;
GVE;01.05.1832 00:00;;;12.3;-2.2;;;;;;;;;;;;;;;;;;;;;;;;;;
GVE;01.06.1832 00:00;;;15.5;-2.9;;;;;;;;;;;;;;;;;;;;;;;;;;
GVE;01.07.1832 00:00;;;19.6;-1;;;;;;;;;;;;;;;;;;;;;;;;;;
GVE;01.08.1832 00:00;;;20.3;0.3;;;;;;;;;;;;;;;;;;;;;;;;;;
GVE;01.09.1832 00:00;;;13.7;-2;;;;;;;;;;;;;;;;;;;;;;;;;;
GVE;01.10.1832 00:00;;;9.1;-2.2;;;;;;;;;;;;;;;;;;;;;;;;;;
GVE;01.11.1832 00:00;;;4.2;-1.8;;;;;;;;;;;;;;;;;;;;;;;;;;
GVE;01.12.1832 00:00;;;1.8;-1;;;;;;;;;;;;;;;;;;;;;;;;;;
GVE;01.01.1833 00:00;;;-1.6;-3.7;;;;;;;;;;;;;;;;;;;;;;;;;;
GVE;01.02.1833 00:00;;;4.7;1.8;;;;;;;;;;;;;;;;;;;;;;;;;;
GVE;01.03.1833 00:00;;;3.9;-2.8;;;;;;;;;;;;;;;;;;;;;;;;;;
GVE;01.04.1833 00:00;;;7;-3.5;;;;;;;;;;;;;;;;;;;;;;;;;;
GVE;01.05.1833 00:00;;;16.6;2.1;;;;;;;;;;;;;;;;;;;;;;;;;;
GVE;01.06.1833 00:00;;;18.3;-0.1;;;;;;;;;;;;;;;;;;;;;;;;;;
GVE;01.07.1833 00:00;;;16.4;-4.2;;;;;;;;;;;;;;;;;;;;;;;;;;
GVE;01.08.1833 00:00;;;16.2;-3.8;;;;;;;;;;;;;;;;;;;;;;;;;;
GVE;01.09.1833 00:00;;;12.9;-2.8;;;;;;;;;;;;;;;;;;;;;;;;;;
GVE;01.10.1833 00:00;;;9.7;-1.6;;;;;;;;;;;;;;;;;;;;;;;;;;
GVE;01.11.1833 00:00;;;4.7;-1.3;;;;;;;;;;;;;;;;;;;;;;;;;;
GVE;01.12.1833 00:00;;;5.2;2.4;;;;;;;;;;;;;;;;;;;;;;;;;;
GVE;01.01.1834 00:00;;;4.8;2.7;;;;;;;;;;;;;;;;;;;;;;;;;;
GVE;01.02.1834 00:00;;;2.3;-0.6;;;;;;;;;;;;;;;;;;;;;;;;;;
GVE;01.03.1834 00:00;;;5.6;-1.1;;;;;;;;;;;;;;;;;;;;;;;;;;
GVE;01.04.1834 00:00;;;7.5;-3;;;;;;;;;;;;;;;;;;;;;;;;;;
GVE;01.05.1834 00:00;;;16;1.5;;;;;;;;;;;;;;;;;;;;;;;;;;
GVE;01.06.1834 00:00;;;18.7;0.3;;;;;;;;;;;;;;;;;;;;;;;;;;
GVE;01.07.1834 00:00;;;20.8;0.2;;;;;;;;;;;;;;;;;;;;;;;;;;
GVE;01.08.1834 00:00;;;19;-1;;;;;;;;;;;;;;;;;;;;;;;;;;
GVE;01.09.1834 00:00;;;17.9;2.2;;;;;;;;;;;;;;;;;;;;;;;;;;
GVE;01.10.1834 00:00;;;10.3;-1;;;;;;;;;;;;;;;;;;;;;;;;;;
GVE;01.11.1834 00:00;;;5.2;-0.8;;;;;;;;;;;;;;;;;;;;;;;;;;
GVE;01.12.1834 00:00;;;-0.6;-3.4;;;;;;;;;;;;;;;;;;;;;;;;;;
GVE;01.01.1835 00:00;;;0.2;-1.9;;;;;;;;;;;;;;;;;;;;;;;;;;
GVE;01.02.1835 00:00;;;2.4;-0.5;;;;;;;;;;;;;;;;;;;;;;;;;;
GVE;01.03.1835 00:00;;;4;-2.7;;;;;;;;;;;;;;;;;;;;;;;;;;
GVE;01.04.1835 00:00;;;8.4;-2.1;;;;;;;;;;;;;;;;;;;;;;;;;;
GVE;01.05.1835 00:00;;;13.7;-0.8;;;;;;;;;;;;;;;;;;;;;;;;;;
GVE;01.06.1835 00:00;;;17.2;-1.2;;;;;;;;;;;;;;;;;;;;;;;;;;
GVE;01.07.1835 00:00;;;21;0.4;;;;;;;;;;;;;;;;;;;;;;;;;;
GVE;01.08.1835 00:00;;;17.9;-2.1;;;;;;;;;;;;;;;;;;;;;;;;;;
GVE;01.09.1835 00:00;;;14.3;-1.4;;;;;;;;;;;;;;;;;;;;;;;;;;
GVE;01.10.1835 00:00;;;7.7;-3.6;;;;;;;;;;;;;;;;;;;;;;;;;;
GVE;01.11.1835 00:00;;;1.4;-4.6;;;;;;;;;;;;;;;;;;;;;;;;;;
GVE;01.12.1835 00:00;;;-2.3;-5.1;;;;;;;;;;;;;;;;;;;;;;;;;;
GVE;01.01.1836 00:00;;;-1;-3.1;;;;;;;;;;;;;;;;;;;;;;;;;;
GVE;01.02.1836 00:00;;;0.1;-2.8;;;;;;;;;;;;;;;;;;;;;;;;;;
GVE;01.03.1836 00:00;;;6.6;-0.1;;;;;;;;;;;;;;;;;;;;;;;;;;
GVE;01.04.1836 00:00;;;7.1;-3.4;;;;;;;;;;;;;;;;;;;;;;;;;;
GVE;01.05.1836 00:00;;;10.5;-4;;;;;;;;;;;;;;;;;;;;;;;;;;
GVE;01.06.1836 00:00;;;16.7;-1.7;;;;;;;;;;;;;;;;;;;;;;;;;;
GVE;01.07.1836 00:00;;;19.6;-1;;;;;;;;;;;;;;;;;;;;;;;;;;
GVE;01.08.1836 00:00;;;18;-2;;;;;;;;;;;;;;;;;;;;;;;;;;
GVE;01.09.1836 00:00;;;12.9;-2.8;;;;;;;;;;;;;;;;;;;;;;;;;;
GVE;01.10.1836 00:00;;;8.9;-2.4;;;;;;;;;;;;;;;;;;;;;;;;;;
GVE;01.11.1836 00:00;;;4.4;-1.6;;;;;;;;;;;;;;;;;;;;;;;;;;
GVE;01.12.1836 00:00;;;1.6;-1.2;;;;;;;;;;;;;;;;;;;;;;;;;;
GVE;01.01.1837 00:00;;;-0.6;-2.7;;;;;;;;;;;;;;;;;;;;;;;;;;
GVE;01.02.1837 00:00;;;1.3;-1.6;;;;;;;;;;;;;;;;;;;;;;;;;;
GVE;01.03.1837 00:00;;;1.1;-5.6;;;;;;;;;;;;;;;;;;;;;;;;;;
GVE;01.04.1837 00:00;;;5.8;-4.7;;;;;;;;;;;;;;;;;;;;;;;;;;
GVE;01.05.1837 00:00;;;10.3;-4.2;;;;;;;;;;;;;;;;;;;;;;;;;;
GVE;01.06.1837 00:00;;;18.7;0.3;;;;;;;;;;;;;;;;;;;;;;;;;;
GVE;01.07.1837 00:00;;;18;-2.6;;;;;;;;;;;;;;;;;;;;;;;;;;
GVE;01.08.1837 00:00;;;19.4;-0.6;;;;;;;;;;;;;;;;;;;;;;;;;;
GVE;01.09.1837 00:00;;;12.3;-3.4;;;;;;;;;;;;;;;;;;;;;;;;;;
GVE;01.10.1837 00:00;;;8.7;-2.6;;;;;;;;;;;;;;;;;;;;;;;;;;
GVE;01.11.1837 00:00;;;2.6;-3.4;;;;;;;;;;;;;;;;;;;;;;;;;;
GVE;01.12.1837 00:00;;;0.5;-2.3;;;;;;;;;;;;;;;;;;;;;;;;;;
GVE;01.01.1838 00:00;;;-6;-8.1;;;;;;;;;;;;;;;;;;;;;;;;;;
GVE;01.02.1838 00:00;;;-0.4;-3.3;;;;;;;;;;;;;;;;;;;;;;;;;;
GVE;01.03.1838 00:00;;;4.7;-2;;;;;;;;;;;;;;;;;;;;;;;;;;
GVE;01.04.1838 00:00;;;5.8;-4.7;;;;;;;;;;;;;;;;;;;;;;;;;;
GVE;01.05.1838 00:00;;;13.1;-1.4;;;;;;;;;;;;;;;;;;;;;;;;;;
GVE;01.06.1838 00:00;;;15.7;-2.7;;;;;;;;;;;;;;;;;;;;;;;;;;
GVE;01.07.1838 00:00;;;17.8;-2.8;;;;;;;;;;;;;;;;;;;;;;;;;;
GVE;01.08.1838 00:00;;;16.2;-3.8;;;;;;;;;;;;;;;;;;;;;;;;;;
GVE;01.09.1838 00:00;;;13.5;-2.2;;;;;;;;;;;;;;;;;;;;;;;;;;
GVE;01.10.1838 00:00;;;8.5;-2.8;;;;;;;;;;;;;;;;;;;;;;;;;;
GVE;01.11.1838 00:00;;;5.6;-0.4;;;;;;;;;;;;;;;;;;;;;;;;;;
GVE;01.12.1838 00:00;;;0.2;-2.6;;;;;;;;;;;;;;;;;;;;;;;;;;
GVE;01.01.1839 00:00;;;-0.8;-2.9;;;;;;;;;;;;;;;;;;;;;;;;;;
GVE;01.02.1839 00:00;;;0.4;-2.5;;;;;;;;;;;;;;;;;;;;;;;;;;
GVE;01.03.1839 00:00;;;3.7;-3;;;;;;;;;;;;;;;;;;;;;;;;;;
GVE;01.04.1839 00:00;;;6.3;-4.2;;;;;;;;;;;;;;;;;;;;;;;;;;
GVE;01.05.1839 00:00;;;11.6;-2.9;;;;;;;;;;;;;;;;;;;;;;;;;;
GVE;01.06.1839 00:00;;;18.1;-0.3;;;;;;;;;;;;;;;;;;;;;;;;;;
GVE;01.07.1839 00:00;;;18.8;-1.8;;;;;;;;;;;;;;;;;;;;;;;;;;
GVE;01.08.1839 00:00;;;16;-4;;;;;;;;;;;;;;;;;;;;;;;;;;
GVE;01.09.1839 00:00;;;12.9;-2.8;;;;;;;;;;;;;;;;;;;;;;;;;;
GVE;01.10.1839 00:00;;;10.4;-0.9;;;;;;;;;;;;;;;;;;;;;;;;;;
GVE;01.11.1839 00:00;;;6.3;0.3;;;;;;;;;;;;;;;;;;;;;;;;;;
GVE;01.12.1839 00:00;;;4.6;1.8;;;;;;;;;;;;;;;;;;;;;;;;;;
GVE;01.01.1840 00:00;;;1.6;-0.5;;;;;;;;;;;;;;;;;;;;;;;;;;
GVE;01.02.1840 00:00;;;0.3;-2.6;;;;;;;;;;;;;;;;;;;;;;;;;;
GVE;01.03.1840 00:00;;;0.4;-6.3;;;;;;;;;;;;;;;;;;;;;;;;;;
GVE;01.04.1840 00:00;;;9.7;-0.8;;;;;;;;;;;;;;;;;;;;;;;;;;
GVE;01.05.1840 00:00;;;12.8;-1.7;;;;;;;;;;;;;;;;;;;;;;;;;;
GVE;01.06.1840 00:00;;;16.9;-1.5;;;;;;;;;;;;;;;;;;;;;;;;;;
GVE;01.07.1840 00:00;;;16;-4.6;;;;;;;;;;;;;;;;;;;;;;;;;;
GVE;01.08.1840 00:00;;;17.6;-2.4;;;;;;;;;;;;;;;;;;;;;;;;;;
GVE;01.09.1840 00:00;;;12.6;-3.1;;;;;;;;;;;;;;;;;;;;;;;;;;
GVE;01.10.1840 00:00;;;6.5;-4.8;;;;;;;;;;;;;;;;;;;;;;;;;;
GVE;01.11.1840 00:00;;;5.7;-0.3;;;;;;;;;;;;;;;;;;;;;;;;;;
GVE;01.12.1840 00:00;;;-3.2;-6;;;;;;;;;;;;;;;;;;;;;;;;;;
GVE;01.01.1841 00:00;;;-1.6;-3.7;;;;;;;;;;;;;;;;;;;;;;;;;;
GVE;01.02.1841 00:00;;;-0.1;-3;;;;;;;;;;;;;;;;;;;;;;;;;;
GVE;01.03.1841 00:00;;;5.4;-1.3;;;;;;;;;;;;;;;;;;;;;;;;;;
GVE;01.04.1841 00:00;;;7.9;-2.6;;;;;;;;;;;;;;;;;;;;;;;;;;
GVE;01.05.1841 00:00;;;15.5;1;;;;;;;;;;;;;;;;;;;;;;;;;;
GVE;01.06.1841 00:00;;;14.9;-3.5;;;;;;;;;;;;;;;;;;;;;;;;;;
GVE;01.07.1841 00:00;;;15.9;-4.7;;;;;;;;;;;;;;;;;;;;;;;;;;
GVE;01.08.1841 00:00;;;16.1;-3.9;;;;;;;;;;;;;;;;;;;;;;;;;;
GVE;01.09.1841 00:00;;;14.5;-1.2;;;;;;;;;;;;;;;;;;;;;;;;;;
GVE;01.10.1841 00:00;;;9.9;-1.4;;;;;;;;;;;;;;;;;;;;;;;;;;
GVE;01.11.1841 00:00;;;4.8;-1.2;;;;;;;;;;;;;;;;;;;;;;;;;;
GVE;01.12.1841 00:00;;;2.2;-0.6;;;;;;;;;;;;;;;;;;;;;;;;;;
GVE;01.01.1842 00:00;;;-2.9;-5;;;;;;;;;;;;;;;;;;;;;;;;;;
GVE;01.02.1842 00:00;;;-3.3;-6.2;;;;;;;;;;;;;;;;;;;;;;;;;;
GVE;01.03.1842 00:00;;;5.1;-1.6;;;;;;;;;;;;;;;;;;;;;;;;;;
GVE;01.04.1842 00:00;;;7.8;-2.7;;;;;;;;;;;;;;;;;;;;;;;;;;
GVE;01.05.1842 00:00;;;13.5;-1;;;;;;;;;;;;;;;;;;;;;;;;;;
GVE;01.06.1842 00:00;;;18.9;0.5;;;;;;;;;;;;;;;;;;;;;;;;;;
GVE;01.07.1842 00:00;;;17.8;-2.8;;;;;;;;;;;;;;;;;;;;;;;;;;
GVE;01.08.1842 00:00;;;18.7;-1.3;;;;;;;;;;;;;;;;;;;;;;;;;;
GVE;01.09.1842 00:00;;;12.8;-2.9;;;;;;;;;;;;;;;;;;;;;;;;;;
GVE;01.10.1842 00:00;;;6.4;-4.9;;;;;;;;;;;;;;;;;;;;;;;;;;
GVE;01.11.1842 00:00;;;3.2;-2.8;;;;;;;;;;;;;;;;;;;;;;;;;;
GVE;01.12.1842 00:00;;;0.1;-2.7;;;;;;;;;;;;;;;;;;;;;;;;;;
GVE;01.01.1843 00:00;;;0.8;-1.3;;;;;;;;;;;;;;;;;;;;;;;;;;
GVE;01.02.1843 00:00;;;3.1;0.2;;;;;;;;;;;;;;;;;;;;;;;;;;
GVE;01.03.1843 00:00;;;4.2;-2.5;;;;;;;;;;;;;;;;;;;;;;;;;;
GVE;01.04.1843 00:00;;;8.7;-1.8;;;;;;;;;;;;;;;;;;;;;;;;;;
GVE;01.05.1843 00:00;;;11.1;-3.4;;;;;;;;;;;;;;;;;;;;;;;;;;
GVE;01.06.1843 00:00;;;13.8;-4.6;;;;;;;;;;;;;;;;;;;;;;;;;;
GVE;01.07.1843 00:00;;;16.1;-4.5;;;;;;;;;;;;;;;;;;;;;;;;;;
GVE;01.08.1843 00:00;;;17.1;-2.9;;;;;;;;;;;;;;;;;;;;;;;;;;
GVE;01.09.1843 00:00;;;15;-0.7;;;;;;;;;;;;;;;;;;;;;;;;;;
GVE;01.10.1843 00:00;;;9.1;-2.2;;;;;;;;;;;;;;;;;;;;;;;;;;
GVE;01.11.1843 00:00;;;4.5;-1.5;;;;;;;;;;;;;;;;;;;;;;;;;;
GVE;01.12.1843 00:00;;;0.5;-2.3;;;;;;;;;;;;;;;;;;;;;;;;;;
GVE;01.01.1844 00:00;;;-0.7;-2.8;;;;;;;;;;;;;;;;;;;;;;;;;;
GVE;01.02.1844 00:00;;;-0.1;-3;;;;;;;;;;;;;;;;;;;;;;;;;;
GVE;01.03.1844 00:00;;;4;-2.7;;;;;;;;;;;;;;;;;;;;;;;;;;
GVE;01.04.1844 00:00;;;10.5;0;;;;;;;;;;;;;;;;;;;;;;;;;;
GVE;01.05.1844 00:00;;;12.1;-2.4;;;;;;;;;;;;;;;;;;;;;;;;;;
GVE;01.06.1844 00:00;;;18.1;-0.3;;;;;;;;;;;;;;;;;;;;;;;;;;
GVE;01.07.1844 00:00;;;17.4;-3.2;;;;;;;;;;;;;;;;;;;;;;;;;;
GVE;01.08.1844 00:00;;;14.8;-5.2;;;;;;;;;;;;;;;;;;;;;;;;;;
GVE;01.09.1844 00:00;;;15.3;-0.4;;;;;;;;;;;;;;;;;;;;;;;;;;
GVE;01.10.1844 00:00;;;9.3;-2;;;;;;;;;;;;;;;;;;;;;;;;;;
GVE;01.11.1844 00:00;;;4.8;-1.2;;;;;;;;;;;;;;;;;;;;;;;;;;
GVE;01.12.1844 00:00;;;-1.2;-4;;;;;;;;;;;;;;;;;;;;;;;;;;
GVE;01.01.1845 00:00;;;0.8;-1.3;;;;;;;;;;;;;;;;;;;;;;;;;;
GVE;01.02.1845 00:00;;;-3.1;-6;;;;;;;;;;;;;;;;;;;;;;;;;;
GVE;01.03.1845 00:00;;;2.3;-4.4;;;;;;;;;;;;;;;;;;;;;;;;;;
GVE;01.04.1845 00:00;;;9;-1.5;;;;;;;;;;;;;;;;;;;;;;;;;;
GVE;01.05.1845 00:00;;;10.5;-4;;;;;;;;;;;;;;;;;;;;;;;;;;
GVE;01.06.1845 00:00;;;16.6;-1.8;;;;;;;;;;;;;;;;;;;;;;;;;;
GVE;01.07.1845 00:00;;;18;-2.6;;;;;;;;;;;;;;;;;;;;;;;;;;
GVE;01.08.1845 00:00;;;15;-5;;;;;;;;;;;;;;;;;;;;;;;;;;
GVE;01.09.1845 00:00;;;14.9;-0.8;;;;;;;;;;;;;;;;;;;;;;;;;;
GVE;01.10.1845 00:00;;;9.3;-2;;;;;;;;;;;;;;;;;;;;;;;;;;
GVE;01.11.1845 00:00;;;6;0;;;;;;;;;;;;;;;;;;;;;;;;;;
GVE;01.12.1845 00:00;;;3.2;0.4;;;;;;;;;;;;;;;;;;;;;;;;;;
GVE;01.01.1846 00:00;;;0;-2.1;;;;;;;;;;;;;;;;;;;;;;;;;;
GVE;01.02.1846 00:00;;;3.1;0.2;;;;;;;;;;;;;;;;;;;;;;;;;;
GVE;01.03.1846 00:00;;;5.8;-0.9;;;;;;;;;;;;;;;;;;;;;;;;;;
GVE;01.04.1846 00:00;;;8.6;-1.9;;;;;;;;;;;;;;;;;;;;;;;;;;
GVE;01.05.1846 00:00;;;13.5;-1;;;;;;;;;;;;;;;;;;;;;;;;;;
GVE;01.06.1846 00:00;;;18.8;0.4;;;;;;;;;;;;;;;;;;;;;;;;;;
GVE;01.07.1846 00:00;;;19.2;-1.4;;;;;;;;;;;;;;;;;;;;;;;;;;
GVE;01.08.1846 00:00;;;18.6;-1.4;;;;;;;;;;;;;;;;;;;;;;;;;;
GVE;01.09.1846 00:00;;;14.8;-0.9;;;;;;;;;;;;;;;;;;;;;;;;;;
GVE;01.10.1846 00:00;;;9.5;-1.8;;;;;;;;;;;;;;;;;;;;;;;;;;
GVE;01.11.1846 00:00;;;4.6;-1.4;;;;;;;;;;;;;;;;;;;;;;;;;;
GVE;01.12.1846 00:00;;;-2.4;-5.2;;;;;;;;;;;;;;;;;;;;;;;;;;
GVE;01.01.1847 00:00;;;-1;-3.1;;;;;;;;;;;;;;;;;;;;;;;;;;
GVE;01.02.1847 00:00;;;-0.3;-3.2;;;;;;;;;;;;;;;;;;;;;;;;;;
GVE;01.03.1847 00:00;;;2.7;-4;;;;;;;;;;;;;;;;;;;;;;;;;;
GVE;01.04.1847 00:00;;;6.1;-4.4;;;;;;;;;;;;;;;;;;;;;;;;;;
GVE;01.05.1847 00:00;;;15;0.5;;;;;;;;;;;;;;;;;;;;;;;;;;
GVE;01.06.1847 00:00;;;14.1;-4.3;;;;;;;;;;;;;;;;;;;;;;;;;;
GVE;01.07.1847 00:00;;;18.5;-2.1;;;;;;;;;;;;;;;;;;;;;;;;;;
GVE;01.08.1847 00:00;;;16.8;-3.2;;;;;;;;;;;;;;;;;;;;;;;;;;
GVE;01.09.1847 00:00;;;11.9;-3.8;;;;;;;;;;;;;;;;;;;;;;;;;;
GVE;01.10.1847 00:00;;;8.7;-2.6;;;;;;;;;;;;;;;;;;;;;;;;;;
GVE;01.11.1847 00:00;;;3.2;-2.8;;;;;;;;;;;;;;;;;;;;;;;;;;
GVE;01.12.1847 00:00;;;-1.2;-4;;;;;;;;;;;;;;;;;;;;;;;;;;
GVE;01.01.1848 00:00;;;-4.8;-6.9;;;;;;;;;;;;;;;;;;;;;;;;;;
GVE;01.02.1848 00:00;;;2.6;-0.3;;;;;;;;;;;;;;;;;;;;;;;;;;
GVE;01.03.1848 00:00;;;3.9;-2.8;;;;;;;;;;;;;;;;;;;;;;;;;;
GVE;01.04.1848 00:00;;;9.3;-1.2;;;;;;;;;;;;;;;;;;;;;;;;;;
GVE;01.05.1848 00:00;;;13.5;-1;;;;;;;;;;;;;;;;;;;;;;;;;;
GVE;01.06.1848 00:00;;;16.1;-2.3;;;;;;;;;;;;;;;;;;;;;;;;;;
GVE;01.07.1848 00:00;;;18.1;-2.5;;;;;;;;;;;;;;;;;;;;;;;;;;
GVE;01.08.1848 00:00;;;17.1;-2.9;;;;;;;;;;;;;;;;;;;;;;;;;;
GVE;01.09.1848 00:00;;;13.1;-2.6;;;;;;;;;;;;;;;;;;;;;;;;;;
GVE;01.10.1848 00:00;;;8.9;-2.4;;;;;;;;;;;;;;;;;;;;;;;;;;
GVE;01.11.1848 00:00;;;2.4;-3.6;;;;;;;;;;;;;;;;;;;;;;;;;;
GVE;01.12.1848 00:00;;;0.4;-2.4;;;;;;;;;;;;;;;;;;;;;;;;;;
GVE;01.01.1849 00:00;;;1.4;-0.7;;;;;;;;;;;;;;;;;;;;;;;;;;
GVE;01.02.1849 00:00;;;2;-0.9;;;;;;;;;;;;;;;;;;;;;;;;;;
GVE;01.03.1849 00:00;;;2.8;-3.9;;;;;;;;;;;;;;;;;;;;;;;;;;
GVE;01.04.1849 00:00;;;5.7;-4.8;;;;;;;;;;;;;;;;;;;;;;;;;;
GVE;01.05.1849 00:00;;;12.7;-1.8;;;;;;;;;;;;;;;;;;;;;;;;;;
GVE;01.06.1849 00:00;;;18.1;-0.3;;;;;;;;;;;;;;;;;;;;;;;;;;
GVE;01.07.1849 00:00;;;18.6;-2;;;;;;;;;;;;;;;;;;;;;;;;;;
GVE;01.08.1849 00:00;;;16.4;-3.6;;;;;;;;;;;;;;;;;;;;;;;;;;
GVE;01.09.1849 00:00;;;14.1;-1.6;;;;;;;;;;;;;;;;;;;;;;;;;;
GVE;01.10.1849 00:00;;;9.8;-1.5;;;;;;;;;;;;;;;;;;;;;;;;;;
GVE;01.11.1849 00:00;;;2.2;-3.8;;;;;;;;;;;;;;;;;;;;;;;;;;
GVE;01.12.1849 00:00;;;-0.8;-3.6;;;;;;;;;;;;;;;;;;;;;;;;;;
GVE;01.01.1850 00:00;;;-3;-5.1;;;;;;;;;;;;;;;;;;;;;;;;;;
GVE;01.02.1850 00:00;;;3.4;0.5;;;;;;;;;;;;;;;;;;;;;;;;;;
GVE;01.03.1850 00:00;;;1.9;-4.8;;;;;;;;;;;;;;;;;;;;;;;;;;
GVE;01.04.1850 00:00;;;7.7;-2.8;;;;;;;;;;;;;;;;;;;;;;;;;;
GVE;01.05.1850 00:00;;;10.7;-3.8;;;;;;;;;;;;;;;;;;;;;;;;;;
GVE;01.06.1850 00:00;;;16.5;-1.9;;;;;;;;;;;;;;;;;;;;;;;;;;
GVE;01.07.1850 00:00;;;17.6;-3;;;;;;;;;;;;;;;;;;;;;;;;;;
GVE;01.08.1850 00:00;;;16.6;-3.4;;;;;;;;;;;;;;;;;;;;;;;;;;
GVE;01.09.1850 00:00;;;12.3;-3.4;;;;;;;;;;;;;;;;;;;;;;;;;;
GVE;01.10.1850 00:00;;;6.7;-4.6;;;;;;;;;;;;;;;;;;;;;;;;;;
GVE;01.11.1850 00:00;;;5.5;-0.5;;;;;;;;;;;;;;;;;;;;;;;;;;
GVE;01.12.1850 00:00;;;0.8;-2;;;;;;;;;;;;;;;;;;;;;;;;;;
GVE;01.01.1851 00:00;;;0.2;-1.9;;;;;;;;;;;;;;;;;;;;;;;;;;
GVE;01.02.1851 00:00;;;0.5;-2.4;;;;;;;;;;;;;;;;;;;;;;;;;;
GVE;01.03.1851 00:00;;;3.1;-3.6;;;;;;;;;;;;;;;;;;;;;;;;;;
GVE;01.04.1851 00:00;;;8.7;-1.8;;;;;;;;;;;;;;;;;;;;;;;;;;
GVE;01.05.1851 00:00;;;9.7;-4.8;;;;;;;;;;;;;;;;;;;;;;;;;;
GVE;01.06.1851 00:00;;;17.5;-0.9;;;;;;;;;;;;;;;;;;;;;;;;;;
GVE;01.07.1851 00:00;;;16.4;-4.2;;;;;;;;;;;;;;;;;;;;;;;;;;
GVE;01.08.1851 00:00;;;16.8;-3.2;;;;;;;;;;;;;;;;;;;;;;;;;;
GVE;01.09.1851 00:00;;;10.5;-5.2;;;;;;;;;;;;;;;;;;;;;;;;;;
GVE;01.10.1851 00:00;;;8.8;-2.5;;;;;;;;;;;;;;;;;;;;;;;;;;
GVE;01.11.1851 00:00;;;-0.4;-6.4;;;;;;;;;;;;;;;;;;;;;;;;;;
GVE;01.12.1851 00:00;;;-4;-6.8;;;;;;;;;;;;;;;;;;;;;;;;;;
GVE;01.01.1852 00:00;;;1.8;-0.3;;;;;;;;;;;;;;;;;;;;;;;;;;
GVE;01.02.1852 00:00;;;1.7;-1.2;;;;;;;;;;;;;;;;;;;;;;;;;;
GVE;01.03.1852 00:00;;;2.3;-4.4;;;;;;;;;;;;;;;;;;;;;;;;;;
GVE;01.04.1852 00:00;;;7.7;-2.8;;;;;;;;;;;;;;;;;;;;;;;;;;
GVE;01.05.1852 00:00;;;12.8;-1.7;;;;;;;;;;;;;;;;;;;;;;;;;;
GVE;01.06.1852 00:00;;;15.3;-3.1;;;;;;;;;;;;;;;;;;;;;;;;;;
GVE;01.07.1852 00:00;;;19;-1.6;;;;;;;;;;;;;;;;;;;;;;;;;;
GVE;01.08.1852 00:00;;;16;-4;;;;;;;;;;;;;;;;;;;;;;;;;;
GVE;01.09.1852 00:00;;;13.3;-2.4;;;;;;;;;;;;;;;;;;;;;;;;;;
GVE;01.10.1852 00:00;;;8.3;-3;;;;;;;;;;;;;;;;;;;;;;;;;;
GVE;01.11.1852 00:00;;;6.8;0.8;;;;;;;;;;;;;;;;;;;;;;;;;;
GVE;01.12.1852 00:00;;;2.8;0;;;;;;;;;;;;;;;;;;;;;;;;;;
GVE;01.01.1853 00:00;;;2.6;0.5;;;;;;;;;;;;;;;;;;;;;;;;;;
GVE;01.02.1853 00:00;;;-1.1;-4;;;;;;;;;;;;;;;;;;;;;;;;;;
GVE;01.03.1853 00:00;;;-0.1;-6.8;;;;;;;;;;;;;;;;;;;;;;;;;;
GVE;01.04.1853 00:00;;;6.9;-3.6;;;;;;;;;;;;;;;;;;;;;;;;;;
GVE;01.05.1853 00:00;;;10.9;-3.6;;;;;;;;;;;;;;;;;;;;;;;;;;
GVE;01.06.1853 00:00;;;15.3;-3.1;;;;;;;;;;;;;;;;;;;;;;;;;;
GVE;01.07.1853 00:00;;;18.2;-2.4;;;;;;;;;;;;;;;;;;;;;;;;;;
GVE;01.08.1853 00:00;;;17.8;-2.2;;;;;;;;;;;;;;;;;;;;;;;;;;
GVE;01.09.1853 00:00;;;13.1;-2.6;;;;;;;;;;;;;;;;;;;;;;;;;;
GVE;01.10.1853 00:00;;;9.1;-2.2;;;;;;;;;;;;;;;;;;;;;;;;;;
GVE;01.11.1853 00:00;;;4.8;-1.2;;;;;;;;;;;;;;;;;;;;;;;;;;
GVE;01.12.1853 00:00;;;-2.4;-5.2;;;;;;;;;;;;;;;;;;;;;;;;;;
GVE;01.01.1854 00:00;;;-0.6;-2.7;;;;;;;;;;;;;;;;;;;;;;;;;;
GVE;01.02.1854 00:00;;;-1.8;-4.7;;;;;;;;;;;;;;;;;;;;;;;;;;
GVE;01.03.1854 00:00;;;4.1;-2.6;;;;;;;;;;;;;;;;;;;;;;;;;;
GVE;01.04.1854 00:00;;;9.7;-0.8;;;;;;;;;;;;;;;;;;;;;;;;;;
GVE;01.05.1854 00:00;;;12.9;-1.6;;;;;;;;;;;;;;;;;;;;;;;;;;
GVE;01.06.1854 00:00;;;15.3;-3.1;;;;;;;;;;;;;;;;;;;;;;;;;;
GVE;01.07.1854 00:00;;;17.8;-2.8;;;;;;;;;;;;;;;;;;;;;;;;;;
GVE;01.08.1854 00:00;;;16.2;-3.8;;;;;;;;;;;;;;;;;;;;;;;;;;
GVE;01.09.1854 00:00;;;14.3;-1.4;;;;;;;;;;;;;;;;;;;;;;;;;;
GVE;01.10.1854 00:00;;;9.7;-1.6;;;;;;;;;;;;;;;;;;;;;;;;;;
GVE;01.11.1854 00:00;;;2.8;-3.2;;;;;;;;;;;;;;;;;;;;;;;;;;
GVE;01.12.1854 00:00;;;2;-0.8;;;;;;;;;;;;;;;;;;;;;;;;;;
GVE;01.01.1855 00:00;;;-2.1;-4.2;;;;;;;;;;;;;;;;;;;;;;;;;;
GVE;01.02.1855 00:00;;;1.1;-1.8;;;;;;;;;;;;;;;;;;;;;;;;;;
GVE;01.03.1855 00:00;;;3.9;-2.8;;;;;;;;;;;;;;;;;;;;;;;;;;
GVE;01.04.1855 00:00;;;7.5;-3;;;;;;;;;;;;;;;;;;;;;;;;;;
GVE;01.05.1855 00:00;;;10.8;-3.7;;;;;;;;;;;;;;;;;;;;;;;;;;
GVE;01.06.1855 00:00;;;15.5;-2.9;;;;;;;;;;;;;;;;;;;;;;;;;;
GVE;01.07.1855 00:00;;;17.4;-3.2;;;;;;;;;;;;;;;;;;;;;;;;;;
GVE;01.08.1855 00:00;;;18.6;-1.4;;;;;;;;;;;;;;;;;;;;;;;;;;
GVE;01.09.1855 00:00;;;14.7;-1;;;;;;;;;;;;;;;;;;;;;;;;;;
GVE;01.10.1855 00:00;;;10.5;-0.8;;;;;;;;;;;;;;;;;;;;;;;;;;
GVE;01.11.1855 00:00;;;3.2;-2.8;;;;;;;;;;;;;;;;;;;;;;;;;;
GVE;01.12.1855 00:00;;;-3.4;-6.2;;;;;;;;;;;;;;;;;;;;;;;;;;
GVE;01.01.1856 00:00;;;1.8;-0.3;;;;;;;;;;;;;;;;;;;;;;;;;;
GVE;01.02.1856 00:00;;;2.5;-0.4;;;;;;;;;;;;;;;;;;;;;;;;;;
GVE;01.03.1856 00:00;;;4.1;-2.6;;;;;;;;;;;;;;;;;;;;;;;;;;
GVE;01.04.1856 00:00;;;9.5;-1;;;;;;;;;;;;;;;;;;;;;;;;;;
GVE;01.05.1856 00:00;;;10.5;-4;;;;;;;;;;;;;;;;;;;;;;;;;;
GVE;01.06.1856 00:00;;;16.6;-1.8;;;;;;;;;;;;;;;;;;;;;;;;;;
GVE;01.07.1856 00:00;;;17.6;-3;;;;;;;;;;;;;;;;;;;;;;;;;;
GVE;01.08.1856 00:00;;;19.5;-0.5;;;;;;;;;;;;;;;;;;;;;;;;;;
GVE;01.09.1856 00:00;;;12.7;-3;;;;;;;;;;;;;;;;;;;;;;;;;;
GVE;01.10.1856 00:00;;;9.3;-2;;;;;;;;;;;;;;;;;;;;;;;;;;
GVE;01.11.1856 00:00;;;1.6;-4.4;;;;;;;;;;;;;;;;;;;;;;;;;;
GVE;01.12.1856 00:00;;;0.5;-2.3;;;;;;;;;;;;;;;;;;;;;;;;;;
GVE;01.01.1857 00:00;;;-0.8;-2.9;;;;;;;;;;;;;;;;;;;;;;;;;;
GVE;01.02.1857 00:00;;;-0.8;-3.7;;;;;;;;;;;;;;;;;;;;;;;;;;
GVE;01.03.1857 00:00;;;3.6;-3.1;;;;;;;;;;;;;;;;;;;;;;;;;;
GVE;01.04.1857 00:00;;;7.1;-3.4;;;;;;;;;;;;;;;;;;;;;;;;;;
GVE;01.05.1857 00:00;;;12.6;-1.9;;;;;;;;;;;;;;;;;;;;;;;;;;
GVE;01.06.1857 00:00;;;16;-2.4;;;;;;;;;;;;;;;;;;;;;;;;;;
GVE;01.07.1857 00:00;;;20.4;-0.2;;;;;;;;;;;;;;;;;;;;;;;;;;
GVE;01.08.1857 00:00;;;17.8;-2.2;;;;;;;;;;;;;;;;;;;;;;;;;;
GVE;01.09.1857 00:00;;;15.4;-0.3;;;;;;;;;;;;;;;;;;;;;;;;;;
GVE;01.10.1857 00:00;;;10.1;-1.2;;;;;;;;;;;;;;;;;;;;;;;;;;
GVE;01.11.1857 00:00;;;4.3;-1.7;;;;;;;;;;;;;;;;;;;;;;;;;;
GVE;01.12.1857 00:00;;;0;-2.8;;;;;;;;;;;;;;;;;;;;;;;;;;
GVE;01.01.1858 00:00;;;-3;-5.1;;;;;;;;;;;;;;;;;;;;;;;;;;
GVE;01.02.1858 00:00;;;-0.1;-3;;;;;;;;;;;;;;;;;;;;;;;;;;
GVE;01.03.1858 00:00;;;3.2;-3.5;;;;;;;;;;;;;;;;;;;;;;;;;;
GVE;01.04.1858 00:00;;;10.7;0.2;;;;;;;;;;;;;;;;;;;;;;;;;;
GVE;01.05.1858 00:00;;;10.9;-3.6;;;;;;;;;;;;;;;;;;;;;;;;;;
GVE;01.06.1858 00:00;;;19.1;0.7;;;;;;;;;;;;;;;;;;;;;;;;;;
GVE;01.07.1858 00:00;;;16.6;-4;;;;;;;;;;;;;;;;;;;;;;;;;;
GVE;01.08.1858 00:00;;;15.7;-4.3;;;;;;;;;;;;;;;;;;;;;;;;;;
GVE;01.09.1858 00:00;;;15.5;-0.2;;;;;;;;;;;;;;;;;;;;;;;;;;
GVE;01.10.1858 00:00;;;9.7;-1.6;;;;;;;;;;;;;;;;;;;;;;;;;;
GVE;01.11.1858 00:00;;;2.2;-3.8;;;;;;;;;;;;;;;;;;;;;;;;;;
GVE;01.12.1858 00:00;;;1.4;-1.4;;;;;;;;;;;;;;;;;;;;;;;;;;
GVE;01.01.1859 00:00;;;-0.5;-2.6;;;;;;;;;;;;;;;;;;;;;;;;;;
GVE;01.02.1859 00:00;;;1.3;-1.6;;;;;;;;;;;;;;;;;;;;;;;;;;
GVE;01.03.1859 00:00;;;6.5;-0.2;;;;;;;;;;;;;;;;;;;;;;;;;;
GVE;01.04.1859 00:00;;;8.9;-1.6;;;;;;;;;;;;;;;;;;;;;;;;;;
GVE;01.05.1859 00:00;;;12.4;-2.1;;;;;;;;;;;;;;;;;;;;;;;;;;
GVE;01.06.1859 00:00;;;16;-2.4;;;;;;;;;;;;;;;;;;;;;;;;;;
GVE;01.07.1859 00:00;;;22.2;1.6;;;;;;;;;;;;;;;;;;;;;;;;;;
GVE;01.08.1859 00:00;;;20.2;0.2;;;;;;;;;;;;;;;;;;;;;;;;;;
GVE;01.09.1859 00:00;;;14.3;-1.4;;;;;;;;;;;;;;;;;;;;;;;;;;
GVE;01.10.1859 00:00;;;10.5;-0.8;;;;;;;;;;;;;;;;;;;;;;;;;;
GVE;01.11.1859 00:00;;;3.8;-2.2;;;;;;;;;;;;;;;;;;;;;;;;;;
GVE;01.12.1859 00:00;;;-1.4;-4.2;;;;;;;;;;;;;;;;;;;;;;;;;;
GVE;01.01.1860 00:00;;;2.6;0.5;;;;;;;;;;;;;;;;;;;;;;;;;;
GVE;01.02.1860 00:00;;;-2.1;-5;;;;;;;;;;;;;;;;;;;;;;;;;;
GVE;01.03.1860 00:00;;;2.6;-4.1;;;;;;;;;;;;;;;;;;;;;;;;;;
GVE;01.04.1860 00:00;;;6.5;-4;;;;;;;;;;;;;;;;;;;;;;;;;;
GVE;01.05.1860 00:00;;;13.8;-0.7;;;;;;;;;;;;;;;;;;;;;;;;;;
GVE;01.06.1860 00:00;;;15.6;-2.8;;;;;;;;;;;;;;;;;;;;;;;;;;
GVE;01.07.1860 00:00;;;16.4;-4.2;;;;;;;;;;;;;;;;;;;;;;;;;;
GVE;01.08.1860 00:00;;;15.9;-4.1;;;;;;;;;;;;;;;;;;;;;;;;;;
GVE;01.09.1860 00:00;;;12.5;-3.2;;;;;;;;;;;;;;;;;;;;;;;;;;
GVE;01.10.1860 00:00;;;8.5;-2.8;;;;;;;;;;;;;;;;;;;;;;;;;;
GVE;01.11.1860 00:00;;;2.8;-3.2;;;;;;;;;;;;;;;;;;;;;;;;;;
GVE;01.12.1860 00:00;;;1;-1.8;;;;;;;;;;;;;;;;;;;;;;;;;;
GVE;01.01.1861 00:00;;;-3.1;-5.2;;;;;;;;;;;;;;;;;;;;;;;;;;
GVE;01.02.1861 00:00;;;2.3;-0.6;;;;;;;;;;;;;;;;;;;;;;;;;;
GVE;01.03.1861 00:00;;;4.9;-1.8;;;;;;;;;;;;;;;;;;;;;;;;;;
GVE;01.04.1861 00:00;;;8.4;-2.1;;;;;;;;;;;;;;;;;;;;;;;;;;
GVE;01.05.1861 00:00;;;13.1;-1.4;;;;;;;;;;;;;;;;;;;;;;;;;;
GVE;01.06.1861 00:00;;;16.2;-2.2;;;;;;;;;;;;;;;;;;;;;;;;;;
GVE;01.07.1861 00:00;;;17.1;-3.5;;;;;;;;;;;;;;;;;;;;;;;;;;
GVE;01.08.1861 00:00;;;19.7;-0.3;;;;;;;;;;;;;;;;;;;;;;;;;;
GVE;01.09.1861 00:00;;;14.5;-1.2;;;;;;;;;;;;;;;;;;;;;;;;;;
GVE;01.10.1861 00:00;;;11.1;-0.2;;;;;;;;;;;;;;;;;;;;;;;;;;
GVE;01.11.1861 00:00;;;5;-1;;;;;;;;;;;;;;;;;;;;;;;;;;
GVE;01.12.1861 00:00;;;-0.1;-2.9;;;;;;;;;;;;;;;;;;;;;;;;;;
GVE;01.01.1862 00:00;;;0.4;-1.7;;;;;;;;;;;;;;;;;;;;;;;;;;
GVE;01.02.1862 00:00;;;0.7;-2.2;;;;;;;;;;;;;;;;;;;;;;;;;;
GVE;01.03.1862 00:00;;;6.3;-0.4;;;;;;;;;;;;;;;;;;;;;;;;;;
GVE;01.04.1862 00:00;;;11.1;0.6;;;;;;;;;;;;;;;;;;;;;;;;;;
GVE;01.05.1862 00:00;;;15.2;0.7;;;;;;;;;;;;;;;;;;;;;;;;;;
GVE;01.06.1862 00:00;;;16.1;-2.3;;;;;;;;;;;;;;;;;;;;;;;;;;
GVE;01.07.1862 00:00;;;19.8;-0.8;;;;;;;;;;;;;;;;;;;;;;;;;;
GVE;01.08.1862 00:00;;;17.2;-2.8;;;;;;;;;;;;;;;;;;;;;;;;;;
GVE;01.09.1862 00:00;;;14.9;-0.8;;;;;;;;;;;;;;;;;;;;;;;;;;
GVE;01.10.1862 00:00;;;11.3;0;;;;;;;;;;;;;;;;;;;;;;;;;;
GVE;01.11.1862 00:00;;;5.1;-0.9;;;;;;;;;;;;;;;;;;;;;;;;;;
GVE;01.12.1862 00:00;;;1.7;-1.1;;;;;;;;;;;;;;;;;;;;;;;;;;
GVE;01.01.1863 00:00;;;1.9;-0.2;;;;;;;;;;;;;;;;;;;;;;;;;;
GVE;01.02.1863 00:00;;;1.2;-1.7;;;;;;;;;;;;;;;;;;;;;;;;;;
GVE;01.03.1863 00:00;;;4.2;-2.5;;;;;;;;;;;;;;;;;;;;;;;;;;
GVE;01.04.1863 00:00;;;10;-0.5;;;;;;;;;;;;;;;;;;;;;;;;;;
GVE;01.05.1863 00:00;;;14.2;-0.3;;;;;;;;;;;;;;;;;;;;;;;;;;
GVE;01.06.1863 00:00;;;17.2;-1.2;;;;;;;;;;;;;;;;;;;;;;;;;;
GVE;01.07.1863 00:00;;;19.2;-1.4;;;;;;;;;;;;;;;;;;;;;;;;;;
GVE;01.08.1863 00:00;;;19.2;-0.8;;;;;;;;;;;;;;;;;;;;;;;;;;
GVE;01.09.1863 00:00;;;13;-2.7;;;;;;;;;;;;;;;;;;;;;;;;;;
GVE;01.10.1863 00:00;;;9.9;-1.4;;;;;;;;;;;;;;;;;;;;;;;;;;
GVE;01.11.1863 00:00;;;4.9;-1.1;;;;;;;;;;;;;;;;;;;;;;;;;;
GVE;01.12.1863 00:00;;;1.2;-1.6;;;;;;;;;;;;;;;;;;;;;;;;;;
GVE;01.01.1864 00:00;-7.1;-0.4;-4.2;-6.3;-6;-5.5;;;;;;;;;;;;;;;;;13.6;19;;;;;;
GVE;01.02.1864 00:00;-4.8;4.9;-0.7;-3.6;-3.7;-2.1;;;;;;;;;;;;;;;;;17.2;31;;;;;;
GVE;01.03.1864 00:00;0.3;11.3;5.3;-1.4;-1.4;-0.5;;;;;;;;;;;;;;;;;32.7;53;;;;;;
GVE;01.04.1864 00:00;1.8;14.8;8.3;-2.2;-3.2;-1.1;;;;;;;;;;;;;;;;;35.2;52;;;;;;
GVE;01.05.1864 00:00;6.3;20.3;13.5;-1;-2.8;0.2;;;;;;;;;;;;;;;;;68.9;88;;;;;;
GVE;01.06.1864 00:00;9.1;21.3;15.6;-2.8;-3.6;-2.9;;;;;;;;;;;;;;;;;115.2;138;;;;;;
GVE;01.07.1864 00:00;11.6;26.1;19.3;-1.3;-3;-0.6;;;;;;;;;;;;;;;;;37.7;48;;;;;;
GVE;01.08.1864 00:00;9.9;24.9;17.4;-2.6;-4.3;-1.3;;;;;;;;;;;;;;;;;87.8;108;;;;;;
GVE;01.09.1864 00:00;7.6;20.1;13.5;-2.2;-3.1;-1;;;;;;;;;;;;;;;;;84.8;93;;;;;;
GVE;01.10.1864 00:00;3.7;13.2;8.1;-3.2;-3.5;-2.3;;;;;;;;;;;;;;;;;69.9;72;;;;;;
GVE;01.11.1864 00:00;1.2;6.9;3.7;-2.3;-1.4;-2.4;;;;;;;;;;;;;;;;;104;117;;;;;;
GVE;01.12.1864 00:00;-3.2;0.2;-1.5;-4.3;-3;-5.4;;;;;;;;;;;;;;;;;4.5;5;;;;;;
GVE;01.01.1865 00:00;-1.6;5.9;2;-0.1;-0.5;0.8;;;;;;;;;;;;;;;;;49.4;68;;;;;;
GVE;01.02.1865 00:00;-4.3;3.6;-0.5;-3.4;-3.2;-3.4;;;;;;;;;;;;;;;;;56.6;101;;;;;;
GVE;01.03.1865 00:00;-3.5;4.9;0.5;-6.2;-5.2;-6.9;;;;;;;;;;;;;;;;;30.6;49;;;;;;
GVE;01.04.1865 00:00;4.5;19.8;12.4;1.9;-0.5;3.9;;;;;;;;;;;;;;;;;18.3;27;;;;;;
GVE;01.05.1865 00:00;8.8;22.6;15.7;1.2;-0.3;2.5;;;;;;;;;;;;;;;;;81.7;104;;;;;;
GVE;01.06.1865 00:00;9.7;24.6;17.8;-0.6;-3;0.4;;;;;;;;;;;;;;;;;75.9;91;;;;;;
GVE;01.07.1865 00:00;12.3;26.6;19.7;-0.9;-2.3;-0.1;;;;;;;;;;;;;;;;;52;66;;;;;;
GVE;01.08.1865 00:00;12;23.3;17.2;-2.8;-2.2;-2.9;;;;;;;;;;;;;;;;;138.4;170;;;;;;
GVE;01.09.1865 00:00;8.7;23.6;16.1;0.4;-2;2.5;;;;;;;;;;;;;;;;;3.2;4;;;;;;
GVE;01.10.1865 00:00;5.4;15.6;10.3;-1;-1.8;0.1;;;;;;;;;;;;;;;;;156.9;163;;;;;;
GVE;01.11.1865 00:00;2;9.1;5.7;-0.3;-0.6;-0.2;;;;;;;;;;;;;;;;;70.3;79;;;;;;
GVE;01.12.1865 00:00;-2.3;1.7;-0.2;-3;-2.1;-3.9;;;;;;;;;;;;;;;;;35.1;39;;;;;;
GVE;01.01.1866 00:00;-1.3;7.5;2.9;0.8;-0.2;2.4;;;;;;;;;;;;;;;;;50;69;;;;;;
GVE;01.02.1866 00:00;1.1;9.8;5.1;2.2;2.2;2.8;;;;;;;;;;;;;;;;;93.8;168;;;;;;
GVE;01.03.1866 00:00;-0.2;9.4;4.3;-2.4;-1.9;-2.4;;;;;;;;;;;;;;;;;169;272;;;;;;
GVE;01.04.1866 00:00;3.7;15.7;9.6;-0.9;-1.3;-0.2;;;;;;;;;;;;;;;;;75.7;113;;;;;;
GVE;01.05.1866 00:00;5;17.1;11.2;-3.3;-4.1;-3;;;;;;;;;;;;;;;;;144.1;184;;;;;;
GVE;01.06.1866 00:00;10.8;24.6;18;-0.4;-1.9;0.4;;;;;;;;;;;;;;;;;46.5;56;;;;;;
GVE;01.07.1866 00:00;11.4;24.8;18.3;-2.3;-3.2;-1.9;;;;;;;;;;;;;;;;;101.3;128;;;;;;
GVE;01.08.1866 00:00;10.2;22.1;16.1;-3.9;-4;-4.1;;;;;;;;;;;;;;;;;92.6;114;;;;;;
GVE;01.09.1866 00:00;9.5;21.5;15.2;-0.5;-1.2;0.4;;;;;;;;;;;;;;;;;120.7;133;;;;;;
GVE;01.10.1866 00:00;6.1;15.5;10.5;-0.8;-1.1;0;;;;;;;;;;;;;;;;;40.7;42;;;;;;
GVE;01.11.1866 00:00;-0.3;9;4.2;-1.8;-2.9;-0.3;;;;;;;;;;;;;;;;;72.6;82;;;;;;
GVE;01.12.1866 00:00;-1.1;6.4;2.4;-0.4;-0.9;0.8;;;;;;;;;;;;;;;;;71.9;80;;;;;;
GVE;01.01.1867 00:00;-3.3;4;0.4;-1.7;-2.2;-1.1;;;;;;;;;;;;;;;;;113.1;155;;;;;;
GVE;01.02.1867 00:00;0.2;11.2;5;2.1;1.3;4.2;;;;;;;;;;;;;;;;;43.2;77;;;;;;
GVE;01.03.1867 00:00;0.9;9.6;4.8;-1.9;-0.8;-2.2;;;;;;;;;;;;;;;;;168.6;271;;;;;;
GVE;01.04.1867 00:00;3.6;15.1;9.3;-1.2;-1.4;-0.8;;;;;;;;;;;;;;;;;147.3;220;;;;;;
GVE;01.05.1867 00:00;6.3;20;13;-1.5;-2.8;-0.1;;;;;;;;;;;;;;;;;126.8;162;;;;;;
GVE;01.06.1867 00:00;10.1;22.9;16.7;-1.7;-2.6;-1.3;;;;;;;;;;;;;;;;;68.1;82;;;;;;
GVE;01.07.1867 00:00;10.2;24.8;17.6;-3;-4.4;-1.9;;;;;;;;;;;;;;;;;29.5;37;;;;;;
GVE;01.08.1867 00:00;12;25.7;18.7;-1.3;-2.2;-0.5;;;;;;;;;;;;;;;;;64.5;79;;;;;;
GVE;01.09.1867 00:00;9.9;22.1;15.5;-0.2;-0.8;1;;;;;;;;;;;;;;;;;98;108;;;;;;
GVE;01.10.1867 00:00;3.6;12.9;7.8;-3.5;-3.6;-2.6;;;;;;;;;;;;;;;;;98;102;;;;;;
GVE;01.11.1867 00:00;-1.3;6.8;2.6;-3.4;-3.9;-2.5;;;;;;;;;;;;;;;;;6.3;7;;;;;;
GVE;01.12.1867 00:00;-4.1;2.1;-0.8;-3.6;-3.9;-3.5;;;;;;;;;;;;;;;;;20.1;22;;;;;;
GVE;01.01.1868 00:00;-4.6;2.2;-1.2;-3.3;-3.5;-2.9;;;;;;;;;;;;;;;;;41.4;57;;;;;;
GVE;01.02.1868 00:00;-2.9;9.3;2.6;-0.3;-1.8;2.3;;;;;;;;;;;;;;;;;3.8;7;;;;;;
GVE;01.03.1868 00:00;-1.4;9.2;3.7;-3;-3.1;-2.6;;;;;;;;;;;;;;;;;69.1;111;;;;;;
GVE;01.04.1868 00:00;2.2;14.4;8.2;-2.3;-2.8;-1.5;;;;;;;;;;;;;;;;;60.1;90;;;;;;
GVE;01.05.1868 00:00;10;24.4;17.5;3;0.9;4.3;;;;;;;;;;;;;;;;;79.6;101;;;;;;
GVE;01.06.1868 00:00;11;24.4;18;-0.4;-1.7;0.2;;;;;;;;;;;;;;;;;29.9;36;;;;;;
GVE;01.07.1868 00:00;12.3;26.1;19.1;-1.5;-2.3;-0.6;;;;;;;;;;;;;;;;;63.2;80;;;;;;
GVE;01.08.1868 00:00;12.1;24.8;18.3;-1.7;-2.1;-1.4;;;;;;;;;;;;;;;;;66.4;82;;;;;;
GVE;01.09.1868 00:00;9.9;23;16.1;0.4;-0.8;1.9;;;;;;;;;;;;;;;;;143.2;158;;;;;;
GVE;01.10.1868 00:00;5.7;14.4;9.8;-1.5;-1.5;-1.1;;;;;;;;;;;;;;;;;97;101;;;;;;
GVE;01.11.1868 00:00;-0.9;5.7;2.4;-3.6;-3.5;-3.6;;;;;;;;;;;;;;;;;60;68;;;;;;
GVE;01.12.1868 00:00;3;9.8;6.5;3.7;3.2;4.2;;;;;;;;;;;;;;;;;166.9;186;;;;;;
GVE;01.01.1869 00:00;-3.1;3.9;0.3;-1.8;-2;-1.2;;;;;;;;;;;;;;;;;39.5;54;;;;;;
GVE;01.02.1869 00:00;0.2;9.8;4.6;1.7;1.3;2.8;;;;;;;;;;;;;;;;;67;120;;;;;;
GVE;01.03.1869 00:00;-2.2;6;1.8;-4.9;-3.9;-5.8;;;;;;;;;;;;;;;;;47.8;77;;;;;;
GVE;01.04.1869 00:00;3.1;16.6;10;-0.5;-1.9;0.7;;;;;;;;;;;;;;;;;36.3;54;;;;;;
GVE;01.05.1869 00:00;8.5;20.7;14.4;-0.1;-0.6;0.6;;;;;;;;;;;;;;;;;103;131;;;;;;
GVE;01.06.1869 00:00;7.7;21.1;14.8;-3.6;-5;-3.1;;;;;;;;;;;;;;;;;77.5;93;;;;;;
GVE;01.07.1869 00:00;13.1;27.5;20.6;0;-1.5;0.8;;;;;;;;;;;;;;;;;37.6;47;;;;;;
GVE;01.08.1869 00:00;10.2;24.1;17.4;-2.6;-4;-2.1;;;;;;;;;;;;;;;;;34.2;42;;;;;;
GVE;01.09.1869 00:00;8.7;21.6;15.1;-0.6;-2;0.5;;;;;;;;;;;;;;;;;70.7;78;;;;;;
GVE;01.10.1869 00:00;3.1;13.2;7.7;-3.6;-4.1;-2.3;;;;;;;;;;;;;;;;;38;39;;;;;;
GVE;01.11.1869 00:00;-0.1;9.2;4.4;-1.6;-2.7;-0.1;;;;;;;;;;;;;;;;;66.3;75;;;;;;
GVE;01.12.1869 00:00;-2.9;3.1;0;-2.8;-2.7;-2.5;;;;;;;;;;;;;;;;;58.4;65;;;;;;
GVE;01.01.1870 00:00;-3.6;2.9;-0.4;-2.5;-2.5;-2.2;;;;;;;;;;;;;;;;;17;23;;;;;;
GVE;01.02.1870 00:00;-5.3;4;-0.9;-3.8;-4.2;-3;;;;;;;;;;;;;;;;;33.4;60;;;;;;
GVE;01.03.1870 00:00;-0.9;7.6;3.2;-3.5;-2.6;-4.2;;;;;;;;;;;;;;;;;34.9;56;;;;;;
GVE;01.04.1870 00:00;2.3;15.9;9.1;-1.4;-2.7;0;;;;;;;;;;;;;;;;;10.9;16;;;;;;
GVE;01.05.1870 00:00;7.7;22.1;15;0.5;-1.4;2;;;;;;;;;;;;;;;;;22.7;29;;;;;;
GVE;01.06.1870 00:00;10.6;25.8;18.7;0.3;-2.1;1.6;;;;;;;;;;;;;;;;;15.4;19;;;;;;
GVE;01.07.1870 00:00;14.1;28.8;21.4;0.8;-0.5;2.1;;;;;;;;;;;;;;;;;66.5;84;;;;;;
GVE;01.08.1870 00:00;10.8;22.4;16.4;-3.6;-3.4;-3.8;;;;;;;;;;;;;;;;;113.4;140;;;;;;
GVE;01.09.1870 00:00;7.6;19.4;13.3;-2.4;-3.1;-1.7;;;;;;;;;;;;;;;;;64;71;;;;;;
GVE;01.10.1870 00:00;4.1;14.5;9.6;-1.7;-3.1;-1;;;;;;;;;;;;;;;;;212;220;;;;;;
GVE;01.11.1870 00:00;1.3;6.7;4;-2;-1.3;-2.6;;;;;;;;;;;;;;;;;137.5;155;;;;;;
GVE;01.12.1870 00:00;-5.4;0.1;-2.5;-5.3;-5.2;-5.5;;;;;;;;;;;;;;;;;54.7;61;;;;;;
GVE;01.01.1871 00:00;-6.7;-0.3;-3.4;-5.5;-5.6;-5.4;;;;;;;;;;;;;;;;;60.4;83;;;;;;
GVE;01.02.1871 00:00;-3.5;6.7;1.2;-1.7;-2.4;-0.3;;;;;;;;;;;;;;;;;16.4;29;;;;;;
GVE;01.03.1871 00:00;-0.4;9.9;4.6;-2.1;-2.1;-1.9;;;;;;;;;;;;;;;;;34.7;56;;;;;;
GVE;01.04.1871 00:00;3.6;15.8;9.7;-0.8;-1.4;-0.1;;;;;;;;;;;;;;;;;85.8;128;;;;;;
GVE;01.05.1871 00:00;5.8;19.4;13;-1.5;-3.3;-0.7;;;;;;;;;;;;;;;;;11.2;14;;;;;;
GVE;01.06.1871 00:00;7.8;19.8;13.8;-4.6;-4.9;-4.4;;;;;;;;;;;;;;;;;89.5;108;;;;;;
GVE;01.07.1871 00:00;12.5;25.8;19.4;-1.2;-2.1;-0.9;;;;;;;;;;;;;;;;;113.4;143;;;;;;
GVE;01.08.1871 00:00;11.6;25.1;18.4;-1.6;-2.6;-1.1;;;;;;;;;;;;;;;;;46.2;57;;;;;;
GVE;01.09.1871 00:00;11.2;23.2;16.9;1.2;0.5;2.1;;;;;;;;;;;;;;;;;97.5;107;;;;;;
GVE;01.10.1871 00:00;5.2;12.5;8.6;-2.7;-2;-3;;;;;;;;;;;;;;;;;86.7;90;;;;;;
GVE;01.11.1871 00:00;-1.1;4;1.4;-4.6;-3.7;-5.3;;;;;;;;;;;;;;;;;44.3;50;;;;;;
GVE;01.12.1871 00:00;-8.3;-2.4;-5;-7.8;-8.1;-8;;;;;;;;;;;;;;;;;6.8;8;;;;;;
GVE;01.01.1872 00:00;-2.8;3.8;0.7;-1.4;-1.7;-1.3;;;;;;;;;;;;;;;;;99.8;137;;;;;;
GVE;01.02.1872 00:00;-2.2;5.6;1.5;-1.4;-1.1;-1.4;;;;;;;;;;;;;;;;;92.6;166;;;;;;
GVE;01.03.1872 00:00;-0.1;11.9;5.6;-1.1;-1.8;0.1;;;;;;;;;;;;;;;;;32;52;;;;;;
GVE;01.04.1872 00:00;3.6;14.9;9.2;-1.3;-1.4;-1;;;;;;;;;;;;;;;;;95;142;;;;;;
GVE;01.05.1872 00:00;6.6;17.6;12.1;-2.4;-2.5;-2.5;;;;;;;;;;;;;;;;;143;182;;;;;;
GVE;01.06.1872 00:00;10.2;22.4;16.4;-2;-2.5;-1.8;;;;;;;;;;;;;;;;;86.7;104;;;;;;
GVE;01.07.1872 00:00;13.1;25.9;19.4;-1.2;-1.5;-0.8;;;;;;;;;;;;;;;;;127.3;161;;;;;;
GVE;01.08.1872 00:00;11.7;22.5;17.4;-2.6;-2.5;-3.7;;;;;;;;;;;;;;;;;128.3;158;;;;;;
GVE;01.09.1872 00:00;9.1;22;16;0.3;-1.6;0.9;;;;;;;;;;;;;;;;;24.1;27;;;;;;
GVE;01.10.1872 00:00;5.4;14.5;9.5;-1.8;-1.8;-1;;;;;;;;;;;;;;;;;250.7;260;;;;;;
GVE;01.11.1872 00:00;3.2;10.7;7.2;1.2;0.6;1.4;;;;;;;;;;;;;;;;;81.1;92;;;;;;
GVE;01.12.1872 00:00;-0.1;5.9;3.3;0.5;0.1;0.3;;;;;;;;;;;;;;;;;63;70;;;;;;
GVE;01.01.1873 00:00;-2.1;5.3;1.8;-0.3;-1;0.2;;;;;;;;;;;;;;;;;59;81;;;;;;
GVE;01.02.1873 00:00;-2.8;4.7;1.1;-1.8;-1.7;-2.3;;;;;;;;;;;;;;;;;28.3;51;;;;;;
GVE;01.03.1873 00:00;2;11.6;6.8;0.1;0.3;-0.2;;;;;;;;;;;;;;;;;93.2;150;;;;;;
GVE;01.04.1873 00:00;2.7;12.5;7.7;-2.8;-2.3;-3.4;;;;;;;;;;;;;;;;;40.4;60;;;;;;
GVE;01.05.1873 00:00;5.3;17.7;11.8;-2.7;-3.8;-2.4;;;;;;;;;;;;;;;;;63.6;81;;;;;;
GVE;01.06.1873 00:00;9.9;22.7;17;-1.4;-2.8;-1.5;;;;;;;;;;;;;;;;;78.4;94;;;;;;
GVE;01.07.1873 00:00;13.6;27.4;20.9;0.3;-1;0.7;;;;;;;;;;;;;;;;;87.9;111;;;;;;
GVE;01.08.1873 00:00;12.9;26.6;19.8;-0.2;-1.3;0.4;;;;;;;;;;;;;;;;;76.8;95;;;;;;
GVE;01.09.1873 00:00;8.7;20;14.2;-1.5;-2;-1.1;;;;;;;;;;;;;;;;;69.2;76;;;;;;
GVE;01.10.1873 00:00;5.7;14.8;10.3;-1;-1.5;-0.7;;;;;;;;;;;;;;;;;87.4;91;;;;;;
GVE;01.11.1873 00:00;1.5;8.3;5.1;-0.9;-1.1;-1;;;;;;;;;;;;;;;;;73.3;83;;;;;;
GVE;01.12.1873 00:00;-3.1;2.2;0;-2.8;-2.9;-3.4;;;;;;;;;;;;;;;;;10.7;12;;;;;;
GVE;01.01.1874 00:00;-3.8;2.9;-0.3;-2.4;-2.7;-2.2;;;;;;;;;;;;;;;;;13.4;18;;;;;;
GVE;01.02.1874 00:00;-3.9;5.7;1;-1.9;-2.8;-1.3;;;;;;;;;;;;;;;;;16;29;;;;;;
GVE;01.03.1874 00:00;-1.4;10.5;4.7;-2;-3.1;-1.3;;;;;;;;;;;;;;;;;17.5;28;;;;;;
GVE;01.04.1874 00:00;3.9;16.4;10.4;-0.1;-1.1;0.5;;;;;;;;;;;;;;;;;64.8;97;;;;;;
GVE;01.05.1874 00:00;3.7;15.9;10.2;-4.3;-5.4;-4.2;;;;;;;;;;;;;;;;;80.9;103;;;;;;
GVE;01.06.1874 00:00;10.7;24.1;17.4;-1;-2;-0.1;;;;;;;;;;;;;;;;;100.9;121;;;;;;
GVE;01.07.1874 00:00;14;27;20.8;0.2;-0.6;0.3;;;;;;;;;;;;;;;;;68.9;87;;;;;;
GVE;01.08.1874 00:00;10.4;22.9;16.6;-3.4;-3.8;-3.3;;;;;;;;;;;;;;;;;78.4;97;;;;;;
GVE;01.09.1874 00:00;9.4;22.4;15.6;-0.1;-1.3;1.3;;;;;;;;;;;;;;;;;22.5;25;;;;;;
GVE;01.10.1874 00:00;3.9;15.2;9.2;-2.1;-3.3;-0.3;;;;;;;;;;;;;;;;;50.9;53;;;;;;
GVE;01.11.1874 00:00;-0.9;6.4;3.2;-2.8;-3.5;-2.9;;;;;;;;;;;;;;;;;68.8;78;;;;;;
GVE;01.12.1874 00:00;-4.1;2.3;-0.7;-3.5;-3.9;-3.3;;;;;;;;;;;;;;;;;110;122;;;;;;
GVE;01.01.1875 00:00;-1.7;5.4;2.2;0.1;-0.6;0.3;;;;;;;;;;;;;;;;;81.5;112;;;;;;
GVE;01.02.1875 00:00;-4.6;2.3;-1;-3.9;-3.5;-4.7;;;;;;;;;;;;;;;;;17.1;31;;;;;;
GVE;01.03.1875 00:00;-1.1;8.9;3.9;-2.8;-2.8;-2.9;;;;;;;;;;;;;;;;;17.8;29;;;;;;
GVE;01.04.1875 00:00;1.7;15.3;8.7;-1.8;-3.3;-0.6;;;;;;;;;;;;;;;;;27.8;41;;;;;;
GVE;01.05.1875 00:00;8.5;21.9;15.5;1;-0.6;1.8;;;;;;;;;;;;;;;;;53.2;68;;;;;;
GVE;01.06.1875 00:00;11.4;23.3;17.7;-0.7;-1.3;-0.9;;;;;;;;;;;;;;;;;112.9;136;;;;;;
GVE;01.07.1875 00:00;11.1;23.3;17;-3.6;-3.5;-3.4;;;;;;;;;;;;;;;;;193.4;244;;;;;;
GVE;01.08.1875 00:00;12.9;25.2;18.8;-1.2;-1.3;-1;;;;;;;;;;;;;;;;;112.3;138;;;;;;
GVE;01.09.1875 00:00;10.8;22.8;16.2;0.5;0.1;1.7;;;;;;;;;;;;;;;;;24;26;;;;;;
GVE;01.10.1875 00:00;4.5;13.5;8.8;-2.5;-2.7;-2;;;;;;;;;;;;;;;;;187.4;194;;;;;;
GVE;01.11.1875 00:00;1.1;8.4;4.9;-1.1;-1.5;-0.9;;;;;;;;;;;;;;;;;108;122;;;;;;
GVE;01.12.1875 00:00;-3.9;1.2;-0.9;-3.7;-3.7;-4.4;;;;;;;;;;;;;;;;;12.1;13;;;;;;
GVE;01.01.1876 00:00;-4.5;0.2;-1.6;-3.7;-3.4;-4.9;;;;;;;;;;;;;;;;;5;7;;;;;;
GVE;01.02.1876 00:00;-1.4;7.3;3;0.1;-0.3;0.3;;;;;;;;;;;;;;;;;77.8;139;;;;;;
GVE;01.03.1876 00:00;0.2;9.9;5.1;-1.6;-1.5;-1.9;;;;;;;;;;;;;;;;;134.9;217;;;;;;
GVE;01.04.1876 00:00;3.2;13.6;8.4;-2.1;-1.8;-2.3;;;;;;;;;;;;;;;;;151.5;226;;;;;;
GVE;01.05.1876 00:00;5.2;15.7;10.6;-3.9;-3.9;-4.4;;;;;;;;;;;;;;;;;43.5;55;;;;;;
GVE;01.06.1876 00:00;10.2;22.7;16.4;-2;-2.5;-1.5;;;;;;;;;;;;;;;;;89.8;108;;;;;;
GVE;01.07.1876 00:00;12.7;26.5;19.8;-0.8;-1.9;-0.2;;;;;;;;;;;;;;;;;20.5;26;;;;;;
GVE;01.08.1876 00:00;12.6;25.5;18.9;-1.1;-1.6;-0.7;;;;;;;;;;;;;;;;;153.1;189;;;;;;
GVE;01.09.1876 00:00;7.7;19.3;13.3;-2.4;-3;-1.8;;;;;;;;;;;;;;;;;114.9;127;;;;;;
GVE;01.10.1876 00:00;7.3;16.6;11.6;0.3;0.1;1.1;;;;;;;;;;;;;;;;;16.5;17;;;;;;
GVE;01.11.1876 00:00;-0.6;7.1;3.3;-2.7;-3.2;-2.2;;;;;;;;;;;;;;;;;96.2;109;;;;;;
GVE;01.12.1876 00:00;1;7.7;4.9;2.1;1.2;2.1;;;;;;;;;;;;;;;;;91.9;102;;;;;;
GVE;01.01.1877 00:00;-0.5;7.5;3.5;1.4;0.6;2.4;;;;;;;;;;;;;;;;;43.8;60;;;;;;
GVE;01.02.1877 00:00;-0.5;8.2;3.9;1;0.6;1.2;;;;;;;;;;;;;;;;;62.3;111;;;;;;
GVE;01.03.1877 00:00;-0.4;8.1;4;-2.7;-2.1;-3.7;;;;;;;;;;;;;;;;;80.8;130;;;;;;
GVE;01.04.1877 00:00;2.7;14.1;8.4;-2.1;-2.3;-1.8;;;;;;;;;;;;;;;;;64.6;96;;;;;;
GVE;01.05.1877 00:00;5.5;16.7;11.1;-3.4;-3.6;-3.4;;;;;;;;;;;;;;;;;238.8;304;;;;;;
GVE;01.06.1877 00:00;12.3;25.8;19;0.6;-0.4;1.6;;;;;;;;;;;;;;;;;50.4;61;;;;;;
GVE;01.07.1877 00:00;12.3;24.8;18.2;-2.4;-2.3;-1.9;;;;;;;;;;;;;;;;;97;122;;;;;;
GVE;01.08.1877 00:00;13;26;19.1;-0.9;-1.2;-0.2;;;;;;;;;;;;;;;;;103.3;127;;;;;;
GVE;01.09.1877 00:00;7;19.4;12.9;-2.8;-3.7;-1.7;;;;;;;;;;;;;;;;;23.6;26;;;;;;
GVE;01.10.1877 00:00;1.8;13.6;7.3;-4;-5.4;-1.9;;;;;;;;;;;;;;;;;64.8;67;;;;;;
GVE;01.11.1877 00:00;2.2;10.2;6.3;0.3;-0.4;0.9;;;;;;;;;;;;;;;;;142.7;161;;;;;;
GVE;01.12.1877 00:00;-0.6;4.6;2.3;-0.5;-0.4;-1;;;;;;;;;;;;;;;;;47.8;53;;;;;;
GVE;01.01.1878 00:00;-5;2.6;-1;-3.1;-3.9;-2.5;;;;;;;;;;;;;;;;;42.4;58;;;;;;
GVE;01.02.1878 00:00;-3.1;6.1;1.4;-1.5;-2;-0.9;;;;;;;;;;;;;;;;;17.7;32;;;;;;
GVE;01.03.1878 00:00;-0.9;9;4;-2.7;-2.6;-2.8;;;;;;;;;;;;;;;;;21.9;35;;;;;;
GVE;01.04.1878 00:00;3.8;13.6;8.7;-1.8;-1.2;-2.3;;;;;;;;;;;;;;;;;130.2;194;;;;;;
GVE;01.05.1878 00:00;7.6;20.4;14.1;-0.4;-1.5;0.3;;;;;;;;;;;;;;;;;158.5;202;;;;;;
GVE;01.06.1878 00:00;10.2;21.9;16.1;-2.3;-2.5;-2.3;;;;;;;;;;;;;;;;;121.9;147;;;;;;
GVE;01.07.1878 00:00;11.6;24.8;18.2;-2.4;-3;-1.9;;;;;;;;;;;;;;;;;50.1;63;;;;;;
GVE;01.08.1878 00:00;12.3;23.9;17.8;-2.2;-1.9;-2.3;;;;;;;;;;;;;;;;;244.5;301;;;;;;
GVE;01.09.1878 00:00;8.7;20.5;14.3;-1.4;-2;-0.6;;;;;;;;;;;;;;;;;23;25;;;;;;
GVE;01.10.1878 00:00;5.4;15.2;10;-1.3;-1.8;-0.3;;;;;;;;;;;;;;;;;159.8;166;;;;;;
GVE;01.11.1878 00:00;-0.6;6.7;3.1;-2.9;-3.2;-2.6;;;;;;;;;;;;;;;;;64;72;;;;;;
GVE;01.12.1878 00:00;-6.6;1.9;-1.6;-4.4;-6.4;-3.7;;;;;;;;;;;;;;;;;130.7;145;;;;;;
GVE;01.01.1879 00:00;-4;2.8;-0.4;-2.5;-2.9;-2.3;;;;;;;;;;;;;;;;;49.5;68;;;;;;
GVE;01.02.1879 00:00;-0.5;6.5;2.9;0;0.6;-0.5;;;;;;;;;;;;;;;;;86;154;;;;;;
GVE;01.03.1879 00:00;-0.1;11.3;5.6;-1.1;-1.8;-0.5;;;;;;;;;;;;;;;;;15.8;25;;;;;;
GVE;01.04.1879 00:00;1.6;11.8;6.6;-3.9;-3.4;-4.1;;;;;;;;;;;;;;;;;80.4;120;;;;;;
GVE;01.05.1879 00:00;3.9;14.6;9.4;-5.1;-5.2;-5.5;;;;;;;;;;;;;;;;;94.4;120;;;;;;
GVE;01.06.1879 00:00;10.2;23.8;17.1;-1.3;-2.5;-0.4;;;;;;;;;;;;;;;;;66.6;80;;;;;;
GVE;01.07.1879 00:00;9.6;22.4;16.1;-4.5;-5;-4.3;;;;;;;;;;;;;;;;;192.8;243;;;;;;
GVE;01.08.1879 00:00;13.1;25.8;19.2;-0.8;-1.1;-0.4;;;;;;;;;;;;;;;;;70.3;87;;;;;;
GVE;01.09.1879 00:00;9.3;20.7;14.4;-1.3;-1.4;-0.4;;;;;;;;;;;;;;;;;68.7;76;;;;;;
GVE;01.10.1879 00:00;4;12.6;8.1;-3.2;-3.2;-2.9;;;;;;;;;;;;;;;;;47;49;;;;;;
GVE;01.11.1879 00:00;-1.6;4.6;1.8;-4.2;-4.2;-4.7;;;;;;;;;;;;;;;;;56.2;63;;;;;;
GVE;01.12.1879 00:00;-9.8;-3.6;-6.1;-8.9;-9.6;-9.2;;;;;;;;;;;;;;;;;38.2;42;;;;;;
GVE;01.01.1880 00:00;-6.8;-1.8;-4;-6.1;-5.7;-6.9;;;;;;;;;;;;;;;;;11.5;16;;;;;;
GVE;01.02.1880 00:00;-2.5;5.8;1.5;-1.4;-1.4;-1.2;;;;;;;;;;;;;;;;;43.8;78;;;;;;
GVE;01.03.1880 00:00;0.3;13.4;6.9;0.2;-1.4;1.6;;;;;;;;;;;;;;;;;5.5;9;;;;;;
GVE;01.04.1880 00:00;4.5;14.6;9.5;-1;-0.5;-1.3;;;;;;;;;;;;;;;;;84.7;126;;;;;;
GVE;01.05.1880 00:00;5.9;18;12;-2.5;-3.2;-2.1;;;;;;;;;;;;;;;;;44.3;56;;;;;;
GVE;01.06.1880 00:00;8.8;20.5;14.6;-3.8;-3.9;-3.7;;;;;;;;;;;;;;;;;156;188;;;;;;
GVE;01.07.1880 00:00;13.1;26.5;19.8;-0.8;-1.5;-0.2;;;;;;;;;;;;;;;;;42.9;54;;;;;;
GVE;01.08.1880 00:00;11.5;23.3;17.1;-2.9;-2.7;-2.9;;;;;;;;;;;;;;;;;92.5;114;;;;;;
GVE;01.09.1880 00:00;9.5;21.2;15;-0.7;-1.2;0.1;;;;;;;;;;;;;;;;;167.4;185;;;;;;
GVE;01.10.1880 00:00;6.3;15.7;10.9;-0.4;-0.9;0.2;;;;;;;;;;;;;;;;;167.4;173;;;;;;
GVE;01.11.1880 00:00;2.1;8.9;6;0;-0.5;-0.4;;;;;;;;;;;;;;;;;76.8;87;;;;;;
GVE;01.12.1880 00:00;2;8.5;5.5;2.7;2.2;2.9;;;;;;;;;;;;;;;;;50;56;;;;;;
GVE;01.01.1881 00:00;-5.3;0.7;-1.7;-3.8;-4.2;-4.4;;;;;;;;;;;;;;;;;61.2;84;;;;;;
GVE;01.02.1881 00:00;-1.3;7.5;3.1;0.2;-0.2;0.5;;;;;;;;;;;;;;;;;48.7;87;;;;;;
GVE;01.03.1881 00:00;0.9;12;6.5;-0.2;-0.8;0.2;;;;;;;;;;;;;;;;;44.1;71;;;;;;
GVE;01.04.1881 00:00;3.7;13.5;8.8;-1.7;-1.3;-2.4;;;;;;;;;;;;;;;;;64.7;96;;;;;;
GVE;01.05.1881 00:00;6.5;18.2;12.5;-2;-2.6;-1.9;;;;;;;;;;;;;;;;;94.7;121;;;;;;
GVE;01.06.1881 00:00;9.7;22.9;16.6;-1.8;-3;-1.3;;;;;;;;;;;;;;;;;41.2;50;;;;;;
GVE;01.07.1881 00:00;13.6;29.6;21.6;1;-1;2.9;;;;;;;;;;;;;;;;;50.1;63;;;;;;
GVE;01.08.1881 00:00;12.5;25.7;18.8;-1.2;-1.7;-0.5;;;;;;;;;;;;;;;;;142.5;175;;;;;;
GVE;01.09.1881 00:00;7.6;18.3;12.6;-3.1;-3.1;-2.8;;;;;;;;;;;;;;;;;148.7;164;;;;;;
GVE;01.10.1881 00:00;2.8;10.8;6.5;-4.8;-4.4;-4.7;;;;;;;;;;;;;;;;;114.1;118;;;;;;
GVE;01.11.1881 00:00;1.1;9.9;5.6;-0.4;-1.5;0.6;;;;;;;;;;;;;;;;;93.8;106;;;;;;
GVE;01.12.1881 00:00;-2.7;3.5;0.4;-2.4;-2.5;-2.1;;;;;;;;;;;;;;;;;47;52;;;;;;
GVE;01.01.1882 00:00;-3.3;2;-0.2;-2.3;-2.2;-3.1;;;;;;;;;;;;;;;;;12.4;17;;;;;;
GVE;01.02.1882 00:00;-2.8;5.9;1.4;-1.5;-1.7;-1.1;;;;;;;;;;;;;;;;;17.9;32;;;;;;
GVE;01.03.1882 00:00;0.6;13.1;6.5;-0.2;-1.1;1.3;;;;;;;;;;;;;;;;;40.4;65;;;;;;
GVE;01.04.1882 00:00;2.6;14.5;8.7;-1.8;-2.4;-1.4;;;;;;;;;;;;;;;;;114.2;170;;;;;;
GVE;01.05.1882 00:00;6.8;19.4;13;-1.5;-2.3;-0.7;;;;;;;;;;;;;;;;;94.8;121;;;;;;
GVE;01.06.1882 00:00;9;21.9;15.4;-3;-3.7;-2.3;;;;;;;;;;;;;;;;;111.3;134;;;;;;
GVE;01.07.1882 00:00;10.3;22.9;16.6;-4;-4.3;-3.8;;;;;;;;;;;;;;;;;87.6;111;;;;;;
GVE;01.08.1882 00:00;10.3;23.3;16.5;-3.5;-3.9;-2.9;;;;;;;;;;;;;;;;;95.4;117;;;;;;
GVE;01.09.1882 00:00;8.5;18.1;12.8;-2.9;-2.2;-3;;;;;;;;;;;;;;;;;171.2;189;;;;;;
GVE;01.10.1882 00:00;5.8;15.2;10;-1.3;-1.4;-0.3;;;;;;;;;;;;;;;;;121.9;126;;;;;;
GVE;01.11.1882 00:00;1.6;10.2;5.9;-0.1;-1;0.9;;;;;;;;;;;;;;;;;139.7;158;;;;;;
GVE;01.12.1882 00:00;-0.8;4.8;2.3;-0.5;-0.6;-0.8;;;;;;;;;;;;;;;;;151.8;169;;;;;;
GVE;01.01.1883 00:00;-1.6;4.6;1.7;-0.4;-0.5;-0.5;;;;;;;;;;;;;;;;;50.8;70;;;;;;
GVE;01.02.1883 00:00;-0.7;8.8;3.8;0.9;0.4;1.8;;;;;;;;;;;;;;;;;35.7;64;;;;;;
GVE;01.03.1883 00:00;-2.7;6.3;1.7;-5;-4.4;-5.5;;;;;;;;;;;;;;;;;28.2;45;;;;;;
GVE;01.04.1883 00:00;2;13.9;7.8;-2.7;-3;-2;;;;;;;;;;;;;;;;;45.2;67;;;;;;
GVE;01.05.1883 00:00;6.7;19.6;13.4;-1.1;-2.4;-0.5;;;;;;;;;;;;;;;;;53.5;68;;;;;;
GVE;01.06.1883 00:00;9.7;22.3;15.7;-2.7;-3;-1.9;;;;;;;;;;;;;;;;;71.3;86;;;;;;
GVE;01.07.1883 00:00;10.8;24;17.1;-3.5;-3.8;-2.7;;;;;;;;;;;;;;;;;165;208;;;;;;
GVE;01.08.1883 00:00;10;24;17;-3;-4.2;-2.2;;;;;;;;;;;;;;;;;34.6;43;;;;;;
GVE;01.09.1883 00:00;8;20;13.4;-2.3;-2.7;-1.1;;;;;;;;;;;;;;;;;153.8;170;;;;;;
GVE;01.10.1883 00:00;3.6;13.7;8.3;-3;-3.6;-1.8;;;;;;;;;;;;;;;;;107.6;112;;;;;;
GVE;01.11.1883 00:00;1.5;9.5;5.5;-0.5;-1.1;0.2;;;;;;;;;;;;;;;;;65.6;74;;;;;;
GVE;01.12.1883 00:00;-2.7;3.3;0.5;-2.3;-2.5;-2.3;;;;;;;;;;;;;;;;;67.9;76;;;;;;
GVE;01.01.1884 00:00;-1.1;6.4;2.3;0.2;0;1.3;;;;;;;;;;;;;;;;;34.2;47;;;;;;
GVE;01.02.1884 00:00;0;7.6;3.4;0.5;1.1;0.6;;;;;;;;;;;;;;;;;38.8;69;;;;;;
GVE;01.03.1884 00:00;0.2;12.4;6.2;-0.5;-1.5;0.6;;;;;;;;;;;;;;;;;0.5;1;;;;;;
GVE;01.04.1884 00:00;1.9;14.2;8.2;-2.3;-3.1;-1.7;;;;;;;;;;;;;;;;;28.1;42;;;;;;
GVE;01.05.1884 00:00;7.6;20.5;14.3;-0.2;-1.5;0.4;;;;;;;;;;;;;;;;;80.2;102;;;;;;
GVE;01.06.1884 00:00;7.9;20.1;14.2;-4.2;-4.8;-4.1;;;;;;;;;;;;;;;;;33.5;40;;;;;;
GVE;01.07.1884 00:00;12.2;26.8;19.3;-1.3;-2.4;0.1;;;;;;;;;;;;;;;;;97.9;124;;;;;;
GVE;01.08.1884 00:00;11.2;26.4;18.3;-1.7;-3;0.2;;;;;;;;;;;;;;;;;52.1;64;;;;;;
GVE;01.09.1884 00:00;8.8;20.8;14.3;-1.4;-1.9;-0.3;;;;;;;;;;;;;;;;;69;76;;;;;;
GVE;01.10.1884 00:00;3.2;13.8;8.5;-2.8;-4;-1.7;;;;;;;;;;;;;;;;;29.6;31;;;;;;
GVE;01.11.1884 00:00;-1.2;5.2;2.3;-3.7;-3.8;-4.1;;;;;;;;;;;;;;;;;18.2;21;;;;;;
GVE;01.12.1884 00:00;-1.6;5.2;2;-0.8;-1.4;-0.4;;;;;;;;;;;;;;;;;59.3;66;;;;;;
GVE;01.01.1885 00:00;-5.9;0.7;-2.4;-4.5;-4.8;-4.4;;;;;;;;;;;;;;;;;6.8;9;;;;;;
GVE;01.02.1885 00:00;-0.6;9.4;4.2;1.3;0.5;2.4;;;;;;;;;;;;;;;;;88.2;158;;;;;;
GVE;01.03.1885 00:00;0.5;9.8;4.9;-1.8;-1.2;-2;;;;;;;;;;;;;;;;;34;55;;;;;;
GVE;01.04.1885 00:00;3.5;14.9;9.2;-1.3;-1.5;-1;;;;;;;;;;;;;;;;;67.4;100;;;;;;
GVE;01.05.1885 00:00;4.7;16.9;11;-3.5;-4.4;-3.2;;;;;;;;;;;;;;;;;74.3;95;;;;;;
GVE;01.06.1885 00:00;10.1;24.4;17.6;-0.8;-2.6;0.2;;;;;;;;;;;;;;;;;52.2;63;;;;;;
GVE;01.07.1885 00:00;12.6;26.5;19.8;-0.8;-2;-0.2;;;;;;;;;;;;;;;;;20;25;;;;;;
GVE;01.08.1885 00:00;11.3;25.2;18;-2;-2.9;-1;;;;;;;;;;;;;;;;;64.1;79;;;;;;
GVE;01.09.1885 00:00;7.6;19.7;13.2;-2.5;-3.1;-1.4;;;;;;;;;;;;;;;;;207.3;229;;;;;;
GVE;01.10.1885 00:00;3.7;12.7;8;-3.3;-3.5;-2.8;;;;;;;;;;;;;;;;;158.5;164;;;;;;
GVE;01.11.1885 00:00;2.4;7.9;5.4;-0.6;-0.2;-1.4;;;;;;;;;;;;;;;;;53.7;61;;;;;;
GVE;01.12.1885 00:00;-1.5;4.1;1.6;-1.2;-1.3;-1.5;;;;;;;;;;;;;;;;;25.8;29;;;;;;
GVE;01.01.1886 00:00;-4.7;2.1;-1.4;-3.5;-3.6;-3;;;;;;;;;;;;;;;;;72;99;;;;;;
GVE;01.02.1886 00:00;-3.5;2.8;-0.7;-3.6;-2.4;-4.2;;;;;;;;;;;;;;;;;45.5;81;;;;;;
GVE;01.03.1886 00:00;-1.1;9.2;4.1;-2.6;-2.8;-2.6;;;;;;;;;;;;;;;;;58.7;95;;;;;;
GVE;01.04.1886 00:00;4.5;15.9;9.9;-0.6;-0.5;0;;;;;;;;;;;;;;;;;55.2;82;;;;;;
GVE;01.05.1886 00:00;6.2;19.2;13.1;-1.4;-2.9;-0.9;;;;;;;;;;;;;;;;;79.6;101;;;;;;
GVE;01.06.1886 00:00;9.6;21.9;15.3;-3.1;-3.1;-2.3;;;;;;;;;;;;;;;;;38.5;46;;;;;;
GVE;01.07.1886 00:00;11.7;25.8;19;-1.6;-2.9;-0.9;;;;;;;;;;;;;;;;;94.7;120;;;;;;
GVE;01.08.1886 00:00;11.8;24.1;17.7;-2.3;-2.4;-2.1;;;;;;;;;;;;;;;;;63.2;78;;;;;;
GVE;01.09.1886 00:00;10.4;23.3;16.3;0.6;-0.3;2.2;;;;;;;;;;;;;;;;;34.6;38;;;;;;
GVE;01.10.1886 00:00;5.8;14.6;10.1;-1.2;-1.4;-0.9;;;;;;;;;;;;;;;;;141.2;146;;;;;;
GVE;01.11.1886 00:00;2;9.1;5.3;-0.7;-0.6;-0.2;;;;;;;;;;;;;;;;;175.7;198;;;;;;
GVE;01.12.1886 00:00;-2.1;5.3;1.8;-1;-1.9;-0.3;;;;;;;;;;;;;;;;;120.4;134;;;;;;
GVE;01.01.1887 00:00;-6;-0.5;-2.9;-5;-4.9;-5.6;;;;;;;;;;;;;;;;;15.5;21;;;;;;
GVE;01.02.1887 00:00;-5.8;3.9;-1.3;-4.2;-4.7;-3.1;;;;;;;;;;;;;;;;;0.6;1;;;;;;
GVE;01.03.1887 00:00;-2.7;6.8;1.8;-4.9;-4.4;-5;;;;;;;;;;;;;;;;;88.5;143;;;;;;
GVE;01.04.1887 00:00;1.9;14.3;8.1;-2.4;-3.1;-1.6;;;;;;;;;;;;;;;;;35.2;52;;;;;;
GVE;01.05.1887 00:00;4.7;16.2;10.4;-4.1;-4.4;-3.9;;;;;;;;;;;;;;;;;79.6;101;;;;;;
GVE;01.06.1887 00:00;10.3;24.4;17.7;-0.7;-2.4;0.2;;;;;;;;;;;;;;;;;44.4;53;;;;;;
GVE;01.07.1887 00:00;13.2;27.5;20.6;0;-1.4;0.8;;;;;;;;;;;;;;;;;50.5;64;;;;;;
GVE;01.08.1887 00:00;11.2;24.7;17.8;-2.2;-3;-1.5;;;;;;;;;;;;;;;;;128;158;;;;;;
GVE;01.09.1887 00:00;7.8;19.5;13.1;-2.6;-2.9;-1.6;;;;;;;;;;;;;;;;;81.2;90;;;;;;
GVE;01.10.1887 00:00;1.2;10.5;5.9;-5.4;-6;-5;;;;;;;;;;;;;;;;;45.7;47;;;;;;
GVE;01.11.1887 00:00;-0.5;6.6;3.1;-2.9;-3.1;-2.7;;;;;;;;;;;;;;;;;120.7;136;;;;;;
GVE;01.12.1887 00:00;-2.7;3;0.4;-2.4;-2.5;-2.6;;;;;;;;;;;;;;;;;79.2;88;;;;;;
GVE;01.01.1888 00:00;-5.3;1.1;-1.9;-4;-4.2;-4;;;;;;;;;;;;;;;;;14.5;20;;;;;;
GVE;01.02.1888 00:00;-5.7;3.4;-1.3;-4.2;-4.6;-3.6;;;;;;;;;;;;;;;;;73.3;131;;;;;;
GVE;01.03.1888 00:00;-1.7;9;3.5;-3.2;-3.4;-2.8;;;;;;;;;;;;;;;;;90.4;146;;;;;;
GVE;01.04.1888 00:00;1.8;11.7;6.7;-3.8;-3.2;-4.2;;;;;;;;;;;;;;;;;115.5;172;;;;;;
GVE;01.05.1888 00:00;7.1;20.4;14.2;-0.3;-2;0.3;;;;;;;;;;;;;;;;;41.4;53;;;;;;
GVE;01.06.1888 00:00;10.3;23.3;16.8;-1.6;-2.4;-0.9;;;;;;;;;;;;;;;;;82.4;99;;;;;;
GVE;01.07.1888 00:00;10.1;22.8;16;-4.6;-4.5;-3.9;;;;;;;;;;;;;;;;;139;176;;;;;;
GVE;01.08.1888 00:00;9.9;22.5;16.1;-3.9;-4.3;-3.7;;;;;;;;;;;;;;;;;58.8;72;;;;;;
GVE;01.09.1888 00:00;9.9;20.4;14.8;-0.9;-0.8;-0.7;;;;;;;;;;;;;;;;;62.2;69;;;;;;
GVE;01.10.1888 00:00;0.8;12;6.2;-5.1;-6.4;-3.5;;;;;;;;;;;;;;;;;211.6;219;;;;;;
GVE;01.11.1888 00:00;1;9.4;5.4;-0.6;-1.6;0.1;;;;;;;;;;;;;;;;;86.7;98;;;;;;
GVE;01.12.1888 00:00;-2.7;3;0.2;-2.6;-2.5;-2.6;;;;;;;;;;;;;;;;;26;29;;;;;;
GVE;01.01.1889 00:00;-4.3;1.5;-1.1;-3.2;-3.2;-3.6;;;;;;;;;;;;;;;;;13.2;18;;;;;;
GVE;01.02.1889 00:00;-5.3;3.4;-0.7;-3.6;-4.2;-3.6;;;;;;;;;;;;;;;;;88.5;158;;;;;;
GVE;01.03.1889 00:00;-3;7;2.2;-4.5;-4.7;-4.8;;;;;;;;;;;;;;;;;35.7;57;;;;;;
GVE;01.04.1889 00:00;1.6;13.1;7.6;-2.9;-3.4;-2.8;;;;;;;;;;;;;;;;;57.9;86;;;;;;
GVE;01.05.1889 00:00;7.2;19.4;13.8;-0.7;-1.9;-0.7;;;;;;;;;;;;;;;;;81.5;104;;;;;;
GVE;01.06.1889 00:00;11.2;23;17.2;-1.2;-1.5;-1.2;;;;;;;;;;;;;;;;;195;234;;;;;;
GVE;01.07.1889 00:00;10.2;24.4;17.8;-2.8;-4.4;-2.3;;;;;;;;;;;;;;;;;106.1;134;;;;;;
GVE;01.08.1889 00:00;10;23.4;16.8;-3.2;-4.2;-2.8;;;;;;;;;;;;;;;;;78.2;96;;;;;;
GVE;01.09.1889 00:00;6.8;19.4;12.9;-2.8;-3.9;-1.7;;;;;;;;;;;;;;;;;47.8;53;;;;;;
GVE;01.10.1889 00:00;4.6;12.8;8.4;-2.9;-2.6;-2.7;;;;;;;;;;;;;;;;;287.7;298;;;;;;
GVE;01.11.1889 00:00;0.6;7.2;4.1;-1.9;-2;-2.1;;;;;;;;;;;;;;;;;30.6;35;;;;;;
GVE;01.12.1889 00:00;-4.4;0.2;-1.7;-4.5;-4.2;-5.4;;;;;;;;;;;;;;;;;28.2;31;;;;;;
GVE;01.01.1890 00:00;-2.5;3.8;0.7;-1.4;-1.4;-1.3;;;;;;;;;;;;;;;;;65.1;89;;;;;;
GVE;01.02.1890 00:00;-5;1.3;-1.7;-4.6;-3.9;-5.7;;;;;;;;;;;;;;;;;27;48;;;;;;
GVE;01.03.1890 00:00;-1.8;9.8;4.1;-2.6;-3.5;-2;;;;;;;;;;;;;;;;;36.1;58;;;;;;
GVE;01.04.1890 00:00;1.8;13.7;7.9;-2.6;-3.2;-2.2;;;;;;;;;;;;;;;;;50.2;75;;;;;;
GVE;01.05.1890 00:00;7;19.3;13.5;-1;-2.1;-0.8;;;;;;;;;;;;;;;;;142.6;182;;;;;;
GVE;01.06.1890 00:00;8.6;22.6;16.1;-2.3;-4.1;-1.6;;;;;;;;;;;;;;;;;94;113;;;;;;
GVE;01.07.1890 00:00;10.5;23.3;17;-3.6;-4.1;-3.4;;;;;;;;;;;;;;;;;56.5;71;;;;;;
GVE;01.08.1890 00:00;11.1;23.8;16.9;-3.1;-3.1;-2.4;;;;;;;;;;;;;;;;;221.5;273;;;;;;
GVE;01.09.1890 00:00;7.5;18.6;13.1;-2.6;-3.2;-2.5;;;;;;;;;;;;;;;;;63.1;70;;;;;;
GVE;01.10.1890 00:00;2.1;12.9;7.3;-4;-5.1;-2.6;;;;;;;;;;;;;;;;;63;65;;;;;;
GVE;01.11.1890 00:00;-0.7;7.5;3.4;-2.6;-3.3;-1.8;;;;;;;;;;;;;;;;;62.1;70;;;;;;
GVE;01.12.1890 00:00;-6.5;-1.7;-3.7;-6.5;-6.3;-7.3;;;;;;;;;;;;;;;;;29.7;33;;;;;;
GVE;01.01.1891 00:00;-9.1;-1.4;-5;-7.1;-8;-6.5;;;;;;;;;;;;;;;;;13.2;18;;;;;;
GVE;01.02.1891 00:00;-6.9;3.3;-1.9;-4.8;-5.8;-3.7;;;;;;;;;;;;;;;;;1.1;2;;;;;;
GVE;01.03.1891 00:00;-0.9;9.3;3.8;-2.9;-2.6;-2.5;;;;;;;;;;;;;;;;;80.1;129;;;;;;
GVE;01.04.1891 00:00;1.2;12.2;6.8;-3.7;-3.8;-3.7;;;;;;;;;;;;;;;;;73.1;109;;;;;;
GVE;01.05.1891 00:00;6.8;18.4;12.5;-2;-2.3;-1.7;;;;;;;;;;;;;;;;;129.4;165;;;;;;
GVE;01.06.1891 00:00;9.6;22.9;16.4;-2;-3.1;-1.3;;;;;;;;;;;;;;;;;68.1;82;;;;;;
GVE;01.07.1891 00:00;11.3;23.5;17.5;-3.1;-3.3;-3.2;;;;;;;;;;;;;;;;;68.7;87;;;;;;
GVE;01.08.1891 00:00;9.9;24;16.6;-3.4;-4.3;-2.2;;;;;;;;;;;;;;;;;58.8;72;;;;;;
GVE;01.09.1891 00:00;8.1;21;14.3;-1.4;-2.6;-0.1;;;;;;;;;;;;;;;;;87.2;96;;;;;;
GVE;01.10.1891 00:00;5.2;15.3;10.1;-1.2;-2;-0.2;;;;;;;;;;;;;;;;;171;177;;;;;;
GVE;01.11.1891 00:00;0.3;7.6;4.2;-1.8;-2.3;-1.7;;;;;;;;;;;;;;;;;193.8;219;;;;;;
GVE;01.12.1891 00:00;-1.2;4.9;2;-0.8;-1;-0.7;;;;;;;;;;;;;;;;;62.6;70;;;;;;
GVE;01.01.1892 00:00;-4.1;3.1;-0.5;-2.6;-3;-2;;;;;;;;;;;;;;;;;39.6;54;;;;;;
GVE;01.02.1892 00:00;-2.8;6.7;1.9;-1;-1.7;-0.3;;;;;;;;;;;;;;;;;100.3;179;;;;;;
GVE;01.03.1892 00:00;-2.9;7;1.8;-4.9;-4.6;-4.8;;;;;;;;;;;;;;;;;88.2;142;;;;;;
GVE;01.04.1892 00:00;2.9;15.3;9.1;-1.4;-2.1;-0.6;;;;;;;;;;;;;;;;;40.5;60;;;;;;
GVE;01.05.1892 00:00;6;19.3;13.2;-1.3;-3.1;-0.8;;;;;;;;;;;;;;;;;40;51;;;;;;
GVE;01.06.1892 00:00;11.4;23.9;17.3;-1.1;-1.3;-0.3;;;;;;;;;;;;;;;;;72;87;;;;;;
GVE;01.07.1892 00:00;11.2;24.6;17.7;-2.9;-3.4;-2.1;;;;;;;;;;;;;;;;;106.5;134;;;;;;
GVE;01.08.1892 00:00;11.9;26.1;18.5;-1.5;-2.3;-0.1;;;;;;;;;;;;;;;;;68.7;85;;;;;;
GVE;01.09.1892 00:00;9.6;21.6;15;-0.7;-1.1;0.5;;;;;;;;;;;;;;;;;70.8;78;;;;;;
GVE;01.10.1892 00:00;4.7;13.6;8.6;-2.7;-2.5;-1.9;;;;;;;;;;;;;;;;;127.2;132;;;;;;
GVE;01.11.1892 00:00;2.8;9.8;6.1;0.1;0.2;0.5;;;;;;;;;;;;;;;;;47.1;53;;;;;;
GVE;01.12.1892 00:00;-3.8;1.5;-1;-3.8;-3.6;-4.1;;;;;;;;;;;;;;;;;30.4;34;;;;;;
GVE;01.01.1893 00:00;-7.8;-1.3;-4.5;-6.6;-6.7;-6.4;;;;;;;;;;;;;;;;;30.6;42;;;;;;
GVE;01.02.1893 00:00;-2;7.3;2.4;-0.5;-0.9;0.3;;;;;;;;;;;;;;;;;93.8;168;;;;;;
GVE;01.03.1893 00:00;0;12.1;5.9;-0.8;-1.7;0.3;;;;;;;;;;;;;;;;;28;45;;;;;;
GVE;01.04.1893 00:00;3.9;19.6;12.2;1.7;-1.1;3.7;;;;;;;;;;;;;;;;;7.5;11;;;;;;
GVE;01.05.1893 00:00;6.6;19.8;13.5;-1;-2.5;-0.3;;;;;;;;;;;;;;;;;46.1;59;;;;;;
GVE;01.06.1893 00:00;10;24.2;17.5;-0.9;-2.7;0;;;;;;;;;;;;;;;;;69.7;84;;;;;;
GVE;01.07.1893 00:00;12.6;25.4;18.5;-2.1;-2;-1.3;;;;;;;;;;;;;;;;;61.9;78;;;;;;
GVE;01.08.1893 00:00;12.2;26.9;19.7;-0.3;-2;0.7;;;;;;;;;;;;;;;;;33.4;41;;;;;;
GVE;01.09.1893 00:00;9.1;21.2;14.6;-1.1;-1.6;0.1;;;;;;;;;;;;;;;;;128.7;142;;;;;;
GVE;01.10.1893 00:00;5.2;16.5;10.6;-0.7;-2;1;;;;;;;;;;;;;;;;;75.2;78;;;;;;
GVE;01.11.1893 00:00;0.7;7.1;4;-2;-1.9;-2.2;;;;;;;;;;;;;;;;;71.1;80;;;;;;
GVE;01.12.1893 00:00;-2.6;2.7;0.3;-2.5;-2.4;-2.9;;;;;;;;;;;;;;;;;44.3;49;;;;;;
GVE;01.01.1894 00:00;-4.5;2.1;-1.1;-3.2;-3.4;-3;;;;;;;;;;;;;;;;;46;63;;;;;;
GVE;01.02.1894 00:00;-3.4;7.6;1.7;-1.2;-2.3;0.6;;;;;;;;;;;;;;;;;8.1;14;;;;;;
GVE;01.03.1894 00:00;-0.9;11.3;5.1;-1.6;-2.6;-0.5;;;;;;;;;;;;;;;;;27.1;44;;;;;;
GVE;01.04.1894 00:00;4.4;17;10.5;0;-0.6;1.1;;;;;;;;;;;;;;;;;92.7;138;;;;;;
GVE;01.05.1894 00:00;6.8;17.7;12.1;-2.4;-2.3;-2.4;;;;;;;;;;;;;;;;;166.3;212;;;;;;
GVE;01.06.1894 00:00;9.2;22;15.9;-2.5;-3.5;-2.2;;;;;;;;;;;;;;;;;42.8;51;;;;;;
GVE;01.07.1894 00:00;12.1;25.3;18.6;-2;-2.5;-1.4;;;;;;;;;;;;;;;;;119.8;151;;;;;;
GVE;01.08.1894 00:00;10.5;23.9;17.1;-2.9;-3.7;-2.3;;;;;;;;;;;;;;;;;62;76;;;;;;
GVE;01.09.1894 00:00;8.4;19.6;13.1;-2.6;-2.3;-1.5;;;;;;;;;;;;;;;;;65.7;72;;;;;;
GVE;01.10.1894 00:00;5.2;15.2;9.8;-1.5;-2;-0.3;;;;;;;;;;;;;;;;;112.2;116;;;;;;
GVE;01.11.1894 00:00;2.5;8.5;5.6;-0.4;-0.1;-0.8;;;;;;;;;;;;;;;;;74.6;84;;;;;;
GVE;01.12.1894 00:00;-3;3.2;0.3;-2.5;-2.8;-2.4;;;;;;;;;;;;;;;;;31.8;35;;;;;;
GVE;01.01.1895 00:00;-7.2;-0.8;-4.1;-6.2;-6.1;-5.9;;;;;;;;;;;;;;;;;97.4;134;;;;;;
GVE;01.02.1895 00:00;-9.9;-0.8;-5.3;-8.2;-8.8;-7.8;;;;;;;;;;;;;;;;;81.1;145;;;;;;
GVE;01.03.1895 00:00;-3.1;7.5;2.2;-4.5;-4.8;-4.3;;;;;;;;;;;;;;;;;68.6;110;;;;;;
GVE;01.04.1895 00:00;3.4;15.3;9.6;-0.9;-1.6;-0.6;;;;;;;;;;;;;;;;;55.2;82;;;;;;
GVE;01.05.1895 00:00;6.3;18.9;12.8;-1.7;-2.8;-1.2;;;;;;;;;;;;;;;;;48.1;61;;;;;;
GVE;01.06.1895 00:00;10.3;22.9;16.7;-1.7;-2.4;-1.3;;;;;;;;;;;;;;;;;54.5;66;;;;;;
GVE;01.07.1895 00:00;12;26.3;19.1;-1.5;-2.6;-0.4;;;;;;;;;;;;;;;;;64.7;82;;;;;;
GVE;01.08.1895 00:00;11.1;24.9;17.5;-2.5;-3.1;-1.3;;;;;;;;;;;;;;;;;63.3;78;;;;;;
GVE;01.09.1895 00:00;9.6;24.1;16.6;0.9;-1.1;3;;;;;;;;;;;;;;;;;16.9;19;;;;;;
GVE;01.10.1895 00:00;4.3;14.8;8.9;-2.4;-2.9;-0.7;;;;;;;;;;;;;;;;;120.6;125;;;;;;
GVE;01.11.1895 00:00;4;10.8;7.5;1.5;1.4;1.5;;;;;;;;;;;;;;;;;179.3;202;;;;;;
GVE;01.12.1895 00:00;-0.8;5.3;1.8;-1;-0.6;-0.3;;;;;;;;;;;;;;;;;88.5;98;;;;;;
GVE;01.01.1896 00:00;-4.2;1.6;-1.5;-3.6;-3.1;-3.5;;;;;;;;;;;;;;;;;7.7;11;;;;;;
GVE;01.02.1896 00:00;-4.5;2.8;-1.2;-4.1;-3.4;-4.2;;;;;;;;;;;;;;;;;0.3;1;;;;;;
GVE;01.03.1896 00:00;2.7;12.6;7.4;0.7;1;0.8;;;;;;;;;;;;;;;;;87.9;142;;;;;;
GVE;01.04.1896 00:00;1.7;12.8;7.3;-3.2;-3.3;-3.1;;;;;;;;;;;;;;;;;62;92;;;;;;
GVE;01.05.1896 00:00;5.5;16.8;11.6;-2.9;-3.6;-3.3;;;;;;;;;;;;;;;;;15;19;;;;;;
GVE;01.06.1896 00:00;10;22;15.6;-2.8;-2.7;-2.2;;;;;;;;;;;;;;;;;171.4;206;;;;;;
GVE;01.07.1896 00:00;12.4;24.7;18.3;-2.3;-2.2;-2;;;;;;;;;;;;;;;;;139.8;177;;;;;;
GVE;01.08.1896 00:00;9.2;21.1;14.7;-5.3;-5;-5.1;;;;;;;;;;;;;;;;;121.7;150;;;;;;
GVE;01.09.1896 00:00;8.3;19.7;13.2;-2.5;-2.4;-1.4;;;;;;;;;;;;;;;;;124.9;138;;;;;;
GVE;01.10.1896 00:00;4;12.7;7.9;-3.4;-3.2;-2.8;;;;;;;;;;;;;;;;;297.1;308;;;;;;
GVE;01.11.1896 00:00;0.1;5.7;2.9;-3.1;-2.5;-3.6;;;;;;;;;;;;;;;;;51.7;58;;;;;;
GVE;01.12.1896 00:00;-1;3.4;1.2;-1.6;-0.8;-2.2;;;;;;;;;;;;;;;;;113.2;126;;;1638;57;;
GVE;01.01.1897 00:00;-3.9;1.4;-1.4;-3.5;-2.8;-3.7;;;;;;;;;;;;;;;;;29.4;40;;;1219;33;;
GVE;01.02.1897 00:00;0.3;9;4.3;1.4;1.4;2;;;;;;;;;;;;;;;;;66.8;119;;;4428;77;;
GVE;01.03.1897 00:00;1.9;13.3;7.3;0.6;0.2;1.5;;;;;;;;;;;;;;;;;101.2;163;;;8532;88;;
GVE;01.04.1897 00:00;3.6;14.1;8.8;-1.7;-1.4;-1.8;;;;;;;;;;;;;;;;;69.7;104;;;7582;68;;
GVE;01.05.1897 00:00;5.7;17.3;11.8;-2.7;-3.4;-2.8;;;;;;;;;;;;;;;;;22.7;29;;;13884;109;;
GVE;01.06.1897 00:00;11.3;24.4;18.1;-0.3;-1.4;0.2;;;;;;;;;;;;;;;;;45.5;55;;;16873;114;;
GVE;01.07.1897 00:00;12.8;25.6;19.1;-1.5;-1.8;-1.1;;;;;;;;;;;;;;;;;43.7;55;;;16104;100;;
GVE;01.08.1897 00:00;11.8;24.7;17.4;-2.6;-2.4;-1.5;;;;;;;;;;;;;;;;;159.5;196;;;12277;85;;
GVE;01.09.1897 00:00;8.1;18.7;12.8;-2.9;-2.6;-2.4;;;;;;;;;;;;;;;;;122.7;135;;;7828;71;;
GVE;01.10.1897 00:00;3.4;12.7;7.6;-3.7;-3.8;-2.8;;;;;;;;;;;;;;;;;0.5;1;;;6748;97;;
GVE;01.11.1897 00:00;0;6.6;3.2;-2.8;-2.6;-2.7;;;;;;;;;;;;;;;;;14.8;17;;;3109;79;;
GVE;01.12.1897 00:00;-1.8;2.9;0.5;-2.3;-1.6;-2.7;;;;;;;;;;;;;;;;;57.3;64;;;1732;60;;
GVE;01.01.1898 00:00;-2;3.5;0.6;-1.5;-0.9;-1.6;;;;;;;;;;;;;;;;;14;19;;;2027;55;;
GVE;01.02.1898 00:00;-2.7;6.7;1.3;-1.6;-1.6;-0.3;;;;;;;;;;;;;;;;;50.6;91;;;6476;112;;
GVE;01.03.1898 00:00;-1;8.3;3.3;-3.4;-2.7;-3.5;;;;;;;;;;;;;;;;;76.1;123;;;6238;64;;
GVE;01.04.1898 00:00;3.7;14.7;9.1;-1.4;-1.3;-1.2;;;;;;;;;;;;;;;;;74.4;111;;;10118;90;;
GVE;01.05.1898 00:00;6.6;18.1;12;-2.5;-2.5;-2;;;;;;;;;;;;;;;;;139.1;177;;;9446;74;;
GVE;01.06.1898 00:00;9.6;21.2;15.2;-3.2;-3.1;-3;;;;;;;;;;;;;;;;;130.3;157;;;12835;87;;
GVE;01.07.1898 00:00;11;24.3;17.4;-3.2;-3.6;-2.4;;;;;;;;;;;;;;;;;34.3;43;;;18475;114;;
GVE;01.08.1898 00:00;11.6;26.5;18.7;-1.3;-2.6;0.3;;;;;;;;;;;;;;;;;29.9;37;;;16959;117;;
GVE;01.09.1898 00:00;9.3;23.3;16;0.3;-1.4;2.2;;;;;;;;;;;;;;;;;29.6;33;;;15473;140;;
GVE;01.10.1898 00:00;6.7;15.7;10.6;-0.7;-0.5;0.2;;;;;;;;;;;;;;;;;143;148;;;5705;82;;
GVE;01.11.1898 00:00;3.7;9.5;6.5;0.5;1.1;0.2;;;;;;;;;;;;;;;;;122.7;138;;;1938;49;;
GVE;01.12.1898 00:00;-2;5.2;1.4;-1.4;-1.8;-0.4;;;;;;;;;;;;;;;;;18.4;20;;;5140;178;;
GVE;01.01.1899 00:00;0.4;6.7;3.4;1.3;1.5;1.6;;;;;;;;;;;;;;;;;104.8;144;;;3106;85;;
GVE;01.02.1899 00:00;-2.1;9.3;3.2;0.3;-1;2.3;;;;;;;;;;;;;;;;;10.1;18;;;9464;164;;
GVE;01.03.1899 00:00;-1.2;11.4;5.2;-1.5;-2.9;-0.4;;;;;;;;;;;;;;;;;2.3;4;;;11399;118;;
GVE;01.04.1899 00:00;2.8;14.2;8.3;-2.2;-2.2;-1.7;;;;;;;;;;;;;;;;;138.2;206;;;8637;77;;
GVE;01.05.1899 00:00;5.6;18.5;12.3;-2.2;-3.5;-1.6;;;;;;;;;;;;;;;;;72.9;93;;;15119;119;;
GVE;01.06.1899 00:00;9.5;23;16.4;-2;-3.2;-1.2;;;;;;;;;;;;;;;;;64.9;78;;;17004;115;;
GVE;01.07.1899 00:00;11.7;24.7;18.1;-2.5;-2.9;-2;;;;;;;;;;;;;;;;;91.5;116;;;16605;103;;
GVE;01.08.1899 00:00;12.1;26.5;18.8;-1.2;-2.1;0.3;;;;;;;;;;;;;;;;;40.1;49;;;18134;125;;
GVE;01.09.1899 00:00;8.4;21.7;14.6;-1.1;-2.3;0.6;;;;;;;;;;;;;;;;;73.6;81;;;10976;99;;
GVE;01.10.1899 00:00;5.2;15.2;9.8;-1.5;-2;-0.3;;;;;;;;;;;;;;;;;142.2;147;;;7065;101;;
GVE;01.11.1899 00:00;0.8;9.1;4.8;-1.2;-1.8;-0.2;;;;;;;;;;;;;;;;;19.6;22;;;6211;158;;
GVE;01.12.1899 00:00;-3.1;2.3;-0.4;-3.2;-2.9;-3.3;;;;;;;;;;;;;;;;;32.5;36;;;1568;54;;
GVE;01.01.1900 00:00;-1.2;5.5;2;-0.1;-0.1;0.4;;;;;;;;;;;;;;;;;113.6;156;;;3488;95;;
GVE;01.02.1900 00:00;-0.9;8.7;3.6;0.7;0.2;1.7;;;;;;;;;;;;;;;;;91.7;164;;;2918;51;;
GVE;01.03.1900 00:00;-3.7;6.2;1.3;-5.4;-5.4;-5.6;;;;;;;;;;;;;;;;;40.4;65;;;7691;80;;
GVE;01.04.1900 00:00;1.9;13.6;7.9;-2.6;-3.1;-2.3;;;;;;;;;;;;;;;;;48.6;72;;;12255;109;;
GVE;01.05.1900 00:00;5.8;17.6;12;-2.5;-3.3;-2.5;;;;;;;;;;;;;;;;;73.1;93;;;13247;104;;
GVE;01.06.1900 00:00;9.9;24.3;17.2;-1.2;-2.8;0.1;;;;;;;;;;;;;;;;;35.6;43;;;15987;108;;
GVE;01.07.1900 00:00;12.9;27.2;20;-0.6;-1.7;0.5;;;;;;;;;;;;;;;;;70;88;;;18859;117;;
GVE;01.08.1900 00:00;11.1;23.4;17.1;-2.9;-3.1;-2.8;;;;;;;;;;;;;;;;;168.8;208;;;13337;92;;
GVE;01.09.1900 00:00;10.3;21.9;15.8;0.1;-0.4;0.8;;;;;;;;;;;;;;;;;89.2;98;;;10444;95;;
GVE;01.10.1900 00:00;4.8;15.9;10;-1.3;-2.4;0.4;;;;;;;;;;;;;;;;;46.8;48;;;10137;145;;
GVE;01.11.1900 00:00;1;9;5.2;-0.8;-1.6;-0.3;;;;;;;;;;;;;;;;;69.3;78;;;3660;93;;
GVE;01.12.1900 00:00;-0.4;5.5;2.7;-0.1;-0.2;-0.1;;;;;;;;;;;;;;;;;81.7;91;;;2535;88;;
GVE;01.01.1901 00:00;-4;2.6;-0.8;-2.9;-2.9;-2.5;;;;;;;;;;;;;;;;;38.9;53;;;3055;84;;
GVE;01.02.1901 00:00;-7.6;1.6;-3;-5.9;-6.5;-5.4;;;;;;;;;;;;;;;;;30;54;;;6860;119;;
GVE;01.03.1901 00:00;-1.6;7.8;3.1;-3.6;-3.3;-4;;;;;;;;;;;;;;;;;66;106;;;4600;48;;
GVE;01.04.1901 00:00;3.8;15;9.3;-1.2;-1.2;-0.9;;;;;;;;;;;;;;;;;147.1;219;;;9693;87;;
GVE;01.05.1901 00:00;6.3;19.5;13.4;-1.1;-2.8;-0.6;;;;;;;;;;;;;;;;;24.1;31;;;17691;139;;
GVE;01.06.1901 00:00;10.8;23.6;17.2;-1.2;-1.9;-0.6;;;;;;;;;;;;;;;;;80.2;96;;;16022;109;;
GVE;01.07.1901 00:00;11.9;25.7;18.6;-2;-2.7;-1;;;;;;;;;;;;;;;;;131.7;166;;;16201;100;;
GVE;01.08.1901 00:00;11.3;23;16.8;-3.2;-2.9;-3.2;;;;;;;;;;;;;;;;;134.5;166;;;14343;99;;
GVE;01.09.1901 00:00;9.6;20.2;14.3;-1.4;-1.1;-0.9;;;;;;;;;;;;;;;;;116.8;129;;;8237;75;;
GVE;01.10.1901 00:00;4.6;13;8.6;-2.7;-2.6;-2.5;;;;;;;;;;;;;;;;;68.6;71;;;4700;67;;
GVE;01.11.1901 00:00;-1;5.9;2.4;-3.6;-3.6;-3.4;;;;;;;;;;;;;;;;;38.1;43;;;4529;115;;
GVE;01.12.1901 00:00;-2.3;4.2;1;-1.8;-2.1;-1.4;;;;;;;;;;;;;;;;;90.8;101;;;3260;113;;
GVE;01.01.1902 00:00;-3.3;4.3;0.5;-1.6;-2.2;-0.8;;;;;;;;;;;;;;;;;53.9;74;;;4259;117;;
GVE;01.02.1902 00:00;-2.6;4.4;0.6;-2.3;-1.5;-2.6;;;;;;;;;;;;;;;;;122.9;220;;;2572;45;;
GVE;01.03.1902 00:00;0.1;10.9;5.2;-1.5;-1.6;-0.9;;;;;;;;;;;;;;;;;120.7;194;;;8220;85;;
GVE;01.04.1902 00:00;5.5;16.7;10.7;0.2;0.5;0.8;;;;;;;;;;;;;;;;;111.9;167;;;10987;98;;
GVE;01.05.1902 00:00;3.7;15.5;9.5;-5;-5.4;-4.6;;;;;;;;;;;;;;;;;58;74;;;9208;72;;
GVE;01.06.1902 00:00;9;22;15.3;-3.1;-3.7;-2.2;;;;;;;;;;;;;;;;;47.3;57;;;15308;104;;
GVE;01.07.1902 00:00;11.5;27.1;19;-1.6;-3.1;0.4;;;;;;;;;;;;;;;;;48.4;61;;;19309;120;;
GVE;01.08.1902 00:00;11.1;24.5;16.9;-3.1;-3.1;-1.7;;;;;;;;;;;;;;;;;152.7;188;;;13549;93;;
GVE;01.09.1902 00:00;8.3;20.1;13.5;-2.2;-2.4;-1;;;;;;;;;;;;;;;;;115.1;127;;;10621;96;;
GVE;01.10.1902 00:00;4.9;13.5;8.7;-2.6;-2.3;-2;;;;;;;;;;;;;;;;;97.3;101;;;4748;68;;
GVE;01.11.1902 00:00;-0.3;6.3;3.1;-2.9;-2.9;-3;;;;;;;;;;;;;;;;;47.2;53;;;2732;70;;
GVE;01.12.1902 00:00;-2.2;3.1;0.5;-2.3;-2;-2.5;;;;;;;;;;;;;;;;;37;41;;;1895;66;;
GVE;01.01.1903 00:00;-3.4;4.5;0.4;-1.7;-2.3;-0.6;;;;;;;;;;;;;;;;;42.2;58;;;4508;123;;
GVE;01.02.1903 00:00;-3.2;7.9;2.3;-0.6;-2.1;0.9;;;;;;;;;;;;;;;;;32.1;57;;;6674;116;;
GVE;01.03.1903 00:00;-0.2;11.8;5.6;-1.1;-1.9;0;;;;;;;;;;;;;;;;;44.2;71;;;10144;105;;
GVE;01.04.1903 00:00;0.2;11.7;5.9;-4.6;-4.8;-4.2;;;;;;;;;;;;;;;;;66.9;100;;;8372;75;;
GVE;01.05.1903 00:00;6;18.9;12.6;-1.9;-3.1;-1.2;;;;;;;;;;;;;;;;;81.7;104;;;16212;127;;
GVE;01.06.1903 00:00;9.1;21.3;14.7;-3.7;-3.6;-2.9;;;;;;;;;;;;;;;;;75.4;91;;;10232;69;;
GVE;01.07.1903 00:00;11.4;24.4;17.3;-3.3;-3.2;-2.3;;;;;;;;;;;;;;;;;102.5;129;;;15309;95;;
GVE;01.08.1903 00:00;10.6;25.2;17.3;-2.7;-3.6;-1;;;;;;;;;;;;;;;;;136;167;;;15801;109;;
GVE;01.09.1903 00:00;9;20.7;14.2;-1.5;-1.7;-0.4;;;;;;;;;;;;;;;;;20;22;;;10686;97;;
GVE;01.10.1903 00:00;5.2;15.9;10.1;-1.2;-2;0.4;;;;;;;;;;;;;;;;;155.7;161;;;7905;113;;
GVE;01.11.1903 00:00;1;7.9;4.6;-1.4;-1.6;-1.4;;;;;;;;;;;;;;;;;59.2;67;;;2490;63;;
GVE;01.12.1903 00:00;-1.7;1.9;0.2;-2.6;-1.5;-3.7;;;;;;;;;;;;;;;;;83.8;93;;;881;31;;
GVE;01.01.1904 00:00;-3.6;1.7;-0.6;-2.7;-2.5;-3.4;;;;;;;;;;;;;;;;;27;37;;;1248;34;;
GVE;01.02.1904 00:00;-0.8;6.4;2.5;-0.4;0.3;-0.6;;;;;;;;;;;;;;;;;130.5;233;;;4505;78;;
GVE;01.03.1904 00:00;-0.8;9.3;4.2;-2.5;-2.5;-2.5;;;;;;;;;;;;;;;;;23.4;38;;;6658;69;;
GVE;01.04.1904 00:00;4.6;16.2;10.5;0;-0.4;0.3;;;;;;;;;;;;;;;;;33.1;49;;;9918;89;;
GVE;01.05.1904 00:00;7.6;21;14.1;-0.4;-1.5;0.9;;;;;;;;;;;;;;;;;75.9;97;;;13742;108;;
GVE;01.06.1904 00:00;10.5;23.7;17.1;-1.3;-2.2;-0.5;;;;;;;;;;;;;;;;;120.4;145;;;15376;104;;
GVE;01.07.1904 00:00;13.2;29.1;21;0.4;-1.4;2.4;;;;;;;;;;;;;;;;;22;28;;;19849;123;;
GVE;01.08.1904 00:00;12.3;28.3;19.3;-0.7;-1.9;2.1;;;;;;;;;;;;;;;;;61.9;76;;;16705;115;;
GVE;01.09.1904 00:00;7.8;18.2;12.5;-3.2;-2.9;-2.9;;;;;;;;;;;;;;;;;83.3;92;;;6988;63;;
GVE;01.10.1904 00:00;4.7;13.9;9.1;-2.2;-2.5;-1.6;;;;;;;;;;;;;;;;;27.6;29;;;5724;82;;
GVE;01.11.1904 00:00;-0.6;8.1;3.4;-2.6;-3.2;-1.2;;;;;;;;;;;;;;;;;23.1;26;;;5975;152;;
GVE;01.12.1904 00:00;-1.6;3.8;1.2;-1.6;-1.4;-1.8;;;;;;;;;;;;;;;;;57;63;;;2504;87;;
GVE;01.01.1905 00:00;-6.1;1.1;-2.5;-4.6;-5;-4;;;;;;;;;;;;;;;;;26.2;36;;;5067;139;;
GVE;01.02.1905 00:00;-3.8;5.4;0.6;-2.3;-2.7;-1.6;;;;;;;;;;;;;;;;;5.4;10;;;7429;129;;
GVE;01.03.1905 00:00;0.9;11.4;6.1;-0.6;-0.8;-0.4;;;;;;;;;;;;;;;;;92.3;149;;;5964;62;;
GVE;01.04.1905 00:00;3.6;15.9;9.6;-0.9;-1.4;0;;;;;;;;;;;;;;;;;50.5;75;;;9354;84;;
GVE;01.05.1905 00:00;5.7;17.4;11.5;-3;-3.4;-2.7;;;;;;;;;;;;;;;;;69.9;89;;;11591;91;;
GVE;01.06.1905 00:00;10.6;24.4;17.1;-1.3;-2.1;0.2;;;;;;;;;;;;;;;;;36.5;44;;;14181;96;;
GVE;01.07.1905 00:00;13.5;28.8;21.2;0.6;-1.1;2.1;;;;;;;;;;;;;;;;;18;23;;;19654;122;;
GVE;01.08.1905 00:00;12.2;25;17.8;-2.2;-2;-1.2;;;;;;;;;;;;;;;;;188.8;233;;;13622;94;;
GVE;01.09.1905 00:00;9.9;20.3;14.3;-1.4;-0.8;-0.8;;;;;;;;;;;;;;;;;149.9;165;;;7532;68;;
GVE;01.10.1905 00:00;0.6;10.7;5.3;-6;-6.6;-4.8;;;;;;;;;;;;;;;;;40.1;42;;;7674;110;;
GVE;01.11.1905 00:00;0.5;8;4.1;-1.9;-2.1;-1.3;;;;;;;;;;;;;;;;;108.8;123;;;3963;101;;
GVE;01.12.1905 00:00;-1.3;2.8;0.6;-2.2;-1.1;-2.8;;;;;;;;;;;;;;;;;52.8;59;;;1537;53;;
GVE;01.01.1906 00:00;-2.3;4.8;1.2;-0.9;-1.2;-0.3;;;;;;;;;;;;;;;;;49.5;68;;;4354;119;;
GVE;01.02.1906 00:00;-4.1;4.3;-0.3;-3.2;-3;-2.7;;;;;;;;;;;;;;;;;68.3;122;;;5446;95;;
GVE;01.03.1906 00:00;-1.2;9.3;3.7;-3;-2.9;-2.5;;;;;;;;;;;;;;;;;43.5;70;;;9609;99;;
GVE;01.04.1906 00:00;2.9;13.7;8.2;-2.3;-2.1;-2.2;;;;;;;;;;;;;;;;;45.8;68;;;10735;96;;
GVE;01.05.1906 00:00;6.6;19.5;13;-1.5;-2.5;-0.6;;;;;;;;;;;;;;;;;48.2;61;;;14373;113;;
GVE;01.06.1906 00:00;9.9;23.2;16.5;-1.9;-2.8;-1;;;;;;;;;;;;;;;;;41.3;50;;;19311;131;;
GVE;01.07.1906 00:00;11.9;25.9;18.9;-1.7;-2.7;-0.8;;;;;;;;;;;;;;;;;73.5;93;;;17042;106;;
GVE;01.08.1906 00:00;11.8;27.2;19.2;-0.8;-2.4;1;;;;;;;;;;;;;;;;;13.8;17;;;18243;126;;
GVE;01.09.1906 00:00;7.7;22.1;14.3;-1.4;-3;1;;;;;;;;;;;;;;;;;30.8;34;;;13136;119;;
GVE;01.10.1906 00:00;6;17.1;10.9;-0.4;-1.2;1.6;;;;;;;;;;;;;;;;;38.2;40;;;9259;133;;
GVE;01.11.1906 00:00;1.9;9.1;5.5;-0.5;-0.7;-0.2;;;;;;;;;;;;;;;;;78.1;88;;;4017;102;;
GVE;01.12.1906 00:00;-5.4;1.3;-1.8;-4.6;-5.2;-4.3;;;;;;;;;;;;;;;;;57.1;64;;;2956;103;;
GVE;01.01.1907 00:00;-4.1;2.9;-0.5;-2.6;-3;-2.2;;;;;;;;;;;;;;;;;32.5;45;;;2981;82;;
GVE;01.02.1907 00:00;-5.2;2.1;-1.8;-4.7;-4.1;-4.9;;;;;;;;;;;;;;;;;63;113;;;3731;65;;
GVE;01.03.1907 00:00;-2;8.9;3.3;-3.4;-3.7;-2.9;;;;;;;;;;;;;;;;;50.1;81;;;10685;110;;
GVE;01.04.1907 00:00;1.7;13.5;7.3;-3.2;-3.3;-2.4;;;;;;;;;;;;;;;;;76.9;115;;;10782;96;;
GVE;01.05.1907 00:00;6.8;19.4;12.8;-1.7;-2.3;-0.7;;;;;;;;;;;;;;;;;94.4;120;;;10980;86;;
GVE;01.06.1907 00:00;10.1;22.7;15.8;-2.6;-2.6;-1.5;;;;;;;;;;;;;;;;;149;179;;;15191;103;;
GVE;01.07.1907 00:00;10.2;23.7;16.8;-3.8;-4.4;-3;;;;;;;;;;;;;;;;;50;63;;;17100;106;;
GVE;01.08.1907 00:00;11.5;26.5;18.4;-1.6;-2.7;0.3;;;;;;;;;;;;;;;;;85;105;;;17347;120;;
GVE;01.09.1907 00:00;9.4;21.2;14.5;-1.2;-1.3;0.1;;;;;;;;;;;;;;;;;56;62;;;10852;98;;
GVE;01.10.1907 00:00;5.5;15;9.8;-1.5;-1.7;-0.5;;;;;;;;;;;;;;;;;127.9;133;;;5852;84;;
GVE;01.11.1907 00:00;2.3;9.3;5.7;-0.3;-0.3;0;;;;;;;;;;;;;;;;;35.2;40;;;3398;87;;
GVE;01.12.1907 00:00;0.4;7;3.4;0.6;0.6;1.4;;;;;;;;;;;;;;;;;121.9;136;;;3978;138;;
GVE;01.01.1908 00:00;-4.9;0;-2.4;-4.5;-3.8;-5.1;;;;;;;;;;;;;;;;;15.1;21;;;1182;32;;
GVE;01.02.1908 00:00;-2.8;5.4;1.1;-1.8;-1.7;-1.6;;;;;;;;;;;;;;;;;76.9;138;;;5734;100;;
GVE;01.03.1908 00:00;-0.6;8.9;3.9;-2.8;-2.3;-2.9;;;;;;;;;;;;;;;;;43.7;70;;;6455;67;;
GVE;01.04.1908 00:00;1.4;12.6;6.8;-3.7;-3.6;-3.3;;;;;;;;;;;;;;;;;70.1;104;;;10197;91;;
GVE;01.05.1908 00:00;7.5;21.5;14.6;0.1;-1.6;1.4;;;;;;;;;;;;;;;;;104.1;133;;;14624;115;;
GVE;01.06.1908 00:00;10.8;24.6;17.8;-0.6;-1.9;0.4;;;;;;;;;;;;;;;;;81.3;98;;;16578;112;;
GVE;01.07.1908 00:00;11.4;25;18;-2.6;-3.2;-1.7;;;;;;;;;;;;;;;;;46.9;59;;;15882;98;;
GVE;01.08.1908 00:00;10.1;23.7;16.6;-3.4;-4.1;-2.5;;;;;;;;;;;;;;;;;137.1;169;;;15821;109;;
GVE;01.09.1908 00:00;7.8;20.1;13.5;-2.2;-2.9;-1;;;;;;;;;;;;;;;;;99.1;109;;;10402;94;;
GVE;01.10.1908 00:00;4.5;14.1;8.9;-2.4;-2.7;-1.4;;;;;;;;;;;;;;;;;9.6;10;;;7577;109;;
GVE;01.11.1908 00:00;-0.2;6.2;3;-3;-2.8;-3.1;;;;;;;;;;;;;;;;;51.5;58;;;2692;69;;
GVE;01.12.1908 00:00;-2.1;3;0.6;-2.2;-1.9;-2.6;;;;;;;;;;;;;;;;;37.7;42;;;1466;51;;
GVE;01.01.1909 00:00;-5.9;1.6;-1.9;-4;-4.8;-3.5;;;;;;;;;;;;;;;;;29.2;40;;;3253;89;;
GVE;01.02.1909 00:00;-6;2.6;-1.6;-4.5;-4.9;-4.4;;;;;;;;;;;;;;;;;21.2;38;;;6260;109;;
GVE;01.03.1909 00:00;-2.8;6.8;2.1;-4.6;-4.5;-5;;;;;;;;;;;;;;;;;90.7;146;;;6811;70;;
GVE;01.04.1909 00:00;2.9;16.3;9.7;-0.8;-2.1;0.4;;;;;;;;;;;;;;;;;46.2;69;;;14017;125;;
GVE;01.05.1909 00:00;5.7;18.8;12.7;-1.8;-3.4;-1.3;;;;;;;;;;;;;;;;;30.7;39;;;17578;138;;
GVE;01.06.1909 00:00;8.5;21.1;14.5;-3.9;-4.2;-3.1;;;;;;;;;;;;;;;;;109.8;132;;;12379;84;;
GVE;01.07.1909 00:00;9.7;23.1;16.3;-4.3;-4.9;-3.6;;;;;;;;;;;;;;;;;45.3;57;;;14969;93;;
GVE;01.08.1909 00:00;10.9;23.8;17.1;-2.9;-3.3;-2.4;;;;;;;;;;;;;;;;;75.9;93;;;14519;100;;
GVE;01.09.1909 00:00;7.5;19.6;13;-2.7;-3.2;-1.5;;;;;;;;;;;;;;;;;59.5;66;;;9221;84;;
GVE;01.10.1909 00:00;6;15.6;10.3;-1;-1.2;0.1;;;;;;;;;;;;;;;;;132;137;;;6401;92;;
GVE;01.11.1909 00:00;-0.6;6.4;3.2;-2.8;-3.2;-2.9;;;;;;;;;;;;;;;;;58.7;66;;;4293;109;;
GVE;01.12.1909 00:00;0.7;6.6;3.6;0.8;0.9;1;;;;;;;;;;;;;;;;;155.3;173;;;2509;87;;
GVE;01.01.1910 00:00;-2.1;4.3;1.4;-0.7;-1;-0.8;;;;;;;;;;;;;;;;;146.9;202;;;3102;85;;
GVE;01.02.1910 00:00;-1.4;6.8;2.7;-0.2;-0.3;-0.2;;;;;;;;;;;;;;;;;57.4;103;;;5657;98;;
GVE;01.03.1910 00:00;-0.4;9.6;4.4;-2.3;-2.1;-2.2;;;;;;;;;;;;;;;;;58.6;94;;;8840;91;;
GVE;01.04.1910 00:00;2.4;13.7;7.7;-2.8;-2.6;-2.2;;;;;;;;;;;;;;;;;41.4;62;;;8288;74;;
GVE;01.05.1910 00:00;5.6;17.4;11.5;-3;-3.5;-2.7;;;;;;;;;;;;;;;;;23.6;30;;;10677;84;;
GVE;01.06.1910 00:00;10.7;23.3;16.5;-1.9;-2;-0.9;;;;;;;;;;;;;;;;;169.7;204;;;14018;95;;
GVE;01.07.1910 00:00;10.3;22.9;16.2;-4.4;-4.3;-3.8;;;;;;;;;;;;;;;;;128;162;;;13570;84;;
GVE;01.08.1910 00:00;11.1;23.7;16.8;-3.2;-3.1;-2.5;;;;;;;;;;;;;;;;;125.1;154;;;13197;91;;
GVE;01.09.1910 00:00;7.9;17.8;12.4;-3.3;-2.8;-3.3;;;;;;;;;;;;;;;;;45.5;50;;;8060;73;;
GVE;01.10.1910 00:00;5.5;14.8;10;-1.3;-1.7;-0.7;;;;;;;;;;;;;;;;;57.8;60;;;6542;94;;
GVE;01.11.1910 00:00;-0.3;7.8;4.1;-1.9;-2.9;-1.5;;;;;;;;;;;;;;;;;188.1;212;;;4015;102;;
GVE;01.12.1910 00:00;0.3;5.9;3.3;0.5;0.5;0.3;;;;;;;;;;;;;;;;;102.6;114;;;3098;108;;
GVE;01.01.1911 00:00;-5.7;0.6;-2.4;-4.5;-4.6;-4.5;;;;;;;;;;;;;;;;;1.9;3;;;3128;86;;
GVE;01.02.1911 00:00;-3.2;6.7;1.7;-1.2;-2.1;-0.3;;;;;;;;;;;;;;;;;38.8;69;;;7234;126;;
GVE;01.03.1911 00:00;-0.5;10.1;4.6;-2.1;-2.2;-1.7;;;;;;;;;;;;;;;;;50.4;81;;;6697;69;;
GVE;01.04.1911 00:00;1.9;13.6;7.9;-2.6;-3.1;-2.3;;;;;;;;;;;;;;;;;46.5;69;;;11232;100;;
GVE;01.05.1911 00:00;7.2;19.5;13.2;-1.3;-1.9;-0.6;;;;;;;;;;;;;;;;;40.1;51;;;13990;110;;
GVE;01.06.1911 00:00;9.5;22.3;15.9;-2.5;-3.2;-1.9;;;;;;;;;;;;;;;;;83;100;;;14704;100;;
GVE;01.07.1911 00:00;13.2;28.4;21.2;0.6;-1.4;1.7;;;;;;;;;;;;;;;;;4.8;6;;;20498;127;;
GVE;01.08.1911 00:00;13.4;28.7;20.8;0.8;-0.8;2.5;;;;;;;;;;;;;;;;;78.6;97;;;17584;121;;
GVE;01.09.1911 00:00;10.1;23.3;16.2;0.5;-0.6;2.2;;;;;;;;;;;;;;;;;58.7;65;;;11090;100;;
GVE;01.10.1911 00:00;5.3;14.2;9.4;-1.9;-1.9;-1.3;;;;;;;;;;;;;;;;;137.8;143;;;5367;77;;
GVE;01.11.1911 00:00;2.1;10.7;6.5;0.5;-0.5;1.4;;;;;;;;;;;;;;;;;136;153;;;4535;116;;
GVE;01.12.1911 00:00;0;6.2;3.1;0.3;0.2;0.6;;;;;;;;;;;;;;;;;120.5;134;;;2230;77;;
GVE;01.01.1912 00:00;-1.1;4.4;1.7;-0.4;0;-0.7;;;;;;;;;;;;;;;;;63.5;87;;;2833;78;;
GVE;01.02.1912 00:00;-0.7;9.5;4.1;1.2;0.4;2.5;;;;;;;;;;;;;;;;;59.8;107;;;7044;122;;
GVE;01.03.1912 00:00;1.7;13;6.9;0.2;0;1.2;;;;;;;;;;;;;;;;;120.4;194;;;8923;92;;
GVE;01.04.1912 00:00;2.1;14.4;8;-2.5;-2.9;-1.5;;;;;;;;;;;;;;;;;23.5;35;;;13494;121;;
GVE;01.05.1912 00:00;7.5;20.9;14;-0.5;-1.6;0.8;;;;;;;;;;;;;;;;;56.9;72;;;14485;114;;
GVE;01.06.1912 00:00;9.8;22.6;16.1;-2.3;-2.9;-1.6;;;;;;;;;;;;;;;;;87.7;105;;;14440;98;;
GVE;01.07.1912 00:00;10.9;23.8;17.4;-3.2;-3.7;-2.9;;;;;;;;;;;;;;;;;79.3;100;;;13971;87;;
GVE;01.08.1912 00:00;9.6;21.5;14.8;-5.2;-4.6;-4.7;;;;;;;;;;;;;;;;;123.7;152;;;9271;64;;
GVE;01.09.1912 00:00;4.3;15.4;9.8;-5.9;-6.4;-5.7;;;;;;;;;;;;;;;;;15;17;;;8252;75;;
GVE;01.10.1912 00:00;3.7;12.8;8.2;-3.1;-3.5;-2.7;;;;;;;;;;;;;;;;;140.2;145;;;4460;64;;
GVE;01.11.1912 00:00;-1.6;6.1;2.4;-3.6;-4.2;-3.2;;;;;;;;;;;;;;;;;37.5;42;;;5364;137;;
GVE;01.12.1912 00:00;-2.2;4.5;1.2;-1.6;-2;-1.1;;;;;;;;;;;;;;;;;40;44;;;2635;91;;
GVE;01.01.1913 00:00;0;5.2;2.6;0.5;1.1;0.1;;;;;;;;;;;;;;;;;73.3;101;;;1868;51;;
GVE;01.02.1913 00:00;-2.8;6;1;-1.9;-1.7;-1;;;;;;;;;;;;;;;;;30.7;55;;;7240;126;;
GVE;01.03.1913 00:00;1;12.2;6.4;-0.3;-0.7;0.4;;;;;;;;;;;;;;;;;141.8;228;;;8193;85;;
GVE;01.04.1913 00:00;3.7;14.4;8.8;-1.7;-1.3;-1.5;;;;;;;;;;;;;;;;;57.2;85;;;9287;83;;
GVE;01.05.1913 00:00;6;19.5;12.6;-1.9;-3.1;-0.6;;;;;;;;;;;;;;;;;69.1;88;;;13656;107;;
GVE;01.06.1913 00:00;9.9;22.8;16.3;-2.1;-2.8;-1.4;;;;;;;;;;;;;;;;;31.9;38;;;13900;94;;
GVE;01.07.1913 00:00;9.6;22.1;15.6;-5;-5;-4.6;;;;;;;;;;;;;;;;;75.9;96;;;11724;73;;
GVE;01.08.1913 00:00;10.7;23.4;16.8;-3.2;-3.5;-2.8;;;;;;;;;;;;;;;;;51.5;63;;;13856;96;;
GVE;01.09.1913 00:00;8.5;19.2;13.4;-2.3;-2.2;-1.9;;;;;;;;;;;;;;;;;96.3;106;;;8712;79;;
GVE;01.10.1913 00:00;5;14.7;9.6;-1.7;-2.2;-0.8;;;;;;;;;;;;;;;;;85.6;89;;;6910;99;;
GVE;01.11.1913 00:00;3.6;10.8;7.2;1.2;1;1.5;;;;;;;;;;;;;;;;;143.6;162;;;3637;93;;
GVE;01.12.1913 00:00;-2;4.5;1.3;-1.5;-1.8;-1.1;;;;;;;;;;;;;;;;;70.9;79;;;3524;122;;
GVE;01.01.1914 00:00;-6.4;-0.7;-3.4;-5.5;-5.3;-5.8;;;;;;;;;;;;;;;;;16.1;22;;;1712;47;;
GVE;01.02.1914 00:00;-2;5.9;1.9;-1;-0.9;-1.1;;;;;;;;;;;;;;;;;32;57;;;2521;44;;
GVE;01.03.1914 00:00;1;10.8;5.8;-0.9;-0.7;-1;;;;;;;;;;;;;;;;;162;261;;;6176;64;;
GVE;01.04.1914 00:00;4.1;16.7;10.5;0;-0.9;0.8;;;;;;;;;;;;;;;;;87.5;130;;;11020;98;;
GVE;01.05.1914 00:00;6.4;16.8;11.6;-2.9;-2.7;-3.3;;;;;;;;;;;;;;;;;101.1;129;;;9944;78;;
GVE;01.06.1914 00:00;8.9;22.1;15.3;-3.1;-3.8;-2.1;;;;;;;;;;;;;;;;;69.8;84;;;14866;101;;
GVE;01.07.1914 00:00;11.1;22.9;16.6;-4;-3.5;-3.8;;;;;;;;;;;;;;;;;153.4;194;;;13038;81;;
GVE;01.08.1914 00:00;11.5;23.8;17;-3;-2.7;-2.4;;;;;;;;;;;;;;;;;161.6;199;;;12295;85;;
GVE;01.09.1914 00:00;9.2;20.2;13.7;-2;-1.5;-0.9;;;;;;;;;;;;;;;;;32;35;;;9938;90;;
GVE;01.10.1914 00:00;4.3;13.7;8.6;-2.7;-2.9;-1.8;;;;;;;;;;;;;;;;;37;38;;;6743;97;;
GVE;01.11.1914 00:00;0.7;7.1;3.9;-2.1;-1.9;-2.2;;;;;;;;;;;;;;;;;48.2;54;;;3727;95;;
GVE;01.12.1914 00:00;0.7;7.8;4;1.2;0.9;2.2;;;;;;;;;;;;;;;;;158.1;176;;;4513;157;;
GVE;01.01.1915 00:00;-2.1;4.3;1.2;-0.9;-1;-0.8;;;;;;;;;;;;;;;;;82.4;113;;;3777;103;;
GVE;01.02.1915 00:00;-3.3;5.1;0.9;-2;-2.2;-1.9;;;;;;;;;;;;;;;;;91.3;163;;;3898;68;;
GVE;01.03.1915 00:00;-1;9;3.9;-2.8;-2.7;-2.8;;;;;;;;;;;;;;;;;69.5;112;;;7771;80;;
GVE;01.04.1915 00:00;1.6;13;7.6;-2.9;-3.4;-2.9;;;;;;;;;;;;;;;;;72.6;108;;;10714;96;;
GVE;01.05.1915 00:00;9.3;20.8;15.2;0.7;0.2;0.7;;;;;;;;;;;;;;;;;95.9;122;;;11738;92;;
GVE;01.06.1915 00:00;11.9;24.3;18;-0.4;-0.8;0.1;;;;;;;;;;;;;;;;;91.2;110;;;13242;90;;
GVE;01.07.1915 00:00;11.4;24.5;17.7;-2.9;-3.2;-2.2;;;;;;;;;;;;;;;;;94.2;119;;;14984;93;;
GVE;01.08.1915 00:00;9.8;23.5;16.6;-3.4;-4.4;-2.7;;;;;;;;;;;;;;;;;102.1;126;;;15203;105;;
GVE;01.09.1915 00:00;7;18.6;12.4;-3.3;-3.7;-2.5;;;;;;;;;;;;;;;;;74.1;82;;;8668;79;;
GVE;01.10.1915 00:00;3.2;11.7;7.4;-3.9;-4;-3.8;;;;;;;;;;;;;;;;;43;45;;;4375;63;;
GVE;01.11.1915 00:00;-0.5;5.5;2.7;-3.3;-3.1;-3.8;;;;;;;;;;;;;;;;;121.7;137;;;3170;81;;
GVE;01.12.1915 00:00;2.9;8.8;5.6;2.8;3.1;3.2;;;;;;;;;;;;;;;;;64.5;72;;;2446;85;;
GVE;01.01.1916 00:00;-1.2;6.6;2.2;0.1;-0.1;1.5;;;;;;;;;;;;;;;;;12.7;17;;;4306;118;;
GVE;01.02.1916 00:00;-1.6;6.2;2;-0.9;-0.5;-0.8;;;;;;;;;;;;;;;;;102.5;183;;;2846;49;;
GVE;01.03.1916 00:00;0.5;9.2;4.4;-2.3;-1.2;-2.6;;;;;;;;;;;;;;;;;84.7;136;;;4029;42;;
GVE;01.04.1916 00:00;3.2;14.4;8.5;-2;-1.8;-1.5;;;;;;;;;;;;;;;;;105.9;158;;;9392;84;;
GVE;01.05.1916 00:00;7.5;19.8;13.8;-0.7;-1.6;-0.3;;;;;;;;;;;;;;;;;76.8;98;;;12719;100;;
GVE;01.06.1916 00:00;8.7;20.9;14.4;-4;-4;-3.3;;;;;;;;;;;;;;;;;118.3;142;;;12363;84;;
GVE;01.07.1916 00:00;11.4;23.5;17.3;-3.3;-3.2;-3.2;;;;;;;;;;;;;;;;;74.2;94;;;13855;86;;
GVE;01.08.1916 00:00;11.3;24.3;17.3;-2.7;-2.9;-1.9;;;;;;;;;;;;;;;;;88.8;109;;;14109;97;;
GVE;01.09.1916 00:00;7;18;12.1;-3.6;-3.7;-3.1;;;;;;;;;;;;;;;;;61.6;68;;;9014;82;;
GVE;01.10.1916 00:00;4.4;14.8;9.2;-2.1;-2.8;-0.7;;;;;;;;;;;;;;;;;117.8;122;;;7293;105;;
GVE;01.11.1916 00:00;1.5;8.4;4.7;-1.3;-1.1;-0.9;;;;;;;;;;;;;;;;;171;193;;;3658;93;;
GVE;01.12.1916 00:00;-1.3;5;2;-0.8;-1.1;-0.6;;;;;;;;;;;;;;;;;193.8;216;;;1520;53;;
GVE;01.01.1917 00:00;-4.2;1.5;-1.5;-3.6;-3.1;-3.6;;;;;;;;;;;;;;;;;44.2;61;;;2158;59;;
GVE;01.02.1917 00:00;-6.1;2.5;-1.8;-4.7;-5;-4.5;;;;;;;;;;;;;;;;;24.3;43;;;3883;67;;
GVE;01.03.1917 00:00;-2;7.1;2.5;-4.2;-3.7;-4.7;;;;;;;;;;;;;;;;;138.1;222;;;5916;61;;
GVE;01.04.1917 00:00;0.8;11.6;6.1;-4.4;-4.2;-4.3;;;;;;;;;;;;;;;;;75.4;112;;;10867;97;;
GVE;01.05.1917 00:00;10;21.5;15.5;1;0.9;1.4;;;;;;;;;;;;;;;;;95.2;121;;;10461;82;;
GVE;01.06.1917 00:00;11.7;25.2;18.3;-0.1;-1;1;;;;;;;;;;;;;;;;;49.7;60;;;16527;112;;
GVE;01.07.1917 00:00;12.2;25.1;18.2;-2.4;-2.4;-1.6;;;;;;;;;;;;;;;;;119.6;151;;;15845;98;;
GVE;01.08.1917 00:00;10.7;23.8;16.4;-3.6;-3.5;-2.4;;;;;;;;;;;;;;;;;193.3;238;;;12797;88;;
GVE;01.09.1917 00:00;10.3;22.9;15.9;0.2;-0.4;1.8;;;;;;;;;;;;;;;;;51.5;57;;;12767;116;;
GVE;01.10.1917 00:00;2.7;12.8;7.5;-3.8;-4.5;-2.7;;;;;;;;;;;;;;;;;173.6;180;;;5599;80;;
GVE;01.11.1917 00:00;0.1;7.7;4;-2;-2.5;-1.6;;;;;;;;;;;;;;;;;51.5;58;;;4724;120;;
GVE;01.12.1917 00:00;-5.2;-0.1;-2.7;-5.5;-5;-5.7;;;;;;;;;;;;;;;;;13;14;;;3008;104;;
GVE;01.01.1918 00:00;-3.5;4.2;0.3;-1.8;-2.4;-0.9;;;;;;;;;;;;;;;;;51.3;70;;;3201;88;;
GVE;01.02.1918 00:00;-3.5;6.4;1.1;-1.8;-2.4;-0.6;;;;;;;;;;;;;;;;;10;18;;;6203;108;;
GVE;01.03.1918 00:00;-1.2;10.2;4.1;-2.6;-2.9;-1.6;;;;;;;;;;;;;;;;;47;76;;;11534;119;;
GVE;01.04.1918 00:00;3.2;13.7;8;-2.5;-1.8;-2.2;;;;;;;;;;;;;;;;;105.9;158;;;7046;63;;
GVE;01.05.1918 00:00;8.4;20.8;14.5;0;-0.7;0.7;;;;;;;;;;;;;;;;;17.3;22;;;16425;129;;
GVE;01.06.1918 00:00;8.3;21.5;14.7;-3.7;-4.4;-2.7;;;;;;;;;;;;;;;;;155.1;186;;;15659;106;;
GVE;01.07.1918 00:00;11.5;25.4;18;-2.6;-3.1;-1.3;;;;;;;;;;;;;;;;;64.8;82;;;17971;111;;
GVE;01.08.1918 00:00;11.4;25.5;17.9;-2.1;-2.8;-0.7;;;;;;;;;;;;;;;;;33.3;41;;;16222;112;;
GVE;01.09.1918 00:00;9.3;21.7;14.6;-1.1;-1.4;0.6;;;;;;;;;;;;;;;;;180.1;199;;;8747;79;;
GVE;01.10.1918 00:00;3.2;12.3;7.5;-3.8;-4;-3.2;;;;;;;;;;;;;;;;;60.9;63;;;7328;105;;
GVE;01.11.1918 00:00;1.6;7.5;4.7;-1.3;-1;-1.8;;;;;;;;;;;;;;;;;76.8;87;;;1842;47;;
GVE;01.12.1918 00:00;1.1;6.7;3.8;1;1.3;1.1;;;;;;;;;;;;;;;;;154.4;172;;;2346;81;;
GVE;01.01.1919 00:00;-2.1;3.8;0.9;-1.2;-1;-1.3;;;;;;;;;;;;;;;;;53.7;74;;;2890;79;;
GVE;01.02.1919 00:00;-2.5;5.4;1.2;-1.7;-1.4;-1.6;;;;;;;;;;;;;;;;;105.6;189;;;3269;57;;
GVE;01.03.1919 00:00;0.6;9.6;4.7;-2;-1.1;-2.2;;;;;;;;;;;;;;;;;146.9;237;;;6333;65;;
GVE;01.04.1919 00:00;1.4;10.6;5.9;-4.6;-3.6;-5.3;;;;;;;;;;;;;;;;;81.8;122;;;7706;69;;
GVE;01.05.1919 00:00;6.4;19.3;13.1;-1.4;-2.7;-0.8;;;;;;;;;;;;;;;;;21.5;27;;;16651;131;;
GVE;01.06.1919 00:00;10.2;23.9;16.9;-1.5;-2.5;-0.3;;;;;;;;;;;;;;;;;41.8;50;;;17039;116;;
GVE;01.07.1919 00:00;9.6;22.1;15.5;-5.1;-5;-4.6;;;;;;;;;;;;;;;;;95;120;;;14700;91;;
GVE;01.08.1919 00:00;12.1;28.2;19.9;-0.1;-2.1;2;;;;;;;;;;;;;;;;;42.8;53;;;17529;121;;
GVE;01.09.1919 00:00;10.4;23.1;16;0.3;-0.3;2;;;;;;;;;;;;;;;;;104.4;115;;;12302;111;;
GVE;01.10.1919 00:00;2.3;11.1;6.3;-5;-4.9;-4.4;;;;;;;;;;;;;;;;;48.8;51;;;5614;80;;
GVE;01.11.1919 00:00;-0.4;6.2;2.9;-3.1;-3;-3.1;;;;;;;;;;;;;;;;;139.5;157;;;2966;76;;
GVE;01.12.1919 00:00;-0.5;5.9;2.7;-0.1;-0.3;0.3;;;;;;;;;;;;;;;;;137;152;;;2824;98;;
GVE;01.01.1920 00:00;-0.4;7;3.1;1;0.7;1.9;;;;;;;;;;;;;;;;;58.5;80;;;4451;122;;
GVE;01.02.1920 00:00;-2.2;8.6;2.6;-0.3;-1.1;1.6;;;;;;;;;;;;;;;;;3.4;6;;;8065;140;;
GVE;01.03.1920 00:00;1.1;12.5;6.3;-0.4;-0.6;0.7;;;;;;;;;;;;;;;;;100.1;161;;;9965;103;;
GVE;01.04.1920 00:00;4.1;15.1;9.3;-1.2;-0.9;-0.8;;;;;;;;;;;;;;;;;120.4;179;;;8732;78;;
GVE;01.05.1920 00:00;9.9;22.1;16;1.5;0.8;2;;;;;;;;;;;;;;;;;44;56;;;13074;103;;
GVE;01.06.1920 00:00;10;23.2;16.6;-1.8;-2.7;-1;;;;;;;;;;;;;;;;;89.2;107;;;15292;104;;
GVE;01.07.1920 00:00;11.5;25.2;18.3;-2.3;-3.1;-1.5;;;;;;;;;;;;;;;;;73.3;93;;;16573;103;;
GVE;01.08.1920 00:00;9.9;23.3;16.5;-3.5;-4.3;-2.9;;;;;;;;;;;;;;;;;63.3;78;;;15087;104;;
GVE;01.09.1920 00:00;9;20.6;14.2;-1.5;-1.7;-0.5;;;;;;;;;;;;;;;;;182.5;201;;;8198;74;;
GVE;01.10.1920 00:00;6.6;13.4;9.6;-1.7;-0.6;-2.1;;;;;;;;;;;;;;;;;64.8;67;;;3225;46;;
GVE;01.11.1920 00:00;0.6;7.7;4.1;-1.9;-2;-1.6;;;;;;;;;;;;;;;;;12;14;;;2798;71;;
GVE;01.12.1920 00:00;-1.7;4.3;1.4;-1.4;-1.5;-1.3;;;;;;;;;;;;;;;;;31.7;35;;;1089;38;;
GVE;01.01.1921 00:00;-0.3;7.7;3.4;1.3;0.8;2.6;;;;;;;;;;;;;;;;;41.3;57;;;4659;128;;
GVE;01.02.1921 00:00;-3.3;6.2;1.2;-1.7;-2.2;-0.8;;;;;;;;;;;;;;;;;14;25;;;7600;132;;
GVE;01.03.1921 00:00;-0.3;12.7;5.9;-0.8;-2;0.9;;;;;;;;;;;;;;;;;18.1;29;;;12222;126;;
GVE;01.04.1921 00:00;1.8;13.8;7.8;-2.7;-3.2;-2.1;;;;;;;;;;;;;;;;;18.3;27;;;13077;117;;
GVE;01.05.1921 00:00;8;20.6;14.1;-0.4;-1.1;0.5;;;;;;;;;;;;;;;;;91.2;116;;;12105;95;;
GVE;01.06.1921 00:00;10.8;24.4;17.8;-0.6;-1.9;0.2;;;;;;;;;;;;;;;;;25.1;30;;;18097;123;;
GVE;01.07.1921 00:00;13.2;28.6;21.2;0.6;-1.4;1.9;;;;;;;;;;;;;;;;;64.4;81;;;19200;119;;
GVE;01.08.1921 00:00;11.5;25.9;18.1;-1.9;-2.7;-0.3;;;;;;;;;;;;;;;;;110.3;136;;;13618;94;;
GVE;01.09.1921 00:00;10.4;22.2;15.6;-0.1;-0.3;1.1;;;;;;;;;;;;;;;;;33.1;36;;;10655;97;;
GVE;01.10.1921 00:00;6.3;18;11.3;0;-0.9;2.5;;;;;;;;;;;;;;;;;14.4;15;;;11047;158;;
GVE;01.11.1921 00:00;-0.8;5.2;2.4;-3.6;-3.4;-4.1;;;;;;;;;;;;;;;;;14.2;16;;;2593;66;;
GVE;01.12.1921 00:00;-2;4.9;1.5;-1.3;-1.8;-0.7;;;;;;;;;;;;;;;;;14.9;17;;;3440;119;;
GVE;01.01.1922 00:00;-3.2;3.3;0.1;-2;-2.1;-1.8;;;;;;;;;;;;;;;;;145.6;200;;;1977;54;;
GVE;01.02.1922 00:00;-2.4;6.4;1.8;-1.1;-1.3;-0.6;;;;;;;;;;;;;;;;;66.5;119;;;5785;100;;
GVE;01.03.1922 00:00;0.2;10.9;5.3;-1.4;-1.5;-0.9;;;;;;;;;;;;;;;;;88.8;143;;;6671;69;;
GVE;01.04.1922 00:00;2;12.4;7.1;-3.4;-3;-3.5;;;;;;;;;;;;;;;;;243.8;363;;;4990;45;;
GVE;01.05.1922 00:00;8.4;22.3;15.6;1.1;-0.7;2.2;;;;;;;;;;;;;;;;;22.3;28;;;16727;132;;
GVE;01.06.1922 00:00;11.2;24;17.4;-1;-1.5;-0.2;;;;;;;;;;;;;;;;;84.1;101;;;15119;103;;
GVE;01.07.1922 00:00;9.9;24;17;-3.6;-4.7;-2.7;;;;;;;;;;;;;;;;;130.6;165;;;15961;99;;
GVE;01.08.1922 00:00;10.9;24.4;17.1;-2.9;-3.3;-1.8;;;;;;;;;;;;;;;;;112.7;139;;;13668;94;;
GVE;01.09.1922 00:00;7;17.8;12.1;-3.6;-3.7;-3.3;;;;;;;;;;;;;;;;;53.6;59;;;9182;83;;
GVE;01.10.1922 00:00;3.9;12.1;7.8;-3.5;-3.3;-3.4;;;;;;;;;;;;;;;;;109.3;113;;;4218;60;;
GVE;01.11.1922 00:00;-0.7;6.3;3.1;-2.9;-3.3;-3;;;;;;;;;;;;;;;;;67.7;76;;;3910;100;;
GVE;01.12.1922 00:00;-2.3;4.1;1.1;-1.7;-2.1;-1.5;;;;;;;;;;;;;;;;;145;161;;;3108;108;;
GVE;01.01.1923 00:00;-2.9;3.1;0.4;-1.7;-1.8;-2;;;;;;;;;;;;;;;;;20.6;28;;;3886;106;;
GVE;01.02.1923 00:00;-0.7;7.4;3.3;0.4;0.4;0.4;;;;;;;;;;;;;;;;;91.8;164;;;2537;44;;
GVE;01.03.1923 00:00;1;10.4;5.6;-1.1;-0.7;-1.4;;;;;;;;;;;;;;;;;53;85;;;6588;68;;
GVE;01.04.1923 00:00;3.2;14.5;8.8;-1.7;-1.8;-1.4;;;;;;;;;;;;;;;;;113.4;169;;;9488;85;;
GVE;01.05.1923 00:00;6;19;12.8;-1.7;-3.1;-1.1;;;;;;;;;;;;;;;;;134.8;172;;;13909;109;;
GVE;01.06.1923 00:00;7.4;20.1;13.8;-4.6;-5.3;-4.1;;;;;;;;;;;;;;;;;36.2;44;;;14665;99;;
GVE;01.07.1923 00:00;13.7;27.5;20.9;0.3;-0.9;0.8;;;;;;;;;;;;;;;;;75.4;95;;;17549;109;;
GVE;01.08.1923 00:00;12;26.8;19.2;-0.8;-2.2;0.6;;;;;;;;;;;;;;;;;88.8;109;;;16389;113;;
GVE;01.09.1923 00:00;8.2;20.3;14;-1.7;-2.5;-0.8;;;;;;;;;;;;;;;;;89.4;99;;;11387;103;;
GVE;01.10.1923 00:00;6.7;16.6;11.2;-0.1;-0.5;1.1;;;;;;;;;;;;;;;;;176.6;183;;;5257;75;;
GVE;01.11.1923 00:00;0.5;7.3;4.1;-1.9;-2.1;-2;;;;;;;;;;;;;;;;;192.9;218;;;2771;71;;
GVE;01.12.1923 00:00;-0.9;4.4;1.8;-1;-0.7;-1.2;;;;;;;;;;;;;;;;;153.2;170;;;2225;77;;
GVE;01.01.1924 00:00;-3.4;2.7;-0.1;-2.2;-2.3;-2.4;;;;;;;;;;;;;;;;;33.7;46;;;4322;118;;
GVE;01.02.1924 00:00;-4.7;2.7;-0.9;-3.8;-3.6;-4.3;;;;;;;;;;;;;;;;;24.2;43;;;4997;87;;
GVE;01.03.1924 00:00;-0.5;10.3;4.8;-1.9;-2.2;-1.5;;;;;;;;;;;;;;;;;43.9;71;;;9820;102;;
GVE;01.04.1924 00:00;3.6;14.8;9.3;-1.2;-1.4;-1.1;;;;;;;;;;;;;;;;;68.2;102;;;9720;87;;
GVE;01.05.1924 00:00;8.7;20.7;14.6;0.1;-0.4;0.6;;;;;;;;;;;;;;;;;133.5;170;;;13381;105;;
GVE;01.06.1924 00:00;10.5;23;16.6;-1.8;-2.2;-1.2;;;;;;;;;;;;;;;;;74.4;89;;;15464;105;;
GVE;01.07.1924 00:00;12.3;24.8;18.3;-2.3;-2.3;-1.9;;;;;;;;;;;;;;;;;77;97;;;13708;85;;
GVE;01.08.1924 00:00;10;21.2;14.8;-5.2;-4.2;-5;;;;;;;;;;;;;;;;;84.7;104;;;10163;70;;
GVE;01.09.1924 00:00;8.6;20.3;14.2;-1.5;-2.1;-0.8;;;;;;;;;;;;;;;;;178.5;197;;;9879;89;;
GVE;01.10.1924 00:00;4.7;14.6;9.3;-2;-2.5;-0.9;;;;;;;;;;;;;;;;;76.5;79;;;7192;103;;
GVE;01.11.1924 00:00;2.2;8.1;5.2;-0.8;-0.4;-1.2;;;;;;;;;;;;;;;;;4.6;5;;;2467;63;;
GVE;01.12.1924 00:00;-1.7;3.3;1;-1.8;-1.5;-2.3;;;;;;;;;;;;;;;;;19.9;22;;;1646;57;;
GVE;01.01.1925 00:00;-1.4;4.9;1.8;-0.3;-0.3;-0.2;;;;;;;;;;;;;;;;;22.7;31;;;2776;76;;
GVE;01.02.1925 00:00;-1.2;8.8;3.5;0.6;-0.1;1.8;;;;;;;;;;;;;;;;;86.5;155;;;6842;119;;
GVE;01.03.1925 00:00;-2;7.4;2.7;-4;-3.7;-4.4;;;;;;;;;;;;;;;;;9.2;15;;;7177;74;;
GVE;01.04.1925 00:00;3.4;14.6;8.8;-1.7;-1.6;-1.3;;;;;;;;;;;;;;;;;49.8;74;;;8642;77;;
GVE;01.05.1925 00:00;7.3;19.2;13;-1.5;-1.8;-0.9;;;;;;;;;;;;;;;;;96.2;123;;;12686;100;;
GVE;01.06.1925 00:00;10.8;24.1;17.5;-0.9;-1.9;-0.1;;;;;;;;;;;;;;;;;29.1;35;;;18426;125;;
GVE;01.07.1925 00:00;11.7;24.6;17.7;-2.9;-2.9;-2.1;;;;;;;;;;;;;;;;;75.8;96;;;13760;85;;
GVE;01.08.1925 00:00;11.4;24;17.3;-2.7;-2.8;-2.2;;;;;;;;;;;;;;;;;125.9;155;;;14302;99;;
GVE;01.09.1925 00:00;7.2;18.8;12.5;-3.2;-3.5;-2.3;;;;;;;;;;;;;;;;;108.6;120;;;10641;96;;
GVE;01.10.1925 00:00;5.3;15.5;10.1;-1.2;-1.9;0;;;;;;;;;;;;;;;;;30.9;32;;;7928;114;;
GVE;01.11.1925 00:00;0.1;6.2;3.3;-2.7;-2.5;-3.1;;;;;;;;;;;;;;;;;59;67;;;2651;68;;
GVE;01.12.1925 00:00;-1.7;5;1.9;-0.9;-1.5;-0.6;;;;;;;;;;;;;;;;;108.1;120;;;2940;102;;
GVE;01.01.1926 00:00;-3.6;4.3;0.5;-1.6;-2.5;-0.8;;;;;;;;;;;;;;;;;84.5;116;;;3824;105;;
GVE;01.02.1926 00:00;1.1;9.7;5;2.1;2.2;2.7;;;;;;;;;;;;;;;;;97.5;174;;;4929;86;;
GVE;01.03.1926 00:00;0.7;10.5;5.4;-1.3;-1;-1.3;;;;;;;;;;;;;;;;;67.4;109;;;7943;82;;
GVE;01.04.1926 00:00;3.7;16;9.8;-0.7;-1.3;0.1;;;;;;;;;;;;;;;;;58.3;87;;;10820;97;;
GVE;01.05.1926 00:00;5.2;17.3;11.3;-3.2;-3.9;-2.8;;;;;;;;;;;;;;;;;140.9;179;;;11006;87;;
GVE;01.06.1926 00:00;8.6;20.6;14.2;-4.2;-4.1;-3.6;;;;;;;;;;;;;;;;;48.3;58;;;11527;78;;
GVE;01.07.1926 00:00;11.9;24;17.9;-2.7;-2.7;-2.7;;;;;;;;;;;;;;;;;66.5;84;;;14055;87;;
GVE;01.08.1926 00:00;11.6;25;18;-2;-2.6;-1.2;;;;;;;;;;;;;;;;;62.4;77;;;15670;108;;
GVE;01.09.1926 00:00;10.2;23.4;16.5;0.8;-0.5;2.3;;;;;;;;;;;;;;;;;58.3;64;;;13171;119;;
GVE;01.10.1926 00:00;6.1;15.5;10.5;-0.8;-1.1;0;;;;;;;;;;;;;;;;;186.5;193;;;6813;98;;
GVE;01.11.1926 00:00;2.7;10.6;6.7;0.7;0.1;1.3;;;;;;;;;;;;;;;;;104.7;118;;;4577;117;;
GVE;01.12.1926 00:00;-2.8;1.8;-0.3;-3.1;-2.6;-3.8;;;;;;;;;;;;;;;;;8.9;10;;;1378;48;;
GVE;01.01.1927 00:00;-2;4.4;1.2;-0.9;-0.9;-0.7;;;;;;;;;;;;;;;;;52.8;73;;;2635;72;;
GVE;01.02.1927 00:00;-3.1;5.7;1.1;-1.8;-2;-1.3;;;;;;;;;;;;;;;;;44;79;;;6353;110;;
GVE;01.03.1927 00:00;1.1;11.1;5.7;-1;-0.6;-0.7;;;;;;;;;;;;;;;;;105.6;170;;;6802;70;;
GVE;01.04.1927 00:00;4.1;16;9.8;-0.7;-0.9;0.1;;;;;;;;;;;;;;;;;61;91;;;10185;91;;
GVE;01.05.1927 00:00;8;20.7;14.4;-0.1;-1.1;0.6;;;;;;;;;;;;;;;;;81.1;103;;;15665;123;;
GVE;01.06.1927 00:00;10.4;23.5;16.6;-1.8;-2.3;-0.7;;;;;;;;;;;;;;;;;140.1;168;;;14067;95;;
GVE;01.07.1927 00:00;12.1;25.4;18.3;-2.3;-2.5;-1.3;;;;;;;;;;;;;;;;;58.7;74;;;14963;93;;
GVE;01.08.1927 00:00;11.5;23.1;16.7;-3.3;-2.7;-3.1;;;;;;;;;;;;;;;;;262.8;324;;;11490;79;;
GVE;01.09.1927 00:00;9.4;20.1;14.1;-1.6;-1.3;-1;;;;;;;;;;;;;;;;;163.9;181;;;8361;76;;
GVE;01.10.1927 00:00;3.9;13.9;8.8;-2.5;-3.3;-1.6;;;;;;;;;;;;;;;;;21.4;22;;;8447;121;;
GVE;01.11.1927 00:00;1.4;8.2;4.8;-1.2;-1.2;-1.1;;;;;;;;;;;;;;;;;65.2;74;;;3538;90;;
GVE;01.12.1927 00:00;-0.7;3.2;1.4;-1.4;-0.5;-2.4;;;;;;;;;;;;;;;;;51.4;57;;;1283;45;;
GVE;01.01.1928 00:00;-1.4;5.7;2.1;0;-0.3;0.6;;;;;;;;;;;;;;;;;59;81;;;4622;126;;
GVE;01.02.1928 00:00;-1.9;7.9;2.9;0;-0.8;0.9;;;;;;;;;;;;;;;;;76.9;138;;;7286;127;;
GVE;01.03.1928 00:00;1.7;11.4;6.1;-0.6;0;-0.4;;;;;;;;;;;;;;;;;67.4;109;;;5952;62;;
GVE;01.04.1928 00:00;2.8;13.9;8.5;-2;-2.2;-2;;;;;;;;;;;;;;;;;68.7;102;;;9614;86;;
GVE;01.05.1928 00:00;5.6;17.7;11.4;-3.1;-3.5;-2.4;;;;;;;;;;;;;;;;;83.9;107;;;13322;105;;
GVE;01.06.1928 00:00;10.5;23.7;17.2;-1.2;-2.2;-0.5;;;;;;;;;;;;;;;;;82.2;99;;;14920;101;;
GVE;01.07.1928 00:00;14.7;29.7;22.3;1.7;0.1;3;;;;;;;;;;;;;;;;;1.9;2;;;19665;122;;
GVE;01.08.1928 00:00;13.9;27.4;20.3;0.3;-0.3;1.2;;;;;;;;;;;;;;;;;154.1;190;;;14170;98;;
GVE;01.09.1928 00:00;10.1;20;14.6;-1.1;-0.6;-1.1;;;;;;;;;;;;;;;;;108.7;120;;;9058;82;;
GVE;01.10.1928 00:00;4.2;14.5;9;-2.3;-3;-1;;;;;;;;;;;;;;;;;222.4;230;;;7046;101;;
GVE;01.11.1928 00:00;2.6;10.3;6.3;0.3;0;1;;;;;;;;;;;;;;;;;80.1;90;;;3737;95;;
GVE;01.12.1928 00:00;-1.4;3.4;1.2;-1.6;-1.2;-2.2;;;;;;;;;;;;;;;;;74.2;83;;;2751;96;;
GVE;01.01.1929 00:00;-6.4;-0.3;-3.1;-5.2;-5.3;-5.4;;;;;;;;;;;;;;;;;7.1;10;;;3984;109;;
GVE;01.02.1929 00:00;-8.9;0.7;-4.4;-7.3;-7.8;-6.3;;;;;;;;;;;;;;;;;12.3;22;;;5048;88;;
GVE;01.03.1929 00:00;-1.6;10.3;4.3;-2.4;-3.3;-1.5;;;;;;;;;;;;;;;;;0.9;1;;;11722;121;;
GVE;01.04.1929 00:00;1.4;13.3;7.2;-3.3;-3.6;-2.6;;;;;;;;;;;;;;;;;68.7;102;;;10846;97;;
GVE;01.05.1929 00:00;7;19.9;13.6;-0.9;-2.1;-0.2;;;;;;;;;;;;;;;;;74.6;95;;;14793;116;;
GVE;01.06.1929 00:00;11.5;24;17.7;-0.7;-1.2;-0.2;;;;;;;;;;;;;;;;;85.2;102;;;14719;100;;
GVE;01.07.1929 00:00;12.9;25.9;19.5;-1.1;-1.7;-0.8;;;;;;;;;;;;;;;;;66.3;84;;;17248;107;;
GVE;01.08.1929 00:00;12.2;23.8;17.8;-2.2;-2;-2.4;;;;;;;;;;;;;;;;;86.9;107;;;13293;92;;
GVE;01.09.1929 00:00;11.2;24.2;16.9;1.2;0.5;3.1;;;;;;;;;;;;;;;;;49.6;55;;;13196;120;;
GVE;01.10.1929 00:00;5.6;15.8;10.2;-1.1;-1.6;0.3;;;;;;;;;;;;;;;;;74.1;77;;;6390;92;;
GVE;01.11.1929 00:00;0.9;8.4;4.8;-1.2;-1.7;-0.9;;;;;;;;;;;;;;;;;66.9;76;;;3973;101;;
GVE;01.12.1929 00:00;0.6;7.7;4.3;1.5;0.8;2.1;;;;;;;;;;;;;;;;;119.2;133;;;4770;166;;
GVE;01.01.1930 00:00;-0.9;5.3;2.2;0.1;0.2;0.2;;;;;;;;;;;;;;;;;64.8;89;;;3486;95;;
GVE;01.02.1930 00:00;-1.9;5.2;1.5;-1.4;-0.8;-1.8;;;;;;;;;;;;;;;;;30.5;55;;;5074;88;;
GVE;01.03.1930 00:00;1.1;11.5;5.9;-0.8;-0.6;-0.3;;;;;;;;;;;;;;;;;82.2;132;;;7385;76;;
GVE;01.04.1930 00:00;4;14.8;9.4;-1.1;-1;-1.1;;;;;;;;;;;;;;;;;94;140;;;8911;80;;
GVE;01.05.1930 00:00;6.4;17.1;11.8;-2.7;-2.7;-3;;;;;;;;;;;;;;;;;148;189;;;9433;74;;
GVE;01.06.1930 00:00;13;25.7;19;0.6;0.3;1.5;;;;;;;;;;;;;;;;;82.9;100;;;14499;98;;
GVE;01.07.1930 00:00;11.7;24;17.5;-3.1;-2.9;-2.7;;;;;;;;;;;;;;;;;213.7;270;;;13349;83;;
GVE;01.08.1930 00:00;12.4;24.2;17.9;-2.1;-1.8;-2;;;;;;;;;;;;;;;;;113.2;139;;;13810;95;;
GVE;01.09.1930 00:00;10.5;21.5;15.5;-0.2;-0.2;0.4;;;;;;;;;;;;;;;;;141.9;156;;;9899;90;;
GVE;01.10.1930 00:00;5.2;13.8;9.4;-1.9;-2;-1.7;;;;;;;;;;;;;;;;;118.2;122;;;4506;65;;
GVE;01.11.1930 00:00;2.8;11.2;7.2;1.2;0.2;1.9;;;;;;;;;;;;;;;;;102.4;116;;;5154;131;;
GVE;01.12.1930 00:00;-0.2;4.4;2.3;-0.5;0;-1.2;;;;;;;;;;;;;;;;;76.5;85;;;2267;79;;
GVE;01.01.1931 00:00;-1.7;4.6;1.6;-0.5;-0.6;-0.5;;;;;;;;;;;;;;;;;60;82;;;3367;92;;
GVE;01.02.1931 00:00;-3.7;4.1;0.5;-2.4;-2.6;-2.9;;;;;;;;;;;;;;;;;27;48;;;5285;92;;
GVE;01.03.1931 00:00;-1.6;7.8;3.4;-3.3;-3.3;-4;;;;;;;;;;;;;;;;;96.7;156;;;8079;84;;
GVE;01.04.1931 00:00;2.8;14.1;8.3;-2.2;-2.2;-1.8;;;;;;;;;;;;;;;;;45.6;68;;;10920;98;;
GVE;01.05.1931 00:00;8.8;21.3;15;0.5;-0.3;1.2;;;;;;;;;;;;;;;;;67.9;86;;;14098;111;;
GVE;01.06.1931 00:00;12.6;26.6;19.2;0.8;-0.1;2.4;;;;;;;;;;;;;;;;;31.9;38;;;17142;116;;
GVE;01.07.1931 00:00;11.5;24.3;17.7;-2.9;-3.1;-2.4;;;;;;;;;;;;;;;;;104.4;132;;;13629;84;;
GVE;01.08.1931 00:00;11.4;22;16;-4;-2.8;-4.2;;;;;;;;;;;;;;;;;179.9;222;;;10213;70;;
GVE;01.09.1931 00:00;6;16.1;10.7;-5;-4.7;-5;;;;;;;;;;;;;;;;;110.2;121;;;9993;91;;
GVE;01.10.1931 00:00;3.4;13.9;8.4;-2.9;-3.8;-1.6;;;;;;;;;;;;;;;;;107.6;112;;;9167;131;;
GVE;01.11.1931 00:00;2.8;9.5;6.3;0.3;0.2;0.2;;;;;;;;;;;;;;;;;49.3;56;;;3076;78;;
GVE;01.12.1931 00:00;-2.4;2.4;0.3;-2.5;-2.2;-3.2;;;;;;;;;;;;;;;;;39.2;44;;;3250;113;;
GVE;01.01.1932 00:00;-2.2;3.4;0.8;-1.3;-1.1;-1.7;;;;;;;;;;;;;;;;;33;45;;;1883;52;;
GVE;01.02.1932 00:00;-6.2;2.1;-1.9;-4.8;-5.1;-4.9;;;;;;;;;;;;;;;;;2;4;;;7013;122;;
GVE;01.03.1932 00:00;-1.1;7.9;3.6;-3.1;-2.8;-3.9;;;;;;;;;;;;;;;;;92;148;;;6364;66;;
GVE;01.04.1932 00:00;2;12.7;7.4;-3.1;-3;-3.2;;;;;;;;;;;;;;;;;60.5;90;;;9297;83;;
GVE;01.05.1932 00:00;6.4;17.7;11.9;-2.6;-2.7;-2.4;;;;;;;;;;;;;;;;;167.5;213;;;10548;83;;
GVE;01.06.1932 00:00;10.1;22.3;16;-2.4;-2.6;-1.9;;;;;;;;;;;;;;;;;56;67;;;13382;91;;
GVE;01.07.1932 00:00;12;23;17.3;-3.3;-2.6;-3.7;;;;;;;;;;;;;;;;;143.6;181;;;10220;63;;
GVE;01.08.1932 00:00;14.1;26.5;20.1;0.1;-0.1;0.3;;;;;;;;;;;;;;;;;65.5;81;;;15315;106;;
GVE;01.09.1932 00:00;12.3;23.2;17.4;1.7;1.6;2.1;;;;;;;;;;;;;;;;;116.8;129;;;9315;84;;
GVE;01.10.1932 00:00;5.8;15;10.1;-1.2;-1.4;-0.5;;;;;;;;;;;;;;;;;99.7;103;;;6552;94;;
GVE;01.11.1932 00:00;2.3;7.9;5.4;-0.6;-0.3;-1.4;;;;;;;;;;;;;;;;;31.5;36;;;2677;68;;
GVE;01.12.1932 00:00;-0.6;2.8;1.4;-1.4;-0.4;-2.8;;;;;;;;;;;;;;;;;49.9;56;;;226;8;;
GVE;01.01.1933 00:00;-4.6;0.4;-2;-4.1;-3.5;-4.7;;;;;;;;;;;;;;;;;25.9;36;;;2770;76;;
GVE;01.02.1933 00:00;-2.3;5.8;1.7;-1.2;-1.2;-1.2;;;;;;;;;;;;;;;;;26.4;47;;;6131;107;;
GVE;01.03.1933 00:00;0.4;10.3;5.3;-1.4;-1.3;-1.5;;;;;;;;;;;;;;;;;66.8;108;;;8548;88;;
GVE;01.04.1933 00:00;3.3;16.4;10.2;-0.3;-1.7;0.5;;;;;;;;;;;;;;;;;44.5;66;;;12849;115;;
GVE;01.05.1933 00:00;6.5;17.8;12.4;-2.1;-2.6;-2.3;;;;;;;;;;;;;;;;;80.1;102;;;11916;94;;
GVE;01.06.1933 00:00;8.9;20.2;14.4;-4;-3.8;-4;;;;;;;;;;;;;;;;;169.1;203;;;10604;72;;
GVE;01.07.1933 00:00;12.7;26.3;19.7;-0.9;-1.9;-0.4;;;;;;;;;;;;;;;;;45;57;;;17206;107;;
GVE;01.08.1933 00:00;13.4;26;19.5;-0.5;-0.8;-0.2;;;;;;;;;;;;;;;;;70.2;86;;;17493;121;;
GVE;01.09.1933 00:00;10.2;21.2;15.3;-0.4;-0.5;0.1;;;;;;;;;;;;;;;;;74.5;82;;;9573;87;;
GVE;01.10.1933 00:00;5.7;14.7;9.9;-1.4;-1.5;-0.8;;;;;;;;;;;;;;;;;141.8;147;;;5529;79;;
GVE;01.11.1933 00:00;0.6;6.6;3.8;-2.2;-2;-2.7;;;;;;;;;;;;;;;;;96.6;109;;;2462;63;;
GVE;01.12.1933 00:00;-4.8;-0.8;-2.5;-5.3;-4.6;-6.4;;;;;;;;;;;;;;;;;22.7;25;;;1510;52;;
GVE;01.01.1934 00:00;-2.6;2.7;0.4;-1.7;-1.5;-2.4;;;;;;;;;;;;;;;;;50.9;70;;;1826;50;;
GVE;01.02.1934 00:00;-4.3;5.5;0.4;-2.5;-3.2;-1.5;;;;;;;;;;;;;;;;;6.9;12;;;8663;150;;
GVE;01.03.1934 00:00;0.5;9.4;4.8;-1.9;-1.2;-2.4;;;;;;;;;;;;;;;;;116.9;188;;;6202;64;;
GVE;01.04.1934 00:00;4.6;16.9;10.5;0;-0.4;1;;;;;;;;;;;;;;;;;64.4;96;;;10983;98;;
GVE;01.05.1934 00:00;8.2;21.6;15.2;0.7;-0.9;1.5;;;;;;;;;;;;;;;;;25.4;32;;;16640;131;;
GVE;01.06.1934 00:00;10.6;24.3;17.5;-0.9;-2.1;0.1;;;;;;;;;;;;;;;;;80.6;97;;;16344;111;;
GVE;01.07.1934 00:00;13.4;26.7;20;-0.6;-1.2;0;;;;;;;;;;;;;;;;;62.7;79;;;17807;110;;
GVE;01.08.1934 00:00;11.7;23.3;17;-3;-2.5;-2.9;;;;;;;;;;;;;;;;;125.1;154;;;12817;88;;
GVE;01.09.1934 00:00;10.1;22.6;15.8;0.1;-0.6;1.5;;;;;;;;;;;;;;;;;15.3;17;;;13196;120;;
GVE;01.10.1934 00:00;4.5;14.8;9.5;-1.8;-2.7;-0.7;;;;;;;;;;;;;;;;;41.9;43;;;8411;121;;
GVE;01.11.1934 00:00;0;6.6;3.5;-2.5;-2.6;-2.7;;;;;;;;;;;;;;;;;48.9;55;;;3916;100;;
GVE;01.12.1934 00:00;1.8;7.3;4.7;1.9;2;1.7;;;;;;;;;;;;;;;;;101.3;113;;;2051;71;;
GVE;01.01.1935 00:00;-4;1.7;-1;-3.1;-2.9;-3.4;;;;;;;;;;;;;;;;;24.9;34;;;3569;98;;
GVE;01.02.1935 00:00;-1.1;7.1;3.1;0.2;0;0.1;;;;;;;;;;;;;;;;;97.6;175;;;4223;73;;
GVE;01.03.1935 00:00;-1.1;9.4;4.3;-2.4;-2.8;-2.4;;;;;;;;;;;;;;;;;18.8;30;;;9965;103;;
GVE;01.04.1935 00:00;3.4;13.8;8.5;-2;-1.6;-2.1;;;;;;;;;;;;;;;;;92.9;138;;;7231;65;;
GVE;01.05.1935 00:00;6;18;12;-2.5;-3.1;-2.1;;;;;;;;;;;;;;;;;38.3;49;;;12913;102;;
GVE;01.06.1935 00:00;11.9;25.1;18.5;0.1;-0.8;0.9;;;;;;;;;;;;;;;;;81.2;98;;;17104;116;;
GVE;01.07.1935 00:00;13.5;27;20.3;-0.3;-1.1;0.3;;;;;;;;;;;;;;;;;26.6;34;;;18467;114;;
GVE;01.08.1935 00:00;11.8;23.9;17.3;-2.7;-2.4;-2.3;;;;;;;;;;;;;;;;;164.9;203;;;12934;89;;
GVE;01.09.1935 00:00;9.9;21.8;15.4;-0.3;-0.8;0.7;;;;;;;;;;;;;;;;;88.6;98;;;11990;109;;
GVE;01.10.1935 00:00;6.1;13.8;9.7;-1.6;-1.1;-1.7;;;;;;;;;;;;;;;;;97.5;101;;;4233;61;;
GVE;01.11.1935 00:00;2.7;8.2;5.8;-0.2;0.1;-1.1;;;;;;;;;;;;;;;;;169;191;;;2645;67;;
GVE;01.12.1935 00:00;-1.6;3.6;0.9;-1.9;-1.4;-2;;;;;;;;;;;;;;;;;165.2;184;;;1820;63;;
GVE;01.01.1936 00:00;1.5;7.9;4.6;2.5;2.6;2.8;;;;;;;;;;;;;;;;;118.7;163;;;3434;94;;
GVE;01.02.1936 00:00;-1.4;5.9;2;-0.9;-0.3;-1.1;;;;;;;;;;;;;;;;;158.2;283;;;5461;95;;
GVE;01.03.1936 00:00;1;11.6;6.3;-0.4;-0.7;-0.2;;;;;;;;;;;;;;;;;15.4;25;;;9038;93;;
GVE;01.04.1936 00:00;3;13.4;8.1;-2.4;-2;-2.5;;;;;;;;;;;;;;;;;79.3;118;;;6692;60;;
GVE;01.05.1936 00:00;8.2;20.1;14;-0.5;-0.9;0;;;;;;;;;;;;;;;;;49.2;63;;;13284;104;;
GVE;01.06.1936 00:00;10.7;22.5;16.5;-1.9;-2;-1.7;;;;;;;;;;;;;;;;;61.7;74;;;12185;83;;
GVE;01.07.1936 00:00;12.2;23.7;17.3;-3.3;-2.4;-3;;;;;;;;;;;;;;;;;144.9;183;;;12331;76;;
GVE;01.08.1936 00:00;12.2;24.3;17.7;-2.3;-2;-1.9;;;;;;;;;;;;;;;;;24;30;;;14530;100;;
GVE;01.09.1936 00:00;10.6;20.4;14.8;-0.9;-0.1;-0.7;;;;;;;;;;;;;;;;;121.7;134;;;8406;76;;
GVE;01.10.1936 00:00;2.1;11.2;6.6;-4.7;-5.1;-4.3;;;;;;;;;;;;;;;;;30.5;32;;;7197;103;;
GVE;01.11.1936 00:00;2.1;8;5.3;-0.7;-0.5;-1.3;;;;;;;;;;;;;;;;;53.4;60;;;2451;62;;
GVE;01.12.1936 00:00;-0.5;4.3;2;-0.8;-0.3;-1.3;;;;;;;;;;;;;;;;;23.5;26;;;2819;98;;
GVE;01.01.1937 00:00;-1.2;5.6;2.2;0.1;-0.1;0.5;;;;;;;;;;;;;;;;;105.1;144;;;3943;108;;
GVE;01.02.1937 00:00;0.8;9;4.6;1.7;1.9;2;;;;;;;;;;;;;;;;;136.2;244;;;4068;71;;
GVE;01.03.1937 00:00;-0.4;7.9;3.7;-3;-2.1;-3.9;;;;;;;;;;;;;;;;;198.9;320;;;5520;57;;
GVE;01.04.1937 00:00;3.7;14.4;9.1;-1.4;-1.3;-1.5;;;;;;;;;;;;;;;;;49.9;74;;;9435;84;;
GVE;01.05.1937 00:00;8.3;20.7;14.7;0.2;-0.8;0.6;;;;;;;;;;;;;;;;;65.8;84;;;13694;108;;
GVE;01.06.1937 00:00;11.6;24.1;17.8;-0.6;-1.1;-0.1;;;;;;;;;;;;;;;;;80;96;;;14665;99;;
GVE;01.07.1937 00:00;13.1;26.3;19.7;-0.9;-1.5;-0.4;;;;;;;;;;;;;;;;;5.6;7;;;17596;109;;
GVE;01.08.1937 00:00;12.8;25;18.7;-1.3;-1.4;-1.2;;;;;;;;;;;;;;;;;81.8;101;;;13805;95;;
GVE;01.09.1937 00:00;9.5;19.2;14.1;-1.6;-1.2;-1.9;;;;;;;;;;;;;;;;;208.1;229;;;7184;65;;
GVE;01.10.1937 00:00;5.3;14.6;9.7;-1.6;-1.9;-0.9;;;;;;;;;;;;;;;;;34.4;36;;;6401;92;;
GVE;01.11.1937 00:00;0.9;7.9;4.5;-1.5;-1.7;-1.4;;;;;;;;;;;;;;;;;66.3;75;;;4677;119;;
GVE;01.12.1937 00:00;-2.2;3;0.5;-2.3;-2;-2.6;;;;;;;;;;;;;;;;;62;69;;;2735;95;;
GVE;01.01.1938 00:00;-1.5;5;1.9;-0.2;-0.4;-0.1;;;;;;;;;;;;;;;;;59.3;81;;;2594;71;;
GVE;01.02.1938 00:00;-3;4.3;0.6;-2.3;-1.9;-2.7;;;;;;;;;;;;;;;;;17.6;31;;;4899;85;;
GVE;01.03.1938 00:00;0.1;13.8;7.1;0.4;-1.6;2;;;;;;;;;;;;;;;;;6.6;11;;;15193;157;;
GVE;01.04.1938 00:00;0.3;13.3;7.1;-3.4;-4.7;-2.6;;;;;;;;;;;;;;;;;0.4;1;;;17131;153;;
GVE;01.05.1938 00:00;6;17.6;11.9;-2.6;-3.1;-2.5;;;;;;;;;;;;;;;;;41.1;52;;;10472;82;;
GVE;01.06.1938 00:00;11.4;24.4;17.8;-0.6;-1.3;0.2;;;;;;;;;;;;;;;;;106.5;128;;;16549;112;;
GVE;01.07.1938 00:00;11.8;24.2;17.9;-2.7;-2.8;-2.5;;;;;;;;;;;;;;;;;120.6;152;;;16024;99;;
GVE;01.08.1938 00:00;12.4;23.9;17.7;-2.3;-1.8;-2.3;;;;;;;;;;;;;;;;;83.4;103;;;12341;85;;
GVE;01.09.1938 00:00;10.2;20.6;14.9;-0.8;-0.5;-0.5;;;;;;;;;;;;;;;;;99.7;110;;;8910;81;;
GVE;01.10.1938 00:00;5.2;15.1;9.9;-1.4;-2;-0.4;;;;;;;;;;;;;;;;;54.2;56;;;8139;117;;
GVE;01.11.1938 00:00;2.8;10.2;6.6;0.6;0.2;0.9;;;;;;;;;;;;;;;;;64.2;72;;;3821;97;;
GVE;01.12.1938 00:00;-3;1.7;-0.4;-3.2;-2.8;-3.9;;;;;;;;;;;;;;;;;88;98;;;2051;71;;
GVE;01.01.1939 00:00;-0.4;5.6;2.7;0.6;0.7;0.5;;;;;;;;;;;;;;;;;87.3;120;;;3284;90;;
GVE;01.02.1939 00:00;-2.2;5.5;1.7;-1.2;-1.1;-1.5;;;;;;;;;;;;;;;;;14.9;27;;;4202;73;;
GVE;01.03.1939 00:00;-1.8;7.1;2.6;-4.1;-3.5;-4.7;;;;;;;;;;;;;;;;;48.9;79;;;8266;85;;
GVE;01.04.1939 00:00;4.8;15.6;9.9;-0.6;-0.2;-0.3;;;;;;;;;;;;;;;;;132.2;197;;;9176;82;;
GVE;01.05.1939 00:00;5.4;15.2;10.3;-4.2;-3.7;-4.9;;;;;;;;;;;;;;;;;144.2;184;;;8910;70;;
GVE;01.06.1939 00:00;10.9;23.1;16.6;-1.8;-1.8;-1.1;;;;;;;;;;;;;;;;;139.8;168;;;13134;89;;
GVE;01.07.1939 00:00;11.4;24.2;17.6;-3;-3.2;-2.5;;;;;;;;;;;;;;;;;78.4;99;;;15444;96;;
GVE;01.08.1939 00:00;12.6;23.9;17.7;-2.3;-1.6;-2.3;;;;;;;;;;;;;;;;;89.6;110;;;12442;86;;
GVE;01.09.1939 00:00;9.6;19.4;13.9;-1.8;-1.1;-1.7;;;;;;;;;;;;;;;;;34.3;38;;;8074;73;;
GVE;01.10.1939 00:00;5.5;13.2;9;-2.3;-1.7;-2.3;;;;;;;;;;;;;;;;;180.8;187;;;3543;51;;
GVE;01.11.1939 00:00;3.3;9.7;6.7;0.7;0.7;0.4;;;;;;;;;;;;;;;;;97.6;110;;;2792;71;;
GVE;01.12.1939 00:00;-1.7;3;0.6;-2.2;-1.5;-2.6;;;;;;;;;;;;;;;;;55;61;;;2483;86;;
GVE;01.01.1940 00:00;-6.8;-1.2;-3.5;-5.6;-5.7;-6.3;;;;;;;;;;;;;;;;;49;67;;;1800;49;;
GVE;01.02.1940 00:00;-2.4;5.9;1.5;-1.4;-1.3;-1.1;;;;;;;;;;;;;;;;;64.3;115;;;3166;55;;
GVE;01.03.1940 00:00;0.1;10.6;5.3;-1.4;-1.6;-1.2;;;;;;;;;;;;;;;;;55.6;90;;;9533;99;;
GVE;01.04.1940 00:00;3.3;14.6;9;-1.5;-1.7;-1.3;;;;;;;;;;;;;;;;;82.2;123;;;9461;85;;
GVE;01.05.1940 00:00;6.8;19.5;13.2;-1.3;-2.3;-0.6;;;;;;;;;;;;;;;;;22.7;29;;;14184;112;;
GVE;01.06.1940 00:00;10.4;22;16.1;-2.3;-2.3;-2.2;;;;;;;;;;;;;;;;;153.6;185;;;13474;91;;
GVE;01.07.1940 00:00;11.6;23.6;17.4;-3.2;-3;-3.1;;;;;;;;;;;;;;;;;101.9;129;;;14409;89;;
GVE;01.08.1940 00:00;11.1;23.3;17.1;-2.9;-3.1;-2.9;;;;;;;;;;;;;;;;;19.2;24;;;15588;108;;
GVE;01.09.1940 00:00;10;20.7;14.9;-0.8;-0.7;-0.4;;;;;;;;;;;;;;;;;167.5;185;;;9632;87;;
GVE;01.10.1940 00:00;5.6;13.4;9.3;-2;-1.6;-2.1;;;;;;;;;;;;;;;;;56;58;;;5146;74;;
GVE;01.11.1940 00:00;1.9;9.3;5.9;-0.1;-0.7;0;;;;;;;;;;;;;;;;;154.3;174;;;4356;111;;
GVE;01.12.1940 00:00;-5.5;-0.3;-2.6;-5.4;-5.3;-5.9;;;;;;;;;;;;;;;;;77.2;86;;;1399;49;;
GVE;01.01.1941 00:00;-3.9;2;-0.8;-2.9;-2.8;-3.1;;;;;;;;;;;;;;;;;55.3;76;;;1593;44;;
GVE;01.02.1941 00:00;-2.2;6.1;1.8;-1.1;-1.1;-0.9;;;;;;;;;;;;;;;;;77.1;138;;;4476;78;;
GVE;01.03.1941 00:00;0.2;11;5.5;-1.2;-1.5;-0.8;;;;;;;;;;;;;;;;;57.8;93;;;9241;96;;
GVE;01.04.1941 00:00;2.1;13.1;7.8;-2.7;-2.9;-2.8;;;;;;;;;;;;;;;;;86.8;129;;;10444;93;;
GVE;01.05.1941 00:00;4.2;15.4;9.8;-4.7;-4.9;-4.7;;;;;;;;;;;;;;;;;96.7;123;;;11485;90;;
GVE;01.06.1941 00:00;10.7;23;16.9;-1.5;-2;-1.2;;;;;;;;;;;;;;;;;107.1;129;;;14084;95;;
GVE;01.07.1941 00:00;13.8;26.5;19.9;-0.7;-0.8;-0.2;;;;;;;;;;;;;;;;;33.1;42;;;17037;105;;
GVE;01.08.1941 00:00;11.5;23.3;16.8;-3.2;-2.7;-2.9;;;;;;;;;;;;;;;;;110.1;136;;;11627;80;;
GVE;01.09.1941 00:00;8.4;19.6;13.7;-2;-2.3;-1.5;;;;;;;;;;;;;;;;;16;18;;;10922;99;;
GVE;01.10.1941 00:00;4.5;13.2;8.5;-2.8;-2.7;-2.3;;;;;;;;;;;;;;;;;43.1;45;;;5715;82;;
GVE;01.11.1941 00:00;1.1;7.1;4.3;-1.7;-1.5;-2.2;;;;;;;;;;;;;;;;;54.9;62;;;2929;75;;
GVE;01.12.1941 00:00;-3;3.8;0.5;-2.3;-2.8;-1.8;;;;;;;;;;;;;;;;;15.4;17;;;5665;197;;
GVE;01.01.1942 00:00;-6.2;0;-2.9;-5;-5.1;-5.1;;;;;;;;;;;;;;;;;67.5;93;;;2376;65;;
GVE;01.02.1942 00:00;-5.8;0.5;-2.5;-5.4;-4.7;-6.5;;;;;;;;;;;;;;;;;2.2;4;;;2465;43;;
GVE;01.03.1942 00:00;1;10.6;5.8;-0.9;-0.7;-1.2;;;;;;;;;;;;;;;;;30.1;48;;;6400;66;;
GVE;01.04.1942 00:00;4.1;14.8;9.5;-1;-0.9;-1.1;;;;;;;;;;;;;;;;;54.4;81;;;10354;92;;
GVE;01.05.1942 00:00;6.8;20.1;13.7;-0.8;-2.3;0;;;;;;;;;;;;;;;;;76.2;97;;;13230;104;;
GVE;01.06.1942 00:00;10.9;23.9;17.3;-1.1;-1.8;-0.3;;;;;;;;;;;;;;;;;62.8;75;;;17018;115;;
GVE;01.07.1942 00:00;12.6;26.8;19.3;-1.3;-2;0.1;;;;;;;;;;;;;;;;;19.3;24;;;15792;98;;
GVE;01.08.1942 00:00;12.7;26.1;19.1;-0.9;-1.5;-0.1;;;;;;;;;;;;;;;;;50.8;63;;;15001;103;;
GVE;01.09.1942 00:00;11.3;23.4;16.7;1;0.6;2.3;;;;;;;;;;;;;;;;;130.7;144;;;10467;95;;
GVE;01.10.1942 00:00;6.2;17.3;11.3;0;-1;1.8;;;;;;;;;;;;;;;;;93.9;97;;;9334;134;;
GVE;01.11.1942 00:00;1.3;6.1;3.8;-2.2;-1.3;-3.2;;;;;;;;;;;;;;;;;51.3;58;;;3727;95;;
GVE;01.12.1942 00:00;-2.3;3.5;0.7;-2.1;-2.1;-2.1;;;;;;;;;;;;;;;;;45.9;51;;;2377;83;;
GVE;01.01.1943 00:00;-2;4;1.1;-1;-0.9;-1.1;;;;;;;;;;;;;;;;;84.8;116;;;2464;67;;
GVE;01.02.1943 00:00;-1.8;7.7;2.7;-0.2;-0.7;0.7;;;;;;;;;;;;;;;;;35.7;64;;;7533;131;;
GVE;01.03.1943 00:00;0.8;12.6;6.5;-0.2;-0.9;0.8;;;;;;;;;;;;;;;;;39.2;63;;;9913;102;;
GVE;01.04.1943 00:00;4;16.5;10.4;-0.1;-1;0.6;;;;;;;;;;;;;;;;;36.4;54;;;13240;118;;
GVE;01.05.1943 00:00;7.9;20.3;14.5;0;-1.2;0.2;;;;;;;;;;;;;;;;;79.8;102;;;13543;106;;
GVE;01.06.1943 00:00;10.1;22.5;16.4;-2;-2.6;-1.7;;;;;;;;;;;;;;;;;88.9;107;;;16042;109;;
GVE;01.07.1943 00:00;12.4;26;19.2;-1.4;-2.2;-0.7;;;;;;;;;;;;;;;;;94.5;119;;;15623;97;;
GVE;01.08.1943 00:00;13.2;27;19.9;-0.1;-1;0.8;;;;;;;;;;;;;;;;;43.4;53;;;16277;112;;
GVE;01.09.1943 00:00;10.6;20.2;15.5;-0.2;-0.1;-0.9;;;;;;;;;;;;;;;;;197.4;218;;;7877;71;;
GVE;01.10.1943 00:00;7.7;16.1;11.7;0.4;0.5;0.6;;;;;;;;;;;;;;;;;33.1;34;;;7489;107;;
GVE;01.11.1943 00:00;0.8;7.1;4.2;-1.8;-1.8;-2.2;;;;;;;;;;;;;;;;;55.8;63;;;3926;100;;
GVE;01.12.1943 00:00;-0.8;3.7;1.9;-0.9;-0.6;-1.9;;;;;;;;;;;;;;;;;45;50;;;1967;68;;
GVE;01.01.1944 00:00;-2.2;4;1.2;-0.9;-1.1;-1.1;;;;;;;;;;;;;;;;;35.7;49;;;3673;101;;
GVE;01.02.1944 00:00;-4.7;2.1;-1;-3.9;-3.6;-4.9;;;;;;;;;;;;;;;;;22.3;40;;;2650;46;;
GVE;01.03.1944 00:00;-1.8;8;3.3;-3.4;-3.5;-3.8;;;;;;;;;;;;;;;;;19.2;31;;;9715;100;;
GVE;01.04.1944 00:00;4.9;16.3;11;0.5;-0.1;0.4;;;;;;;;;;;;;;;;;34.2;51;;;12041;108;;
GVE;01.05.1944 00:00;6.5;20.2;14.1;-0.4;-2.6;0.1;;;;;;;;;;;;;;;;;33;42;;;15892;125;;
GVE;01.06.1944 00:00;10.3;23.1;16.7;-1.7;-2.4;-1.1;;;;;;;;;;;;;;;;;50.1;60;;;15044;102;;
GVE;01.07.1944 00:00;12.6;25.1;18.9;-1.7;-2;-1.6;;;;;;;;;;;;;;;;;98.3;124;;;15713;97;;
GVE;01.08.1944 00:00;15.4;28.6;21.9;1.9;1.2;2.4;;;;;;;;;;;;;;;;;46;57;;;15269;105;;
GVE;01.09.1944 00:00;9.8;19.1;14.3;-1.4;-0.9;-2;;;;;;;;;;;;;;;;;142.7;157;;;7560;68;;
GVE;01.10.1944 00:00;4.3;12.3;8.4;-2.9;-2.9;-3.2;;;;;;;;;;;;;;;;;112.8;117;;;4364;63;;
GVE;01.11.1944 00:00;0.6;8.5;5.1;-0.9;-2;-0.8;;;;;;;;;;;;;;;;;173;195;;;3648;93;;
GVE;01.12.1944 00:00;-2.1;3.4;0.8;-2;-1.9;-2.2;;;;;;;;;;;;;;;;;78.7;88;;;2824;98;;
GVE;01.01.1945 00:00;-7.2;-0.4;-3.6;-5.7;-6.1;-5.5;;;;;;;;;;;;;;;;;42.1;58;;;2449;67;;
GVE;01.02.1945 00:00;-0.7;8.2;3.7;0.8;0.4;1.2;;;;;;;;;;;;;;;;;74.3;133;;;5997;104;;
GVE;01.03.1945 00:00;0.8;12;6.5;-0.2;-0.9;0.2;;;;;;;;;;;;;;;;;19.1;31;;;10268;106;;
GVE;01.04.1945 00:00;4.7;17.6;11.6;1.1;-0.3;1.7;;;;;;;;;;;;;;;;;24.7;37;;;13959;125;;
GVE;01.05.1945 00:00;8.5;21.7;15.3;0.8;-0.6;1.6;;;;;;;;;;;;;;;;;86.9;111;;;15568;122;;
GVE;01.06.1945 00:00;12.1;26.3;19.8;1.4;-0.6;2.1;;;;;;;;;;;;;;;;;38.1;46;;;18242;124;;
GVE;01.07.1945 00:00;13.7;27.6;20.9;0.3;-0.9;0.9;;;;;;;;;;;;;;;;;37.5;47;;;18456;114;;
GVE;01.08.1945 00:00;12.4;23.9;17.9;-2.1;-1.8;-2.3;;;;;;;;;;;;;;;;;139.3;172;;;11728;81;;
GVE;01.09.1945 00:00;10.4;21.6;16;0.3;-0.3;0.5;;;;;;;;;;;;;;;;;53.3;59;;;11718;106;;
GVE;01.10.1945 00:00;5;14.6;10;-1.3;-2.2;-0.9;;;;;;;;;;;;;;;;;52.3;54;;;8074;116;;
GVE;01.11.1945 00:00;1;6.3;3.7;-2.3;-1.6;-3;;;;;;;;;;;;;;;;;9.4;11;;;2525;64;;
GVE;01.12.1945 00:00;-1.6;4.7;1.8;-1;-1.4;-0.9;;;;;;;;;;;;;;;;;82.4;92;;;2630;91;;
GVE;01.01.1946 00:00;-3.9;1.8;-0.9;-3;-2.8;-3.3;;;;;;;;;;;;;;;;;36.5;50;;;2587;71;;
GVE;01.02.1946 00:00;0.6;8.8;4.5;1.6;1.7;1.8;;;;;;;;;;;;;;;;;55;98;;;4377;76;;
GVE;01.03.1946 00:00;1.1;11.5;6.3;-0.4;-0.6;-0.3;;;;;;;;;;;;;;;;;10.8;17;;;9019;93;;
GVE;01.04.1946 00:00;5.3;17.7;11.7;1.2;0.3;1.8;;;;;;;;;;;;;;;;;22.3;33;;;12171;109;;
GVE;01.05.1946 00:00;8.1;19.9;14.2;-0.3;-1;-0.2;;;;;;;;;;;;;;;;;78.8;100;;;10977;86;;
GVE;01.06.1946 00:00;10.2;22.2;16.5;-1.9;-2.5;-2;;;;;;;;;;;;;;;;;131.5;158;;;13357;91;;
GVE;01.07.1946 00:00;13.5;26.7;20.1;-0.5;-1.1;0;;;;;;;;;;;;;;;;;41;52;;;18005;111;;
GVE;01.08.1946 00:00;12.3;25.5;18.1;-1.9;-1.9;-0.7;;;;;;;;;;;;;;;;;165.6;204;;;14656;101;;
GVE;01.09.1946 00:00;9.3;21.4;15;-0.7;-1.4;0.3;;;;;;;;;;;;;;;;;167.3;184;;;11906;108;;
GVE;01.10.1946 00:00;5;13.7;9;-2.3;-2.2;-1.8;;;;;;;;;;;;;;;;;45.1;47;;;6139;88;;
GVE;01.11.1946 00:00;0.8;8;4.6;-1.4;-1.8;-1.3;;;;;;;;;;;;;;;;;80.3;91;;;3269;83;;
GVE;01.12.1946 00:00;-2.4;2.5;0.1;-2.7;-2.2;-3.1;;;;;;;;;;;;;;;;;64.8;72;;;1361;47;;
GVE;01.01.1947 00:00;-4.9;1.2;-1.8;-3.9;-3.8;-3.9;;;;;;;;;;;;;;;;;44.8;62;;;2816;77;;
GVE;01.02.1947 00:00;-3.3;3;-0.1;-3;-2.2;-4;;;;;;;;;;;;;;;;;82.5;148;;;2793;49;;
GVE;01.03.1947 00:00;1.3;11.2;6;-0.7;-0.4;-0.6;;;;;;;;;;;;;;;;;169.2;272;;;5000;52;;
GVE;01.04.1947 00:00;5.1;18.8;12.1;1.6;0.1;2.9;;;;;;;;;;;;;;;;;18.1;27;;;14561;130;;
GVE;01.05.1947 00:00;9;21.3;15.5;1;-0.1;1.2;;;;;;;;;;;;;;;;;77.1;98;;;12031;95;;
GVE;01.06.1947 00:00;11.6;25.6;19.1;0.7;-1.1;1.4;;;;;;;;;;;;;;;;;68.7;83;;;18067;122;;
GVE;01.07.1947 00:00;14;28.6;21;0.4;-0.6;1.9;;;;;;;;;;;;;;;;;127.1;160;;;18605;115;;
GVE;01.08.1947 00:00;14.5;28;21.2;1.2;0.3;1.8;;;;;;;;;;;;;;;;;56.4;69;;;17256;119;;
GVE;01.09.1947 00:00;10.6;24.3;17.4;1.7;-0.1;3.2;;;;;;;;;;;;;;;;;40.5;45;;;13040;118;;
GVE;01.10.1947 00:00;5.7;15.1;10.6;-0.7;-1.5;-0.4;;;;;;;;;;;;;;;;;49.5;51;;;7528;108;;
GVE;01.11.1947 00:00;2.8;11.2;7.2;1.2;0.2;1.9;;;;;;;;;;;;;;;;;80.1;90;;;4505;115;;
GVE;01.12.1947 00:00;-0.9;4.5;2.3;-0.5;-0.7;-1.1;;;;;;;;;;;;;;;;;54.8;61;;;2351;82;;
GVE;01.01.1948 00:00;0.3;6.7;3.7;1.6;1.4;1.6;;;;;;;;;;;;;;;;;200.4;275;;;2647;72;;
GVE;01.02.1948 00:00;-2.6;7.6;2.4;-0.5;-1.5;0.6;;;;;;;;;;;;;;;;;18.7;33;;;5956;103;;
GVE;01.03.1948 00:00;2;15.7;9;2.3;0.3;3.9;;;;;;;;;;;;;;;;;21.8;35;;;14096;146;;
GVE;01.04.1948 00:00;3.8;15.7;9.8;-0.7;-1.2;-0.2;;;;;;;;;;;;;;;;;108.7;162;;;11204;100;;
GVE;01.05.1948 00:00;8.5;20.5;14.6;0.1;-0.6;0.4;;;;;;;;;;;;;;;;;52.8;67;;;13436;106;;
GVE;01.06.1948 00:00;9.8;22.6;16;-2.4;-2.9;-1.6;;;;;;;;;;;;;;;;;143.2;172;;;12693;86;;
GVE;01.07.1948 00:00;11.3;22.8;16.7;-3.9;-3.3;-3.9;;;;;;;;;;;;;;;;;78.7;99;;;12788;79;;
GVE;01.08.1948 00:00;12.6;24.6;18.2;-1.8;-1.6;-1.6;;;;;;;;;;;;;;;;;75.8;93;;;11591;80;;
GVE;01.09.1948 00:00;8.4;20.2;14.1;-1.6;-2.3;-0.9;;;;;;;;;;;;;;;;;97.7;108;;;11225;102;;
GVE;01.10.1948 00:00;5.9;15.6;10.7;-0.6;-1.3;0.1;;;;;;;;;;;;;;;;;44.1;46;;;7364;106;;
GVE;01.11.1948 00:00;1.3;8.8;5.1;-0.9;-1.3;-0.5;;;;;;;;;;;;;;;;;50.8;57;;;3578;91;;
GVE;01.12.1948 00:00;-2;3.7;1.1;-1.7;-1.8;-1.9;;;;;;;;;;;;;;;;;35.1;39;;;1793;62;;
GVE;01.01.1949 00:00;-2.4;4.7;1.2;-0.9;-1.3;-0.4;;;;;;;;;;;;;;;;;76.8;105;;;4562;125;;
GVE;01.02.1949 00:00;-3.6;7.4;1.7;-1.2;-2.5;0.4;;;;;;;;;;;;;;;;;2.4;4;;;9362;163;;
GVE;01.03.1949 00:00;-2.3;8.7;3.6;-3.1;-4;-3.1;;;;;;;;;;;;;;;;;80.9;130;;;11262;116;;
GVE;01.04.1949 00:00;5.1;18.7;12.1;1.6;0.1;2.8;;;;;;;;;;;;;;;;;54.5;81;;;11949;107;;
GVE;01.05.1949 00:00;6.7;17.3;12;-2.5;-2.4;-2.8;;;;;;;;;;;;;;;;;88.2;112;;;10030;79;;
GVE;01.06.1949 00:00;10.6;23.8;17.3;-1.1;-2.1;-0.4;;;;;;;;;;;;;;;;;26.3;32;;;17045;116;;
GVE;01.07.1949 00:00;13;28.4;21.1;0.5;-1.6;1.7;;;;;;;;;;;;;;;;;27.3;34;;;18744;116;;
GVE;01.08.1949 00:00;13.7;27;20;0;-0.5;0.8;;;;;;;;;;;;;;;;;51.4;63;;;16175;112;;
GVE;01.09.1949 00:00;12.9;24.3;18.1;2.4;2.2;3.2;;;;;;;;;;;;;;;;;74.3;82;;;10564;96;;
GVE;01.10.1949 00:00;6.9;16.8;11.4;0.1;-0.3;1.3;;;;;;;;;;;;;;;;;67.2;70;;;7061;101;;
GVE;01.11.1949 00:00;1.3;7.9;4.9;-1.1;-1.3;-1.4;;;;;;;;;;;;;;;;;94.5;107;;;3219;82;;
GVE;01.12.1949 00:00;0.3;7.3;4;1.2;0.5;1.7;;;;;;;;;;;;;;;;;52.3;58;;;2080;72;;
GVE;01.01.1950 00:00;-2.8;3.4;0.3;-1.8;-1.7;-1.7;;;;;;;;;;;;;;;;;41.7;57;;;3329;91;;
GVE;01.02.1950 00:00;-0.5;8;3.8;0.9;0.6;1;;;;;;;;;;;;;;;;;98.1;175;;;4459;77;;
GVE;01.03.1950 00:00;0.2;12;6.1;-0.6;-1.5;0.2;;;;;;;;;;;;;;;;;7.8;13;;;11152;115;;
GVE;01.04.1950 00:00;2.5;13.5;8.1;-2.4;-2.5;-2.4;;;;;;;;;;;;;;;;;54.3;81;;;9219;82;;
GVE;01.05.1950 00:00;8.6;21.1;15.1;0.6;-0.5;1;;;;;;;;;;;;;;;;;56;71;;;14938;117;;
GVE;01.06.1950 00:00;12.9;27.1;19.7;1.3;0.2;2.9;;;;;;;;;;;;;;;;;53.8;65;;;18328;124;;
GVE;01.07.1950 00:00;15.4;29.3;21.8;1.2;0.8;2.6;;;;;;;;;;;;;;;;;17.3;22;;;18949;117;;
GVE;01.08.1950 00:00;13.3;25.2;19.1;-0.9;-0.9;-1;;;;;;;;;;;;;;;;;115.3;142;;;14165;98;;
GVE;01.09.1950 00:00;9.3;21;15;-0.7;-1.4;-0.1;;;;;;;;;;;;;;;;;125.7;139;;;9524;86;;
GVE;01.10.1950 00:00;5.3;14.6;9.9;-1.4;-1.9;-0.9;;;;;;;;;;;;;;;;;25.2;26;;;8112;116;;
GVE;01.11.1950 00:00;2.3;10.1;6.5;0.5;-0.3;0.8;;;;;;;;;;;;;;;;;278.6;314;;;2275;58;;
GVE;01.12.1950 00:00;-3.4;2.3;-0.1;-2.9;-3.2;-3.3;;;;;;;;;;;;;;;;;58.7;65;;;1948;68;;
GVE;01.01.1951 00:00;-1.6;5.6;1.8;-0.3;-0.5;0.5;;;;;;;;;;;;;;;;;49.6;68;;;2641;72;;
GVE;01.02.1951 00:00;-1.2;7.2;2.6;-0.3;-0.1;0.2;;;;;;;;;;;;;;;;;109.6;196;;;3775;66;;
GVE;01.03.1951 00:00;-0.4;9.6;4.6;-2.1;-2.1;-2.2;;;;;;;;;;;;;;;;;104.4;168;;;6037;62;;
GVE;01.04.1951 00:00;3.1;15.3;9.2;-1.3;-1.9;-0.6;;;;;;;;;;;;;;;;;50.7;76;;;10559;94;;
GVE;01.05.1951 00:00;6.6;18.5;12.3;-2.2;-2.5;-1.6;;;;;;;;;;;;;;;;;131.6;168;;;10631;84;;
GVE;01.06.1951 00:00;10.6;23;16.4;-2;-2.1;-1.2;;;;;;;;;;;;;;;;;65.2;78;;;13561;92;;
GVE;01.07.1951 00:00;12.3;25.7;18.9;-1.7;-2.3;-1;;;;;;;;;;;;;;;;;68.7;87;;;17550;109;;
GVE;01.08.1951 00:00;12.4;24.5;18.2;-1.8;-1.8;-1.7;;;;;;;;;;;;;;;;;105.3;130;;;12103;83;;
GVE;01.09.1951 00:00;10.5;20.9;15.4;-0.3;-0.2;-0.2;;;;;;;;;;;;;;;;;60.3;66;;;9362;85;;
GVE;01.10.1951 00:00;5.8;14.1;9.6;-1.7;-1.4;-1.4;;;;;;;;;;;;;;;;;68.3;71;;;5429;78;;
GVE;01.11.1951 00:00;2.2;10.2;6.1;0.1;-0.4;0.9;;;;;;;;;;;;;;;;;134;151;;;4279;109;;
GVE;01.12.1951 00:00;-2.6;3.4;0.5;-2.3;-2.4;-2.2;;;;;;;;;;;;;;;;;37.3;41;;;3353;116;;
GVE;01.01.1952 00:00;-3.6;3.2;-0.3;-2.4;-2.5;-1.9;;;;;;;;;;;;;;;;;76.6;105;;;3667;100;;
GVE;01.02.1952 00:00;-4.4;3.3;-0.6;-3.5;-3.3;-3.7;;;;;;;;;;;;;;;;;43.9;79;;;5229;91;;
GVE;01.03.1952 00:00;2.1;11.7;6.7;0;0.4;-0.1;;;;;;;;;;;;;;;;;86.6;139;;;6146;64;;
GVE;01.04.1952 00:00;4.9;16.6;10.9;0.4;-0.1;0.7;;;;;;;;;;;;;;;;;32.1;48;;;11076;99;;
GVE;01.05.1952 00:00;7.9;20.1;14.6;0.1;-1.2;0;;;;;;;;;;;;;;;;;51.6;66;;;17913;141;;
GVE;01.06.1952 00:00;12.4;25.1;19;0.6;-0.3;0.9;;;;;;;;;;;;;;;;;93.7;113;;;17885;121;;
GVE;01.07.1952 00:00;15.1;29;22.4;1.8;0.5;2.3;;;;;;;;;;;;;;;;;19.3;24;;;19637;122;;
GVE;01.08.1952 00:00;12.9;25.1;19;-1;-1.3;-1.1;;;;;;;;;;;;;;;;;131.8;162;;;14213;98;;
GVE;01.09.1952 00:00;7.8;17.6;12.2;-3.5;-2.9;-3.5;;;;;;;;;;;;;;;;;105.9;117;;;8411;76;;
GVE;01.10.1952 00:00;5.4;14.7;9.8;-1.5;-1.8;-0.8;;;;;;;;;;;;;;;;;179.1;186;;;5805;83;;
GVE;01.11.1952 00:00;0.3;7.5;3.9;-2.1;-2.3;-1.8;;;;;;;;;;;;;;;;;184.8;209;;;3114;79;;
GVE;01.12.1952 00:00;-0.7;4.4;1.7;-1.1;-0.5;-1.2;;;;;;;;;;;;;;;;;84;93;;;1992;69;;
GVE;01.01.1953 00:00;-4.5;1.3;-1.7;-3.8;-3.4;-3.8;;;;;;;;;;;;;;;;;3.8;5;;;2587;71;;
GVE;01.02.1953 00:00;-4.2;3.7;-0.3;-3.2;-3.1;-3.3;;;;;;;;;;;;;;;;;24.5;44;;;4969;86;;
GVE;01.03.1953 00:00;-0.3;12.1;5.9;-0.8;-2;0.3;;;;;;;;;;;;;;;;;4.6;7;;;13406;139;;
GVE;01.04.1953 00:00;4;16.2;10.1;-0.4;-1;0.3;;;;;;;;;;;;;;;;;39.2;58;;;10131;90;;
GVE;01.05.1953 00:00;8.3;21.7;15.2;0.7;-0.8;1.6;;;;;;;;;;;;;;;;;28.6;36;;;15414;121;;
GVE;01.06.1953 00:00;9.9;20.7;15.6;-2.8;-2.8;-3.5;;;;;;;;;;;;;;;;;202.2;243;;;10838;73;;
GVE;01.07.1953 00:00;13.1;25.6;19.5;-1.1;-1.5;-1.1;;;;;;;;;;;;;;;;;36.4;46;;;15769;98;;
GVE;01.08.1953 00:00;12.1;24.8;18.6;-1.4;-2.1;-1.4;;;;;;;;;;;;;;;;;60.2;74;;;15636;108;;
GVE;01.09.1953 00:00;10.6;21.8;15.8;0.1;-0.1;0.7;;;;;;;;;;;;;;;;;138.8;153;;;10117;92;;
GVE;01.10.1953 00:00;7.5;15.3;11.3;0;0.3;-0.2;;;;;;;;;;;;;;;;;49.5;51;;;5572;80;;
GVE;01.11.1953 00:00;0.2;6.9;3.8;-2.2;-2.4;-2.4;;;;;;;;;;;;;;;;;38;43;;;2545;65;;
GVE;01.12.1953 00:00;0.4;5.3;2.8;0;0.6;-0.3;;;;;;;;;;;;;;;;;15.3;17;;;1814;63;;
GVE;01.01.1954 00:00;-3.9;2;-0.9;-3;-2.8;-3.1;;;;;;;;;;;;;;;;;43.2;59;;;3116;85;;
GVE;01.02.1954 00:00;-3.6;4;0.2;-2.7;-2.5;-3;;;;;;;;;;;;;;;;;54.8;98;;;3786;66;;
GVE;01.03.1954 00:00;1;11.8;6.2;-0.5;-0.7;0;;;;;;;;;;;;;;;;;36.3;58;;;9590;99;;
GVE;01.04.1954 00:00;2.4;12.2;7.6;-2.9;-2.6;-3.7;;;;;;;;;;;;;;;;;66.4;99;;;8068;72;;
GVE;01.05.1954 00:00;6.9;18.2;12.5;-2;-2.2;-1.9;;;;;;;;;;;;;;;;;46.3;59;;;12206;96;;
GVE;01.06.1954 00:00;11.4;23.7;17.8;-0.6;-1.3;-0.5;;;;;;;;;;;;;;;;;82.6;99;;;14934;101;;
GVE;01.07.1954 00:00;11;23.5;17.3;-3.3;-3.6;-3.2;;;;;;;;;;;;;;;;;60.5;76;;;14437;89;;
GVE;01.08.1954 00:00;11.1;23;17.2;-2.8;-3.1;-3.2;;;;;;;;;;;;;;;;;216.2;266;;;10930;75;;
GVE;01.09.1954 00:00;10;21;15.4;-0.3;-0.7;-0.1;;;;;;;;;;;;;;;;;86.2;95;;;9789;89;;
GVE;01.10.1954 00:00;4.9;15.6;10;-1.3;-2.3;0.1;;;;;;;;;;;;;;;;;85.2;88;;;9697;139;;
GVE;01.11.1954 00:00;2.7;9.9;6.3;0.3;0.1;0.6;;;;;;;;;;;;;;;;;111.5;126;;;5974;152;;
GVE;01.12.1954 00:00;0.8;6;3.4;0.6;1;0.4;;;;;;;;;;;;;;;;;127.7;142;;;1588;55;;
GVE;01.01.1955 00:00;-0.4;4.6;2;-0.1;0.7;-0.5;;;;;;;;;;;;;;;;;137;188;;;731;20;;
GVE;01.02.1955 00:00;-1.9;5.5;1.7;-1.2;-0.8;-1.5;;;;;;;;;;;;;;;;;156.5;280;;;4171;72;;
GVE;01.03.1955 00:00;-1.3;9;3.6;-3.1;-3;-2.8;;;;;;;;;;;;;;;;;26.7;43;;;8224;85;;
GVE;01.04.1955 00:00;3.3;15.9;10.1;-0.4;-1.7;0;;;;;;;;;;;;;;;;;3.8;6;;;16836;150;;
GVE;01.05.1955 00:00;6.8;19.2;13.3;-1.2;-2.3;-0.9;;;;;;;;;;;;;;;;;118;150;;;15011;118;;
GVE;01.06.1955 00:00;10.6;22.3;16.9;-1.5;-2.1;-1.9;;;;;;;;;;;;;;;;;109.5;132;;;12432;84;;
GVE;01.07.1955 00:00;13.5;24.8;19;-1.6;-1.1;-1.9;;;;;;;;;;;;;;;;;65.1;82;;;14209;88;;
GVE;01.08.1955 00:00;12.2;24.2;18.2;-1.8;-2;-2;;;;;;;;;;;;;;;;;112.9;139;;;14458;100;;
GVE;01.09.1955 00:00;9.8;19.8;14.5;-1.2;-0.9;-1.3;;;;;;;;;;;;;;;;;73.9;81;;;10314;93;;
GVE;01.10.1955 00:00;4.4;13.5;9;-2.3;-2.8;-2;;;;;;;;;;;;;;;;;40.4;42;;;7444;107;;
GVE;01.11.1955 00:00;1.6;6.5;4;-2;-1;-2.8;;;;;;;;;;;;;;;;;42.5;48;;;2821;72;;
GVE;01.12.1955 00:00;1.7;7.2;4.6;1.8;1.9;1.6;;;;;;;;;;;;;;;;;93;103;;;2313;80;;
GVE;01.01.1956 00:00;-0.3;6.3;2.9;0.8;0.8;1.2;;;;;;;;;;;;;;;;;99.5;137;;;3258;89;;
GVE;01.02.1956 00:00;-11.3;-3.1;-7.1;-10;-10.2;-10.1;;;;;;;;;;;;;;;;;5.7;10;;;5327;93;;
GVE;01.03.1956 00:00;0.3;9.6;5;-1.7;-1.4;-2.2;;;;;;;;;;;;;;;;;33.5;54;;;9387;97;;
GVE;01.04.1956 00:00;2.1;13.4;7.7;-2.8;-2.9;-2.5;;;;;;;;;;;;;;;;;87;130;;;10081;90;;
GVE;01.05.1956 00:00;7.6;19.9;14.4;-0.1;-1.5;-0.2;;;;;;;;;;;;;;;;;76.3;97;;;15856;125;;
GVE;01.06.1956 00:00;9.6;20.7;15.6;-2.8;-3.1;-3.5;;;;;;;;;;;;;;;;;64.7;78;;;13680;93;;
GVE;01.07.1956 00:00;12.2;24.1;18.5;-2.1;-2.4;-2.6;;;;;;;;;;;;;;;;;84.6;107;;;15264;95;;
GVE;01.08.1956 00:00;11;22.2;16.2;-3.8;-3.2;-4;;;;;;;;;;;;;;;;;151.1;186;;;9694;67;;
GVE;01.09.1956 00:00;10.2;21;15.6;-0.1;-0.5;-0.1;;;;;;;;;;;;;;;;;123.3;136;;;12093;110;;
GVE;01.10.1956 00:00;4;12.8;8.1;-3.2;-3.2;-2.7;;;;;;;;;;;;;;;;;78.7;82;;;5901;85;;
GVE;01.11.1956 00:00;0.4;6.2;3.4;-2.6;-2.2;-3.1;;;;;;;;;;;;;;;;;19;21;;;2523;64;;
GVE;01.12.1956 00:00;-0.6;4.8;1.9;-0.9;-0.4;-0.8;;;;;;;;;;;;;;;;;19.4;22;;;4238;147;;
GVE;01.01.1957 00:00;-3.9;2.1;-1.1;-3.2;-2.8;-3;;;;;;;;;;;;;;;;;15.8;22;;;3302;90;;
GVE;01.02.1957 00:00;1.1;9;4.8;1.9;2.2;2;;;;;;;;;;;;;;;;;130.9;234;;;4811;84;;
GVE;01.03.1957 00:00;3;14.5;8.1;1.4;1.3;2.7;;;;;;;;;;;;;;;;;8.7;14;;;11986;124;;
GVE;01.04.1957 00:00;3.2;14.4;9.1;-1.4;-1.8;-1.5;;;;;;;;;;;;;;;;;19.9;30;;;11543;103;;
GVE;01.05.1957 00:00;5.4;17;11;-3.5;-3.7;-3.1;;;;;;;;;;;;;;;;;36.9;47;;;12739;100;;
GVE;01.06.1957 00:00;10.8;22.5;16.4;-2;-1.9;-1.7;;;;;;;;;;;;;;;;;145.6;175;;;12710;86;;
GVE;01.07.1957 00:00;12.2;25;18.5;-2.1;-2.4;-1.7;;;;;;;;;;;;;;;;;68.6;87;;;15574;96;;
GVE;01.08.1957 00:00;11.6;23.2;17;-3;-2.6;-3;;;;;;;;;;;;;;;;;60.5;75;;;14123;97;;
GVE;01.09.1957 00:00;8.8;20.4;14.2;-1.5;-1.9;-0.7;;;;;;;;;;;;;;;;;49.1;54;;;11110;101;;
GVE;01.10.1957 00:00;3.9;14.1;8.9;-2.4;-3.3;-1.4;;;;;;;;;;;;;;;;;43.4;45;;;9283;133;;
GVE;01.11.1957 00:00;2.4;8.2;5.6;-0.4;-0.2;-1.1;;;;;;;;;;;;;;;;;59.6;67;;;1833;47;;
GVE;01.12.1957 00:00;-1.5;3.7;1.2;-1.6;-1.3;-1.9;;;;;;;;;;;;;;;;;27.3;30;;;2102;73;;
GVE;01.01.1958 00:00;-2.6;3.5;0.6;-1.5;-1.5;-1.6;;;;;;;;;;;;;;;;;58.9;81;;;1632;45;;
GVE;01.02.1958 00:00;0.2;9.1;4.4;1.5;1.3;2.1;;;;;;;;;;;;;;;;;74.5;133;;;4399;76;;
GVE;01.03.1958 00:00;-1.8;7.6;2.7;-4;-3.5;-4.2;;;;;;;;;;;;;;;;;43.8;71;;;7934;82;;
GVE;01.04.1958 00:00;1.4;11.6;6.7;-3.8;-3.6;-4.3;;;;;;;;;;;;;;;;;55.2;82;;;9291;83;;
GVE;01.05.1958 00:00;8.7;21.2;14.9;0.4;-0.4;1.1;;;;;;;;;;;;;;;;;94.7;121;;;12733;100;;
GVE;01.06.1958 00:00;9.6;21.7;15.6;-2.8;-3.1;-2.5;;;;;;;;;;;;;;;;;153.2;184;;;14134;96;;
GVE;01.07.1958 00:00;12.8;25;18.6;-2;-1.8;-1.7;;;;;;;;;;;;;;;;;50.1;63;;;15308;95;;
GVE;01.08.1958 00:00;12.9;24.8;18.3;-1.7;-1.3;-1.4;;;;;;;;;;;;;;;;;156;192;;;14336;99;;
GVE;01.09.1958 00:00;11.4;22.4;16.5;0.8;0.7;1.3;;;;;;;;;;;;;;;;;100.9;111;;;10902;99;;
GVE;01.10.1958 00:00;5.3;12.4;8.6;-2.7;-1.9;-3.1;;;;;;;;;;;;;;;;;87.8;91;;;4962;71;;
GVE;01.11.1958 00:00;2.3;6.7;4.7;-1.3;-0.3;-2.6;;;;;;;;;;;;;;;;;34.5;39;;;1242;32;;
GVE;01.12.1958 00:00;0.7;6.2;3.6;0.8;0.9;0.6;;;;;;;;;;;;;;;;;60;67;;;1881;65;;
GVE;01.01.1959 00:00;-2.2;4.9;1.5;-0.6;-1.1;-0.2;23;5.3;0;-0.8;3;0;14.3;968.1;-8.1;-3.2;0;575.2;;;15;;76.6;105;;;4863;133;0;
GVE;01.02.1959 00:00;-2.9;6.5;1.6;-1.3;-1.8;-0.5;26;5.4;0;-0.6;0;0;13.8;980.7;-6;10.8;0;514.7;;;0;;0;0;;;8880;154;0;
GVE;01.03.1959 00:00;2.8;12.1;7.3;0.6;1.1;0.3;6;8;0;1;0;0;18.2;967.4;-2;-1;0;394.6;;;13;;134.5;217;;;7720;80;0;
GVE;01.04.1959 00:00;3.6;15.5;9.5;-1;-1.4;-0.4;3;8.3;0;-0.1;0;0;22.8;964.3;-1.3;-1.7;0;258.9;;;10;;103.1;154;;;11599;104;0;
GVE;01.05.1959 00:00;7.9;19.9;14;-0.5;-1.2;-0.2;0;11.3;2;0;0;0;25.5;966.2;1.9;-1.3;0;73.8;;;4;;15.3;19;;;15862;125;0;
GVE;01.06.1959 00:00;11.3;23.4;17.2;-1.2;-1.4;-0.8;0;13.9;11;-0.1;0;0;29.2;970.7;3.3;2.1;0;17.2;;;12;;84.5;102;;;14759;100;16.3;
GVE;01.07.1959 00:00;14.1;27.4;20.7;0.1;-0.5;0.7;0;17.1;25;1.8;0;0;32.6;969.8;8.5;1;9;0;;;4;;48.9;62;;;17906;111;88;
GVE;01.08.1959 00:00;12.3;24.2;18;-2;-1.9;-2;0;15.6;10;0;0;0;29;969.6;7;0.7;0;0;;;6;;46.7;58;;;14991;103;16.6;
GVE;01.09.1959 00:00;11.3;21.8;16.2;0.5;0.6;0.7;0;14.6;5;1.3;0;0;26.6;970.3;7.3;1.1;0;0;;;5;;65.6;72;;;9331;85;3;
GVE;01.10.1959 00:00;5.4;14.5;9.5;-1.8;-1.8;-1;0;10.7;0;-0.3;0;0;19.6;970.7;0.4;1.7;0;312.9;;;10;;108.6;113;;;7274;104;0;
GVE;01.11.1959 00:00;0.4;6.1;3.4;-2.6;-2.2;-3.2;13;7.4;0;-0.7;0;0;10.2;966.7;-2.4;-1.7;0;498.3;;;10;;77;87;;;2032;52;0;
GVE;01.12.1959 00:00;0.6;6.6;3.5;0.7;0.8;1;11;7.1;0;0.6;0;0;12.6;961.8;-4.4;-8.9;0;512.5;;;16;;113.9;127;;;3109;108;0;
GVE;01.01.1960 00:00;-2.3;3.8;0.7;-1.4;-1.2;-1.3;17;6;0;-0.1;8;0;10.8;967.5;-12;-3.8;0;599.9;;;10;;126.3;173;;;3493;96;0;
GVE;01.02.1960 00:00;-0.9;7.8;3.1;0.2;0.2;0.8;16;6.4;0;0.4;2;0;16.1;963.7;-8.9;-6.2;0;489.2;;;12;;141.7;253;;;6243;108;0;
GVE;01.03.1960 00:00;2.2;11.3;6.5;-0.2;0.5;-0.5;7;7.5;0;0.5;0;0;17.2;962.6;-2.4;-5.8;0;417.9;;;9;;76.2;123;;;7786;81;0;
GVE;01.04.1960 00:00;3.6;15.2;9.3;-1.2;-1.4;-0.7;1;7.5;0;-0.9;0;0;22.1;967.9;-0.7;1.9;0;283.5;;;3;;9.1;14;;;13311;119;0;
GVE;01.05.1960 00:00;8.1;21;14.7;0.2;-1;0.9;0;10.8;3;-0.5;0;0;28.3;967.9;0.8;0.4;0;43.3;;;8;;84.5;108;;;17069;134;2;
GVE;01.06.1960 00:00;11.8;24.4;18;-0.4;-0.9;0.2;0;13.4;13;-0.6;0;0;32;970;6.3;1.4;2;0;;;9;;79.5;96;;;16410;111;24.9;
GVE;01.07.1960 00:00;11.2;23;17;-3.6;-3.4;-3.7;0;13;8;-2.3;0;0;29.1;968.5;7.7;-0.3;0;0;;;8;;117.1;148;;;13432;83;10.5;
GVE;01.08.1960 00:00;11.7;23.6;17.1;-2.9;-2.5;-2.6;0;14.1;9;-1.5;0;0;29.7;967.5;7.9;-1.4;0;0;;;13;;161.3;199;;;12806;88;18.4;
GVE;01.09.1960 00:00;8.4;18;12.7;-3;-2.3;-3.1;0;12.2;1;-1.1;0;0;25.8;967.9;3.3;-1.3;0;105.8;;;13;;201.9;223;;;7880;71;0;
GVE;01.10.1960 00:00;5.4;13.6;9.1;-2.2;-1.8;-1.9;1;9.7;0;-1.3;0;0;20.7;961;-0.2;-8;0;312.4;;;15;;121.9;126;;;6235;89;0;
GVE;01.11.1960 00:00;3.2;10.6;6.8;0.8;0.6;1.3;3;8.2;0;0.1;0;0;16.3;965.3;-1.9;-3.1;0;391.2;;;14;;152;172;;;4390;112;0;
GVE;01.12.1960 00:00;-0.6;3.9;1.7;-1.1;-0.4;-1.7;22;5.8;0;-0.7;1;0;14.1;962;-6.9;-8.7;0;567;;;7;;62.7;70;;;2567;89;0;
GVE;01.01.1961 00:00;-1.1;4.6;1.7;-0.4;0;-0.5;24;5.9;0;-0.2;0;0;12.2;967.5;-3.9;-3.8;0;567.7;;;12;;84.4;116;;;2085;57;0;319.7
GVE;01.02.1961 00:00;0.8;9.5;4.8;1.9;1.9;2.5;9;7;0;1;0;0;14.5;976.4;-2.7;6.5;0;426.1;;;9;;58.6;105;;;5516;96;0;202.1
GVE;01.03.1961 00:00;1.1;12.8;7;0.3;-0.6;1;13;6.6;0;-0.4;0;0;20.6;976.5;-2.2;8.1;0;403.8;;;3;;11.1;18;;;13926;144;0;155.8
GVE;01.04.1961 00:00;6.1;17.7;11.7;1.2;1.1;1.8;0;9.9;1;1.5;0;0;25.8;963.5;1.3;-2.5;0;195.6;;;14;;85.8;128;;;9608;86;0;35.6
GVE;01.05.1961 00:00;6.6;18;12.5;-2;-2.5;-2.1;0;9.8;3;-1.5;0;0;26.3;967.2;1.2;-0.3;0;141.7;;;8;;22.7;29;;;13487;106;0.3;29.7
GVE;01.06.1961 00:00;11.4;23.2;17.4;-1;-1.3;-1;0;13.5;11;-0.5;0;0;32.2;969.2;5.4;0.6;4;8.3;;;6;;48.3;58;;;13822;94;36.8;0.3
GVE;01.07.1961 00:00;11.9;24.4;17.7;-2.9;-2.7;-2.3;0;13.3;11;-2;0;0;31.7;969.8;7.9;1;4;0;;;10;;79.7;101;;;14942;93;29.3;0
GVE;01.08.1961 00:00;11.6;24.5;17.6;-2.4;-2.6;-1.7;0;13.5;12;-2.1;0;0;31.5;972;6.6;3.1;2;0;;;9;;70.1;86;;;15556;107;22.3;0
GVE;01.09.1961 00:00;12.3;24;17.8;2.1;1.6;2.9;0;14.6;14;1.3;0;0;28.2;971;7.1;1.8;0;0;;;5;;29.2;32;;;11667;106;19.7;0
GVE;01.10.1961 00:00;6.6;15.8;10.8;-0.5;-0.6;0.3;0;10.8;0;-0.2;0;0;21.3;967.5;1.6;-1.5;0;215.1;;;9;;73.5;76;;;6399;92;0;63.1
GVE;01.11.1961 00:00;1.7;7.8;4.8;-1.2;-0.9;-1.5;5;7.2;0;-0.9;0;0;15.5;964.2;-2.1;-4.2;0;457;;;6;;66.4;75;;;2888;74;0;217
GVE;01.12.1961 00:00;0.4;5.6;3;0.2;0.6;0;17;6.8;0;0.3;5;0;16.5;966.7;-6.8;-4;0;504.2;;;10;;124;138;;;2982;104;0;280.2
GVE;01.01.1962 00:00;-0.3;6.2;2.8;0.7;0.8;1.1;17;6.2;0;0.1;2;0;13.2;971.1;-8.1;-0.2;0;533.2;;;11;;93.1;128;;;3996;109;0;285.2
GVE;01.02.1962 00:00;-2.4;4.7;1.3;-1.6;-1.3;-2.3;21;5.2;0;-0.8;1;0;10.9;972.1;-8.1;2.2;0;522.9;;;10;;71.6;128;;;4785;83;0;298.9
GVE;01.03.1962 00:00;-1.3;6.7;2.8;-3.9;-3;-5.1;22;5.4;0;-1.6;0;0;14.5;960.9;-7;-7.5;0;533.3;;;12;;131.6;212;;;8193;85;0;285.3
GVE;01.04.1962 00:00;2.8;14.6;8.7;-1.8;-2.2;-1.3;8;7.5;0;-0.9;0;0;23.7;966.6;-3;0.6;0;284.7;;;9;;50.3;75;;;11731;105;0;116.7
GVE;01.05.1962 00:00;6.3;17.5;11.8;-2.7;-2.8;-2.6;1;9.2;1;-2.1;0;0;28.1;967.9;-2.1;0.4;0;192.2;;;14;;68.2;87;;;12588;99;2.8;40.2
GVE;01.06.1962 00:00;8.7;22.8;16.1;-2.3;-4;-1.4;0;11.1;10;-2.9;0;0;32.7;971.4;1.4;2.8;3;43;;;3;;29.2;35;;;19931;135;22.1;11
GVE;01.07.1962 00:00;10.5;25.5;18.1;-2.5;-4.1;-1.2;0;11.8;16;-3.5;0;0;35.2;969;3.2;0.2;6;16;;;5;;12.5;16;;;15372;95;39.6;0
GVE;01.08.1962 00:00;12.1;28.3;20.3;0.3;-2.1;2.1;0;12.4;25;-3.2;0;0;34.6;970.4;8.4;1.5;10;0;;;4;;26.1;32;;;19142;132;69.2;0
GVE;01.09.1962 00:00;9.3;21.5;14.9;-0.8;-1.4;0.4;0;11.6;8;-1.7;0;0;33.1;969.3;1.5;0.1;4;91.2;;;6;;49.6;55;;;11444;104;20.5;19.2
GVE;01.10.1962 00:00;6;15.3;10;-1.3;-1.2;-0.2;1;9.9;0;-1.1;0;0;24.5;970.8;-0.5;1.8;0;260;;;5;;31.4;33;;;7328;105;0;76
GVE;01.11.1962 00:00;-0.9;7;3.1;-2.9;-3.5;-2.3;18;6.5;0;-1.6;0;0;16.9;963.7;-7.1;-4.7;0;506.8;;;5;;29.4;33;;;4054;103;0;266.8
GVE;01.12.1962 00:00;-4;1.5;-1.1;-3.9;-3.8;-4.1;26;5.1;0;-1.4;12;0;10.6;967.1;-11.9;-3.6;0;654.8;;;14;;120.3;134;;;996;35;0;406.8
GVE;01.01.1963 00:00;-7.4;-1.5;-4.1;-6.2;-6.3;-6.6;25;4.1;0;-2;20;0;7.7;966.5;-19;-4.8;0;746.8;;;8;;43.1;59;;;3145;86;0;498.8
GVE;01.02.1963 00:00;-6;0.5;-2.6;-5.5;-4.9;-6.5;25;4.2;0;-1.8;12;0;6.9;959.4;-18.5;-10.5;0;632.7;;;8;;61.6;110;;;3827;66;0;408.7
GVE;01.03.1963 00:00;-0.3;9.2;4.1;-2.6;-2;-2.6;13;6.2;0;-0.8;0;0;15.2;967.3;-9.1;-1.1;0;492.5;;;15;;129.6;209;;;7810;81;0;244.5
GVE;01.04.1963 00:00;4.6;15.2;9.9;-0.6;-0.4;-0.7;2;8.3;0;-0.1;0;0;21.9;963.6;-1.9;-2.4;0;257.7;;;9;;74.3;111;;;9196;82;0;73.7
GVE;01.05.1963 00:00;7;18.3;12.7;-1.8;-2.1;-1.8;0;9.8;0;-1.5;0;0;23.8;967.5;0.5;0;0;130.3;;;8;;47.1;60;;;13833;109;0;26.3
GVE;01.06.1963 00:00;12;21.2;16;-2.4;-0.7;-3;0;13.2;4;-0.8;0;0;29.8;966.2;8.7;-2.4;0;8.6;;;18;;156.1;188;;;11186;76;9;0.6
GVE;01.07.1963 00:00;13.8;25.9;19.5;-1.1;-0.8;-0.8;0;15;18;-0.3;0;0;30.9;969.6;8.5;0.8;1;0;;;7;;30.6;39;;;17830;110;48.3;0
GVE;01.08.1963 00:00;12.2;22.2;16.4;-3.6;-2;-4;0;13.4;10;-2.2;0;0;29.9;966.3;6.1;-2.6;0;34.2;;;15;;185.3;228;;;11527;80;13.5;2.2
GVE;01.09.1963 00:00;10.4;20.4;14.6;-1.1;-0.3;-0.7;0;13;2;-0.3;0;0;25.1;969.8;3.4;0.6;0;54.8;;;6;;34.6;38;;;8284;75;0;6.8
GVE;01.10.1963 00:00;4.5;14.9;8.9;-2.4;-2.7;-0.6;0;9.2;0;-1.8;0;0;22.1;972.1;0.4;3.1;0;329.4;;;4;;30;31;;;8692;125;0;97.4
GVE;01.11.1963 00:00;4.2;11.1;7.5;1.5;1.6;1.8;4;8.5;0;0.4;0;0;16.2;963.3;-2.9;-5.1;0;368.9;;;17;;209.2;236;;;3825;97;0;136.9
GVE;01.12.1963 00:00;-2.7;1.1;-0.9;-3.7;-2.5;-4.5;21;5;0;-1.5;13;0;8.2;967.5;-10.6;-3.2;0;649.2;;;2;;5.2;6;;;1514;53;0;401.2
GVE;01.01.1964 00:00;-3.1;0.1;-1.5;-3.6;-2;-5;30;4.7;0;-1.4;13;0;4.4;979.4;-6.7;8.1;0;665.8;;;2;;23.6;32;;;669;18;0;417.8
GVE;01.02.1964 00:00;-0.5;7.7;3.2;0.3;0.6;0.7;16;5.8;0;-0.2;0;0;15;967.5;-7.1;-2.4;0;486.1;;;6;;27;48;;;7132;124;0;254.1
GVE;01.03.1964 00:00;1.3;8.1;4.5;-2.2;-0.4;-3.7;11;6.8;0;-0.2;1;0;12;962.3;-4.4;-6.1;0;481.7;;;13;;167.2;269;;;3844;40;0;233.7
GVE;01.04.1964 00:00;4.4;15.4;9.8;-0.7;-0.6;-0.5;3;8.1;0;-0.3;0;0;21.8;966.3;-1.5;0.3;0;266.7;;;9;;59.8;89;;;10217;91;0;74.7
GVE;01.05.1964 00:00;8.6;20.6;14.6;0.1;-0.5;0.5;0;11;5;-0.3;0;0;28;969.8;2.7;2.3;0;52.8;;;6;;32.9;42;;;13411;105;4.6;4.8
GVE;01.06.1964 00:00;11.9;24.1;17.8;-0.6;-0.8;-0.1;0;12.8;10;-1.2;0;0;30.4;968.4;7.5;-0.2;1;0;;;9;;59.2;71;;;15921;108;18.6;0
GVE;01.07.1964 00:00;13.1;28.1;20.9;0.3;-1.5;1.4;0;13.3;26;-2;0;0;33.8;970.6;7.6;1.8;10;8;;;5;;83.9;106;;;20086;124;91.5;0
GVE;01.08.1964 00:00;12.5;24.6;18;-2;-1.7;-1.6;0;12.4;13;-3.2;0;0;32.3;968.6;7.4;-0.3;4;0;;;7;;54.6;67;;;14417;99;33.1;0
GVE;01.09.1964 00:00;10.7;21.1;15.1;-0.6;0;0;0;12.4;4;-0.9;0;0;28.6;972.6;2.4;3.4;0;40.1;;;7;;58.4;64;;;10925;99;7.9;8.1
GVE;01.10.1964 00:00;6.4;12.5;8.9;-2.4;-0.8;-3;0;8.8;0;-2.2;0;0;21.7;967.8;0.5;-1.2;0;306.5;;;10;;92.5;96;;;4750;68;0;114.5
GVE;01.11.1964 00:00;3.1;8.7;5.9;-0.1;0.5;-0.6;3;7.7;0;-0.4;0;0;15.7;971.7;-1.2;3.3;0;424.2;;;7;;49.2;56;;;2501;64;0;184.2
GVE;01.12.1964 00:00;-1.7;2.5;0.6;-2.2;-1.5;-3.1;19;5.7;0;-0.8;4;0;8.8;967;-17;-3.7;0;601.5;;;7;;27.8;31;;;593;21;0;353.5
GVE;01.01.1965 00:00;-2.7;4;0.7;-1.4;-1.6;-1.1;23;5.7;0;-0.4;1;0;11;965.3;-10.9;-6;0;599.5;;;11;;68.8;95;;;2763;76;0;351.5
GVE;01.02.1965 00:00;-4.9;3.1;-1.1;-4;-3.8;-3.9;26;4.4;0;-1.6;2;0;9.4;971.2;-11.8;1.3;0;589.9;;;3;;5.9;11;;;7738;134;0;365.9
GVE;01.03.1965 00:00;-0.7;9.3;4;-2.7;-2.4;-2.5;16;6.9;0;-0.1;2;0;18.9;968.4;-13.7;0;0;496.8;;;14;;119.1;192;;;8066;83;0;248.8
GVE;01.04.1965 00:00;3;12.7;7.8;-2.7;-2;-3.2;2;7.9;0;-0.5;0;0;20;964.9;-1.3;-1.1;0;366.3;;;16;;67.4;100;;;7891;70;0;126.3
GVE;01.05.1965 00:00;7.3;18.4;12.9;-1.6;-1.8;-1.7;0;10.5;2;-0.8;0;0;27.3;967.4;1.2;-0.1;0;137.2;;;13;;98.5;125;;;12716;100;2.6;25.2
GVE;01.06.1965 00:00;11.1;23.2;17.1;-1.3;-1.6;-1;0;13.7;14;-0.3;0;0;32.8;968.4;3.3;-0.2;5;64;;;10;;48.5;58;;;12637;86;46.4;8
GVE;01.07.1965 00:00;12.1;23.5;17.3;-3.3;-2.5;-3.2;0;13.8;12;-1.5;0;0;29.9;967.9;4.2;-0.9;0;0;;;13;;125;158;;;13175;82;20.7;0
GVE;01.08.1965 00:00;11.6;23.1;16.6;-3.4;-2.6;-3.1;0;13.8;9;-1.8;0;0;30.6;968.6;6.1;-0.3;1;0;;;8;;134.6;166;;;12587;87;13.3;0
GVE;01.09.1965 00:00;8.7;17.8;12.4;-3.3;-2;-3.3;0;11.8;1;-1.5;0;0;25.6;966;4.6;-3.2;0;142.6;;;17;;192.5;212;;;7684;70;0;22.6
GVE;01.10.1965 00:00;6.8;13.9;9.7;-1.6;-0.4;-1.6;0;10.6;0;-0.4;0;0;19.5;971.9;0.2;2.9;0;306.8;;;6;;31.7;33;;;4236;61;0;74.8
GVE;01.11.1965 00:00;1.9;7.8;5.2;-0.8;-0.7;-1.5;8;7.5;0;-0.6;0;0;18.3;962.7;-6.1;-5.7;0;437.8;;;18;;124.9;141;;;1463;37;0;205.8
GVE;01.12.1965 00:00;0.2;6.6;3.4;0.6;0.4;1;14;6.8;0;0.3;0;0;12.8;963.7;-6.2;-7;0;513.3;;;22;;181.6;202;;;2155;75;0;265.3
GVE;01.01.1966 00:00;-3.4;3;-0.4;-2.5;-2.3;-2.1;19;5.3;0;-0.8;9;0;13;965.5;-14.6;-5.8;0;631.6;;;12;;92.9;128;;;3046;83;0;383.6
GVE;01.02.1966 00:00;0.8;10.2;5.6;2.7;1.9;3.2;13;7.5;0;1.5;0;0;15.1;961.4;-4.7;-8.5;0;404.5;;;13;;122.1;218;;;4098;71;0;180.5
GVE;01.03.1966 00:00;-0.9;9.5;4.3;-2.4;-2.6;-2.3;20;5.9;0;-1.1;0;0;14.9;971.7;-5.5;3.3;0;488.2;;;10;;47.7;77;;;10121;105;0;240.2
GVE;01.04.1966 00:00;5.3;15.8;10.3;-0.2;0.3;-0.1;3;9.1;0;0.7;0;0;19.3;963.6;-0.7;-2.4;0;233.9;;;14;;89.5;133;;;9167;82;0;57.9
GVE;01.05.1966 00:00;7.8;19.7;14;-0.5;-1.3;-0.4;0;10.8;3;-0.5;0;0;25.6;969.2;2.2;1.7;0;57.7;;;10;;70.9;90;;;15061;118;1.9;17.7
GVE;01.06.1966 00:00;11.9;24.6;18.2;-0.2;-0.8;0.4;0;13;14;-1;0;0;32.5;968.8;5.5;0.2;2;0;;;5;;24.6;30;;;15412;104;30.7;0
GVE;01.07.1966 00:00;12.2;23.5;17.4;-3.2;-2.4;-3.2;0;12.7;9;-2.6;0;0;32.2;967.4;7.9;-1.4;1;8.2;;;9;;66.9;84;;;14829;92;24.6;0.2
GVE;01.08.1966 00:00;12.2;23.4;17.4;-2.6;-2;-2.8;0;13.2;9;-2.4;0;0;34;967.9;5.5;-1;4;0;;;8;;56.5;70;;;11471;79;22.8;0
GVE;01.09.1966 00:00;11;22.7;15.7;0;0.3;1.6;0;12.8;9;-0.5;0;0;31.8;970.2;6.4;1;2;0;;;6;;50.4;56;;;10931;99;8.5;0
GVE;01.10.1966 00:00;9;16.8;12.1;0.8;1.8;1.3;0;12.5;1;1.5;0;0;25.1;962.2;3.4;-6.8;0;153.5;;;13;;105.1;109;;;5884;84;0;49.5
GVE;01.11.1966 00:00;0.4;6;3.1;-2.9;-2.2;-3.3;11;6.8;0;-1.3;0;0;12.7;966.3;-5;-2.1;0;506.9;;;11;;77.8;88;;;2687;68;0;266.9
GVE;01.12.1966 00:00;-0.1;5.1;2.5;-0.3;0.1;-0.5;16;6.6;0;0.1;2;0;10.6;967.1;-5;-3.6;0;542.4;;;18;;140.1;156;;;2314;80;0;294.4
GVE;01.01.1967 00:00;-1.9;3.9;0.7;-1.4;-0.8;-1.2;21;6;0;-0.1;8;0;13.3;972;-8.1;0.7;0;597;;;9;;39.4;54;;;4122;113;0;349
GVE;01.02.1967 00:00;-1.2;7.8;2.9;0;-0.1;0.8;17;6.4;0;0.4;0;0;15.9;970.6;-8.9;0.7;0;477.7;;;9;;69.9;125;;;6482;113;0;253.7
GVE;01.03.1967 00:00;2;11.4;6.6;-0.1;0.3;-0.4;12;7.2;0;0.2;0;0;18.1;972.4;-3.4;4;0;409.4;;;11;;65.6;106;;;8121;84;0;169.4
GVE;01.04.1967 00:00;2.1;13.9;8.2;-2.3;-2.9;-2;7;7.3;0;-1.1;0;0;21.7;965.8;-3.4;-0.2;0;334.4;;;4;;13.2;20;;;11896;106;0;118.4
GVE;01.05.1967 00:00;7;18.2;12.5;-2;-2.1;-1.9;1;10.4;1;-0.9;0;0;25;966.2;-1.2;-1.3;0;135.6;;;15;;119;152;;;12351;97;0.7;31.6
GVE;01.06.1967 00:00;9.5;21.9;16;-2.4;-3.2;-2.3;0;11.8;8;-2.2;0;0;30.6;971;4.2;2.4;3;42.8;;;4;;29.4;35;;;16846;114;18;2.8
GVE;01.07.1967 00:00;13.5;27.6;20.4;-0.2;-1.1;0.9;0;15.2;24;-0.1;0;0;33.3;970.7;9.5;1.9;9;0;;;8;;65;82;;;18709;116;70.7;0
GVE;01.08.1967 00:00;12.9;24.6;17.9;-2.1;-1.3;-1.6;0;14.6;11;-1;0;0;32.4;969.1;7.3;0.2;1;0;;;10;;91.4;113;;;14046;97;17;0
GVE;01.09.1967 00:00;9.7;20.1;14.2;-1.5;-1;-1;0;12.7;5;-0.6;0;0;29;968.1;4.3;-1.1;0;70.3;;;12;;90.5;100;;;7886;71;5.5;6.3
GVE;01.10.1967 00:00;7.4;17.8;11.7;0.4;0.2;2.3;0;11.4;0;0.4;0;0;24.3;969.7;0.5;0.7;0;187.8;;;6;;36;37;;;9249;133;0.4;51.8
GVE;01.11.1967 00:00;1.6;8.2;5.2;-0.8;-1;-1.1;11;8.1;0;0;0;0;13.1;968.9;-4.1;0.5;0;443.8;;;11;;158.8;179;;;3432;87;0;203.8
GVE;01.12.1967 00:00;-3.5;2.5;-0.1;-2.9;-3.3;-3.1;22;5.4;0;-1.1;8;0;11.1;969.3;-13.3;-1.4;0;623.1;;;10;;57.9;64;;;3278;114;0;375.1
GVE;01.01.1968 00:00;-4.1;2.8;-0.5;-2.6;-3;-2.3;24;5.4;0;-0.7;6;0;9;970.3;-19.9;-1;0;635.7;;;16;;90.5;124;;;2737;75;0;387.7
GVE;01.02.1968 00:00;-0.8;5.6;2.7;-0.2;0.3;-1.4;15;6.5;0;0.5;0;0;10.1;963.2;-6.9;-6.7;0;501;;;15;;114.9;206;;;3773;66;0;269
GVE;01.03.1968 00:00;-0.5;10.9;5.4;-1.3;-2.2;-0.9;14;6.3;0;-0.7;0;0;19.6;969;-6.7;0.6;0;453.8;;;6;;36.4;59;;;8932;92;0;205.8
GVE;01.04.1968 00:00;3.4;15.7;9.9;-0.6;-1.6;-0.2;3;8.8;3;0.4;0;0;27.1;966.5;-3.3;0.5;0;268.6;;;11;;51.6;77;;;12077;108;0;92.6
GVE;01.05.1968 00:00;6.9;17.2;12.3;-2.2;-2.2;-2.9;1;10.5;0;-0.8;0;0;23.6;966.5;-0.5;-1;0;141.9;;;11;;67;85;;;11100;87;0.5;37.9
GVE;01.06.1968 00:00;10.3;22.5;16.5;-1.9;-2.4;-1.7;0;12.7;6;-1.3;0;0;32.4;968.8;4.1;0.2;3;0;;;7;;59.1;71;;;15236;103;22.1;0
GVE;01.07.1968 00:00;12.2;24.7;18.4;-2.2;-2.4;-2;0;14.6;15;-0.7;0;0;32.6;970.5;7.3;1.7;7;8.3;;;12;;67.2;85;;;16685;103;47.2;0.3
GVE;01.08.1968 00:00;11.3;21.2;16.1;-3.9;-2.9;-5;0;14.3;4;-1.3;0;0;26.2;967.1;5.9;-1.8;0;0;;;16;;226.7;279;;;9955;69;4.2;0
GVE;01.09.1968 00:00;8.8;19;13.5;-2.2;-1.9;-2.1;0;12.5;0;-0.8;0;0;23;968.1;4.8;-1.1;0;48.8;;;13;;180.6;199;;;9135;83;0;8.8
GVE;01.10.1968 00:00;7.3;17.2;11.6;0.3;0.1;1.7;0;12.2;0;1.2;0;0;24.8;972;2.2;3;0;178.9;;;4;;46.8;48;;;7291;104;0;34.9
GVE;01.11.1968 00:00;2.4;6.9;4.7;-1.3;-0.2;-2.4;4;8.1;0;0;2;0;14.4;964.8;-3.9;-3.6;0;457.5;;;8;;81.4;92;;;1298;33;0;217.5
GVE;01.12.1968 00:00;-0.8;3.4;1.7;-1.1;-0.6;-2.2;14;6.3;0;-0.2;4;0;9.7;963.2;-14;-7.5;0;568.6;;;14;;110.7;123;;;2002;70;0;320.6
GVE;01.01.1969 00:00;-1.8;4.1;1.5;-0.6;-0.7;-1;20;6.1;0;0;2;0;8.8;967.1;-10.9;-4.2;0;574.9;;;10;;65.7;90;;;3066;84;0;326.9
GVE;01.02.1969 00:00;-4.4;3.7;-0.3;-3.2;-3.3;-3.3;25;4.9;0;-1.1;3;0;10.2;960.5;-12.4;-9.4;0;568.6;;;8;;55.5;99;;;5700;99;0;344.6
GVE;01.03.1969 00:00;1;9.3;5.1;-1.6;-0.7;-2.5;11;7;0;0;0;0;15.5;962.1;-4.9;-6.3;0;462.3;;;8;;62.1;100;;;5266;54;0;214.3
GVE;01.04.1969 00:00;3.6;14;8.8;-1.7;-1.4;-1.9;4;8;0;-0.4;0;0;23.3;967.1;-2.8;1.1;0;303.3;;;9;;83.7;125;;;8424;75;0;103.3
GVE;01.05.1969 00:00;7.7;19.6;13.8;-0.7;-1.4;-0.5;0;11.1;4;-0.2;0;0;27.8;965.8;0.8;-1.7;0;87.5;;;10;;92.9;118;;;13173;104;5.3;15.5
GVE;01.06.1969 00:00;9.4;19.8;14.5;-3.9;-3.3;-4.4;0;12.6;2;-1.4;0;0;26.6;966.6;4;-2;0;60.7;;;13;;138;166;;;10290;70;0.9;12.7
GVE;01.07.1969 00:00;13.2;25.9;19.5;-1.1;-1.4;-0.8;0;15.8;21;0.5;0;0;32;972.7;6.5;3.9;5;17.5;;;8;;41.6;53;;;16575;103;71.6;1.5
GVE;01.08.1969 00:00;12.2;23.9;17.8;-2.2;-2;-2.3;0;14.5;15;-1.1;0;0;30.2;968.2;5.3;-0.7;3;41;;;6;;62;76;;;12902;89;43.6;1
GVE;01.09.1969 00:00;10.4;21.1;15.1;-0.6;-0.3;0;0;14.2;0;0.9;0;0;24.8;968.8;5.8;-0.4;0;8.6;;;7;;68.8;76;;;10532;95;0.9;0.6
GVE;01.10.1969 00:00;5.3;16.2;9.9;-1.4;-1.9;0.7;0;10.7;0;-0.3;0;0;20.2;973.7;0.1;4.7;0;305.5;;;1;;1.8;2;;;8334;119;0;65.5
GVE;01.11.1969 00:00;1.7;9.8;5.5;-0.5;-0.9;0.5;12;7.3;0;-0.8;1;0;16.9;964.7;-5.6;-3.7;0;418.6;;;11;;105.3;119;;;5373;137;0;194.6
GVE;01.12.1969 00:00;-3.9;0.4;-1.7;-4.5;-3.7;-5.2;28;4.6;0;-1.9;16;0;6.3;964.4;-7.9;-6.3;0;671.2;;;7;;41.3;46;;;1737;60;0;423.2
GVE;01.01.1970 00:00;-2.4;3;0.5;-1.6;-1.3;-2.1;23;5.8;0;-0.3;5;0;8.1;961.8;-11.2;-9.5;0;605.7;;;12;0;80.3;110;;;1954;53;0;357.7
GVE;01.02.1970 00:00;-0.7;6.1;2.9;0;0.4;-0.9;14;6;0;0;2;0;12.3;964.5;-14;-5.4;0;479.1;;;19;0;174.2;312;;;2986;52;0;255.1
GVE;01.03.1970 00:00;-1.9;7;2.6;-4.1;-3.6;-4.8;18;5.6;0;-1.4;0;0;13.4;964.1;-12.2;-4.3;0;537.9;;;13;0;91.9;148;;;6899;71;0;289.9
GVE;01.04.1970 00:00;1.9;11.7;6.8;-3.7;-3.1;-4.2;11;7.2;0;-1.2;0;0;24.8;967.6;-5.4;1.6;0;366.8;;;17;0;132.7;198;;;8038;72;0;166.8
GVE;01.05.1970 00:00;6.1;18;12.4;-2.1;-3;-2.1;0;10;1;-1.3;0;0;26;967.6;1.1;0.1;0;145.9;;;7;0;30.2;38;;;12432;98;0.9;25.9
GVE;01.06.1970 00:00;12;23.9;17.9;-0.5;-0.7;-0.3;0;14.8;14;0.8;0;0;30;968.9;6.7;0.3;1;0;;;9;0;67.1;81;;;13867;94;26.2;0
GVE;01.07.1970 00:00;12.3;25.4;18.9;-1.7;-2.3;-1.3;0;14.3;19;-1;0;0;33;969.3;5.9;0.5;5;8.2;;;3;0;18.6;23;;;15627;97;59.3;0.2
GVE;01.08.1970 00:00;12.9;25;18.6;-1.4;-1.3;-1.2;0;15.4;16;-0.2;0;0;33.1;967.9;6;-1;6;0;;;12;0;84.1;104;;;13126;91;50.8;0
GVE;01.09.1970 00:00;9.1;22.3;15.3;-0.4;-1.6;1.2;0;13;6;-0.3;0;0;30.1;971.4;3.7;2.2;1;34.1;;;4;0;28.6;32;;;12677;115;9.8;2.1
GVE;01.10.1970 00:00;4.7;13.8;8.8;-2.5;-2.5;-1.7;6;9.9;0;-1.1;0;0;22.2;972.4;-2.1;3.4;0;285.1;;;8;0;77.9;81;;;6435;92;0;109.1
GVE;01.11.1970 00:00;2.1;10.5;6.2;0.2;-0.5;1.2;8;8.1;0;0;0;0;21.3;968.9;-1.5;0.5;0;399.3;;;12;0;151.6;171;;;4480;114;0;175.3
GVE;01.12.1970 00:00;-1.3;3.2;1.2;-1.6;-1.1;-2.4;17;5.7;0;-0.8;7;0;13.1;971.6;-9.8;0.9;0;581.5;;;7;0;25.5;28;;;2182;76;0;333.5
GVE;01.01.1971 00:00;-4.6;1.6;-1.2;-3.3;-3.5;-3.5;24;5.2;0;-0.9;14;0;10.5;965.3;-16.8;-6;0;658.3;;;9;0;64.9;89;;;1844;50;0;410.3
GVE;01.02.1971 00:00;-2.2;5.6;1.7;-1.2;-1.1;-1.4;20;5.3;0;-0.7;0;0;10.3;970.4;-6.7;0.5;0;511.5;;;4;0;27.6;49;;;6073;105;0;287.5
GVE;01.03.1971 00:00;-3.4;6;1.4;-5.3;-5.1;-5.8;23;5.2;0;-1.8;4;0;14.2;964.1;-11;-4.3;0;575.9;;;9;0;113.7;183;;;8432;87;0;327.9
GVE;01.04.1971 00:00;4.4;17.7;10.9;0.4;-0.6;1.8;3;8.5;0;0.1;0;0;24;962.4;-1.9;-3.6;0;208.9;;;5;0;34.9;52;;;13167;118;0;48.9
GVE;01.05.1971 00:00;8.5;20;14;-0.5;-0.6;-0.1;0;12;4;0.7;0;0;26;963.5;1.8;-4;0;84.8;;;12;0;47;60;;;10487;82;0;12.8
GVE;01.06.1971 00:00;10.3;20.9;15.3;-3.1;-2.4;-3.3;0;12.6;4;-1.4;0;0;26.7;966.3;6.5;-2.3;0;18.4;;;12;0;105.6;127;;;12222;83;2.1;2.4
GVE;01.07.1971 00:00;12.9;28;20.3;-0.3;-1.7;1.3;0;14.8;25;-0.5;0;0;34.8;969.6;5.6;0.8;12;0;;;3;0;8.4;11;;;19727;122;74.8;0
GVE;01.08.1971 00:00;13.8;26.9;19.8;-0.2;-0.4;0.7;0;15.4;21;-0.2;0;0;33.5;968;9.2;-0.9;9;0;;;10;0;79.3;98;;;15331;106;60.8;0
GVE;01.09.1971 00:00;8.8;20.3;14;-1.7;-1.9;-0.8;0;11.8;2;-1.5;0;0;25.2;972.8;1.1;3.6;0;55.6;;;3;0;27.2;30;;;12803;116;0;7.6
GVE;01.10.1971 00:00;5.6;16.1;10.3;-1;-1.6;0.6;1;10.2;0;-0.8;0;0;21.8;976.7;-0.5;7.7;0;249.1;;;3;0;30.1;31;;;8580;123;0;65.1
GVE;01.11.1971 00:00;0.3;7;3.7;-2.3;-2.3;-2.3;17;6.9;0;-1.2;1;0;16.3;966.2;-8.5;-2.2;0;489.5;;;10;0;104.9;118;;;3804;97;0;249.5
GVE;01.12.1971 00:00;-0.5;3.2;1.3;-1.5;-0.3;-2.4;18;6.3;0;-0.2;5;0;11.1;977.1;-6.1;6.4;0;579.6;;;1;0;8.3;9;;;794;28;0;331.6
GVE;01.01.1972 00:00;-1.2;3.3;1.3;-0.8;-0.1;-1.8;18;5.8;0;-0.3;1;0;6;964.6;-9.5;-6.7;0;579.9;;;8;0;25.3;35;;;2178;60;0;331.9
GVE;01.02.1972 00:00;-0.5;7.4;3.5;0.6;0.6;0.4;17;6.5;0;0.5;0;0;11.9;962.5;-6;-7.4;0;477.8;;;8;0;75.1;134;;;3619;63;0;245.8
GVE;01.03.1972 00:00;0.6;11.7;6.2;-0.5;-1.1;-0.1;15;6.9;0;-0.1;0;0;17.9;965.6;-3.6;-2.8;0;428.8;;;5;0;43.7;70;;;8243;85;0;180.8
GVE;01.04.1972 00:00;3.5;13.5;8.4;-2.1;-1.5;-2.4;2;7.9;0;-0.5;0;0;22.9;963;-1.9;-3;0;311.1;;;6;0;66;98;;;7999;71;0;111.1
GVE;01.05.1972 00:00;7.1;18.2;12.6;-1.9;-2;-1.9;0;9.8;1;-1.5;0;0;26.2;966;0.7;-1.5;0;129.7;;;9;0;59.4;76;;;10626;84;1;25.7
GVE;01.06.1972 00:00;10;21.3;15.3;-3.1;-2.7;-2.9;0;12.2;6;-1.8;0;0;27;967.7;3.6;-0.9;0;29.6;;;10;0;96.7;116;;;12725;86;3.1;5.6
GVE;01.07.1972 00:00;12.5;24.8;18.3;-2.3;-2.1;-1.9;0;14.4;15;-0.9;0;0;31.4;969.3;5.4;0.5;2;0;;;6;0;45.6;58;;;14117;87;33.6;0
GVE;01.08.1972 00:00;12;24;17.6;-2.4;-2.2;-2.2;0;13.2;10;-2.4;0;0;31.5;969.6;5.6;0.7;4;0;;;8;0;49.1;60;;;13047;90;29.8;0
GVE;01.09.1972 00:00;7;17.7;11.7;-4;-3.7;-3.4;0;10.3;1;-3;0;0;25.7;969.3;0.5;0.1;0;189;;;7;0;34.3;38;;;9730;88;0;45
GVE;01.10.1972 00:00;3.7;13.6;8.2;-3.1;-3.5;-1.9;3;8.6;0;-2.4;0;0;19.7;970.1;-0.5;1.1;0;365.1;;;5;0;24.7;26;;;7275;104;0;117.1
GVE;01.11.1972 00:00;3.2;9.5;6.1;0.1;0.6;0.2;6;8.3;0;0.2;0;0;17;971.4;-6.3;3;0;395.2;;;12;0;133.6;151;;;3118;79;0;179.2
GVE;01.12.1972 00:00;-1;3.5;1.3;-1.5;-0.8;-2.1;24;6.2;0;-0.3;3;0;10.8;975;-5.9;4.3;0;579.5;;;6;0;70;78;;;2092;73;0;331.5
GVE;01.01.1973 00:00;-2.2;2.3;0.4;-1.7;-1.1;-2.8;26;5.3;0;-0.8;7;0;6.9;973;-7.4;1.7;0;608.9;;;7;0;29.2;40;;;2403;66;0;360.9
GVE;01.02.1973 00:00;-2.2;4;1.1;-1.8;-1.1;-3;23;5.2;0;-0.8;0;0;11.4;967.1;-7.6;-2.8;0;528.6;;;7;0;39.2;70;;;4103;71;0;304.6
GVE;01.03.1973 00:00;-1.5;9.5;4.1;-2.6;-3.2;-2.3;21;5.4;0;-1.6;0;0;17.2;972.6;-9.3;4.2;0;492.1;;;3;0;6;10;;;10543;109;0;244.1
GVE;01.04.1973 00:00;1.4;11.8;6.5;-4;-3.6;-4.1;10;6.4;0;-2;0;0;20.9;966.3;-3.7;0.3;0;396.4;;;7;0;58.4;87;;;10063;90;0;164.4
GVE;01.05.1973 00:00;8.4;19.5;13.9;-0.6;-0.7;-0.6;0;11.2;2;-0.1;0;0;26.8;968.7;1.6;1.2;0;87.7;;;14;0;82.7;105;;;12044;95;1.7;15.7
GVE;01.06.1973 00:00;11.5;22.9;17;-1.4;-1.2;-1.3;0;14;13;0;0;0;28.4;969.8;6;1.2;0;8.3;;;10;0;111.6;134;;;13592;92;19.4;0.3
GVE;01.07.1973 00:00;13;24.2;18.3;-2.3;-1.6;-2.5;0;14.8;15;-0.5;0;0;30.3;967.1;7.3;-1.7;3;0;;;11;0;123.8;156;;;13950;86;36.3;0
GVE;01.08.1973 00:00;14.3;25.9;19.4;-0.6;0.1;-0.3;0;16.9;21;1.3;0;0;30.9;971.3;9.6;2.4;3;0;;;9;0;50.4;62;;;12408;86;46.2;0
GVE;01.09.1973 00:00;10;22;15.3;-0.4;-0.7;0.9;0;13.4;10;0.1;0;0;29.9;969.6;3.5;0.4;0;68.1;;;6;0;79.5;88;;;11045;100;6.5;12.1
GVE;01.10.1973 00:00;4.7;12.9;8.6;-2.7;-2.5;-2.6;4;9.2;0;-1.8;0;0;19;970.9;-1.6;1.9;0;310.6;;;7;0;50.7;53;;;6173;88;0;110.6
GVE;01.11.1973 00:00;0.3;8.2;4.2;-1.8;-2.3;-1.1;14;7.1;0;-1;0;0;15.8;974.4;-9.8;6;0;474.7;;;9;0;48.2;54;;;5964;152;0;234.7
GVE;01.12.1973 00:00;-2.4;3.9;0.9;-1.9;-2.2;-1.7;22;5.6;0;-0.9;4;0;10.1;968.1;-11.1;-2.6;0;590.6;;;6;0;48.5;54;;;2891;100;0;342.6
GVE;01.01.1974 00:00;-0.1;6.3;3.5;1.4;1;1.2;14;6.8;0;0.7;0;0;13.9;972.7;-5.1;1.4;0;511.4;;;12;0;67.7;93;;;2466;67;0;263.4
GVE;01.02.1974 00:00;1.3;7.2;4.5;1.6;2.4;0.2;7;6.5;0;0.5;0;0;16.6;962.6;-3.8;-7.3;0;433.7;;;11;0;69.4;124;;;1969;34;0;209.7
GVE;01.03.1974 00:00;2.2;12;7.3;0.6;0.5;0.2;9;7.7;0;0.7;0;0;20;965.3;-5.3;-3.1;0;380.4;;;6;0;37.3;60;;;4727;49;0;148.4
GVE;01.04.1974 00:00;3;14.8;8.9;-1.6;-2;-1.1;5;7.5;0;-0.9;0;0;19.9;962.6;-1.9;-3.4;0;319;;;5;0;29.3;44;;;11987;107;0;95
GVE;01.05.1974 00:00;6.7;18;12.3;-2.2;-2.4;-2.1;0;10.1;1;-1.2;0;0;25.3;965.6;1.6;-1.9;0;150.8;;;12;0;110;140;;;10295;81;0;38.8
GVE;01.06.1974 00:00;9.9;21.4;15.3;-3.1;-2.8;-2.8;0;12.3;5;-1.7;0;0;28;967.1;4.5;-1.5;0;20.6;;;10;0;112.8;136;;;12444;84;0.6;4.6
GVE;01.07.1974 00:00;11.9;25;18.3;-2.3;-2.7;-1.7;0;13.5;17;-1.8;0;0;30.8;970.5;6;1.7;1;0;;;6;0;34.3;43;;;16431;102;30;0
GVE;01.08.1974 00:00;13;25.6;18.9;-1.1;-1.2;-0.6;0;14.8;16;-0.8;0;0;33.3;969.2;7.4;0.3;7;0;;;9;0;33.5;41;;;13496;93;47;0
GVE;01.09.1974 00:00;9.9;19.7;14.1;-1.6;-0.8;-1.4;0;12.9;4;-0.4;0;0;27.6;967.6;2.1;-1.6;0;99.2;;;12;0;128.7;142;;;8169;74;2.7;27.2
GVE;01.10.1974 00:00;2.3;9.7;5.6;-5.7;-4.9;-5.8;6;7.5;0;-3.5;0;0;13.3;965.9;-1.7;-3.1;0;447.6;;;15;0;133.8;139;;;3183;46;0;199.6
GVE;01.11.1974 00:00;1.8;8.8;5.3;-0.7;-0.8;-0.5;7;7.6;0;-0.5;0;0;17.4;968.5;-3.1;0.1;0;440.5;;;15;0;125.1;141;;;1772;45;0;200.5
GVE;01.12.1974 00:00;0.1;7.3;3.8;1;0.3;1.7;14;6.9;0;0.4;0;0;15.7;977.1;-5.5;6.4;0;501.3;;;10;0;52.7;59;;;3707;129;0;253.3
GVE;01.01.1975 00:00;0.1;6.9;3.6;1.5;1.2;1.8;16;6.9;0;0.8;0;0;12.8;972.9;-4.5;1.6;0;507.5;;;11;0;98.9;136;;;2299;63;0;259.5
GVE;01.02.1975 00:00;-2;6.7;2.4;-0.5;-0.9;-0.3;20;5.6;0;-0.4;0;0;13.2;973.3;-6.2;3.4;0;492.5;;;2;0;11.3;20;;;6174;107;0;268.5
GVE;01.03.1975 00:00;0.4;8.6;4.4;-2.3;-1.3;-3.2;14;6.5;0;-0.5;0;0;14.2;960.5;-4.6;-7.9;0;482.1;;;12;0;67.6;109;;;3833;40;0;234.1
GVE;01.04.1975 00:00;3.8;14;8.9;-1.6;-1.2;-1.9;6;7.7;0;-0.7;0;0;21.8;967;-4.2;1;0;262.5;;;9;0;53.3;79;;;10149;91;0;110.5
GVE;01.05.1975 00:00;7.6;18.5;12.9;-1.6;-1.5;-1.6;0;10.4;5;-0.9;0;0;28.2;965.7;1.5;-1.8;0;146.5;;;12;0;70.5;90;;;10417;82;4.6;26.5
GVE;01.06.1975 00:00;9.6;21.6;15.3;-3.1;-3.1;-2.6;0;12.4;8;-1.6;0;0;30.1;968.5;3.1;-0.1;1;67.1;;;11;0;85.2;102;;;13094;89;14.3;11.1
GVE;01.07.1975 00:00;12.9;25.5;19;-1.6;-1.7;-1.2;0;14.6;17;-0.7;0;0;33.5;969.1;6.9;0.3;2;0;;;6;0;63.2;80;;;18154;112;43.8;0
GVE;01.08.1975 00:00;13.7;24.4;18.4;-1.6;-0.5;-1.8;0;15.9;17;0.3;0;0;30.4;969.4;8.6;0.5;3;0;;;16;0;140.4;173;;;10432;72;37.8;0
GVE;01.09.1975 00:00;11.8;21.5;15.8;0.1;1.1;0.4;0;14.7;3;1.4;0;0;25.8;969.6;8.7;0.4;0;8.4;;;12;0;185.8;205;;;6974;63;0.3;0.4
GVE;01.10.1975 00:00;4.8;12;8.2;-3.1;-2.4;-3.5;0;9.4;0;-1.6;0;0;22.9;972.5;0.4;3.5;0;356.2;;;5;0;40.1;42;;;4547;65;0;124.2
GVE;01.11.1975 00:00;2.7;8.3;6;0;0.1;-1;7;8.1;0;0;0;0;13.7;968.3;-6.5;-0.1;0;420.5;;;13;0;137;155;;;2458;63;0;180.5
GVE;01.12.1975 00:00;-0.9;2.7;1.4;-1.4;-0.7;-2.9;16;5.8;0;-0.7;8;0;10;973.9;-6;3.2;0;576.3;;;5;0;72.7;81;;;863;30;0;328.3
GVE;01.01.1976 00:00;-2.9;4.7;1.2;-0.9;-1.8;-0.4;23;5.5;0;-0.6;4;0;10.3;972.7;-9;1.4;0;583.1;;;5;0;21.9;30;;;4425;121;0;335.1
GVE;01.02.1976 00:00;-2;5.1;1.7;-1.2;-0.9;-1.9;27;5.9;0;-0.1;1;0;11.6;970.4;-7.5;0.5;0;529.4;;;6;0;90.9;163;;;3422;59;0;297.4
GVE;01.03.1976 00:00;-1.4;9.9;4.5;-2.2;-3.1;-1.9;20;5.7;0;-1.3;0;0;19.9;968.7;-7;0.3;0;481.6;;;4;0;19;31;;;9927;103;0;233.6
GVE;01.04.1976 00:00;2.5;14.7;8.6;-1.9;-2.5;-1.2;4;7.1;0;-1.3;0;0;21;964.9;-2.8;-1.1;0;297;;;5;0;24.3;36;;;12985;116;0;105
GVE;01.05.1976 00:00;8.3;20.9;14.6;0.1;-0.8;0.8;1;10.3;6;-1;0;0;27.6;967.9;-0.9;0.4;0;48.5;;;6;0;37.5;48;;;15084;119;0.9;8.5
GVE;01.06.1976 00:00;11.9;27;19.5;1.1;-0.8;2.8;0;11.7;22;-2.3;0;0;32.7;970.4;6.2;1.8;10;8.1;;;1;0;1.7;2;;;20259;137;64.7;0.1
GVE;01.07.1976 00:00;14.7;27.4;20.4;-0.2;0.1;0.7;0;14.4;23;-0.9;0;0;35.6;968.3;8.3;-0.5;10;0;;;10;1;86.1;109;;;14933;92;81.8;0
GVE;01.08.1976 00:00;11.5;23.7;17;-3;-2.7;-2.5;0;13;13;-2.6;0;0;28.6;969.6;7.3;0.7;0;0;;;10;0;71.9;89;;;14299;99;2.5;0
GVE;01.09.1976 00:00;9;18;12.9;-2.8;-1.7;-3.1;0;12.2;0;-1.1;0;0;23.7;967.8;4.5;-1.4;0;86.3;;;10;0;215.2;237;;;7760;70;0;14.3
GVE;01.10.1976 00:00;7.3;14.9;10.6;-0.7;0.1;-0.6;0;11.1;0;0.1;0;0;23;961.3;1.5;-7.7;0;238.7;;;12;0;83.6;87;;;5675;81;0;54.7
GVE;01.11.1976 00:00;2.7;8.1;5.5;-0.5;0.1;-1.2;5;7.3;0;-0.8;0;0;12.1;968.8;-4.8;0.4;0;435.5;;;11;0;139.7;158;;;3618;92;0;195.5
GVE;01.12.1976 00:00;-1.6;2.8;1;-1.8;-1.4;-2.8;21;5.8;0;-0.7;7;0;10.9;962.6;-11.1;-8.1;0;589.8;;;11;0;130.1;145;;;1589;55;0;341.8
GVE;01.01.1977 00:00;-1.1;4;1.7;-0.4;0;-1.1;18;6;0;-0.1;0;0;11.1;965.1;-8.7;-6.2;0;566;;;15;0;140.6;193;;;1677;46;0;318
GVE;01.02.1977 00:00;1.7;9.1;5.5;2.6;2.8;2.1;6;7.5;0;1.5;0;0;16.1;963.8;-7.7;-6.1;0;397.1;;;17;0;167.5;300;;;3374;59;0;181.1
GVE;01.03.1977 00:00;2.8;12.4;7.5;0.8;1.1;0.6;5;7.9;0;0.9;0;0;19.1;970.8;-4.4;2.4;0;381.1;;;12;0;70.8;114;;;6666;69;0;141.1
GVE;01.04.1977 00:00;4;12.7;8.1;-2.4;-1;-3.2;7;7.9;0;-0.5;0;0;24.1;967.7;-2.2;1.7;0;327.1;;;14;0;123.8;185;;;6257;56;0;127.1
GVE;01.05.1977 00:00;7.3;17.5;12.2;-2.3;-1.8;-2.6;0;10.8;0;-0.5;0;0;22.7;965.7;1.6;-1.8;0;148.6;;;14;0;113.4;144;;;8906;70;0;36.6
GVE;01.06.1977 00:00;11.1;21.4;15.6;-2.8;-1.6;-2.8;0;13.1;5;-0.9;0;0;27.3;966.5;6.1;-2.1;0;0;;;16;0;133.3;160;;;10729;73;1.4;0
GVE;01.07.1977 00:00;13.4;24.1;18.3;-2.3;-1.2;-2.6;0;14.9;16;-0.4;0;0;29.1;966.7;8.8;-2.1;0;0;;;14;0;148;187;;;14221;88;29.6;0
GVE;01.08.1977 00:00;12.4;22.5;16.8;-3.2;-1.8;-3.7;0;14.5;6;-1.1;0;0;27.7;965.9;8.8;-3;0;0;;;12;0;82.9;102;;;12430;86;4.9;0
GVE;01.09.1977 00:00;8.9;19.7;13.5;-2.2;-1.8;-1.4;0;12.1;3;-1.2;0;0;27.2;973;1.1;3.8;0;97.8;;;4;0;11.7;13;;;11062;100;0.2;25.8
GVE;01.10.1977 00:00;7.7;15.2;11;-0.3;0.5;-0.3;0;11.2;1;0.2;0;0;27.3;971.1;1.3;2.1;0;222.6;;;10;0;106.1;110;;;4402;63;0;54.6
GVE;01.11.1977 00:00;2;9.2;5.5;-0.5;-0.6;-0.1;8;7.6;0;-0.5;0;0;20.2;967.1;-4.1;-1.3;0;424.5;;;11;0;90.8;102;;;4426;113;0;200.5
GVE;01.12.1977 00:00;0.5;4.7;2.7;-0.1;0.7;-0.9;13;6.6;0;0.1;5;0;13.2;972.2;-2.8;1.5;0;537.6;;;11;0;98.9;110;;;1636;57;0;289.6
GVE;01.01.1978 00:00;-1.5;3.8;1.3;-0.8;-0.4;-1.3;17;5.8;0;-0.3;2;0;9.2;965.2;-7.4;-6.1;0;580;;;15;0;114.9;158;;;2915;80;0;332
GVE;01.02.1978 00:00;-1.5;5.4;2;-0.9;-0.4;-1.6;15;6.2;0;0.2;2;0;11.3;959.5;-13.4;-10.4;0;503.4;;;14;0;122.1;218;;;2847;49;0;279.4
GVE;01.03.1978 00:00;1.2;10.4;5.6;-1.1;-0.5;-1.4;12;7;0;0;0;0;18;966.9;-3.4;-1.5;0;437.9;;;17;0;134.4;216;;;4816;50;0;197.9
GVE;01.04.1978 00:00;3;12.6;7.7;-2.8;-2;-3.3;4;7.6;0;-0.8;0;0;18;960.8;-3.4;-5.2;0;369.2;;;10;0;39.3;59;;;8742;78;0;129.2
GVE;01.05.1978 00:00;7.9;16.7;12.1;-2.4;-1.2;-3.4;0;10.5;0;-0.8;0;0;24.5;965.4;1.2;-2.1;0;154.8;;;12;0;67;85;;;9265;73;0;34.8
GVE;01.06.1978 00:00;10.8;21.3;15.7;-2.7;-1.9;-2.9;0;12.3;6;-1.7;0;0;29.1;967.2;5.5;-1.4;0;27.9;;;12;0;88.6;106;;;11402;77;9.2;3.9
GVE;01.07.1978 00:00;12.7;23.7;17.7;-2.9;-1.9;-3;0;14.6;12;-0.7;0;0;31.1;969.3;6.5;0.5;2;0;;;12;0;60.1;76;;;12781;79;28.5;0
GVE;01.08.1978 00:00;11.3;23;16.5;-3.5;-2.9;-3.2;0;14.1;12;-1.5;0;0;28.4;970.2;5.7;1.3;0;8.2;;;9;0;115.6;142;;;13070;90;10.7;0.2
GVE;01.09.1978 00:00;8.8;21;14.1;-1.6;-1.9;-0.1;0;12.1;5;-1.2;0;0;26.8;972;3.9;2.8;0;52.8;;;7;0;44.2;49;;;11837;107;0;4.8
GVE;01.10.1978 00:00;4.7;13.3;8.6;-2.7;-2.5;-2.2;2;9.6;0;-1.4;0;0;18.1;973.5;-0.9;4.5;0;352.8;;;4;0;22.2;23;;;6986;100;0;104.8
GVE;01.11.1978 00:00;0.7;6.7;3.8;-2.2;-1.9;-2.6;13;7;0;-1.1;0;0;12.8;977.9;-3.9;9.5;0;484.7;;;1;0;5.2;6;;;2697;69;0;244.7
GVE;01.12.1978 00:00;0.3;6.4;3.3;0.5;0.5;0.8;16;6.7;0;0.2;1;0;13.6;960.9;-6.4;-9.8;0;516.6;;;15;0;166.7;185;;;2198;76;0;268.6
GVE;01.01.1979 00:00;-4.4;1.5;-1;-3.1;-3.3;-3.6;23;4.8;0;-1.3;8;0;6.1;964.7;-14.8;-6.6;0;652.2;;;15;0;179.8;247;;;3510;96;0;404.2
GVE;01.02.1979 00:00;0.9;7.8;4.1;1.2;2;0.8;12;6.7;0;0.7;0;0;13.7;961;-8.1;-8.9;0;444.4;;;12;0;118.7;212;;;2991;52;0;220.4
GVE;01.03.1979 00:00;2.4;10.1;6.2;-0.5;0.7;-1.7;6;7.5;0;0.5;0;0;16.3;962.8;-6.1;-5.6;0;426.7;;;19;0;144.3;232;;;3738;39;0;178.7
GVE;01.04.1979 00:00;2.9;12.2;7.4;-3.1;-2.1;-3.7;7;7.1;0;-1.3;0;0;19.4;964.3;-3.2;-1.7;0;369.7;;;11;0;51.6;77;;;9093;81;0;137.7
GVE;01.05.1979 00:00;7.1;18.5;12.8;-1.7;-2;-1.6;3;10;4;-1.3;0;0;27.5;969.1;-1.6;1.6;0;146.7;;;9;0;66.6;85;;;12525;98;4.4;42.7
GVE;01.06.1979 00:00;12.5;22.5;17;-1.4;-0.2;-1.7;0;14.4;9;0.4;0;0;28.2;969.9;4.9;1.3;0;28.1;;;12;0;69.2;83;;;12977;88;11.3;4.1
GVE;01.07.1979 00:00;13;25.8;19.2;-1.4;-1.6;-0.9;0;13.5;20;-1.8;0;1;33.3;971.3;7.7;2.5;5;0;;;4;0;39.2;49;;;18229;113;47.6;0
GVE;01.08.1979 00:00;11.4;23.6;16.9;-3.1;-2.8;-2.6;0;13.5;13;-2.1;0;0;31.7;968;5.6;-0.9;4;0;;;12;0;57;70;;;12913;89;24.7;0
GVE;01.09.1979 00:00;10.1;21;14.9;-0.8;-0.6;-0.1;0;12.7;10;-0.6;0;0;28.3;971.8;1.6;2.6;0;72.9;;;6;0;27.2;30;;;11389;103;1.3;16.9
GVE;01.10.1979 00:00;7.6;15;10.8;-0.5;0.4;-0.5;0;11.6;0;0.6;0;0;20.2;965.3;1.3;-3.7;0;212.1;;;12;0;100.7;104;;;3686;53;0;44.1
GVE;01.11.1979 00:00;1;8.2;4.6;-1.4;-1.6;-1.1;12;7.1;0;-1;0;0;15.4;969.1;-5.7;0.7;0;460.7;;;10;0;67.7;76;;;4102;105;0;220.7
GVE;01.12.1979 00:00;0.3;7.2;3.7;0.9;0.5;1.6;17;6.7;0;0.2;0;0;14.1;968.2;-3.3;-2.5;0;504.8;;;15;0;126.2;140;;;3167;110;0;256.8
GVE;01.01.1980 00:00;-2;3.4;0.7;-1.4;-0.9;-1.7;22;5.4;0;-0.7;9;0;12;967.1;-5.7;-4.2;0;598.9;;;11;0;110.2;151;;;2325;64;0;350.9
GVE;01.02.1980 00:00;0.5;8.4;4.3;1.4;1.6;1.4;15;6.8;0;0.8;0;0;13.8;972.1;-3.9;2.2;0;454.3;;;11;0;83.4;149;;;4710;82;0;222.3
GVE;01.03.1980 00:00;1.1;9.7;5.2;-1.5;-0.6;-2.1;12;6.9;0;-0.1;0;0;15.1;962.3;-4.9;-6.1;0;459.3;;;14;0;104.3;168;;;5722;59;0;211.3
GVE;01.04.1980 00:00;2.8;12.1;7.3;-3.2;-2.2;-3.8;7;7;0;-1.4;0;0;18.4;968.3;-2.6;2.3;0;365.9;;;2;0;8.8;13;;;9184;82;0;141.9
GVE;01.05.1980 00:00;6.7;17;11.4;-3.1;-2.4;-3.1;0;9.7;0;-1.6;0;0;23.2;963.3;1.4;-4.2;0;201.4;;;12;0;75.2;96;;;10365;81;0;33.4
GVE;01.06.1980 00:00;10.3;20;14.7;-3.7;-2.4;-4.2;0;12.8;3;-1.2;0;0;26.8;967.3;4.6;-1.3;0;29.8;;;17;0;119.4;144;;;8025;54;2.9;5.8
GVE;01.07.1980 00:00;11.4;22.4;16.3;-4.3;-3.2;-4.3;0;13.7;11;-1.6;0;0;29.1;967.6;4.9;-1.2;0;0;;;14;0;129.5;164;;;11474;71;15.7;0
GVE;01.08.1980 00:00;13.9;24.9;18.6;-1.4;-0.3;-1.3;0;15.3;17;-0.3;0;0;31.5;969.8;5.8;0.9;4;0;;;7;0;83.3;103;;;14125;97;36.4;0
GVE;01.09.1980 00:00;10.5;21.7;15.1;-0.6;-0.2;0.6;0;13.9;5;0.6;0;0;26.5;972.8;6.4;3.6;0;0;;;7;0;63.9;70;;;12268;111;0;0
GVE;01.10.1980 00:00;4.8;13.7;8.8;-2.5;-2.4;-1.8;4;9.7;0;-1.3;0;0;22.3;966.1;-1.5;-2.9;0;303.9;;;11;0;138.8;144;;;6296;90;0;111.9
GVE;01.11.1980 00:00;0.6;7;3.9;-2.1;-2;-2.3;15;6.8;0;-1.3;0;0;15.8;967.7;-4.7;-0.7;0;483.1;;;8;0;52.7;59;;;3283;84;0;243.1
GVE;01.12.1980 00:00;-3.5;3.1;-0.1;-2.9;-3.3;-2.5;25;5.2;0;-1.3;7;0;10.1;972.6;-11;1.9;0;622.9;;;11;0;69.3;77;;;2732;95;0;374.9
GVE;01.01.1981 00:00;-4.2;2;-0.6;-2.7;-3.1;-3.1;27;5;0;-1.1;9;0;7.4;973.9;-10.8;2.6;0;638.3;2.9;116;12;0;124.8;171;43;99;3018;83;0;390.3
GVE;01.02.1981 00:00;-4.3;3;-0.3;-3.2;-3.2;-4;27;5.1;0;-0.9;3;0;8.6;970.2;-9.8;0.3;0;569.5;2.1;78;6;0;41.4;74;75;92;3865;67;0;345.5
GVE;01.03.1981 00:00;3.3;12.5;8;1.3;1.6;0.7;6;8.5;0;1.5;0;0;20.7;964.5;-3.4;-3.9;0;339.2;2.2;76;12;0;102.8;166;109;77;5786;60;0;131.2
GVE;01.04.1981 00:00;4.8;16.1;10.6;0.1;-0.2;0.2;2;9;0;0.6;0;0;22.8;966.8;-2.3;0.8;0;218.8;2.3;82;3;0;15.8;24;198;101;9154;82;0;66.8
GVE;01.05.1981 00:00;7.6;18;12.6;-1.9;-1.5;-2.1;0;11.3;2;0;0;0;26.4;964.7;2.2;-2.8;0;142.8;2.1;81;15;0;117.9;150;201;86;7518;59;0;30.8
GVE;01.06.1981 00:00;10.6;22.6;16.6;-1.8;-2.1;-1.6;0;13.5;11;-0.5;0;0;29.8;969.4;5.5;0.8;0;16.3;2.3;92;5;0;72.9;88;265;99;12674;86;23.5;0.3
GVE;01.07.1981 00:00;11.8;23.4;17.4;-3.2;-2.8;-3.3;0;14.7;12;-0.6;0;0;30.6;970.2;7.3;1.4;1;0;1.6;70;12;0;124.1;157;237;89;11848;73;20.6;0
GVE;01.08.1981 00:00;12.2;25.6;18.6;-1.4;-2;-0.6;0;14.7;17;-0.9;0;0;32.4;970.3;6.4;1.4;4;0;2.1;100;3;0;21;26;240;106;15127;104;35.1;0
GVE;01.09.1981 00:00;10.9;20.5;15.3;-0.4;0.2;-0.6;0;14;2;0.7;0;0;26.7;968.6;3.6;-0.6;0;46;1.9;86;11;0;126;139;139;83;6212;56;4.3;6
GVE;01.10.1981 00:00;5.3;14.8;10.1;-1.2;-1.9;-0.7;3;10.4;0;-0.6;0;0;23.7;967;-0.8;-2;0;253.4;2.6;124;17;0;125.9;130;87;91;5469;78;0;77.4
GVE;01.11.1981 00:00;0.4;8.6;4.5;-1.5;-2.2;-0.7;14;6.9;0;-1.2;0;0;14;976.5;-6.2;8.1;0;465;2.3;100;5;0;48.3;55;62;121;6385;163;0;225
GVE;01.12.1981 00:00;-0.7;4.6;2.1;-0.7;-0.5;-1;16;6.1;0;-0.4;2;0;12.4;956.8;-9;-13.9;0;555.3;3.2;123;21;0;232.7;259;32;93;2053;71;0;307.3
GVE;01.01.1982 00:00;0.5;5.9;3.1;1;1.6;0.8;15;6.6;0;0.5;0;0;12.8;970.7;-4.2;-0.6;0;523.5;2.1;84;8;0;63.3;87;36;83;2243;61;0;275.5
GVE;01.02.1982 00:00;-1.2;6.1;2.5;-0.4;-0.1;-0.9;19;6.2;0;0.2;0;0;11.9;970.6;-7;0.7;0;490.8;1.5;56;5;0;17.8;32;69;85;4517;78;0;266.8
GVE;01.03.1982 00:00;0.1;9.9;5.1;-1.6;-1.6;-1.9;15;6.1;0;-0.9;0;0;15.9;969.4;-4.4;1;0;461.7;3.2;110;15;0;69.8;112;125;88;8034;83;0;213.7
GVE;01.04.1982 00:00;2.8;14.5;8.9;-1.6;-2.2;-1.4;3;6.7;0;-1.7;0;0;19.3;967.5;-1;1.5;0;309.5;3.8;136;1;0;2.9;4;236;120;16057;143;0;93.5
GVE;01.05.1982 00:00;6.6;19.8;13.5;-1;-2.5;-0.3;0;10.3;4;-1;0;0;25.9;970.9;0.6;3.4;0;121.8;2.2;85;6;0;41.6;53;238;102;12546;99;0.6;33.8
GVE;01.06.1982 00:00;12.1;23.2;17.4;-1;-0.6;-1;0;14.6;12;0.6;0;0;29.3;968.4;7.7;-0.2;0;9.1;2;80;13;0;184.3;222;232;87;10440;71;12;1.1
GVE;01.07.1982 00:00;14.6;26.4;20.3;-0.3;0;-0.3;0;17;22;1.7;0;1;32.5;969;9.4;0.2;7;0;2;87;10;0;60.2;76;258;97;13280;82;79.2;0
GVE;01.08.1982 00:00;12.7;23.8;18;-2;-1.5;-2.4;0;15.4;15;-0.2;0;0;30.8;968.9;5.9;0;1;0;2.1;100;10;0;81.8;101;216;95;11247;78;30.1;0
GVE;01.09.1982 00:00;10.9;22;16.1;0.4;0.2;0.9;0;14.6;9;1.3;0;0;27.8;970.7;4;1.5;0;18.6;1.9;86;7;0;96.4;106;172;103;11103;101;3.9;2.6
GVE;01.10.1982 00:00;6.9;13.3;9.8;-1.5;-0.3;-2.2;0;10.8;0;-0.2;0;0;18.4;966.4;2;-2.6;0;271.8;2.1;100;15;0;161.4;167;78;81;3492;50;0;71.8
GVE;01.11.1982 00:00;2.6;9.8;6.3;0.3;0;0.5;4;8.2;0;0.1;0;0;19.9;969.1;-1.6;0.7;0;405.9;2.5;109;10;0;117.7;133;49;96;3810;97;0;173.9
GVE;01.12.1982 00:00;1.1;6.2;3.8;1;1.3;0.6;12;6.9;0;0.4;0;0;12.7;968.5;-5.4;-2.2;0;501.2;3.5;135;12;0;152.9;170;33;96;2828;98;0;253.2
GVE;01.01.1983 00:00;-1.7;5.9;2.2;0.1;-0.6;0.8;22;6.2;0;0.1;0;0;12.9;980.7;-5.8;9.4;0;553;2.1;84;9;0;61;84;48;111;4138;113;0;305
GVE;01.02.1983 00:00;-2.6;3;0.5;-2.4;-1.5;-4;22;5.3;0;-0.7;5;0;11.3;968.7;-8.6;-1.2;0;547.3;3.3;122;8;0;67.1;120;61;75;2340;41;0;323.3
GVE;01.03.1983 00:00;0.5;11.4;6;-0.7;-1.2;-0.4;16;6.9;0;-0.1;0;0;17.3;969.7;-3.8;1.3;0;432.6;2.6;90;9;0;99.8;161;140;99;8627;89;0;184.6
GVE;01.04.1983 00:00;4.4;13.7;9;-1.5;-0.6;-2.2;3;8.7;0;0.3;0;0;21.4;963.2;-1.8;-2.8;0;306.1;3.1;111;16;0;117.6;175;148;75;5011;45;0;98.1
GVE;01.05.1983 00:00;6.8;16;11.3;-3.2;-2.3;-4.1;0;10.4;0;-0.9;0;0;24.1;963.9;2;-3.6;0;194.6;2.5;96;20;0;222.8;284;164;70;5078;40;0;42.6
GVE;01.06.1983 00:00;12.1;23.8;17.8;-0.6;-0.6;-0.4;0;14.1;12;0.1;0;0;30.7;970.5;7.5;1.9;1;0;2.3;92;10;0;91.4;110;273;102;13231;90;23.7;0
GVE;01.07.1983 00:00;15.6;30.3;22.8;2.2;1;3.6;0;17.2;28;1.9;0;0;35.3;969;8.9;0.2;19;0;1.9;83;3;3;57.4;72;297;112;17858;111;141.9;0
GVE;01.08.1983 00:00;13.9;25.7;19.5;-0.5;-0.3;-0.5;0;15.5;20;-0.1;0;0;30.4;968.8;8.7;-0.1;1;0;2.1;100;10;0;91.4;113;228;101;10534;73;46;0
GVE;01.09.1983 00:00;10.5;22.3;16;0.3;-0.2;1.2;0;13.5;8;0.2;0;0;27.1;970.4;5.2;1.2;0;18.1;2.2;100;8;0;104.7;115;175;105;11110;101;8.8;2.1
GVE;01.10.1983 00:00;5.8;15.8;10.5;-0.8;-1.4;0.3;2;10.3;0;-0.7;0;0;24.1;974.3;-0.4;5.3;0;224.7;2.2;105;5;0;77.6;80;110;115;8774;126;0;72.7
GVE;01.11.1983 00:00;2.6;7.7;5.3;-0.7;0;-1.6;5;7.7;0;-0.4;0;0;14.8;970;-3.4;1.6;0;441.8;2.4;104;5;0;116.2;131;41;80;2099;53;0;201.8
GVE;01.12.1983 00:00;-0.6;5.2;2.3;-0.5;-0.4;-0.4;23;6.2;0;-0.3;3;0;14.5;969.9;-4.5;-0.8;0;549.4;2.4;92;11;0;86.8;97;40;117;4304;149;0;301.4
GVE;01.01.1984 00:00;-1.6;4.9;1.9;-0.2;-0.5;-0.2;19;5.7;0;-0.4;1;0;11.1;967.7;-7.1;-3.6;0;561.5;3.1;124;19;0;152.1;209;42;97;3203;88;0;313.5
GVE;01.02.1984 00:00;-1.4;4.3;1.6;-1.3;-0.3;-2.7;16;5.4;0;-0.6;3;0;11.4;970.1;-7.6;0.2;0;533.9;4.4;163;8;0;119.8;214;69;85;2992;52;0;301.9
GVE;01.03.1984 00:00;-1.3;8.3;3.6;-3.1;-3;-3.5;21;5.9;0;-1.1;0;0;13.3;965.2;-6.6;-3.2;0;509.4;3.6;124;8;0;80.1;129;145;102;9161;95;0;261.4
GVE;01.04.1984 00:00;2.2;14.2;8.4;-2.1;-2.8;-1.7;7;7.4;0;-1;0;0;23.2;967.6;-3.4;1.6;0;303.5;3.2;114;4;0;30.4;45;223;113;13041;116;0;119.5
GVE;01.05.1984 00:00;5.7;15.2;10.5;-4;-3.4;-4.9;1;9.8;0;-1.5;0;0;20.7;959.9;-0.8;-7.6;0;252.5;2.9;112;13;0;63.5;81;189;81;5479;43;0;52.5
GVE;01.06.1984 00:00;9.6;22.7;16.2;-2.2;-3.1;-1.5;0;12.8;11;-1.2;0;0;29.1;968.7;5.5;0.1;0;54.7;2.2;88;8;0;56;67;269;101;13862;94;8.7;6.7
GVE;01.07.1984 00:00;11.8;27.2;19.7;-0.9;-2.8;0.5;0;14.2;20;-1.1;0;0;34.9;970.8;5.3;2;10;0;2.4;104;4;0;10.3;13;291;110;17805;110;66.2;0
GVE;01.08.1984 00:00;12.7;25;18.5;-1.5;-1.5;-1.2;0;14.4;13;-1.2;0;0;33.8;969;9.9;0.1;2;0;2.1;100;7;0;30.3;37;220;97;11926;82;17.1;0
GVE;01.09.1984 00:00;9.7;19.1;14;-1.7;-1;-2;0;12.3;4;-1;0;0;30.3;965.7;5.3;-3.5;1;76.5;2.3;105;15;0;183.6;202;146;87;8136;74;9.3;12.5
GVE;01.10.1984 00:00;6.3;14.9;10.7;-0.6;-0.9;-0.6;0;10.6;0;-0.4;0;0;21;970.9;0.7;1.9;0;226;2.1;100;9;0;114.7;119;96;100;6403;92;0;58
GVE;01.11.1984 00:00;3.2;9.7;6.5;0.5;0.6;0.4;4;8.8;0;0.7;0;0;16.5;963.8;-2.1;-4.6;0;390.8;1.8;78;14;0;73.7;83;41;80;2618;67;0;166.8
GVE;01.12.1984 00:00;0.2;5.1;2.9;0.1;0.4;-0.5;16;6.7;0;0.2;1;0;10.3;973.6;-6;2.9;0;529.4;2.3;88;9;0;51.4;57;31;90;2207;77;0;281.4
GVE;01.01.1985 00:00;-7.3;-0.6;-3.3;-5.4;-6.2;-5.7;28;4.4;0;-1.7;15;0;10.1;963.5;-18.9;-7.8;0;722.8;2.4;96;9;0;119.2;164;41;94;2111;58;0;474.8
GVE;01.02.1985 00:00;-4.7;4.6;0.2;-2.7;-3.6;-2.4;21;5.7;0;-0.3;8;0;14.3;970.6;-17.4;0.7;0;555.1;2.9;107;9;0;105.5;189;80;98;4389;76;0;331.1
GVE;01.03.1985 00:00;-2.1;7.3;3.2;-3.5;-3.8;-4.5;24;5.9;0;-1.1;0;0;17.8;965.7;-5.5;-2.7;0;521.8;3.6;124;11;0;92.2;148;118;83;5827;60;0;273.8
GVE;01.04.1985 00:00;3.5;15;9.5;-1;-1.5;-0.9;2;8;0;-0.4;0;0;23.4;965.4;-0.9;-0.6;0;267;3.9;139;9;0;84.4;126;202;103;10824;97;0;83
GVE;01.05.1985 00:00;7.5;17.5;12.5;-2;-1.6;-2.6;0;10.9;1;-0.4;0;0;26.3;963.5;1.7;-4;0;147.9;2.4;92;13;0;114.4;146;204;87;8232;65;1;35.9
GVE;01.06.1985 00:00;9.7;21.2;15.4;-3;-3;-3;0;12.5;6;-1.5;0;0;28.2;967.9;4.1;-0.7;0;17.3;2.4;96;11;0;176.9;213;248;93;12123;82;5.8;1.3
GVE;01.07.1985 00:00;13.9;27.1;20.4;-0.2;-0.7;0.4;0;16;24;0.7;0;0;34.1;969.7;10.5;0.9;6;0;2.2;96;7;0;79.1;100;279;105;17673;109;70.7;0
GVE;01.08.1985 00:00;11.9;25.2;18.4;-1.6;-2.3;-1;0;14.4;18;-1.2;0;0;32.3;969.3;7.2;0.4;3;0;2.1;100;5;0;79.2;98;242;107;15948;110;39.3;0
GVE;01.09.1985 00:00;10;24;16.5;0.8;-0.7;2.9;0;13.1;13;-0.2;0;0;27.5;973.1;5.8;3.9;0;0;1.7;77;2;0;7;8;201;120;16172;146;1;0
GVE;01.10.1985 00:00;6.1;16.8;11.3;0;-1.1;1.3;0;10;4;-1;0;0;27.3;974.3;0.3;5.3;0;209.6;2.4;114;2;0;2.5;3;115;120;9638;138;3;65.6
GVE;01.11.1985 00:00;-0.4;5.9;3;-3;-3;-3.4;24;6.5;0;-1.6;3;0;19.5;965.8;-7.1;-2.6;0;495.8;2.7;117;9;0;78.9;89;40;78;2368;60;0;271.8
GVE;01.12.1985 00:00;-1;6.7;2.8;0;-0.8;1.1;17;6.5;0;0;2;0;15.6;970.6;-6.9;-0.1;0;532.8;2.2;85;4;0;51.1;57;39;114;4417;153;0;284.8
GVE;01.01.1986 00:00;-1.9;4.6;1.6;-0.5;-0.8;-0.5;21;5.9;0;-0.2;1;0;10;965;-6.8;-6.3;0;570.3;2.9;116;16;0;145.9;200;41;94;2713;74;0;322.3
GVE;01.02.1986 00:00;-4.4;0.5;-1.7;-4.6;-3.3;-6.5;27;4.7;0;-1.3;11;0;8.6;960.7;-11.2;-9.2;0;608.1;3;111;9;0;61.9;111;57;70;1249;22;0;384.1
GVE;01.03.1986 00:00;-0.1;9.5;4.8;-1.9;-1.8;-2.3;16;6.6;0;-0.4;0;0;15.3;968;-7.6;-0.4;0;472.5;3.6;124;11;0;64.5;104;122;86;7505;78;0;224.5
GVE;01.04.1986 00:00;3.1;10.9;7;-3.5;-1.9;-5;2;7.9;0;-0.5;0;0;18.2;961.5;-4.7;-4.5;0;381.9;3.6;129;19;0;160.8;240;126;64;3575;32;0;149.9
GVE;01.05.1986 00:00;9.9;21.5;15.5;1;0.8;1.4;0;12.6;7;1.3;0;0;28.6;969.7;3.4;2.2;0;31.3;2.3;88;11;0;64.5;82;224;96;10294;81;9.3;7.3
GVE;01.06.1986 00:00;11.5;23.1;17.3;-1.1;-1.2;-1.1;0;13.9;15;-0.1;0;0;31.2;968.2;2.8;-0.4;4;50.3;2.4;96;10;0;77.3;93;271;102;14691;100;46.9;10.3
GVE;01.07.1986 00:00;13;26.8;19.9;-0.7;-1.6;0.1;0;14.1;18;-1.2;0;1;33.8;969.5;7.6;0.7;8;0;2.9;126;4;0;65.6;83;287;108;16860;104;63;0
GVE;01.08.1986 00:00;12.3;25.3;18.5;-1.5;-1.9;-0.9;0;14.6;16;-1;0;0;34.8;967.9;5.2;-1;9;8.6;2.2;105;10;0;103.2;127;217;96;11973;83;53.1;0.6
GVE;01.09.1986 00:00;10.3;21.4;15.6;-0.1;-0.4;0.3;0;12.9;7;-0.4;0;0;29.9;971.3;5.8;2.1;0;16.2;2.4;109;5;0;72.1;79;167;100;10566;96;10.2;0.2
GVE;01.10.1986 00:00;7.5;16.9;11.9;0.6;0.3;1.4;2;11.4;0;0.4;0;0;23.2;972.2;-0.7;3.2;0;163;2.1;100;7;0;70.5;73;104;108;7354;105;0;43
GVE;01.11.1986 00:00;0.8;9.5;5.1;-0.9;-1.8;0.2;12;7.5;0;-0.6;0;0;15.1;974.5;-2.6;6.1;0;447.2;2.2;96;8;0;60.4;68;61;119;5557;142;0;207.2
GVE;01.12.1986 00:00;-0.4;4.9;2.4;-0.4;-0.2;-0.7;15;6.4;0;-0.1;2;0;10.2;974.1;-10.6;3.4;0;544.5;2.5;96;13;0;92.1;102;34;99;1959;68;0;296.5
GVE;01.01.1987 00:00;-4.7;0.4;-1.8;-3.9;-3.6;-4.7;27;4.6;0;-1.5;16;0;9.5;968.4;-14.9;-2.9;0;675.2;3.6;144;9;0;48.6;67;33;76;1457;40;0;427.2
GVE;01.02.1987 00:00;-0.4;5.1;2.5;-0.4;0.7;-1.9;16;6.3;0;0.3;2;0;11.2;965.8;-4.6;-4.1;0;491.4;2.2;81;11;0;76.8;137;53;65;1876;33;0;267.4
GVE;01.03.1987 00:00;-0.7;7.5;3.7;-3;-2.4;-4.3;19;5.7;0;-1.3;0;0;15.8;968.5;-7;0.1;0;506.8;3.7;128;10;0;53.8;87;110;77;4908;51;0;258.8
GVE;01.04.1987 00:00;3.6;15.6;10;-0.5;-1.4;-0.3;4;8;0;-0.4;0;0;24.2;969;-2.3;3;0;243.8;2.4;86;7;0;61.6;92;192;97;11855;106;0;83.8
GVE;01.05.1987 00:00;5.7;16.5;11.2;-3.3;-3.4;-3.6;0;9.3;2;-2;0;0;25.6;967.1;0.8;-0.4;0;210.4;2.9;112;14;0;104.6;133;212;90;10458;82;0;58.4
GVE;01.06.1987 00:00;10.4;21.1;15.4;-3;-2.3;-3.1;0;13;5;-1;0;0;31.1;968.5;6.7;-0.1;2;51.7;2.2;88;15;0;229.4;276;219;82;9885;67;13.1;3.7
GVE;01.07.1987 00:00;14.3;25.4;19.5;-1.1;-0.3;-1.3;0;16;18;0.7;0;0;32.2;968.2;6.5;-0.6;4;0;2.2;96;10;0;105;133;234;88;11650;72;55.7;0
GVE;01.08.1987 00:00;13;25.4;18.9;-1.1;-1.2;-0.8;0;15.1;18;-0.5;0;0;32.4;968.6;6.8;-0.3;5;0;2.2;105;7;0;87.1;107;229;101;13724;95;45.7;0
GVE;01.09.1987 00:00;12.1;24.3;17.6;1.9;1.4;3.2;0;14.6;15;1.3;0;0;31.5;970.4;3.9;1.2;2;30.1;2.1;95;5;0;59.4;65;178;107;12283;111;28.5;6.1
GVE;01.10.1987 00:00;8.7;14.9;11.7;0.4;1.5;-0.6;0;12;0;1;0;0;23.6;967.1;2.8;-1.9;0;188.3;2.2;105;18;0;122.8;127;71;74;2998;43;0;28.3
GVE;01.11.1987 00:00;3.4;9.1;6.3;0.3;0.8;-0.2;3;8.2;0;0.1;0;0;13.9;968.2;-2.2;-0.2;0;410.2;2.7;117;11;0;68.8;78;45;88;3030;77;0;170.2
GVE;01.12.1987 00:00;1.1;5.5;3.4;0.6;1.3;-0.1;12;7.3;0;0.8;4;0;14.8;972;-2.1;1.3;0;514.6;1.8;69;6;0;47.7;53;25;73;1386;48;0;266.6
GVE;01.01.1988 00:00;1.4;7.2;4.4;2.3;2.5;2.1;10;7.1;0;1;0;0;12.8;965.7;-3.7;-5.6;0;483.1;2.8;112;16;0;108.7;149;35;81;2159;59;0;235.1
GVE;01.02.1988 00:00;-1.4;6.8;2.8;-0.1;-0.3;-0.2;17;5.9;0;-0.1;0;0;13.3;967.4;-4.8;-2.5;0;500.1;3.8;141;10;0;96.2;172;78;96;5260;91;0;268.1
GVE;01.03.1988 00:00;1.1;9.1;5.2;-1.5;-0.6;-2.7;10;6.8;0;-0.2;0;0;18.9;966.7;-6.5;-1.7;0;451;3.5;121;18;0;131;211;116;82;5705;59;0;211
GVE;01.04.1988 00:00;3.6;14.7;9.5;-1;-1.4;-1.2;2;9.3;0;0.9;0;0;20.5;965.3;-2.2;-0.7;0;294.5;2.3;82;7;0;65.4;97;179;91;8944;80;0;78.5
GVE;01.05.1988 00:00;8.5;19.5;14;-0.5;-0.6;-0.6;0;12.7;2;1.4;0;0;26.8;964.5;3.6;-3;0;41.8;2.2;85;19;0;115.5;147;202;86;8902;70;0.9;1.8
GVE;01.06.1988 00:00;11.7;22.7;17;-1.4;-1;-1.5;0;13.4;8;-0.6;0;0;26.9;965.9;7;-2.7;0;9.9;2.4;96;7;0;36.2;44;264;99;13468;91;5.3;1.9
GVE;01.07.1988 00:00;11.6;25.7;19;-1.6;-3;-1;0;14.6;16;-0.7;0;0;33.8;968.7;5.4;-0.1;5;0;2.4;104;8;0;50.6;64;263;99;16034;99;42;0
GVE;01.08.1988 00:00;12.8;26.4;19.6;-0.4;-1.4;0.2;0;15.3;20;-0.3;0;0;32.5;967.8;6.7;-1.1;11;0;2.4;114;9;0;73.4;90;226;100;14322;99;71.1;0
GVE;01.09.1988 00:00;10.1;20.7;15.1;-0.6;-0.6;-0.4;0;12.8;4;-0.5;0;0;26.5;971.1;6.6;1.9;0;28.2;2.8;127;7;0;77.8;86;170;102;10827;98;1.7;4.2
GVE;01.10.1988 00:00;8.4;15.5;11.7;0.4;1.2;0;0;11.8;0;0.8;0;0;22.9;969.8;3;0.8;0;166.1;2.1;100;11;0;182.2;189;86;90;5382;77;0;30.1
GVE;01.11.1988 00:00;2;7.3;4.8;-1.2;-0.6;-2;11;7.4;0;-0.7;1;0;15.3;973;-4.4;4.6;0;457.3;2.8;122;7;0;49.2;56;45;88;3346;85;0;217.3
GVE;01.12.1988 00:00;-0.2;5.8;3;0.2;0;0.2;15;6.6;0;0.1;0;0;13.1;975.9;-5.7;5.2;0;527.2;2.4;92;8;0;76.6;85;37;108;4108;143;0;279.2
GVE;01.01.1989 00:00;-1.4;4.3;1.6;-0.5;-0.3;-0.8;25;6.1;0;0;1;0;11.1;982.5;-5.6;11.2;0;570.3;1.6;64;2;0;9.3;13;41;94;3730;102;0;322.3
GVE;01.02.1989 00:00;-0.4;6.7;3.2;0.3;0.7;-0.3;16;6.5;0;0.5;0;0;16.6;972.5;-4.1;2.6;0;471.1;2.1;78;9;0;85.7;153;57;70;2582;45;0;247.1
GVE;01.03.1989 00:00;2.1;14;8.1;1.4;0.4;2.2;9;7.4;0;0.4;0;0;23.5;969.3;-2.4;0.9;0;341.7;2.2;76;7;0;78.1;126;146;103;11438;118;0;125.7
GVE;01.04.1989 00:00;4.1;12.3;8.2;-2.3;-0.9;-3.6;0;8.4;0;0;0;0;19.2;960.6;1;-5.4;0;345.9;2.7;96;15;0;109.2;163;134;68;4728;42;0;113.9
GVE;01.05.1989 00:00;8.7;21.6;15.4;0.9;-0.4;1.5;0;11.1;4;-0.2;0;0;26.2;969.9;3.9;2.4;0;18.2;2.7;104;3;0;27.1;35;269;115;16571;130;1.6;2.2
GVE;01.06.1989 00:00;10.6;23.8;17.1;-1.3;-2.1;-0.4;0;11.2;15;-2.8;0;0;31.1;968.3;3.6;-0.3;1;26.8;2.9;116;3;0;11.6;14;293;110;16927;115;21;2.8
GVE;01.07.1989 00:00;14.7;27.2;20.8;0.2;0.1;0.5;0;14.7;24;-0.6;0;0;34.6;970.6;10.4;1.8;5;0;2.6;113;6;0;56.3;71;264;100;15023;93;79.7;0
GVE;01.08.1989 00:00;13.4;26.7;19.7;-0.3;-0.8;0.5;0;14.3;23;-1.3;0;0;35;967.9;6.8;-1;5;0;2.4;114;6;1;30;37;232;102;14677;101;68.4;0
GVE;01.09.1989 00:00;11.1;21.2;15.5;-0.2;0.4;0.1;0;12.5;6;-0.8;0;0;28.1;970.1;7.1;0.9;0;0;2.9;132;4;0;35.3;39;155;93;9620;87;1.4;0
GVE;01.10.1989 00:00;5.8;17.1;11;-0.3;-1.4;1.6;2;9.8;0;-1.2;0;0;23;972.9;-0.9;3.9;0;218.9;2.1;100;5;0;48.3;50;120;125;10866;156;0;42.9
GVE;01.11.1989 00:00;0.9;7;4.1;-1.9;-1.7;-2.3;12;7.2;0;-0.9;0;0;17.7;968.4;-10.9;0;0;464.1;2.1;91;5;0;69.3;78;51;100;4442;113;0;240.1
GVE;01.12.1989 00:00;1.1;6.4;3.7;0.9;1.3;0.8;19;6.6;0;0.1;0;0;19.5;967.8;-3.6;-2.9;0;493.8;2.8;108;8;0;83.6;93;25;73;1717;60;0;261.8
GVE;01.01.1990 00:00;-1.6;4.8;1.4;-0.7;-0.5;-0.3;25;5.7;0;-0.4;6;0;12.9;975.7;-5.8;4.4;0;577.9;1.8;72;4;0;42.9;59;42;97;3609;99;0;329.9
GVE;01.02.1990 00:00;1.7;11.7;6.7;3.8;2.8;4.7;6;7.7;0;1.7;0;0;18.3;970.8;-3.2;0.9;0;373.7;3.3;122;12;0;202.9;363;75;92;6241;108;0;149.7
GVE;01.03.1990 00:00;1.4;13.3;7.5;0.8;-0.3;1.5;6;7.2;0;0.2;0;0;24.5;978.7;-4.1;10.3;0;375.7;2.4;83;2;0;5.4;9;143;101;10483;108;0;143.7
GVE;01.04.1990 00:00;3.4;12.7;8.2;-2.3;-1.6;-3.2;0;7.7;0;-0.7;0;0;20.3;965.5;0;-0.5;0;334.7;2.5;89;11;0;99.1;148;163;83;7712;69;0;118.7
GVE;01.05.1990 00:00;9.6;22;15.6;1.1;0.5;1.9;0;12;1;0.7;0;0;26.1;969.5;6.4;2;0;0;2.2;85;9;0;54.3;69;255;109;14522;114;0.8;0
GVE;01.06.1990 00:00;11.3;21.9;16.4;-2;-1.4;-2.3;0;13.5;10;-0.5;0;0;30.9;967.4;5.8;-1.2;2;17.4;2.4;96;16;0;150.4;181;234;88;12172;83;19.2;1.4
GVE;01.07.1990 00:00;13.2;26.7;19.8;-0.8;-1.4;0;0;14;21;-1.3;0;0;33.6;970.5;7;1.7;7;0;2.6;113;4;0;64.7;82;286;108;18485;114;64.6;0
GVE;01.08.1990 00:00;13.5;27.1;20.1;0.1;-0.7;0.9;0;14;22;-1.6;0;0;33.5;971.3;7.1;2.4;8;0;2.4;114;4;0;19.2;24;237;105;16512;114;65.5;0
GVE;01.09.1990 00:00;9.4;21.5;15.1;-0.6;-1.3;0.4;0;11.7;3;-1.6;0;0;26.9;970;4.4;0.8;0;34.6;2.6;118;6;0;67.6;75;177;106;12987;118;0.1;2.6
GVE;01.10.1990 00:00;8.4;16.5;11.9;0.6;1.2;1;0;11.8;0;0.8;0;0;21.7;965.9;2.4;-3.1;0;151.9;2.3;110;13;0;140.6;146;93;97;6502;93;0;31.9
GVE;01.11.1990 00:00;3;8.2;5.5;-0.5;0.4;-1.1;7;7.7;0;-0.4;0;0;14.6;966.7;-1.1;-1.7;0;436.2;2.7;117;13;0;121.1;137;45;88;2483;63;0;196.2
GVE;01.12.1990 00:00;-1.3;3.7;1.1;-1.7;-1.1;-1.9;22;5.5;0;-1;3;0;10.6;969;-8.1;-1.7;0;585.2;3.7;142;9;0;52.5;58;41;120;3827;133;0;337.2
GVE;01.01.1991 00:00;-0.2;4.4;2.4;0.3;0.9;-0.7;16;6.2;0;0.1;7;0;13.7;975.5;-6.3;4.2;0;546.6;3.2;128;6;0;43;59;29;67;1594;44;0;298.6
GVE;01.02.1991 00:00;-3.8;3.9;-0.1;-3;-2.7;-3.1;26;5.2;0;-0.8;6;0;16;968;-10.1;-1.9;0;562;2.3;85;5;0;20.2;36;85;104;5761;100;0;338
GVE;01.03.1991 00:00;3.6;12;7.6;0.9;1.9;0.2;2;8.4;0;1.4;0;0;18.9;964.7;-1.8;-3.7;0;376.3;2.2;76;10;0;89.8;145;112;79;5648;58;0;136.3
GVE;01.04.1991 00:00;2.6;14.1;8.3;-2.2;-2.4;-1.8;5;7;0;-1.4;0;0;21.3;966.8;-3.4;0.8;0;337.3;2.5;89;6;0;32.8;49;204;104;11530;103;0;113.3
GVE;01.05.1991 00:00;5.1;16.7;11.1;-3.4;-4;-3.4;1;8.5;1;-2.8;0;0;25.9;968.9;-0.9;1.4;0;212.8;3.4;131;3;0;29.3;37;255;109;14869;117;0;60.8
GVE;01.06.1991 00:00;11.1;21.7;16.4;-2;-1.6;-2.5;0;12.3;8;-1.7;0;0;29.1;967.9;6.6;-0.7;0;18.7;2.7;108;13;0;123.5;148;242;91;11568;78;18.6;2.7
GVE;01.07.1991 00:00;14.8;27.7;21;0.4;0.2;1;0;15.8;25;0.5;0;0;33.6;968.5;8.8;-0.3;8;0;2.1;91;10;0;59.5;75;276;104;16798;104;90.3;0
GVE;01.08.1991 00:00;14.1;28.2;21.1;1.1;-0.1;2;0;15.1;28;-0.5;0;0;32.3;970.4;9.3;1.5;6;0;2;95;2;0;5.6;7;253;112;18202;126;87.8;0
GVE;01.09.1991 00:00;12.2;23.6;17.7;2;1.5;2.5;0;14.3;13;1;0;0;28.9;968.6;7.5;-0.6;0;8.5;2.1;95;9;0;151.6;167;164;98;10937;99;18.4;0.5
GVE;01.10.1991 00:00;5.7;13.6;9.6;-1.7;-1.5;-1.9;4;9.9;0;-1.1;0;0;19.8;968.7;-2;-0.3;0;272.5;2.1;100;7;0;116.2;120;100;104;7356;105;0;80.5
GVE;01.11.1991 00:00;2.6;8.1;5.5;-0.5;0;-1.2;7;7.5;0;-0.6;0;0;17.5;967.7;-2.3;-0.7;0;428.8;2.8;122;11;0;106.5;120;39;76;2109;54;0;196.8
GVE;01.12.1991 00:00;-0.7;3.4;1.3;-1.5;-0.5;-2.2;20;5.6;0;-0.9;3;0;10.9;979.7;-4.5;9;0;580.2;3.1;119;5;0;92.4;103;33;96;3153;109;0;332.2
GVE;01.01.1992 00:00;-2.7;3.2;0.1;-2;-1.6;-1.9;21;5.2;0;-0.9;5;0;11;979.3;-8.6;8;0;615.4;2.6;104;2;0;14.3;20;38;88;2559;70;0;367.4
GVE;01.02.1992 00:00;-1.7;7.2;2.7;-0.2;-0.6;0.2;20;5.9;0;-0.1;1;0;12.6;977.2;-6.4;7.3;0;501.7;2.1;78;5;0;24.7;44;86;106;6654;116;0;269.7
GVE;01.03.1992 00:00;1.7;11.6;6.6;-0.1;0;-0.2;9;7.1;0;0.1;0;0;16.8;968.9;-2.2;0.5;0;413.9;2.4;83;10;0;88.8;143;122;86;7325;76;0;165.9
GVE;01.04.1992 00:00;4.5;14.9;9.9;-0.6;-0.5;-1;2;7.7;3;-0.7;0;0;25.8;965;-0.7;-1;0;282.9;3.5;125;10;0;100.3;149;199;101;11625;104;1.7;90.9
GVE;01.05.1992 00:00;10;21;15.4;0.9;0.9;0.9;0;11.8;5;0.5;0;0;28.5;969.3;1.8;1.8;0;47.8;2.3;88;7;0;90.5;115;246;105;14188;112;6.3;7.8
GVE;01.06.1992 00:00;12.1;21.1;16.4;-2;-0.6;-3.1;0;13.6;6;-0.4;0;0;27.6;965;7.3;-3.6;0;0;2.4;96;15;0;97.9;118;224;84;9186;62;10.1;0
GVE;01.07.1992 00:00;14.8;25.9;20;-0.6;0.2;-0.8;0;16.3;17;1;0;0;32.2;969.7;10.5;0.9;6;0;1.9;83;10;0;108.3;137;254;96;14523;90;68.3;0
GVE;01.08.1992 00:00;15.4;28.6;21.8;1.8;1.2;2.4;0;15.9;23;0.3;0;0;33.8;968.4;10.7;-0.5;15;0;2.4;114;4;0;83;102;229;101;15236;105;114.1;0
GVE;01.09.1992 00:00;10.8;20.5;15.5;-0.2;0.1;-0.6;0;13.5;3;0.2;0;0;25.3;971.5;4.6;2.3;0;17.6;1.6;73;8;0;67.8;75;156;93;9973;90;0.7;1.6
GVE;01.10.1992 00:00;6.5;12.2;9.3;-2;-0.7;-3.3;2;9.9;0;-1.1;0;0;18.4;961.5;-1.7;-7.5;0;297.2;3;143;15;0;179.4;186;67;70;2735;39;0;89.2
GVE;01.11.1992 00:00;3.5;10.2;7;1;0.9;0.9;2;9.1;0;1;0;0;14.9;971.4;-3.2;3;0;388.7;2.2;96;14;0;156.4;177;38;74;1806;46;0;148.7
GVE;01.12.1992 00:00;0.3;4.6;2.4;-0.4;0.5;-1;13;6.6;0;0.1;4;0;14.3;970.3;-4.3;-0.4;0;545;2.4;92;7;0;76.2;85;25;73;1658;58;0;297
GVE;01.01.1993 00:00;-1.2;7.6;3.1;1;-0.1;2.5;22;6.6;0;0.5;4;0;14;978.4;-10.1;7.1;0;522.4;2.2;88;6;0;22;30;52;120;5206;142;0;274.4
GVE;01.02.1993 00:00;-2.4;3.6;0.7;-2.2;-1.3;-3.4;22;5.4;0;-0.6;1;0;7.6;977.6;-8.4;7.7;0;541.7;2.3;85;2;0;7.1;13;69;85;3795;66;0;317.7
GVE;01.03.1993 00:00;-0.2;10.9;5.2;-1.5;-1.9;-0.9;21;6;0;-1;0;0;20;971.5;-5.2;3.1;0;444.2;3.2;110;4;0;12;19;156;110;12323;127;0;212.2
GVE;01.04.1993 00:00;5;15.9;10.4;-0.1;0;0;1;8.8;0;0.4;0;0;23.5;963.7;-2.2;-2.3;0;226.1;2.4;86;10;0;64.6;96;173;88;8538;76;0;66.1
GVE;01.05.1993 00:00;9;20.6;14.6;0.1;-0.1;0.5;0;12;4;0.7;0;0;29.6;965.6;4;-1.9;0;25.7;2;77;8;0;62.8;80;229;98;11205;88;4.1;1.7
GVE;01.06.1993 00:00;12.1;23.7;17.7;-0.7;-0.6;-0.5;0;14.4;13;0.4;0;0;30;968.6;7.9;0;1;8.5;2.1;84;11;0;101;121;255;96;14377;97;24.8;0.5
GVE;01.07.1993 00:00;12.6;24.5;18.6;-2;-2;-2.2;0;14.4;16;-0.9;0;0;32.1;970.2;6.4;1.4;4;8;2.7;117;9;0;62.8;79;258;97;14300;89;46.1;0
GVE;01.08.1993 00:00;13.3;26;19.7;-0.3;-0.9;-0.2;0;15.2;20;-0.4;0;0;32.2;970;5.6;1.1;10;0;2.4;114;7;0;79.7;98;229;101;15317;106;70.6;0
GVE;01.09.1993 00:00;9.8;18.1;13.8;-1.9;-0.9;-3;0;13;0;-0.3;0;0;23.4;965;3.5;-4.2;0;70.6;2;91;14;0;318.1;351;125;75;6670;60;0;14.6
GVE;01.10.1993 00:00;6.7;11.6;9;-2.3;-0.5;-3.9;0;10.1;0;-0.9;0;0;22.9;965.5;3.6;-3.5;0;326.3;2.2;105;14;0;217.6;225;51;53;1919;27;0;94.3
GVE;01.11.1993 00:00;1.2;6.2;3.7;-2.3;-1.4;-3.1;14;6.8;0;-1.3;2;0;15.7;969.8;-3.8;1.4;0;487.8;2.3;100;5;0;34.4;39;39;76;1634;42;0;247.8
GVE;01.12.1993 00:00;1.6;7.4;4.5;1.7;1.8;1.8;10;7;0;0.5;0;0;14.4;967.4;-5;-3.3;0;473.8;4.1;158;21;0;173.7;193;37;108;2502;87;0;233.8
GVE;01.01.1994 00:00;0.1;6.2;3.3;1.2;1.2;1.1;15;6.5;0;0.4;0;0;11.8;968.9;-6;-2.4;0;517.6;2.9;116;17;0;83.3;114;43;99;4032;110;0;269.6
GVE;01.02.1994 00:00;-0.2;7.6;3.7;0.8;0.9;0.6;14;6.5;0;0.5;0;0;16.8;965.3;-6;-4.6;0;455.9;2.4;89;13;0;72.2;129;75;92;4652;81;0;231.9
GVE;01.03.1994 00:00;4.5;15.1;9.9;3.2;2.8;3.3;1;8.3;0;1.3;0;0;22.8;972.9;-1;4.5;0;282.8;2.6;90;5;0;17.6;28;141;99;10091;104;0;74.8
GVE;01.04.1994 00:00;3.9;12.2;8;-2.5;-1.1;-3.7;3;8.2;1;-0.2;0;0;25;964.4;-1.6;-1.6;0;333.5;2.9;104;14;0;94.2;140;154;78;7241;65;0;133.5
GVE;01.05.1994 00:00;10.3;19.5;14.6;0.1;1.2;-0.6;0;12.2;0;0.9;0;0;24.9;965;4.3;-2.5;0;26;2.3;88;14;0;118.2;151;209;89;10289;81;0.7;2
GVE;01.06.1994 00:00;11.9;23.7;17.8;-0.6;-0.8;-0.5;0;13.8;16;-0.2;0;0;31.1;970.8;4.1;2.2;3;27;2.9;116;6;0;33.9;41;272;102;15537;105;36;3
GVE;01.07.1994 00:00;16.1;29.2;22.4;1.8;1.5;2.5;0;16.9;27;1.6;0;0;34.3;969;11.1;0.2;15;0;2;87;5;0;35.8;45;261;98;16372;101;127.4;0
GVE;01.08.1994 00:00;14.8;27.6;20.9;0.9;0.6;1.4;0;16.3;19;0.7;0;0;34;967.9;10.5;-1;11;0;2;95;8;0;64;79;215;95;13527;93;83.3;0
GVE;01.09.1994 00:00;11;19;14.9;-0.8;0.3;-2.1;0;13.5;3;0.2;0;0;28.1;967.1;3.5;-2.1;0;61.4;2.3;105;12;0;222.6;245;124;74;6688;61;6.2;13.4
GVE;01.10.1994 00:00;7.1;15.3;11;-0.3;-0.1;-0.2;1;10.7;0;-0.3;0;0;21.9;968.4;-0.5;-0.6;0;235.4;2.4;114;11;0;99.4;103;100;104;7424;106;0;51.4
GVE;01.11.1994 00:00;5.2;11.3;8.6;2.6;2.6;2;0;9.8;0;1.7;0;0;16;972.4;0.5;4;0;336.6;1.5;65;7;0;64.4;73;44;86;2787;71;0;104.6
GVE;01.12.1994 00:00;1.5;7.4;4.6;1.8;1.7;1.8;13;7.2;0;0.7;0;0;13.8;973.9;-2.7;3.2;0;477;3.1;119;11;0;95.8;107;34;99;2970;103;0;229
GVE;01.01.1995 00:00;-1.7;4.9;1.6;-0.5;-0.6;-0.2;22;5.7;0;-0.4;3;0;12.8;971.1;-10.6;-0.2;0;570.9;3.7;148;17;0;192;264;43;99;3898;107;0;322.9
GVE;01.02.1995 00:00;1.7;9.5;5.8;2.9;2.8;2.5;7;7.4;0;1.4;0;0;15.2;969.5;-3.2;-0.4;0;398.1;2.8;104;14;0;144.3;258;73;90;4874;85;0;174.1
GVE;01.03.1995 00:00;0.2;9.6;4.9;-1.8;-1.5;-2.2;15;5.9;0;-1.1;0;0;17.5;968.3;-4.8;-0.1;0;467.3;3.5;121;12;0;79.5;128;143;101;10291;106;0;219.3
GVE;01.04.1995 00:00;5.2;14.9;9.9;-0.6;0.2;-1;0;8.4;0;0;0;0;22.8;967.6;0.5;1.6;0;254.1;3.6;129;5;0;23.9;36;186;94;10741;96;0;70.1
GVE;01.05.1995 00:00;7.6;19.3;13.5;-1;-1.5;-0.8;1;10.6;3;-0.7;0;0;26.5;967.4;-0.2;-0.1;0;86.4;2.4;92;11;0;118.4;151;229;98;12692;100;0;22.4
GVE;01.06.1995 00:00;10.5;21.4;16.1;-2.3;-2.2;-2.8;0;12.5;8;-1.5;0;0;30.6;967.9;4.8;-0.7;1;33.3;2.7;108;7;0;53.7;65;267;100;14299;97;22.5;1.3
GVE;01.07.1995 00:00;15.8;28.4;22;1.4;1.2;1.7;0;16.6;25;1.3;0;0;35;968.1;11.3;-0.7;9;0;2.4;104;7;1;40;51;278;105;17217;107;115.5;0
GVE;01.08.1995 00:00;14.3;25.4;19.4;-0.6;0.1;-0.8;0;15.3;17;-0.3;0;0;32.5;968.6;7.2;-0.3;6;0;2.5;119;9;0;64.1;79;219;97;12390;85;54.2;0
GVE;01.09.1995 00:00;8.8;18;13.2;-2.5;-1.9;-3.1;0;11.6;0;-1.7;0;0;23.3;966.3;0.8;-2.9;0;50.4;2.2;100;14;0;156.8;173;150;90;9017;82;0;10.4
GVE;01.10.1995 00:00;10;18.2;13.7;2.4;2.8;2.7;0;13.4;0;2.4;0;0;22.3;974.3;5.6;5.3;0;57.4;1;48;6;0;51.4;53;98;102;6661;95;0;9.4
GVE;01.11.1995 00:00;1.7;9;5.4;-0.6;-0.9;-0.3;11;7.5;0;-0.6;0;0;14.7;969.9;-5;1.5;0;437.3;2.2;96;6;0;39.2;44;62;121;5916;151;0;197.3
GVE;01.12.1995 00:00;0.2;4.6;2.3;-0.5;0.4;-1;18;6.3;0;-0.2;3;0;13.2;966;-4.2;-4.7;0;548;3.1;119;12;0;108.4;121;24;70;1125;39;0;300
GVE;01.01.1996 00:00;1;4.1;2.5;0.4;2.1;-1;9;6.7;0;0.6;0;0;9;964.5;-1.8;-6.8;0;541;1.6;64;8;0;44.5;61;23;53;623;17;0;293
GVE;01.02.1996 00:00;-2;4.6;1.3;-1.6;-0.9;-2.4;23;5.2;0;-0.8;5;0;11.6;964.4;-8.2;-5.5;0;541.5;3.2;119;9;0;60.9;109;68;84;3628;63;0;309.5
GVE;01.03.1996 00:00;-0.7;10.2;4.6;-2.1;-2.4;-1.6;19;6;0;-1;0;0;20.8;965.8;-6.1;-2.6;0;471;2.4;83;3;0;28;45;148;104;10083;104;0;231
GVE;01.04.1996 00:00;4.2;15.4;9.9;-0.6;-0.8;-0.5;4;8.1;0;-0.3;0;0;23.4;966.6;-1;0.6;0;223;2.5;89;4;0;35.2;52;191;97;10502;94;0;79
GVE;01.05.1996 00:00;8.5;19.2;13.5;-1;-0.6;-0.9;0;11;4;-0.3;0;0;28.6;964.9;2.3;-2.6;0;120.3;2.8;108;10;0;79;101;217;93;10994;86;1.9;16.3
GVE;01.06.1996 00:00;12.6;24;18.3;-0.1;-0.1;-0.2;0;13.8;13;-0.2;0;0;30.6;971.3;8;2.7;1;8;2.8;112;8;0;100;120;271;102;15893;108;36.4;0
GVE;01.07.1996 00:00;12.5;24.1;18.6;-2;-2.1;-2.6;0;14.2;17;-1.1;0;0;29.4;969.9;7.5;1.1;0;0;2.5;109;7;0;132.5;167;244;92;15050;93;41.6;0
GVE;01.08.1996 00:00;12.8;23.7;18;-2;-1.4;-2.5;0;14.9;10;-0.7;0;0;31.1;968.2;6.6;-0.7;1;0;2.1;100;6;0;93.6;115;211;93;12023;83;24.9;0
GVE;01.09.1996 00:00;7.5;17.6;12.6;-3.1;-3.2;-3.5;0;10.4;0;-2.9;0;0;23.8;966.3;3.7;-2.9;0;107;2.8;127;6;0;32.3;36;174;104;11242;102;0;11
GVE;01.10.1996 00:00;6;14.9;10.5;-0.8;-1.2;-0.6;1;10.1;0;-0.9;0;0;21.6;970.3;-1.4;1.3;0;261.6;2.2;105;7;0;48.8;51;95;99;7162;103;0;53.6
GVE;01.11.1996 00:00;1.9;9.2;5.6;-0.4;-0.7;-0.1;9;7.6;0;-0.5;0;0;17.6;965.6;-3.9;-2.8;0;431;2.9;126;16;0;172.8;195;50;98;3945;101;0;191
GVE;01.12.1996 00:00;-0.3;4.3;2.1;-0.7;-0.1;-1.3;14;6.4;0;-0.1;6;0;10.6;963.8;-7.6;-6.9;0;555.9;2.2;85;11;0;119.3;133;28;82;1885;65;0;307.9
GVE;01.01.1997 00:00;-0.8;1.7;0.5;-1.6;0.3;-3.4;20;5.9;0;-0.2;8;0;5.1;971.8;-4.3;0.5;0;604.9;1.5;60;9;0;81.4;112;24;55;137;4;0;356.9
GVE;01.02.1997 00:00;0.3;9.5;5;2.1;1.4;2.5;16;6.5;0;0.5;0;0;14.8;976.4;-4.3;6.5;0;421;3.1;115;10;0;46.8;84;82;101;6690;116;0;197
GVE;01.03.1997 00:00;1.5;14;7.7;1;-0.2;2.2;6;7.2;0;0.2;0;0;21.7;975.7;-2.3;7.3;0;382.3;2.3;79;2;0;6.7;11;159;112;12285;127;0;134.3
GVE;01.04.1997 00:00;2.8;15.7;9.5;-1;-2.2;-0.2;7;6.7;0;-1.7;0;0;21.8;969.8;-1.9;3.8;0;272.2;3.9;139;4;0;43.8;65;240;122;16589;148;0;80.2
GVE;01.05.1997 00:00;8.9;19.9;14.3;-0.2;-0.2;-0.2;0;11.3;4;0;0;0;26.4;967.2;3.9;-0.3;0;70.1;2.9;112;13;0;121.6;155;241;103;14126;111;0.8;14.1
GVE;01.06.1997 00:00;11.8;21.7;16.7;-1.7;-0.9;-2.5;0;13.6;6;-0.4;0;0;30.2;963.8;6.2;-4.8;1;10.6;2.3;92;17;0;170.7;205;209;78;9454;64;18.1;2.6
GVE;01.07.1997 00:00;13;23.5;18.1;-2.5;-1.6;-3.2;0;15.1;14;-0.2;0;0;28.5;970.1;9.6;1.3;0;0;2;87;11;0;145.4;184;234;88;14268;88;24.5;0
GVE;01.08.1997 00:00;15.2;26.8;20.7;0.7;1;0.6;0;17.3;26;1.7;0;0;30.4;969.3;9.9;0.4;1;0;1.6;76;5;0;56.4;69;224;99;14844;102;85.7;0
GVE;01.09.1997 00:00;11.2;22.2;16.5;0.8;0.5;1.1;0;14.5;6;1.2;0;0;29.1;972.6;6.1;3.4;0;0;1.9;86;4;0;47.1;52;178;107;13489;122;15.3;0
GVE;01.10.1997 00:00;6.8;14.9;10.6;-0.7;-0.4;-0.6;3;10.5;1;-0.5;0;0;25.3;969.3;-5;0.3;0;245.9;2.6;124;8;0;61.8;64;96;100;8022;115;1.6;85.9
GVE;01.11.1997 00:00;2.4;9.2;5.9;-0.1;-0.2;-0.1;8;8.1;0;0;0;0;14.2;962.2;-3.7;-6.2;0;421.7;1.7;74;13;0;96.2;109;48;94;3266;83;0;181.7
GVE;01.12.1997 00:00;0.4;6.3;3.4;0.6;0.6;0.7;14;6.6;0;0.1;0;0;13.5;966.5;-4.5;-4.2;0;515.7;2.4;92;10;0;92.1;102;32;93;2694;94;0;267.7
GVE;01.01.1998 00:00;0.1;6;3;0.9;1.2;0.9;19;6.1;0;0;0;0;13.6;970.9;-3.1;-0.4;0;527.2;3.2;128;11;0;91.7;126;40;92;3880;106;0;279.2
GVE;01.02.1998 00:00;-1.8;10.1;3.8;0.9;-0.7;3.1;19;6.2;0;0.2;0;0;17.9;977.3;-6.9;7.4;0;453.1;2.1;78;1;0;14;25;98;120;9462;164;0;229.1
GVE;01.03.1998 00:00;1.1;12.2;6.9;0.2;-0.6;0.4;13;6.2;0;-0.8;0;0;22.3;974.1;-4.2;5.7;0;385.1;3.6;124;4;0;20.6;33;147;104;11109;115;0;161.1
GVE;01.04.1998 00:00;4.4;14.3;9.1;-1.4;-0.6;-1.6;3;8.3;0;-0.1;0;0;21.8;959.4;-2.4;-6.6;0;268.5;3;107;18;0;119.7;178;148;75;6590;59;0;100.5
GVE;01.05.1998 00:00;9;21.7;15.6;1.1;-0.1;1.6;0;10.7;6;-0.6;0;0;27.7;966.4;3.5;-1.1;0;25.2;2.9;112;4;0;19.8;25;263;112;17201;135;7;1.2
GVE;01.06.1998 00:00;12.2;24;18.2;-0.2;-0.5;-0.2;0;13.6;15;-0.4;0;0;31.9;969.6;4.9;1;2;17.3;2.3;92;10;0;70.6;85;254;95;14483;98;45.3;1.3
GVE;01.07.1998 00:00;14.2;27.1;20.9;0.3;-0.4;0.4;0;14.2;21;-1.1;0;0;34.3;967.4;8.8;-1.4;6;0;2.7;117;6;0;79.6;101;259;98;15807;98;90.9;0
GVE;01.08.1998 00:00;13.2;26.5;19.8;-0.2;-1;0.3;0;14.2;19;-1.4;0;0;35.9;969.9;6.8;1;8;0;2.6;124;6;2;31;38;221;98;15856;109;73.8;0
GVE;01.09.1998 00:00;10.2;19.3;14.7;-1;-0.5;-1.8;0;12.9;5;-0.4;0;0;29.1;965.7;5;-3.5;0;62.5;2.4;109;14;0;179.9;198;133;80;6884;62;12.1;6.5
GVE;01.10.1998 00:00;7.1;14.9;11.1;-0.2;-0.1;-0.6;0;10.3;0;-0.7;0;0;20.4;969;1.5;0;0;223.4;2.8;133;13;0;110.7;115;88;92;6067;87;0;39.4
GVE;01.11.1998 00:00;-0.4;6.5;3.2;-2.8;-3;-2.8;18;6.4;0;-1.7;2;0;14.3;970.2;-7.7;1.8;0;504.9;3;130;11;0;87.1;98;56;109;4970;127;0;264.9
GVE;01.12.1998 00:00;-2.5;4.5;1.2;-1.6;-2.3;-1.1;25;5.7;0;-0.8;1;0;13.1;974;-9.7;3.3;0;581.5;2;77;7;0;33;37;41;120;4743;165;0;333.5
GVE;01.01.1999 00:00;-1.2;5.4;2;-0.1;-0.1;0.3;23;6.1;0;0;2;0;12.5;970.1;-5.5;-1.2;0;557.3;3.1;124;8;0;58.2;80;43;99;3573;98;0;309.3
GVE;01.02.1999 00:00;-2.4;4.5;1.1;-1.8;-1.3;-2.5;22;5.6;0;-0.4;3;0;12.7;970.1;-7.1;0.2;0;527.9;3.4;126;12;0;108.9;195;65;80;3728;65;0;303.9
GVE;01.03.1999 00:00;1.8;11.5;6.5;-0.2;0.1;-0.3;5;7.1;0;0.1;0;0;16.9;965;-2.9;-3.4;0;417.9;2.8;97;10;0;74.7;120;130;92;8042;83;0;169.9
GVE;01.04.1999 00:00;4.4;14.1;9.1;-1.4;-0.6;-1.8;2;8.7;0;0.3;0;0;22.6;966.8;-0.4;0.8;0;283.4;2.5;89;15;0;116.9;174;170;86;8476;76;0;91.4
GVE;01.05.1999 00:00;11.3;21.2;16.1;1.6;2.2;1.1;0;13.6;5;2.3;0;0;28.9;967.4;6.7;-0.1;0;17.1;1.9;73;13;0;82.6;105;209;89;11180;88;12.8;1.1
GVE;01.06.1999 00:00;10.7;22.3;16.5;-1.9;-2;-1.9;0;12.8;6;-1.2;0;0;29.1;970.1;6.9;1.5;0;0;2.3;92;10;0;97.5;117;263;99;14589;99;7.7;0
GVE;01.07.1999 00:00;14.8;26.4;20.4;-0.2;0.2;-0.3;0;15.6;19;0.3;0;0;32.5;968;11.3;-0.8;3;0;2.8;122;5;0;87;110;285;108;17994;111;67.4;0
GVE;01.08.1999 00:00;14.4;24.9;19.3;-0.7;0.2;-1.3;0;16.3;15;0.7;0;0;30.9;966.5;9.5;-2.4;2;0;2.1;100;12;0;122.8;151;210;93;12416;86;46.3;0
GVE;01.09.1999 00:00;12.8;23.2;17.6;1.9;2.1;2.1;0;15;11;1.7;0;0;28.7;965.7;9;-3.5;0;0;2.1;95;11;0;152.6;168;162;97;10929;99;12.5;0
GVE;01.10.1999 00:00;7;14.6;10.8;-0.5;-0.2;-0.9;0;11.1;0;0.1;0;0;18.3;969.3;1.8;0.3;0;247.5;1.6;76;10;0;134.9;140;79;82;4883;70;0;47.5
GVE;01.11.1999 00:00;1.1;6.7;3.8;-2.2;-1.5;-2.6;13;6.9;0;-1.2;1;0;19.5;972.5;-5.4;4.1;0;470.4;2.9;126;11;0;62.2;70;42;82;2582;66;0;246.4
GVE;01.12.1999 00:00;-0.9;6.7;2.9;0.1;-0.7;1.1;18;6.1;0;-0.4;0;0;12.5;968.5;-6.6;-2.2;0;529.8;3.9;150;12;0;132.3;147;41;120;4101;142;0;281.8
GVE;01.01.2000 00:00;-3.3;3.9;0.7;-1.4;-2.2;-1.2;26;5.6;0;-0.5;3;0;11.6;976.9;-10.2;5.6;0;597.6;2;80;5;0;19.2;26;47;108;4473;122;0;349.6
GVE;01.02.2000 00:00;0;8.8;4.3;1.4;1.1;1.8;17;6.7;0;0.7;0;0;15.9;976.1;-4.5;6.2;0;454.6;2.5;93;14;0;95.7;171;82;101;6240;108;0;222.6
GVE;01.03.2000 00:00;1.1;11.9;6.5;-0.2;-0.6;0.1;10;6.8;0;-0.2;0;0;19.6;972;-3.8;3.6;0;417.6;3;103;7;0;44.2;71;149;105;10983;114;0;169.6
GVE;01.04.2000 00:00;4.9;15.5;10.2;-0.3;-0.1;-0.4;2;8.7;1;0.3;0;0;25.8;960.4;-0.8;-5.6;0;246.9;2.8;100;10;0;78.8;117;183;93;9784;87;0;70.9
GVE;01.05.2000 00:00;10.2;21.8;15.9;1.4;1.1;1.7;0;12.2;5;0.9;0;0;28;968.2;5.6;0.7;0;0;2.4;92;9;0;52.7;67;243;104;13745;108;4.7;0
GVE;01.06.2000 00:00;12.7;25.5;19.2;0.8;0;1.3;0;13.5;18;-0.5;0;0;31.5;971.6;7.5;3;4;0;2.6;104;6;0;23.1;28;284;106;17377;118;48.7;0
GVE;01.07.2000 00:00;12.7;23.4;17.9;-2.7;-1.9;-3.3;0;13.3;14;-2;0;0;34.6;966.8;6.9;-2;2;0;2.8;122;9;0;120.6;152;239;90;13348;83;34.3;0
GVE;01.08.2000 00:00;14.1;26.3;20.1;0.1;-0.1;0.1;0;15.8;17;0.2;0;0;33.8;970.1;10.8;1.2;8;0;1.6;76;8;0;109.2;134;220;97;15221;105;70.6;0
GVE;01.09.2000 00:00;10.5;22.2;16.2;0.5;-0.2;1.1;0;13.3;6;0;0;0;29.4;967.6;6.9;-1.6;0;0;1.7;77;6;0;105.4;116;175;105;13602;123;8.4;0
GVE;01.10.2000 00:00;7.7;15.5;11.6;0.3;0.5;0;0;10.9;0;-0.1;0;0;20.2;967.8;1.7;-1.2;0;185.9;2.1;100;14;0;130.5;135;91;95;6236;89;0;25.9
GVE;01.11.2000 00:00;3.3;9.8;6.7;0.7;0.7;0.5;4;8.1;0;0;0;0;17.4;962.4;-2.5;-6;0;391.6;2.2;96;18;0;148.7;168;45;88;3241;83;0;159.6
GVE;01.12.2000 00:00;1.6;7.5;4.7;1.9;1.8;1.9;10;7.3;0;0.8;0;0;13.3;965.5;-5.2;-5.2;0;473.7;1.7;65;11;0;67.9;76;33;96;2835;98;0;225.7
GVE;01.01.2001 00:00;0.1;5.9;3.2;1.1;1.2;0.8;13;6.5;0;0.4;1;0;11.7;965.4;-5.3;-5.9;0;520.9;2.5;100;13;0;146.4;201;39;90;2882;79;0;272.9
GVE;01.02.2001 00:00;0.5;9.1;4.6;1.7;1.6;2.1;16;6;0;0;0;0;15.9;970;-6.8;0.1;0;430;3.1;115;5;0;44.2;79;89;109;6409;111;0;206
GVE;01.03.2001 00:00;5.3;12.6;8.8;2.1;3.6;0.8;1;9;0;2;0;0;22.2;960.4;-1.6;-8;0;332.2;3;103;23;0;282.1;454;97;68;4439;46;0;108.2
GVE;01.04.2001 00:00;4.4;12.8;8.3;-2.2;-0.6;-3.1;0;7.8;0;-0.6;0;0;20.9;966.3;0.2;0.3;0;325.5;3;107;15;0;113.7;169;171;87;8226;73;0;117.5
GVE;01.05.2001 00:00;10.9;21.8;16.1;1.6;1.8;1.7;0;12.7;8;1.4;0;0;30.6;967.2;4.7;-0.3;2;32.8;2.5;96;9;0;73.5;94;241;103;13051;103;16;0.8
GVE;01.06.2001 00:00;10.8;22.8;17;-1.4;-1.9;-1.4;0;12.8;11;-1.2;0;0;30.4;969.8;3.3;1.2;1;8.8;2.2;88;11;0;126.9;153;268;100;15651;106;25.6;0.8
GVE;01.07.2001 00:00;14;25.8;19.9;-0.7;-0.6;-0.9;0;15.7;21;0.4;0;0;31.9;968;7.3;-0.8;2;0;2.4;104;8;0;107.8;136;256;97;14779;92;68;0
GVE;01.08.2001 00:00;14.2;26.5;20.1;0.1;0;0.3;0;16.4;20;0.8;0;0;32.1;969.5;8.6;0.6;8;0;1.9;90;8;0;72.5;89;225;99;14660;101;65.5;0
GVE;01.09.2001 00:00;8.2;17.8;12.8;-2.9;-2.5;-3.3;0;11.4;0;-1.9;0;0;24.6;967.9;2.4;-1.3;0;100.8;2.1;95;13;0;96.6;107;145;87;8653;78;0;12.8
GVE;01.10.2001 00:00;9.5;19.3;13.8;2.5;2.3;3.8;0;13.3;3;2.3;0;0;25.9;971.6;5.6;2.6;0;53.5;1.5;71;11;0;80.4;83;116;121;9819;141;2.7;5.5
GVE;01.11.2001 00:00;1;6.8;4;-2;-1.6;-2.5;10;6.8;0;-1.3;0;0;12.3;973.2;-3.7;4.8;0;479.6;3.3;143;7;0;34.6;39;49;96;3381;86;0;239.6
GVE;01.12.2001 00:00;-1.5;3.7;1.3;-1.5;-1.3;-1.9;19;5.6;0;-0.9;6;0;11.9;973.7;-8.5;3;0;580.6;4;154;6;0;38.6;43;37;108;3622;126;0;332.6
GVE;01.01.2002 00:00;-2.3;4.7;1.1;-1;-1.2;-0.4;25;5.9;0;-0.2;7;0;15.4;978.1;-9;6.8;0;586.5;1.5;60;6;0;44;60;45;104;4160;114;0;338.5
GVE;01.02.2002 00:00;2.1;10.1;6;3.1;3.2;3.1;9;7.3;0;1.3;0;0;16.3;970.4;-4.4;0.5;0;391.9;3.1;115;10;0;79.1;142;73;90;4949;86;0;167.9
GVE;01.03.2002 00:00;2.3;12.9;7.5;0.8;0.6;1.1;8;7.3;0;0.3;0;0;20.6;969.9;-2.2;1.5;0;367.3;2.6;90;5;0;57.2;92;149;105;10820;112;0;143.3
GVE;01.04.2002 00:00;4.3;15.9;10.2;-0.3;-0.7;0;2;7.7;0;-0.7;0;0;22.3;965.5;-1.6;-0.5;0;247.9;2.8;100;4;0;22.6;34;201;102;12327;110;0;63.9
GVE;01.05.2002 00:00;7.9;18.1;13.1;-1.4;-1.2;-2;0;10.8;3;-0.5;0;0;27.4;966.6;3.8;-0.9;0;97.1;1.6;62;13;0;149;190;201;86;10640;84;2.1;25.1
GVE;01.06.2002 00:00;13.4;26.5;20.2;1.8;0.7;2.3;0;14.7;17;0.7;0;1;35.2;968.6;7;0;11;0;2.1;84;7;1;63.8;77;276;103;16462;112;86.2;0
GVE;01.07.2002 00:00;13.7;25.1;19.6;-1;-0.9;-1.6;0;15.1;16;-0.2;0;0;30.7;967.6;8.1;-1.2;5;0;2.6;113;14;0;117.8;149;249;94;14763;91;46.9;0
GVE;01.08.2002 00:00;13.5;23.9;18.3;-1.7;-0.7;-2.3;0;15.7;12;0.1;0;0;30;967.4;10.4;-1.5;1;0;1.8;86;10;0;89.9;111;203;90;11664;80;23.3;0
GVE;01.09.2002 00:00;10.5;19.7;14.8;-0.9;-0.2;-1.4;0;12.8;2;-0.5;0;0;25.8;968.9;2.4;-0.3;0;73;2.6;118;9;0;29;32;156;93;9240;84;1.5;17
GVE;01.10.2002 00:00;6.5;15.9;11.3;0;-0.7;0.4;0;10.6;0;-0.4;0;0;23.2;967.4;0.2;-1.6;0;184.2;2.3;110;10;0;138;143;99;103;7910;113;0;40.2
GVE;01.11.2002 00:00;4.3;10.3;7.5;1.5;1.7;1;1;9.3;0;1.2;0;0;17.1;963.4;-0.1;-5;0;370.2;1.7;74;19;0;295.3;333;43;84;2574;66;0;138.2
GVE;01.12.2002 00:00;3.5;6.9;5.2;2.4;3.7;1.3;1;8;0;1.5;0;0;11.3;967.7;-0.3;-3;0;457.3;2.3;88;17;0;80.7;90;20;58;427;15;0;209.3
GVE;01.01.2003 00:00;-1.7;3.9;1.2;-0.9;-0.6;-1.2;23;5.7;0;-0.4;7;0;16.1;968.4;-10.5;-2.9;0;582.1;3.4;136;12;0;79.7;109;40;92;2965;81;0;334.1
GVE;01.02.2003 00:00;-3.6;4.1;-0.1;-3;-2.5;-2.9;25;4.7;0;-1.3;5;0;14;971.2;-9.2;1.3;0;561.4;2.2;81;3;0;22.4;40;77;95;5017;87;0;337.4
GVE;01.03.2003 00:00;1.6;14.3;7.8;1.1;-0.1;2.5;12;6.7;0;-0.3;0;0;20.2;973.7;-2.2;5.3;0;349.2;2.5;86;4;0;17.2;28;167;118;13931;144;0;133.2
GVE;01.04.2003 00:00;4.9;16.4;10.5;0;-0.1;0.5;3;7.9;0;-0.5;0;0;23.3;966.5;-3.5;0.5;0;200.4;3.5;125;7;0;59;88;208;106;12726;114;0;72.4
GVE;01.05.2003 00:00;9.8;21.6;15.5;1;0.7;1.5;0;11.7;7;0.4;0;0;29.3;970.1;1.8;2.6;0;45;2.3;88;6;0;30.5;39;233;99;12532;99;5.5;5
GVE;01.06.2003 00:00;16.7;31;23.7;5.3;4;6.8;0;16;30;2;0;0;36.3;968.4;13.4;-0.2;19;0;2.2;88;6;3;45.4;55;303;114;19370;131;161.2;0
GVE;01.07.2003 00:00;15.1;29;22.1;1.5;0.5;2.3;0;14.3;26;-1;0;2;37.6;968.7;10.1;-0.1;13;0;2.5;109;6;3;41.3;52;273;103;17665;109;121.7;0
GVE;01.08.2003 00:00;16.5;31;23.6;3.6;2.3;4.8;0;15.6;27;0;0;1;37.4;969.3;10.6;0.4;18;0;2;95;7;10;110.3;136;243;107;17244;119;167.5;0
GVE;01.09.2003 00:00;10.2;21;15.5;-0.2;-0.5;-0.1;0;12.5;5;-0.8;0;0;26.6;972;6;2.8;0;8.2;2.2;100;8;0;74.2;82;180;108;13076;118;0.3;0.2
GVE;01.10.2003 00:00;4.6;11.9;8.4;-2.9;-2.6;-3.6;5;9.4;0;-1.6;0;0;20.1;965.3;-4.1;-3.7;0;332.5;2.1;100;16;0;174.7;181;85;89;5208;75;0;124.5
GVE;01.11.2003 00:00;1.8;9.2;5.6;-0.4;-0.8;-0.1;5;8.2;0;0.1;0;0;12.9;969;-1.1;0.6;0;432.7;1.2;52;8;0;53.8;61;55;107;4722;120;0;192.7
GVE;01.12.2003 00:00;-1.1;6;2.6;-0.2;-0.9;0.4;19;6.1;0;-0.4;0;0;11.2;970.6;-7.5;-0.1;0;538.2;2.2;85;4;0;28.4;32;42;122;5032;175;0;290.2
GVE;01.01.2004 00:00;-0.8;5.6;2.3;0.2;0.3;0.5;20;6.2;0;0.1;0;0;14.8;965;-11;-6.3;0;547.8;3;120;13;0;139;191;43;99;3458;95;0;299.8
GVE;01.02.2004 00:00;-0.7;7.5;3;0.1;0.4;0.5;18;5.6;0;-0.4;0;0;16.6;971.1;-6.3;1.2;0;492.4;2.8;104;4;0;27.5;49;89;109;7610;132;0;260.4
GVE;01.03.2004 00:00;0.6;9.8;5;-1.7;-1.1;-2;15;6.4;0;-0.6;0;0;20.9;971.6;-5.1;3.2;0;448.2;2.9;100;8;0;59.3;95;133;94;8592;89;0;216.2
GVE;01.04.2004 00:00;4.9;15.2;10.1;-0.4;-0.1;-0.7;1;8.2;0;-0.2;0;0;21.9;964.4;-0.3;-1.6;0;230.5;3.5;125;6;0;31.6;47;191;97;9849;88;0;70.5
GVE;01.05.2004 00:00;7.6;19.1;13.3;-1.2;-1.5;-1;0;9.6;5;-1.7;0;0;28.3;966.1;3.7;-1.4;0;96;3;115;7;0;43.8;56;249;106;14204;112;2.5;24
GVE;01.06.2004 00:00;11.9;24.5;18.3;-0.1;-0.8;0.3;0;12.6;13;-1.4;0;0;32.6;970.2;8.4;1.6;4;0;2.8;112;5;0;61;73;268;100;15751;107;31.4;0
GVE;01.07.2004 00:00;13.8;25.5;19.5;-1.1;-0.8;-1.2;0;14.3;17;-1;0;0;31;969.4;7.6;0.6;3;0;2.3;100;13;0;88.3;111;258;97;15078;93;55.5;0
GVE;01.08.2004 00:00;14.7;25.7;19.6;-0.4;0.5;-0.5;0;15.8;15;0.2;0;0;32.5;967.1;9.2;-1.8;4;0;2.3;110;12;0;205.9;254;218;96;13408;92;55.6;0
GVE;01.09.2004 00:00;11;22.1;16.3;0.6;0.3;1;0;13.4;10;0.1;0;0;28.3;972.4;6.2;3.2;0;18.3;1.9;86;3;0;23.7;26;184;110;13215;120;15.8;2.3
GVE;01.10.2004 00:00;9.8;17.1;13.1;1.8;2.6;1.6;0;12.5;1;1.5;0;0;26.1;964.8;6;-4.2;0;129.9;2.1;100;15;0;212.8;221;84;88;5562;80;0.2;25.9
GVE;01.11.2004 00:00;1.5;8.9;5.4;-0.6;-1.1;-0.4;12;7.4;0;-0.7;0;0;15.9;972.2;-5;3.8;0;429.8;2.7;117;6;0;39;44;59;115;5295;135;0;197.8
GVE;01.12.2004 00:00;0.3;4.5;2.4;-0.4;0.5;-1.1;13;6.2;0;-0.3;0;0;9.9;971.6;-5.9;0.9;0;546.5;2.7;104;9;0;57.6;64;27;79;1431;50;0;298.5
GVE;01.01.2005 00:00;-3.4;4.5;0.8;-1.3;-2.3;-0.6;26;5.6;0;-0.5;6;0;13.3;975.7;-11.3;4.4;0;594.7;3.1;124;7;0;48;66;56;129;5881;161;0;346.7
GVE;01.02.2005 00:00;-3.4;3.4;0.1;-2.8;-2.3;-3.6;26;4.8;0;-1.2;1;0;10.5;968.9;-8.5;-1;0;558.5;3;111;5;0;35.3;63;86;106;5895;102;0;334.5
GVE;01.03.2005 00:00;1;11.7;6.3;-0.4;-0.7;-0.1;12;7.2;0;0.2;0;0;20.7;968.7;-10.5;0.3;0;410.3;2;69;7;0;39.7;64;149;105;10133;105;0;178.3
GVE;01.04.2005 00:00;5.6;14.7;10;-0.5;0.6;-1.2;0;8.3;1;-0.1;0;0;26.1;966.3;0.7;0.3;0;260.8;2.9;104;11;0;119.7;178;170;86;8971;80;0;76.8
GVE;01.05.2005 00:00;9.1;20.2;14.8;0.3;0;0.1;0;10.9;7;-0.4;0;0;30.3;969.4;4.1;1.9;2;97.8;2.1;81;11;0;76.3;97;230;98;12994;102;18.1;9.8
GVE;01.06.2005 00:00;14;26;19.9;1.5;1.3;1.8;0;14.1;17;0.1;0;1;33.3;970.3;6.2;1.7;7;0;2.8;112;5;0;52.2;63;294;110;18373;125;76;0
GVE;01.07.2005 00:00;14.3;26.4;20.3;-0.3;-0.3;-0.3;0;14.3;20;-1;0;0;35.9;968.6;8;-0.2;7;0;2.7;117;6;1;65.8;83;259;98;16505;102;79.6;0
GVE;01.08.2005 00:00;12.9;23.3;18;-2;-1.3;-2.9;0;14.1;7;-1.5;0;0;29.2;969.4;8.5;0.5;0;0;2;95;8;0;75.9;93;203;90;11820;82;16.3;0
GVE;01.09.2005 00:00;11.2;22;16.3;0.6;0.5;0.9;0;14.2;7;0.9;0;0;29.9;970.1;3.6;0.9;0;62;2.2;100;6;0;65.5;72;163;98;10498;95;21.1;6
GVE;01.10.2005 00:00;7.6;16.6;11.7;0.4;0.4;1.1;0;11.6;0;0.6;0;0;19.9;971.2;4.8;2.2;0;172.8;1.5;71;9;0;66.3;69;102;106;8147;117;0;20.8
GVE;01.11.2005 00:00;0.9;8.6;4.8;-1.2;-1.7;-0.7;10;7.5;0;-0.6;1;0;20.2;969;-9.4;0.6;0;434.6;2.7;117;4;0;36.7;41;66;129;6606;168;0;218.6
GVE;01.12.2005 00:00;-2.6;2.9;0.4;-2.4;-2.4;-2.7;20;5.4;0;-1.1;2;0;8.8;969.5;-11.2;-1.2;0;606.2;3;115;7;0;64.9;72;36;105;3019;105;0;358.2
GVE;01.01.2006 00:00;-2.4;3.1;0.3;-1.8;-1.3;-2;25;5.3;0;-0.8;7;0;9.5;973.3;-8.4;2;0;611.4;2.3;92;4;0;23.1;32;51;118;5037;138;0;363.4
GVE;01.02.2006 00:00;-2.1;5;1.4;-1.5;-1;-2;19;5.6;0;-0.4;2;0;12.6;965.9;-7;-4;0;520.6;2.9;107;5;0;72.1;129;71;87;3602;63;0;296.6
GVE;01.03.2006 00:00;1;9.2;5.1;-1.6;-0.7;-2.6;12;6.9;0;-0.1;0;0;22.7;964;-9.1;-4.4;0;447.4;3.5;121;15;0;138.1;222;118;83;5869;61;0;223.4
GVE;01.04.2006 00:00;4.6;15.5;10.2;-0.3;-0.4;-0.4;1;8.5;0;0.1;0;0;21.9;966.9;-1.5;0.9;0;231.8;2.3;82;9;0;116.7;174;195;99;11109;99;0;71.8
GVE;01.05.2006 00:00;9.3;20;14.4;-0.1;0.2;-0.1;0;11.3;3;0;0;0;26.6;969.7;1.9;2.2;0;63.3;2.5;96;14;0;99.3;126;217;93;10950;86;2.3;15.3
GVE;01.06.2006 00:00;12.8;26;19.4;1;0.1;1.8;0;13.4;21;-0.6;0;0;31.1;971.3;3.3;2.7;5;20.6;2.7;108;5;0;49.9;60;301;113;18418;125;74.9;4.6
GVE;01.07.2006 00:00;17.2;30.5;23.6;3;2.6;3.8;0;17.5;29;2.2;0;1;35.3;970.8;13.9;2;19;0;1.8;78;4;1;48;61;277;105;17988;111;165;0
GVE;01.08.2006 00:00;12.1;22;16.7;-3.3;-2.1;-4.2;0;13.3;5;-2.3;0;0;27.4;966.6;6.4;-2.3;0;0;2.5;119;13;0;137;169;201;89;10676;74;10.6;0
GVE;01.09.2006 00:00;13.4;23.4;17.9;2.2;2.7;2.3;0;15.9;10;2.6;0;0;29.7;968.1;7.5;-1.1;0;0;1.7;77;7;0;60.9;67;166;99;10790;98;18.5;0
GVE;01.10.2006 00:00;9.2;18.2;13.5;2.2;2;2.7;0;12.8;0;1.8;0;0;23.6;968;4.9;-1;0;70.3;1.5;71;8;0;105.2;109;103;107;8144;117;0.2;6.3
GVE;01.11.2006 00:00;3.3;12.1;7.6;1.6;0.7;2.8;6;8.6;0;0.5;0;0;19.4;972.1;-2.7;3.7;0;367.2;2.1;91;8;0;59.8;67;66;129;6393;163;0;135.2
GVE;01.12.2006 00:00;0.2;6.4;3.3;0.5;0.4;0.8;19;6.7;0;0.2;2;0;14.8;976.9;-5.4;6.2;0;519.2;2.7;104;9;0;58.5;65;39;114;3878;135;0;271.2
GVE;01.01.2007 00:00;0.1;7.9;4.2;2.1;1.2;2.8;12;7.3;0;1.2;3;0;15.4;974.6;-11.2;3.3;0;490.3;2.8;112;9;0;76.3;105;53;122;5005;137;0;242.3
GVE;01.02.2007 00:00;1.2;9.8;5.5;2.6;2.3;2.8;11;7.3;0;1.3;0;0;14.9;965.7;-3.7;-4.2;0;405.7;2.9;107;12;0;103;184;75;92;5630;98;0;181.7
GVE;01.03.2007 00:00;1.6;11.8;6.6;-0.1;-0.1;0;9;7;0;0;0;0;17;967.7;-2;-0.7;0;415.3;2.9;100;8;0;79.2;128;143;101;9789;101;0;167.3
GVE;01.04.2007 00:00;7.4;21.2;14.2;3.7;2.4;5.3;0;9.8;5;1.4;0;0;25.9;969.3;1.2;3.3;0;84.7;1.8;64;3;0;23.1;34;237;120;15950;142;0.3;20.7
GVE;01.05.2007 00:00;9.8;20.7;15.2;0.7;0.7;0.6;0;12.3;7;1;0;0;30.7;965.1;3.5;-2.4;1;73.3;2.6;100;13;0;120.9;154;222;95;11207;88;8.5;9.3
GVE;01.06.2007 00:00;13.4;23.8;18.4;0;0.7;-0.4;0;14.9;13;0.9;0;0;30.3;966;7.5;-2.6;1;8.1;2.6;104;13;0;170.7;205;258;97;13308;90;34.5;0.1
GVE;01.07.2007 00:00;13.3;24.4;18.7;-1.9;-1.3;-2.3;0;14.4;15;-0.9;0;0;31;968.5;8.4;-0.3;3;8.5;2.5;109;11;0;132.1;167;245;92;13816;86;50;0.5
GVE;01.08.2007 00:00;13.4;24;18.5;-1.5;-0.8;-2.2;0;15.4;13;-0.2;0;0;32.1;967.5;9.6;-1.4;1;8.4;2.1;100;13;0;152.8;188;211;93;12768;88;37.1;0.4
GVE;01.09.2007 00:00;9.5;20.1;14.5;-1.2;-1.2;-1;0;11.9;3;-1.4;0;0;26.6;971.2;5.2;2;0;48.8;2.8;127;7;0;88.3;97;190;114;13637;124;1;8.8
GVE;01.10.2007 00:00;7;14.7;10.6;-0.7;-0.2;-0.8;0;10.5;0;-0.5;0;0;21;972.6;2.7;3.6;0;232.7;3.2;152;3;0;17.4;18;106;111;7996;115;0;72.7
GVE;01.11.2007 00:00;0.1;7.8;4;-2;-2.5;-1.5;18;6.7;0;-1.4;0;0;14.1;971.2;-4.4;2.8;0;480.6;2.8;122;8;0;69;78;63;123;5940;151;0;240.6
GVE;01.12.2007 00:00;-0.5;4.5;2.1;-0.7;-0.3;-1.1;20;6.1;0;-0.4;7;0;11.5;975.3;-6.7;4.6;0;555.9;3.1;119;11;0;88.3;98;32;93;2309;80;0;307.9
GVE;01.01.2008 00:00;-0.6;7.9;3.6;1.5;0.5;2.8;21;6.7;0;0.6;0;0;13.1;972.8;-5.7;1.5;0;509.8;2.1;84;11;0;74.6;102;57;131;6210;170;0;261.8
GVE;01.02.2008 00:00;-1.3;9.4;3.7;0.8;-0.2;2.4;19;6.3;0;0.3;0;0;15.8;977.7;-5.7;7.8;0;472.2;2;74;7;0;29.8;53;101;124;9481;165;0;240.2
GVE;01.03.2008 00:00;1.8;9.9;5.8;-0.9;0.1;-1.9;13;6.4;0;-0.6;0;0;18.8;962.5;-5.1;-5.9;0;439.2;4.3;148;15;0;79.2;128;134;94;7782;80;0;191.2
GVE;01.04.2008 00:00;4.4;13.5;9;-1.5;-0.6;-2.4;2;8.1;0;-0.3;0;0;22.9;963.4;-0.8;-2.6;0;297;2.6;93;15;0;144.2;215;178;90;9308;83;0;97
GVE;01.05.2008 00:00;10.5;21;15.6;1.1;1.4;0.9;0;12.3;0;1;0;0;24.9;965;4.9;-2.5;0;8.7;2.2;85;12;0;79.9;102;224;96;11590;91;0.9;0.7
GVE;01.06.2008 00:00;13.2;23.5;18.2;-0.2;0.5;-0.7;0;14.4;13;0.4;0;0;32.2;968.4;7.1;-0.2;5;0;2;80;9;0;60.3;72;242;91;12653;86;56.4;0
GVE;01.07.2008 00:00;13.6;25.8;19.7;-0.9;-1;-0.9;0;14.8;18;-0.5;0;0;32.1;968.5;10.1;-0.3;5;0;2.4;104;8;0;113.2;143;269;102;16561;103;57.8;0
GVE;01.08.2008 00:00;13.4;25;19;-1;-0.8;-1.2;0;15.3;16;-0.3;0;0;30.4;967.9;7.7;-1;1;0;2.1;100;9;0;90.6;112;224;99;14312;99;41.5;0
GVE;01.09.2008 00:00;9.4;18.6;13.8;-1.9;-1.3;-2.5;0;12.3;4;-1;0;0;27;968.8;3.2;-0.4;0;129;2.8;127;9;0;214.6;237;148;89;8980;81;4.7;17
GVE;01.10.2008 00:00;7.1;15.1;10.9;-0.4;-0.1;-0.4;0;11;0;0;0;0;22.1;970.4;0.2;1.4;0;198.9;2.1;100;11;0;86.8;90;91;95;6381;91;0;62.9
GVE;01.11.2008 00:00;2.3;9.3;6;0;-0.3;0;8;7.9;0;-0.2;0;0;15.2;967;-5.1;-1.4;0;421.3;2.3;100;8;0;43.6;49;59;115;4743;121;0;181.3
GVE;01.12.2008 00:00;-1.8;3.9;1.3;-1.5;-1.6;-1.7;22;5.9;0;-0.6;2;0;8.9;969.1;-8.5;-1.6;0;579;2.7;104;8;0;118.1;131;36;105;2881;100;0;331
GVE;01.01.2009 00:00;-3;1.8;-0.5;-2.6;-1.9;-3.3;28;5.2;0;-0.9;11;0;9.8;965.8;-8.3;-5.5;0;636.9;2.5;100;6;0;68.9;95;35;81;1953;53;0;388.9
GVE;01.02.2009 00:00;-2.3;5.3;1.5;-1.4;-1.2;-1.7;24;5.5;0;-0.5;0;0;12.8;966.1;-6.5;-3.8;0;518.6;2.2;81;8;0;54.4;97;91;112;6332;110;0;294.6
GVE;01.03.2009 00:00;1.2;10.9;6;-0.7;-0.5;-0.9;9;6.4;0;-0.6;0;0;17;967.3;-3.9;-1.1;0;433.7;3.5;121;10;0;49.6;80;145;102;9505;98;0;185.7
GVE;01.04.2009 00:00;6.6;17.9;12.1;1.6;1.6;2;0;9.2;0;0.8;0;0;22.4;964.8;3.1;-1.2;0;129.4;2.3;82;6;0;36;54;212;108;12967;116;0;25.4
GVE;01.05.2009 00:00;10.4;22.9;16.7;2.2;1.3;2.8;0;11.9;7;0.6;0;0;33.8;970.4;4;2.9;2;9.6;2.7;104;5;0;28.9;37;255;109;14697;116;23.2;1.6
GVE;01.06.2009 00:00;12.6;24.1;18.2;-0.2;-0.1;-0.1;0;13.5;11;-0.5;0;0;31;967.9;9.1;-0.7;2;0;3;120;10;0;93.6;113;281;105;15451;105;28.3;0
GVE;01.07.2009 00:00;14.5;26.8;20.5;-0.1;-0.1;0.1;0;14.9;22;-0.4;0;1;32.1;968.9;9.6;0.1;5;0;2.2;96;7;0;84;106;259;98;15115;94;81.3;0
GVE;01.08.2009 00:00;15;28;21.2;1.2;0.8;1.8;0;15.7;23;0.1;0;1;36.2;970;9.9;1.1;10;0;2.1;100;6;1;66.5;82;251;111;17309;119;93.8;0
GVE;01.09.2009 00:00;11.9;21.8;16.6;0.9;1.2;0.7;0;14.1;2;0.8;0;0;28.1;971;6.6;1.8;0;0;2.2;100;7;0;61.7;68;167;100;10760;97;6.7;0
GVE;01.10.2009 00:00;5.8;15.5;10.6;-0.7;-1.4;0;2;9.9;1;-1.1;0;0;26.8;969.8;-2.1;0.8;0;239.3;2.3;110;7;0;38.4;40;110;115;8908;128;2.1;79.3
GVE;01.11.2009 00:00;3.6;11.3;7.8;1.8;1;2;4;9.1;0;1;0;0;18.2;965.1;-2.5;-3.3;0;358.2;2.6;113;16;0;149.7;169;45;88;2348;60;0;126.2
GVE;01.12.2009 00:00;-1;5.3;2.3;-0.5;-0.8;-0.3;18;6.2;0;-0.3;6;0;11;960.8;-12.6;-9.9;0;548.1;2.2;85;12;0;154.7;172;33;96;2258;78;0;300.1
GVE;01.01.2010 00:00;-3.1;2;-0.4;-2.5;-2;-3.1;26;5.1;0;-1;8;0;8.7;964.8;-9;-6.5;0;631.9;2;80;11;0;47.1;65;43;99;2814;77;0;383.9
GVE;01.02.2010 00:00;-1.5;5.2;2;-0.9;-0.4;-1.8;21;5.7;0;-0.3;4;0;14;957.8;-9.3;-12.1;0;504.1;2.7;100;13;0;96.5;173;70;86;3037;53;0;280.1
GVE;01.03.2010 00:00;0.8;10.4;5.6;-1.1;-0.9;-1.4;14;6.4;0;-0.6;1;0;21;968.2;-6.2;-0.2;0;425.6;3.7;128;6;0;61.4;99;137;96;8739;90;0;201.6
GVE;01.04.2010 00:00;4.9;17.1;11;0.5;-0.1;1.2;3;8;2;-0.4;0;0;26.8;969;-0.6;3;0;199;2.8;100;3;0;21.8;32;219;111;13234;118;0.6;63
GVE;01.05.2010 00:00;8.7;17.4;13;-1.5;-0.4;-2.7;0;10.5;2;-0.8;0;0;28.6;965.3;3.6;-2.2;0;151.5;3.1;119;13;0;108;138;197;84;7781;61;3.9;23.5
GVE;01.06.2010 00:00;12.4;22.9;17.6;-0.8;-0.3;-1.3;0;14.3;11;0.3;0;0;29.8;966.2;6.1;-2.4;0;8;2.7;108;7;0;77.2;93;245;92;12414;84;26.2;0
GVE;01.07.2010 00:00;15.5;29;22.1;1.5;0.9;2.3;0;15.5;24;0.2;0;0;35.6;969.6;9.2;0.8;13;0;2.2;96;3;1;13.5;17;282;106;18280;113;122.9;0
GVE;01.08.2010 00:00;13.3;24.2;18.7;-1.3;-0.9;-2;0;15.1;16;-0.5;0;0;31.9;968.7;7.4;-0.2;2;0;2.2;105;12;0;122.1;150;211;93;12602;87;44.6;0
GVE;01.09.2010 00:00;8.8;20;14.4;-1.3;-1.9;-1.1;0;11.9;2;-1.4;0;0;25.8;968.1;2.2;-1.1;0;51.6;2;91;7;0;36.2;40;177;106;12167;110;0;11.6
GVE;01.10.2010 00:00;6.1;14.3;10.1;-1.2;-1.1;-1.2;3;9.8;0;-1.2;0;0;23.5;965.9;-1.5;-3.1;0;242.1;2.7;129;6;0;31;32;97;101;7189;103;0;82.1
GVE;01.11.2010 00:00;2.2;9.9;6.3;0.3;-0.4;0.6;7;8;0;-0.1;2;0;19.5;960.4;-9.2;-8;0;391.4;2.6;113;13;0;101.8;115;56;109;4294;109;0;175.4
GVE;01.12.2010 00:00;-3.1;3.4;0.3;-2.5;-2.9;-2.2;23;5.5;0;-1;8;0;14.4;963.9;-10.8;-6.8;0;611.5;2.6;100;10;0;95.4;106;40;117;4066;141;0;363.5
GVE;01.01.2011 00:00;-0.5;5.6;2.5;0.4;0.6;0.5;19;6.3;0;0.2;3;0;15.6;970.5;-5.9;-0.8;0;541.6;2.7;108;3;0;44.5;61;52;120;5088;139;0;293.6
GVE;01.02.2011 00:00;-1.2;8.3;3.1;0.2;-0.1;1.3;17;6.2;0;0.2;1;0;14.9;969.9;-6.8;0;0;473.1;1.6;59;5;0;16.3;29;88;108;6908;120;0;249.1
GVE;01.03.2011 00:00;1.9;12.7;7.2;0.5;0.2;0.9;10;7.2;0;0.2;0;0;20.4;971.2;-3.8;2.8;0;395.4;2.4;83;6;0;20.5;33;150;106;10710;111;0;147.4
GVE;01.04.2011 00:00;6.1;20;13.2;2.7;1.1;4.1;0;9.1;0;0.7;0;0;24.4;969.1;1.1;3.1;0;105;2.4;86;4;0;20.1;30;249;126;17188;154;0;17
GVE;01.05.2011 00:00;9;23;16.3;1.8;-0.1;2.9;0;11.4;14;0.1;0;0;30;970.3;3.3;2.8;1;43.1;2.1;81;6;0;36.1;46;271;116;17146;135;10.6;3.1
GVE;01.06.2011 00:00;12.4;23.3;17.8;-0.6;-0.3;-0.9;0;13.8;10;-0.2;0;0;33.3;969.3;7.3;0.7;2;9;2.5;100;7;0;64.7;78;241;90;11487;78;27.6;1
GVE;01.07.2011 00:00;11.9;23.5;17.8;-2.8;-2.7;-3.2;0;13.3;9;-2;0;0;30.9;966.2;7.5;-2.6;2;0;2.2;96;14;0;102.1;129;251;95;14126;87;26.1;0
GVE;01.08.2011 00:00;14;27.1;20.2;0.2;-0.2;0.9;0;15.8;21;0.2;0;0;34.2;968.4;7.5;-0.5;7;0;2;95;6;0;70.5;87;243;107;15552;107;78.1;0
GVE;01.09.2011 00:00;11.9;23.1;17.2;1.5;1.2;2;0;15.3;8;2;0;0;29.7;970.8;6.1;1.6;0;9.1;1.8;82;8;0;44.5;49;182;109;13433;122;18.4;1.1
GVE;01.10.2011 00:00;6.7;15.9;11;-0.3;-0.5;0.4;1;11;0;0;0;0;23.6;973.1;-0.1;4.1;0;208.9;1.8;86;7;0;36;37;115;120;9453;135;0;56.9
GVE;01.11.2011 00:00;3.1;10.3;6.5;0.5;0.5;1;10;9;0;0.9;0;0;16.3;972.4;-2.4;4;0;396.8;1.1;48;3;0;18.9;21;54;105;4633;118;0;164.8
GVE;01.12.2011 00:00;0.4;7.5;4.2;1.4;0.6;1.9;11;7.2;0;0.7;0;0;15.8;971.9;-5;1.2;0;491.1;3.1;119;20;0;144.8;161;37;108;3283;114;0;243.1
GVE;01.01.2012 00:00;-0.4;5.9;2.9;0.8;0.7;0.8;16;6.6;0;0.5;0;0;11;975.3;-7.8;4;0;529.5;2.4;96;12;0;82.4;113;43;99;3667;100;0;281.5
GVE;01.02.2012 00:00;-6.2;2.2;-2.1;-5;-5.1;-4.8;29;4.1;0;-1.9;13;0;13.9;975.4;-11.4;5.5;0;640.1;4.1;152;0;0;0.4;1;104;128;8525;148;0;408.1
GVE;01.03.2012 00:00;1.9;15.3;8.6;1.9;0.2;3.5;5;6.9;0;-0.1;0;0;22;976.4;-3.5;8;0;339.6;2.8;97;3;0;13.7;22;187;132;15940;165;0;107.6
GVE;01.04.2012 00:00;5.9;14.8;10.2;-0.3;0.9;-1.1;1;8.7;1;0.3;0;0;26.1;958.5;-0.9;-7.5;0;267.1;3.8;136;18;0;112.2;167;166;84;6742;60;0.2;75.1
GVE;01.05.2012 00:00;9.2;21.2;15.1;0.6;0.1;1.1;0;11.6;6;0.3;0;0;30;967.7;1.2;0.2;1;56.2;2.6;100;10;0;76.4;97;262;112;15075;119;8.4;8.2
GVE;01.06.2012 00:00;13.5;24.7;19.1;0.7;0.8;0.5;0;14.7;17;0.7;0;0;33;967.6;7;-1;2;0;2.6;104;10;0;95;114;261;98;13802;94;57.6;0
GVE;01.07.2012 00:00;14.2;25.6;19.8;-0.8;-0.4;-1.1;0;14.3;16;-1;0;0;34.5;968.9;7.9;0.1;3;0;2.7;117;8;0;45.8;58;260;98;16044;99;54.9;0
GVE;01.08.2012 00:00;14.5;27.4;20.7;0.7;0.3;1.2;0;16.3;24;0.7;0;0;34.5;969.8;8.9;0.9;8;0;1.8;86;8;0;81.7;101;235;104;16432;113;84.4;0
GVE;01.09.2012 00:00;10.7;20.8;15.5;-0.2;0;-0.3;0;13.7;3;0.4;0;0;28.9;968.7;3.8;-0.5;0;26;2.5;114;13;0;77.5;85;149;89;9005;82;7.3;2
GVE;01.10.2012 00:00;7;15.6;11.2;-0.1;-0.2;0.1;5;11.4;0;0.4;0;0;23.1;965.6;-2.6;-3.4;0;174.6;2.1;100;9;0;49.8;52;89;93;5635;81;0;62.6
GVE;01.11.2012 00:00;4.1;9.7;7;1;1.5;0.4;1;8.7;0;0.6;0;0;16.7;966.1;-0.6;-2.3;0;374.8;2.3;100;11;0;180.7;204;45;88;2992;76;0;150.8
GVE;01.12.2012 00:00;-0.7;6;3;0.2;-0.5;0.4;18;6.6;0;0.1;2;0;12.9;968.2;-8.3;-2.5;0;528.4;2.7;104;14;0;154.7;172;32;93;2360;82;0;280.4
GVE;01.01.2013 00:00;-2.2;4.2;1.3;-0.8;-1.1;-0.9;25;5.9;0;-0.2;2;0;11.9;967.2;-7.6;-4.1;0;579.6;2.1;84;10;0;51.8;71;44;101;3991;109;0;331.6
GVE;01.02.2013 00:00;-2.6;3.3;0.4;-2.5;-1.5;-3.7;24;5.1;0;-0.9;2;0;9.8;965.7;-10;-4.2;0;549.3;2.8;104;8;0;60.7;109;80;98;4115;71;0;325.3
GVE;01.03.2013 00:00;0.6;8.1;4.2;-2.5;-1.1;-3.7;9;6.5;0;-0.5;0;0;14.5;958.5;-6.3;-9.9;0;490.3;2.4;83;11;0;77.9;125;105;74;5524;57;0;242.3
GVE;01.04.2013 00:00;5.7;15.3;10.3;-0.2;0.7;-0.6;0;8.9;2;0.5;0;0;25.5;966.3;0.3;0.3;0;248.2;2.9;104;11;0;106.8;159;175;89;8347;75;0.2;80.2
GVE;01.05.2013 00:00;7.1;16.1;11.5;-3;-2;-4;0;10.3;0;-1;0;0;23.6;964.7;2.3;-2.8;0;196.3;2.3;88;17;0;112.6;143;190;81;7167;56;0;36.3
GVE;01.06.2013 00:00;11.9;22.5;17;-1.4;-0.8;-1.7;0;13.6;10;-0.4;0;0;31.5;970;7.5;1.4;3;8.2;2.4;96;9;0;55.4;67;265;99;13402;91;27.7;0.2
GVE;01.07.2013 00:00;15.5;27.7;21.5;0.9;0.9;1;0;16.9;27;1.6;0;0;34.3;970.8;9.9;2;6;0;2.2;96;7;0;126.3;159;288;109;18717;116;100.4;0
GVE;01.08.2013 00:00;14.1;25.8;20;0;-0.1;-0.4;0;15.6;15;0;0;0;32.7;970.1;9.8;1.2;5;0;2.1;100;4;0;36.1;44;253;112;17594;121;63.8;0
GVE;01.09.2013 00:00;11.2;21.4;15.9;0.2;0.5;0.3;0;13.8;4;0.5;0;0;30.1;969.3;7.5;0.1;1;8.4;2;91;12;0;70;77;175;105;11298;102;8.5;0.4
GVE;01.10.2013 00:00;9.4;16.3;12.8;1.5;2.2;0.8;0;12.7;0;1.7;0;0;22.7;969.7;2.6;0.7;0;114.9;2.1;100;13;0;139.8;145;88;92;5124;73;0;26.9
GVE;01.11.2013 00:00;3.4;8.4;5.9;-0.1;0.8;-0.9;4;7.7;0;-0.4;0;0;18.8;967.9;-5.2;-0.5;0;402.8;4;174;13;0;108.4;122;53;104;3995;102;0;186.8
GVE;01.12.2013 00:00;-1.9;4.8;1.5;-1.3;-1.7;-0.8;24;6.2;0;-0.3;4;0;15.1;975.2;-6.6;4.5;0;564.3;2;77;6;0;101.4;113;39;114;4083;142;0;324.3
GVE;01.01.2014 00:00;0.7;7.1;4.1;2;1.8;2;13;7.2;0;1.1;0;0;12.9;963.3;-3.8;-8;0;492.7;1.8;72;10;0;92.6;127;47;108;3722;102;0;244.7
GVE;01.02.2014 00:00;1.2;8.7;4.8;1.9;2.3;1.7;6;7.1;0;1.1;0;0;15;963.1;-3.5;-6.8;0;426;2.4;89;14;0;121.2;217;72;88;4578;80;0;202
GVE;01.03.2014 00:00;2.3;13.8;7.8;1.1;0.6;2;1;7.3;0;0.3;0;0;22.5;968.4;-1.2;0;0;349.3;2.1;72;4;0;39.3;63;168;118;12789;132;0;133.3
GVE;01.04.2014 00:00;6.7;17.4;11.8;1.3;1.7;1.5;0;9.3;0;0.9;0;0;23.6;966.2;0.9;0.2;0;143.6;2.3;82;9;0;60.1;90;205;104;11762;105;0;31.6
GVE;01.05.2014 00:00;8.5;18.6;13.5;-1;-0.6;-1.5;0;10.5;1;-0.8;0;0;25.3;968.2;2.7;0.7;0;79.6;3.2;123;12;0;73.4;94;239;102;11713;92;0;15.6
GVE;01.06.2014 00:00;13.1;25.2;19.1;0.7;0.4;1;0;13.7;16;-0.3;0;0;33.4;968.4;7.3;-0.2;4;0;2.4;96;6;0;54.6;66;291;109;17646;120;47.8;0
GVE;01.07.2014 00:00;14.2;23.3;18.4;-2.2;-0.4;-3.4;0;16.4;10;1.1;0;0;30.7;967.5;8.9;-1.3;2;0;1.9;83;16;0;175.5;222;203;77;9633;60;31.4;0
GVE;01.08.2014 00:00;13.1;23.3;18;-2;-1.1;-2.9;0;14.8;9;-0.8;0;0;29.2;967.9;8.3;-1;0;0;2.1;100;8;0;52.8;65;214;95;11317;78;24.7;0
GVE;01.09.2014 00:00;12.2;21.9;16.7;1;1.5;0.8;0;14.5;5;1.2;0;0;28.4;969.6;6.8;0.4;0;0;2.2;100;5;0;40.1;44;189;113;13020;118;6.4;0
GVE;01.10.2014 00:00;9.7;18.2;13.7;2.4;2.5;2.7;0;13.1;0;2.1;0;0;24.6;970.1;2.5;1.1;0;103.4;1.7;81;10;0;141.7;147;112;117;8830;127;0;23.4
GVE;01.11.2014 00:00;5.7;10.8;8.2;2.2;3.1;1.5;0;9.7;0;1.6;0;0;18;964;1.6;-4.4;0;345.9;1.4;61;12;0;107.6;121;41;80;2806;71;0;113.9
GVE;01.12.2014 00:00;1;7.5;4.3;1.5;1.2;1.9;14;6.9;0;0.4;1;0;13.9;972.7;-4.1;2;0;487.9;2.6;100;8;0;45.7;51;40;117;3797;132;0;239.9
GVE;01.01.2015 00:00;-1.1;6;2.6;0.5;0;0.9;18;6.3;0;0.2;1;0;15.9;971.4;-5.9;0.1;0;539.6;2.5;100;14;0;80.6;111;42;97;3265;89;0;291.6
GVE;01.02.2015 00:00;-1.6;5.1;1.7;-1.2;-0.5;-1.9;20;5.6;0;-0.4;3;0;11.9;967.4;-5.7;-2.5;0;513.4;3;111;9;0;52.2;93;78;96;4920;85;0;289.4
GVE;01.03.2015 00:00;2.2;12.3;7.3;0.6;0.5;0.5;7;7.2;0;0.2;0;0;17.7;971.6;-2.7;3.2;0;385.2;2.8;97;7;0;52;84;141;99;9667;100;0;145.2
GVE;01.04.2015 00:00;5.2;16.8;11.2;0.7;0.2;0.9;1;8.2;0;-0.2;0;0;23.5;971.8;-0.8;5.8;0;154.6;3;107;9;0;63.5;95;214;109;12522;112;0;50.6
GVE;01.05.2015 00:00;9.9;20.7;15.3;0.8;0.8;0.6;0;11.2;6;-0.1;0;0;30;968.9;5.9;1.4;1;30.2;2.9;112;9;0;96.1;122;243;104;14072;111;7;6.2
GVE;01.06.2015 00:00;13.9;26;19.9;1.5;1.2;1.8;0;14.3;16;0.3;0;0;32;970.7;8.7;2.1;4;0;2.5;100;6;0;44.9;54;289;108;15806;107;54.9;0
GVE;01.07.2015 00:00;17.1;31.1;24.2;3.6;2.5;4.4;0;15.2;26;-0.1;0;4;39.7;969;10.6;0.2;19;0;2.6;113;5;7;28.7;36;300;113;19895;123;185.1;0
GVE;01.08.2015 00:00;15.2;27.1;20.8;0.8;1;0.9;0;16.1;20;0.5;0;0;35.8;968.7;9.6;-0.2;11;0;2;95;8;1;63.4;78;223;98;13774;95;89.4;0
GVE;01.09.2015 00:00;9.9;20;14.8;-0.9;-0.8;-1.1;0;11.9;1;-1.4;0;0;26.8;969.2;4.6;0;0;27.5;2.7;123;8;0;117.8;130;169;101;9974;90;2.3;3.5
GVE;01.10.2015 00:00;6;13.8;10.1;-1.2;-1.2;-1.7;0;10.5;0;-0.5;0;0;18.5;969.3;1.7;0.3;0;266.5;1.7;81;5;0;35.6;37;92;96;5403;77;0;66.5
GVE;01.11.2015 00:00;2.7;11.7;7.1;1.1;0.1;2.4;6;8.8;0;0.7;0;0;20;974.8;-4.2;6.4;0;379.4;1.9;83;5;0;37.3;42;66;129;6757;172;0;147.4
GVE;01.12.2015 00:00;0.4;7.6;3.9;1.1;0.6;2;11;7.7;0;1.2;0;0;13;981.3;-3.5;10.6;0;498.5;1.2;46;4;0;13.4;15;37;108;3669;127;0;250.5
GVE;01.01.2016 00:00;0.7;7.5;4.2;2.1;1.8;2.4;14;7.2;0;1.1;1;0;13;968.4;-4.3;-2.9;0;491;2.5;100;18;0;165.5;227;45;104;3374;92;0;243
GVE;01.02.2016 00:00;1;8.5;5;2.1;2.1;1.5;5;7;0;1;0;0;17.4;965.9;-2.6;-4;0;435.6;3.2;119;12;0;81.7;146;62;76;2599;45;0;203.6
GVE;01.03.2016 00:00;0.7;10.6;5.7;-1;-1;-1.2;15;6.7;0;-0.3;0;0;20.1;965.3;-4.2;-3.1;0;428.8;3.1;107;4;0;38.9;63;143;101;9364;97;0;196.8
GVE;01.04.2016 00:00;5.1;14.7;10;-0.5;0.1;-1.2;1;8.8;0;0.4;0;0;21.1;965;-0.4;-1;0;263.3;2.6;93;13;0;93.5;139;170;86;7829;70;0;71.3
GVE;01.05.2016 00:00;8.2;18.5;13.3;-1.2;-0.9;-1.6;0;11;2;-0.3;0;0;27.5;966;2;-1.5;0;123.4;2.6;100;13;0;76.7;98;230;98;11266;89;1.9;19.4
GVE;01.06.2016 00:00;12.7;22.7;17.7;-0.7;0;-1.5;0;14.8;8;0.8;0;0;32;967.8;8.6;-0.8;2;0;2.3;92;14;0;132.6;159;246;92;11465;78;29.4;0
GVE;01.07.2016 00:00;14.5;26.8;20.8;0.2;-0.1;0.1;0;16.1;24;0.8;0;0;33.5;970.8;8.1;2;7;0;2.1;91;8;0;63.3;80;282;106;18074;112;91.4;0
GVE;01.08.2016 00:00;13.6;27.3;20.4;0.4;-0.6;1.1;0;15.1;23;-0.5;0;0;33.5;972.1;8.4;3.2;8;0;1.9;90;5;0;21.2;26;250;110;17245;119;74.9;0
GVE;01.09.2016 00:00;12.6;24;18;2.3;1.9;2.9;0;14.4;13;1.1;0;0;30.2;971.1;7.6;1.9;1;0;2;91;5;0;33.2;37;189;113;13700;124;34.4;0
GVE;01.10.2016 00:00;5.9;13.8;9.9;-1.4;-1.3;-1.7;0;10;0;-1;0;0;19.6;971.6;0.1;2.6;0;273;2.1;100;8;0;89.7;93;97;101;7332;105;0;73
GVE;01.11.2016 00:00;2.4;9.5;6.2;0.2;-0.2;0.2;9;8.2;0;0.1;0;0;16.5;968;-3.6;-0.4;0;414.8;2.5;109;10;0;89;100;54;105;4322;110;0;174.8
GVE;01.12.2016 00:00;-1.2;3.9;1.4;-1.4;-1;-1.7;22;6.4;0;-0.1;0;0;10;981.4;-5.8;10.7;0;578.1;1.4;54;0;0;0.2;0;34;99;2651;92;0;330.1
GVE;01.01.2017 00:00;-3.9;1.4;-1.2;-3.3;-2.8;-3.7;29;4.9;0;-1.2;13;0;7.8;974;-7.5;2.7;0;655.8;2.6;104;5;0;25.4;35;41;94;2438;67;0;407.8
GVE;01.02.2017 00:00;-0.1;9.9;4.8;1.9;1;2.9;17;6.9;0;0.9;0;0;19.3;969.8;-3.9;-0.1;0;425.8;2.4;89;8;0;51.6;92;87;107;6276;109;0;201.8
GVE;01.03.2017 00:00;3.2;14.7;8.7;2;1.5;2.9;3;8.3;0;1.3;0;0;21.5;969.9;-1.6;1.5;0;320.1;2.6;90;7;0;56.7;91;152;107;10231;106;0;104.1
GVE;01.04.2017 00:00;3.9;16.8;10.5;0;-1.1;0.9;2;7.8;1;-0.6;0;0;25;970.7;-0.8;4.7;0;216.8;3.1;111;5;0;40;60;238;121;15660;140;0;56.8
GVE;01.05.2017 00:00;9.1;20.8;15;0.5;0;0.7;0;12.2;10;0.9;0;0;30.8;969.2;3;1.7;2;110.5;2.2;85;12;0;80.9;103;249;106;14522;114;25.1;22.5
GVE;01.06.2017 00:00;14.9;27;20.9;2.5;2.2;2.8;0;16;22;2;0;1;34.3;968.3;7.1;-0.3;10;0;2.6;104;10;0;77.3;93;289;108;16809;114;97.7;0
GVE;01.07.2017 00:00;15.4;27.4;21.4;0.8;0.8;0.7;0;15.6;24;0.3;0;1;34;969.3;12.2;0.5;6;0;2.5;109;8;0;40.4;51;264;100;14749;91;102.6;0
GVE;01.08.2017 00:00;15;27.8;21.2;1.2;0.8;1.6;0;16.1;22;0.5;0;2;36.5;970.4;9.5;1.5;12;0;2;95;7;2;62.1;76;232;102;15230;105;103.9;0
GVE;01.09.2017 00:00;8.6;19.9;14.1;-1.6;-2.1;-1.2;0;11.8;1;-1.5;0;0;27.5;969.5;3.9;0.3;0;65.4;2;91;9;0;43.8;48;170;102;10650;96;2.9;9.4
GVE;01.10.2017 00:00;6.3;18;11.8;0.5;-0.9;2.5;0;10.4;0;-0.6;0;0;23.5;974.8;0.9;5.8;0;135.1;1.8;86;5;0;18;19;131;137;11998;172;0;31.1
GVE;01.11.2017 00:00;1.8;9.5;5.7;-0.3;-0.8;0.2;10;7.2;0;-0.9;0;0;17.1;970.1;-2.8;1.7;0;428.2;2.8;122;8;0;63.8;72;56;109;4493;114;0;188.2
GVE;01.12.2017 00:00;-0.6;5.4;2.5;-0.3;-0.4;-0.2;17;6.2;0;-0.3;0;0;10.9;970.5;-4.9;-0.2;0;543.9;2.7;104;14;0;133;148;34;99;2322;81;0;295.9
GVE;01.01.2018 00:00;3.3;8.8;6;3.9;4.4;3.7;4;7.9;0;1.8;0;0;13.7;969.6;-1.4;-1.7;0;434.1;3.3;132;16;0;173.5;238;36;83;2053;56;0;186.1
GVE;01.02.2018 00:00;-1.2;3.7;1.2;-1.7;-0.1;-3.3;13;5.1;0;-0.9;3;0;10.1;965.2;-8.9;-4.7;0;525.8;3.3;122;6;0;28.9;52;68;84;3604;63;0;301.8
GVE;01.03.2018 00:00;1.7;9.3;5.3;-1.4;0;-2.5;7;7;0;0;0;0;15.5;956.8;-3.4;-11.6;0;454.9;2.8;97;18;0;105.4;170;118;83;5572;58;0;206.9
GVE;01.04.2018 00:00;6.6;19.7;13.3;2.8;1.6;3.8;1;9.5;6;1.1;0;0;27.5;965.5;-1;-0.5;0;109.8;2.3;82;3;0;19;28;220;112;12848;115;0.6;29.8
GVE;01.05.2018 00:00;10.2;20.9;15.5;1;1.1;0.8;0;13.1;5;1.8;0;0;26.2;966.7;6.3;-0.8;0;53.4;2.2;85;14;0;97.5;124;230;98;11240;88;2.9;5.4
GVE;01.06.2018 00:00;14.3;25;19.7;1.3;1.6;0.8;0;15.1;16;1.1;0;0;30.8;968.2;11.1;-0.4;3;0;2.9;116;9;0;93.3;112;305;114;17744;120;48.2;0
GVE;01.07.2018 00:00;15.5;29.2;22.3;1.7;0.9;2.5;0;16.1;28;0.8;0;0;33.4;968;11.3;-0.8;15;0;2.1;91;8;0;49;62;304;115;20088;124;123.1;0
GVE;01.08.2018 00:00;15.3;28.2;21.7;1.7;1.1;2;0;16.4;25;0.8;0;1;34.8;969.9;8.3;1;14;0;2.1;100;7;0;62.5;77;245;108;16626;115;112.7;0
GVE;01.09.2018 00:00;11.6;24.9;17.9;2.2;0.9;3.8;0;13.4;15;0.1;0;0;31.4;972.9;5.3;3.7;1;0;2.3;105;4;0;22.3;25;200;120;14928;135;30;0
GVE;01.10.2018 00:00;7.2;17.8;12.3;1;0;2.3;0;10.7;0;-0.3;0;0;23.1;969;1.8;0;0;131.4;2.3;110;5;0;27.9;29;114;119;10361;148;0;35.4
GVE;01.11.2018 00:00;4.3;9.6;6.9;0.9;1.7;0.3;1;9;0;0.9;0;0;15.7;968.1;-0.7;-0.3;0;392.4;1.6;70;11;0;72.6;82;40;78;1631;42;0;152.4
GVE;01.12.2018 00:00;1.9;7.5;4.9;2.1;2.1;1.9;10;7.6;0;1.1;0;0;14.4;974.6;-3.6;3.9;0;469.4;2.3;88;17;0;112.4;125;34;99;2031;71;0;221.4
GVE;01.01.2019 00:00;-1.5;4.6;1.8;-0.3;-0.4;-0.5;24;5.4;0;-0.7;0;0;8;969.1;-7.1;-2.2;0;564.8;2.6;104;9;0;42.6;59;52;120;4820;132;0;316.8
GVE;01.02.2019 00:00;-1.2;9.7;3.9;1;-0.1;2.7;22;6;0;0;0;0;20.1;975.6;-3.7;5.7;0;451.5;1.9;70;5;0;40.2;72;108;133;10134;176;0;227.5
GVE;01.03.2019 00:00;2.9;13.6;8.2;1.5;1.2;1.8;5;6.7;0;-0.3;0;0;19.9;972.9;-1.9;4.5;0;359.3;3.7;128;10;0;57.4;92;159;112;11568;120;0;119.3
GVE;01.04.2019 00:00;4.8;15.8;10.3;-0.2;-0.2;-0.1;1;8;0;-0.4;0;0;23.8;964.8;-0.2;-1.2;0;250.6;2.7;96;8;0;63.1;94;208;106;11547;103;0;74.6
GVE;01.05.2019 00:00;7.1;17.6;12.4;-2.1;-2;-2.5;1;9.6;0;-1.7;0;0;24.3;966.7;-0.2;-0.8;0;148.1;3.3;127;9;0;40.7;52;243;104;13419;106;0;28.1
GVE;01.06.2019 00:00;13.7;26.1;19.9;1.5;1;1.9;0;15.4;19;1.4;0;0;35.5;968.7;8.2;0.1;9;0;2;80;8;1;112;135;284;106;17144;116;78.2;0
GVE;01.07.2019 00:00;16.3;28.9;22.6;2;1.7;2.2;0;15.9;28;0.6;0;0;36.3;967.7;12.9;-1.1;12;0;2.3;100;4;2;44.4;56;286;108;18210;113;135.1;0
GVE;01.08.2019 00:00;14.6;26.9;20.6;0.6;0.4;0.7;0;16.2;22;0.6;0;0;34.4;969.9;9.7;1;6;0;2.1;100;8;0;60.4;74;237;105;14897;103;78.9;0
GVE;01.09.2019 00:00;11.6;23;17.2;1.5;0.9;1.9;0;12.9;11;-0.4;0;0;29.3;971.5;7.1;2.3;0;0;2.7;123;3;0;25;28;183;110;12103;110;15.2;0
GVE;01.10.2019 00:00;8.8;17.6;13.2;1.9;1.6;2.1;0;12.4;1;1.4;0;0;26;968.8;4;-0.2;0;79.7;2.1;100;12;0;102.2;106;95;99;6661;95;0;7.7
GVE;01.11.2019 00:00;3.1;9.6;6.3;0.3;0.5;0.3;7;8.4;0;0.3;0;0;17.1;958.8;-1.4;-9.6;0;396.3;2.2;96;13;0;114.1;129;51;100;3119;79;0;172.3
GVE;01.12.2019 00:00;1.4;8.2;4.9;2.1;1.6;2.6;9;7.4;0;0.9;0;0;14.4;968.4;-3.5;-2.3;0;467.4;2.6;100;13;0;140.1;156;36;105;3155;110;0;219.4
GVE;01.01.2020 00:00;-1.2;7.3;3.1;1;-0.1;2.2;22;6.4;0;0.3;0;0;14;977.5;-4.6;6.2;0;522.5;2.2;88;7;0;28.9;40;56;129;6866;188;0;274.5
GVE;01.02.2020 00:00;1.9;12.3;7.1;4.2;3;5.3;10;7.2;0;1.2;0;0;19.9;973.6;-3.7;3.7;0;360.2;3.7;137;12;0;64;114;91;112;7599;132;0;144.2
GVE;01.03.2020 00:00;2.3;12.4;7.4;0.7;0.6;0.6;6;6.9;0;-0.1;0;0;19.3;968.5;-1.8;0.1;0;390.7;3.1;107;7;0;77.6;125;155;109;11012;114;0;142.7
GVE;01.04.2020 00:00;5.8;19.8;13;2.5;0.8;3.9;2;8.8;0;0.4;0;0;24.3;967.9;-2.1;1.9;0;94.6;2.1;75;4;0;37.5;56;235;119;15124;135;0;22.6
GVE;01.05.2020 00:00;9.5;21.1;15.6;1.1;0.4;1;0;11.3;5;0;0;0;29.3;969.9;5.4;2.4;0;29.7;3.2;123;8;0;78.1;99;267;114;15791;124;6.8;5.7
GVE;01.06.2020 00:00;12.8;22.9;17.9;-0.5;0.1;-1.3;0;14.2;12;0.2;0;0;30.6;966.4;9;-2.2;2;0;2.3;92;12;0;92.1;111;251;94;12583;85;39.1;0
GVE;01.07.2020 00:00;15.8;28.6;22.2;1.6;1.2;1.9;0;14.6;26;-0.7;0;2;35.5;969.7;11.9;0.9;12;0;2.3;100;5;1;16.9;21;298;112;18743;116;119.4;0
GVE;01.08.2020 00:00;15.3;27.5;21.2;1.2;1.1;1.3;0;15.8;24;0.2;0;0;35.2;967.6;9;-1.3;9;0;2.1;100;9;1;93.4;115;234;103;14716;102;104.8;0
GVE;01.09.2020 00:00;12.1;23.2;17.3;1.6;1.4;2.1;0;14.3;13;1;0;0;29.7;969.5;5.2;0.3;0;52.4;2.1;95;7;0;60.6;67;184;110;12628;114;29.4;12.4
GVE;01.10.2020 00:00;6.2;14.5;10.3;-1;-1;-1;0;10.2;0;-0.8;0;0;19.7;967;1.7;-2;0;279.9;2.5;119;15;0;153.3;159;86;90;4826;69;0;55.9
GVE;01.11.2020 00:00;3.1;10.5;6.8;0.8;0.5;1.2;4;8.5;0;0.4;0;0;22.1;976.2;-3.8;7.8;0;391.4;1.7;74;1;0;15.8;18;54;105;4456;114;0;159.4
GVE;01.12.2020 00:00;0.2;6.7;3.9;1.1;0.4;1.1;14;7;0;0.5;0;0;13.9;961.9;-5.6;-8.8;0;498.3;2.2;85;13;0;75.6;84;36;105;2456;85;0;250.3
GVE;01.01.2021 00:00;-0.5;4.8;2.3;0.2;0.6;-0.3;17;6;0;-0.1;1;0;12.4;964.7;-6.5;-6.6;0;547.8;2.6;104;15;0;96.1;132;42;97;2910;80;0;299.8
GVE;01.02.2021 00:00;1;9.9;5.5;2.6;2.1;2.9;7;7;0;1;2;0;16.5;969.8;-4.8;-0.1;0;404.7;2.8;104;7;0;30.7;55;90;111;6025;105;0;180.7
GVE;01.03.2021 00:00;1.3;12.3;6.7;0;-0.4;0.5;9;6.2;0;-0.8;0;0;21.6;973.7;-2.7;5.3;0;405.4;3.2;110;7;0;36.4;59;174;123;13036;135;0;165.4
GVE;01.04.2021 00:00;3.7;15.1;9.4;-1.1;-1.3;-0.8;2;6.7;0;-1.7;0;0;22.6;968.6;-4;2.6;0;273.6;3.6;129;4;0;23.1;34;233;118;14610;131;0;89.6
GVE;01.05.2021 00:00;6.7;17.8;12.3;-2.2;-2.4;-2.3;0;9.5;1;-1.8;0;0;27.8;967.1;1.2;-0.4;0;171.6;2.7;104;13;0;122.2;156;225;96;11313;89;0.1;27.6
GVE;01.06.2021 00:00;14.3;25.7;19.9;1.5;1.6;1.5;0;15.7;20;1.7;0;0;31.6;969.5;9.4;0.9;5;0;2.2;88;9;0;106.3;128;279;105;14443;98;56.1;0
GVE;01.07.2021 00:00;14.6;24.7;19.6;-1;0;-2;0;16.3;18;1;0;0;29.2;967.8;11.7;-1;0;0;2.4;104;12;0;132.3;167;245;92;13220;82;51.3;0
GVE;01.08.2021 00:00;13.5;24.4;18.8;-1.2;-0.7;-1.8;0;15;10;-0.6;0;0;32.2;969.2;9.3;0.3;3;0;2.4;114;6;0;54.1;67;235;104;14974;103;39.6;0
GVE;01.09.2021 00:00;12.2;22.8;17.2;1.5;1.5;1.7;0;14.6;8;1.3;0;0;28.5;971.2;6.5;2;0;8.2;1.7;77;6;0;36.7;40;170;102;11229;102;10.1;0.2
GVE;01.10.2021 00:00;5.6;15.4;10.4;-0.9;-1.6;-0.1;0;10;0;-1;0;0;23.5;971.9;0.5;2.9;0;259.9;2.1;100;6;0;80.6;84;116;121;10036;144;0.4;67.9
GVE;01.11.2021 00:00;2.2;8.1;5.2;-0.8;-0.4;-1.2;5;7.4;0;-0.7;0;0;13.6;968.1;-5.5;-0.3;0;442.8;2.4;104;4;0;19.4;22;51;100;3184;81;0;202.8
GVE;01.12.2021 00:00;-0.3;5.6;3;0.2;-0.1;0;17;6.8;0;0.3;0;0;14.9;969.2;-5.4;-1.5;0;527.7;1.9;73;14;0;129.2;144;29;85;2037;71;0;279.7
GVE;01.01.2022 00:00;-1.6;5.7;2;-0.1;-0.5;0.6;23;5.5;0;-0.6;0;0;16.1;977.8;-6.3;6.5;0;558.3;2.8;112;6;0;27.5;38;59;136;6477;177;0;310.3
GVE;01.02.2022 00:00;0.1;9.8;5.1;2.2;1.2;2.8;12;6.2;0;0.2;0;0;18.2;974.8;-4.7;4.9;0;418.2;2.7;100;9;0;48.9;87;106;130;9016;157;0;194.2
GVE;01.03.2022 00:00;1.2;13.8;7.4;0.7;-0.5;2;10;6.3;0;-0.7;0;0;20.5;972.4;-5.2;4;0;384.2;1.9;66;4;0;18.4;30;163;115;12462;129;0;144.2
GVE;01.04.2022 00:00;4.6;16;10.3;-0.2;-0.4;0.1;3;8;0;-0.4;0;0;22.8;965.1;-1.1;-0.9;0;217.7;2.9;104;8;0;54;80;211;107;13013;116;0;65.7
GVE;01.05.2022 00:00;11.2;23.9;17.6;3.1;2.1;3.8;0;12.1;15;0.8;0;0;31.5;969.7;4.3;2.2;2;16.8;2.7;104;4;0;12;15;272;116;17148;135;33.4;0.8
GVE;01.06.2022 00:00;14.6;27.7;21.2;2.8;1.9;3.5;0;15;22;1;0;2;35.5;968.5;8.1;-0.1;9;0;2.4;96;10;1;63.9;77;276;103;16121;109;99.2;0
GVE;01.07.2022 00:00;15.9;30.9;23.6;3;1.3;4.2;0;13.9;30;-1.4;0;2;38.1;971.4;12.1;2.6;17;0;2.7;117;2;6;5;6;314;118;22468;139;164.9;0
GVE;01.08.2022 00:00;15.7;29.4;22.3;2.3;1.5;3.2;0;15.2;28;-0.4;0;0;38.3;967.8;12.8;-1.1;13;0;2.3;110;9;3;48;59;245;108;17121;118;124.5;0
GVE;01.09.2022 00:00;11;21.3;15.9;0.2;0.3;0.2;0;13.3;8;0;0;0;29.6;966.8;4.5;-2.4;0;52;2.4;109;13;0;120.1;132;173;104;10741;97;18;4
GVE;01.10.2022 00:00;10.7;19.5;14.7;3.4;3.5;4;0;14;0;3;0;0;24.2;973.2;7.4;4.2;0;9;1.6;76;10;0;76.8;80;111;116;9328;134;0;1
GVE;01.11.2022 00:00;4.5;11.8;8.2;2.2;1.9;2.5;2;9.2;0;1.1;0;0;17.8;968.2;-0.5;-0.2;0;338.4;1.9;83;13;0;106.5;120;54;105;4265;109;0;114.4
GVE;01.12.2022 00:00;2.2;7.7;5.1;2.3;2.4;2.1;10;7.4;0;0.9;0;0;16.1;967.1;-4.6;-3.6;0;454.4;2.2;85;13;0;112.7;125;30;87;2387;83;0;214.4
GVE;01.01.2023 00:00;1;6.3;3.9;1.8;2.1;1.2;11;6.4;0;0.3;0;0;16.6;970.6;-6.2;-0.7;0;490.9;3.1;124;12;0;70.3;97;36;83;3324;91;0;250.9
GVE;01.02.2023 00:00;-1.3;9.9;3.8;0.9;-0.2;2.9;18;5.8;0;-0.2;0;0;16.6;977.8;-6.3;7.9;0;453.3;2.4;89;0;0;0.5;1;115;141;10987;191;0;229.3
GVE;01.03.2023 00:00;3.2;13.1;8.2;1.5;1.5;1.3;10;7.3;0;0.3;0;0;21.2;966;-3.5;-2.4;0;318.1;3.2;110;13;0;89.3;144;125;88;7575;78;0;126.1
GVE;01.04.2023 00:00;4.7;14.5;9.7;-0.8;-0.3;-1.4;3;8.5;0;0.1;0;0;23.7;967.2;-1.3;1.2;0;281.8;3;107;10;0;51.4;77;174;88;8093;72;0.4;81.8
GVE;01.05.2023 00:00;10.2;20.7;15.4;0.9;1.1;0.6;0;11.7;5;0.4;0;0;26;968.3;6.4;0.8;0;0;2.8;108;4;0;18;23;242;103;12684;100;2.4;0
GVE;01.06.2023 00:00;14.1;27.6;21;2.6;1.4;3.4;0;14;27;0;0;0;32.3;967.6;11;-1;5;0;2.1;84;4;0;74.2;89;283;106;17834;121;80.2;0
GVE;01.07.2023 00:00;16;29.2;22.6;2;1.4;2.5;0;15.1;27;-0.2;0;0;37.4;968.1;10.3;-0.7;13;0;2.6;113;8;2;31.7;40;271;102;16584;103;134.6;0
GVE;01.08.2023 00:00;15.8;28.8;22.1;2.1;1.6;2.6;0;14.8;21;-0.8;0;5;39.3;968.1;8.8;-0.8;16;0;2.4;114;6;6;69.5;86;213;94;13085;90;138.1;0
GVE;01.09.2023 00:00;13.3;25.4;19.1;3.4;2.6;4.3;0;15.5;17;2.2;0;0;31.2;970.1;6.6;0.9;6;0;1.7;77;6;0;98.2;108;192;115;15545;141;52.6;0
GVE;01.10.2023 00:00;9.4;19;14;2.7;2.2;3.5;0;12.2;5;1.2;0;0;26;966.1;3.4;-2.9;0;57;2.4;114;12;0;200.2;207;110;115;9535;137;0.4;9
GVE;01.11.2023 00:00;3.5;10.4;7.1;1.1;0.9;1.1;4;8.2;0;0.1;0;0;16;964.3;-3.9;-4.1;0;372.2;3;130;17;0;192.2;217;48;94;3785;96;0;148.2
GVE;01.12.2023 00:00;1.4;8.4;4.9;2.1;1.6;2.8;11;7.4;0;0.9;0;0;14.2;971.1;-4.1;0.4;0;467.1;2.2;85;14;0;129.2;144;39;114;4526;157;0;219.1
GVE;01.01.2024 00:00;0.3;7;3.7;1.6;1.4;1.9;16;6.7;0;0.6;1;0;15.3;972.1;-6.6;0.8;0;504.1;2.7;108;10;0;103.3;142;44;101;3465;95;0;256.1
GVE;01.02.2024 00:00;2.2;11.6;6.8;3.9;3.3;4.6;8;7.7;0;1.7;0;0;15.9;968;-2.7;-1.9;0;382.5;2.4;89;8;0;45.5;81;86;106;5644;98;0;150.5
GVE;01.03.2024 00:00;3.7;13.7;8.8;2.1;2;1.9;4;7.9;0;0.9;0;0;21;961.9;-1.8;-6.5;0;314.9;2.3;79;7;0;44.7;72;126;89;6615;68;0;106.9
GVE;01.04.2024 00:00;5;16.2;10.7;0.2;0;0.3;4;8.5;1;0.1;0;0;28.3;968.6;-0.9;2.6;0;221.5;2.9;104;9;0;48.2;72;184;93;8618;77;0.6;77.5
GVE;01.05.2024 00:00;9.2;19.5;14.2;-0.3;0.1;-0.6;0;11.9;3;0.6;0;0;26;965.8;4.4;-1.7;0;53.5;2.3;88;17;0;109.9;140;215;92;9382;74;0.6;5.5
GVE;01.06.2024 00:00;13.5;24.2;18.7;0.3;0.8;0;0;15.4;13;1.4;0;0;31.9;966.8;6.4;-1.8;1;0;2.6;104;11;0;136.5;164;245;92;11589;79;42.2;0
GVE;01.07.2024 00:00;15.3;27.4;21.4;0.8;0.7;0.7;0;16.7;24;1.4;0;1;34.2;968.2;10.8;-0.6;7;0;2.1;91;3;0;40.1;51;276;104;17046;106;101.8;0
GVE;01.08.2024 00:00;16.3;29.2;22.5;2.5;2.1;3;0;17.6;27;2;0;1;33.8;968.4;10.9;-0.5;14;0;2;95;6;0;26.6;33;254;112;18349;127;130.8;0
GVE;01.09.2024 00:00;11;19.9;15.1;-0.6;0.3;-1.2;0;13.4;4;0.1;0;0;31.3;967.8;4.2;-1.4;1;47.3;2.9;132;15;0;121.1;134;148;89;8815;80;11.5;7.3
GVE;01.10.2024 00:00;9.4;16.1;12.6;1.3;2.2;0.6;0;12.7;0;1.7;0;0;20.8;969.4;4;0.4;0;102.1;1.9;90;11;0;122.8;127;81;84;4650;67;0;14.1
GVE;01.11.2024 00:00;3.8;10.8;7.3;1.3;1.2;1.5;5;8.4;0;0.3;0;0;19;973.9;-3.7;5.5;0;373.7;2.2;96;6;0;48.7;55;51;100;3998;102;0;141.7
GVE;01.12.2024 00:00;-0.6;5.4;2.6;-0.2;-0.4;-0.2;19;6.1;0;-0.4;1;0;11.3;975.8;-4.2;5.1;0;538.7;2;77;8;0;60.4;67;35;102;3411;118;0;290.7
GVE;01.01.2025 00:00;0.6;7.2;4;1.9;1.7;2.1;13;6.5;0;0.4;0;0;18.1;969.7;-7;-1.6;0;487.1;3.2;128;13;0;136.3;187;48;111;4433;121;0;247.1
GVE;01.02.2025 00:00;0.7;7.7;4.1;1.2;1.8;0.7;11;6.7;0;0.7;0;0;13;974.1;-4.3;4.2;0;445.5;1.9;70;5;0;19.5;35;74;91;4348;76;0;221.5
GVE;01.03.2025 00:00;2.8;13.1;7.9;1.2;1.1;1.3;8;7.1;0;0.1;0;0;17;966.2;-3.5;-2.2;0;367.6;2.7;93;5;0;30.9;50;157;111;10377;107;0;127.6
GVE;01.04.2025 00:00;5.6;17.8;11.7;1.2;0.6;1.9;0;9.1;0;0.7;0;0;24.8;967;0.4;1;0;167.8;2.4;86;9;0;72.8;108;221;112;14183;127;0;31.8
GVE;01.05.2025 00:00;8.9;20.4;14.8;0.3;-0.2;0.3;0;11.1;4;-0.2;0;0;30.2;968;4.6;0.5;1;56.1;2.3;88;10;0;79.1;101;240;102;13770;108;4.9;8.1
GVE;01.06.2025 00:00;15;28.6;22;3.6;2.3;4.4;0;15.7;23;1.7;0;0;35.6;971.2;8.8;2.6;11;0;2.5;100;8;1;45.5;55;293;110;18352;124;113.6;0
GVE;01.07.2025 00:00;14.4;27.3;20.8;0.2;-0.2;0.6;0;14.5;23;-0.8;0;0;34.2;968.5;7.2;-0.3;10;0;2.4;104;7;0;60.9;77;270;102;16621;103;87;0
GVE;01.08.2025 00:00;14.4;28.6;21.4;1.4;0.2;2.4;0;15;22;-0.6;0;0;36.4;968.7;10.2;-0.2;14;0;2.1;100;7;3;60.5;75;240;106;16721;115;101.1;0
GVE;01.09.2025 00:00;10.9;20.7;15.6;-0.1;0.2;-0.4;0;13.5;5;0.2;0;0;28.6;970.5;6.2;1.3;0;61;2;91;8;0;115.9;128;163;98;10224;93;7.8;5
GVE;01.10.2025 00:00;8.1;14.9;11.3;0;0.9;-0.6;0;10.6;0;-0.4;0;0;21.5;970.1;2.2;1.1;0;180.1;2.8;133;12;0;132.3;137;91;95;5114;73;0;36.1
GVE;01.11.2025 00:00;1.6;10.1;5.7;-0.3;-1;0.8;8;7.9;0;-0.2;0;0;18.6;967.3;-5.2;-1.1;0;429;2;87;9;0;141.6;160;64;125;6050;154;0;189
GVE;01.12.2025 00:00;1.4;5.9;3.7;0.9;1.6;0.3;9;7.2;0;0.7;0;0;13;970.5;-5.7;-0.2;0;504;1.8;69;4;0;25.3;28;27;79;1306;45;0;256
GVE;01.01.2026 00:00;-1.7;5.4;1.8;-0.3;-0.6;0.3;20;5.9;0;-0.2;2;0;13.4;961.3;-9.9;-10;0;564.8;1.8;72;11;0;77.6;107;51;118;5200;142;0;316.8
GVE;01.02.2026 00:00;2.7;10.6;6.5;3.6;3.8;3.6;2;7.9;0;1.9;0;0;17.9;961;-0.7;-8.9;0;379.4;2.4;89;14;0;159.6;286;79;97;5159;90;0;155.4
GVE;01.03.2026 00:00;1.7;12.8;7.1;0.4;0;1;4;6.9;0;-0.1;0;0;17.7;970.8;-2.4;2.4;0;400.3;2.7;93;7;0;28.4;46;158;111;11774;122;0;152.3
GVE;01.04.2026 00:00;6.1;19.6;12.9;2.4;1.1;3.7;1;9;1;0.6;0;0;25;970.2;-0.2;4.2;0;94.8;2.3;82;5;0;25.7;38;242;123;16624;148;0;22.8
GVE;01.05.2026 00:00;9.5;21.6;15.7;1.2;0.4;1.5;0;11.5;10;0.2;0;0;30.6;969.3;2.2;1.8;2;74.1;2.1;81;10;0;85.2;109;257;110;15553;122;34.2;18.1
GVE;01.06.2026 00:00;15;29.1;22.2;3.8;2.3;4.9;0;14.4;23;0.4;0;2;37.4;971.3;8.7;2.7;14;0;2;80;5;7;75.7;91;310;116;19246;130;134.8;0
GVE;01.07.2026 00:00;16.7;31.1;24.1;3.5;2.1;4.4;0;13.9;31;-1.4;0;1;36.1;970.1;13.3;1.3;18;0;2.4;104;4;3;37.8;48;298;112;20312;126;180.2;0
