station_abbr;reference_timestamp;ths2dymn;ths2dymx;ths200m0;th9120mv;th91dnmv;th91dxmv;ths00nm0;pva2hsm0;ths25xm0;pv9120mv;ths00xm0;ths20nm0;thl200mx;phsstam0;thl200mn;ph9120mv;ths30xm0;xhs000m0;fhs010m0;fh9120mv;rhs001m0;ths35xm0;rhs150m0;rh9120mv;ghs000m0;gh9120mv;shs000m0;sh9120mv;xhs00om0;xhs012m0
BER;01.01.1864 00:00;-11.3;-3.6;-7.6;-7.8;-8.4;-7;;;;;;;;;;;;;;;;;22.5;37;;;;;;
BER;01.02.1864 00:00;-5.7;4;-1.8;-2.9;-2.9;-1.2;;;;;;;;;;;;;;;;;26.5;48;;;;;;
BER;01.03.1864 00:00;-0.8;9.8;3.9;-1.3;-1.1;-0.5;;;;;;;;;;;;;;;;;57.1;88;;;;;;
BER;01.04.1864 00:00;0;12.5;6.6;-2.4;-3.4;-2;;;;;;;;;;;;;;;;;55.1;71;;;;;;
BER;01.05.1864 00:00;5.7;18;12.1;-1.1;-1.9;-0.6;;;;;;;;;;;;;;;;;68.5;61;;;;;;
BER;01.06.1864 00:00;8.3;19.5;13.7;-3.2;-3;-3;;;;;;;;;;;;;;;;;146;144;;;;;;
BER;01.07.1864 00:00;10.7;23.8;17.3;-1.5;-2.3;-0.8;;;;;;;;;;;;;;;;;43.4;40;;;;;;
BER;01.08.1864 00:00;8.1;22.7;15.2;-3.2;-4.8;-1.5;;;;;;;;;;;;;;;;;54.8;49;;;;;;
BER;01.09.1864 00:00;6.8;19.4;12.1;-2;-2.4;0;;;;;;;;;;;;;;;;;49.9;57;;;;;;
BER;01.10.1864 00:00;1.8;11.6;5.7;-3.8;-3.7;-2.4;;;;;;;;;;;;;;;;;27.2;31;;;;;;
BER;01.11.1864 00:00;0.1;6.1;2;-2.2;-0.9;-1.6;;;;;;;;;;;;;;;;;47.8;62;;;;;;
BER;01.12.1864 00:00;-7;-2.4;-4.7;-5.6;-4.9;-6.2;;;;;;;;;;;;;;;;;5.1;6;;;;;;
BER;01.01.1865 00:00;-3.6;3.4;-0.9;-1.1;-0.7;0;;;;;;;;;;;;;;;;;74.8;124;;;;;;
BER;01.02.1865 00:00;-5.6;1.1;-3;-4.1;-2.8;-4.1;;;;;;;;;;;;;;;;;49.8;90;;;;;;
BER;01.03.1865 00:00;-5;3.1;-1.9;-7.1;-5.3;-7.2;;;;;;;;;;;;;;;;;52.2;80;;;;;;
BER;01.04.1865 00:00;4.1;19.3;11.6;2.6;0.7;4.8;;;;;;;;;;;;;;;;;15.5;20;;;;;;
BER;01.05.1865 00:00;7.6;21.2;14.4;1.2;0;2.6;;;;;;;;;;;;;;;;;69.6;62;;;;;;
BER;01.06.1865 00:00;8;21.6;15.7;-1.2;-3.3;-0.9;;;;;;;;;;;;;;;;;18.5;18;;;;;;
BER;01.07.1865 00:00;11.2;25.2;18.6;-0.2;-1.8;0.6;;;;;;;;;;;;;;;;;78.6;73;;;;;;
BER;01.08.1865 00:00;10.2;20.9;15.3;-3.1;-2.7;-3.3;;;;;;;;;;;;;;;;;153.2;136;;;;;;
BER;01.09.1865 00:00;7.8;23;15.3;1.2;-1.4;3.6;;;;;;;;;;;;;;;;;0.6;1;;;;;;
BER;01.10.1865 00:00;4;14.5;8.7;-0.8;-1.5;0.5;;;;;;;;;;;;;;;;;84;97;;;;;;
BER;01.11.1865 00:00;0.1;7.1;3;-1.2;-0.9;-0.6;;;;;;;;;;;;;;;;;67.6;88;;;;;;
BER;01.12.1865 00:00;-5.8;-0.2;-3.1;-4;-3.7;-4;;;;;;;;;;;;;;;;;25.3;32;;;;;;
BER;01.01.1866 00:00;-1.7;5.7;1.6;1.4;1.2;2.3;;;;;;;;;;;;;;;;;43.9;73;;;;;;
BER;01.02.1866 00:00;0.2;7.2;3.1;2;3;2;;;;;;;;;;;;;;;;;108.3;195;;;;;;
BER;01.03.1866 00:00;-0.5;7.8;3;-2.2;-0.8;-2.5;;;;;;;;;;;;;;;;;73.8;114;;;;;;
BER;01.04.1866 00:00;2.9;14.5;8.8;-0.2;-0.5;0;;;;;;;;;;;;;;;;;94.2;121;;;;;;
BER;01.05.1866 00:00;3.6;14.8;9.4;-3.8;-4;-3.8;;;;;;;;;;;;;;;;;111.6;99;;;;;;
BER;01.06.1866 00:00;9.9;22.9;16.9;0;-1.4;0.4;;;;;;;;;;;;;;;;;65.2;64;;;;;;
BER;01.07.1866 00:00;10.2;22.8;17;-1.8;-2.8;-1.8;;;;;;;;;;;;;;;;;52.9;49;;;;;;
BER;01.08.1866 00:00;8.6;20.1;14.4;-4;-4.3;-4.1;;;;;;;;;;;;;;;;;139.8;124;;;;;;
BER;01.09.1866 00:00;7.4;19.9;13.4;-0.7;-1.8;0.5;;;;;;;;;;;;;;;;;55.9;64;;;;;;
BER;01.10.1866 00:00;4;13;8.2;-1.3;-1.5;-1;;;;;;;;;;;;;;;;;41.9;48;;;;;;
BER;01.11.1866 00:00;-1.6;7.3;2.7;-1.5;-2.6;-0.4;;;;;;;;;;;;;;;;;81.6;106;;;;;;
BER;01.12.1866 00:00;-2.6;4.9;0.8;-0.1;-0.5;1.1;;;;;;;;;;;;;;;;;80.1;102;;;;;;
BER;01.01.1867 00:00;-5.2;0.8;-2.4;-2.6;-2.3;-2.6;;;;;;;;;;;;;;;;;145;240;;;;;;
BER;01.02.1867 00:00;-0.1;9.4;4.1;3;2.7;4.2;;;;;;;;;;;;;;;;;44.5;80;;;;;;
BER;01.03.1867 00:00;-0.2;8.2;3.2;-2;-0.5;-2.1;;;;;;;;;;;;;;;;;120.4;186;;;;;;
BER;01.04.1867 00:00;2.5;12.9;7.7;-1.3;-0.9;-1.6;;;;;;;;;;;;;;;;;127.7;164;;;;;;
BER;01.05.1867 00:00;5.4;19.3;12.4;-0.8;-2.2;0.7;;;;;;;;;;;;;;;;;78.6;70;;;;;;
BER;01.06.1867 00:00;8.5;20.7;15;-1.9;-2.8;-1.8;;;;;;;;;;;;;;;;;136.3;134;;;;;;
BER;01.07.1867 00:00;8.9;21.7;15.9;-2.9;-4.1;-2.9;;;;;;;;;;;;;;;;;69.3;64;;;;;;
BER;01.08.1867 00:00;10.6;23.7;17.3;-1.1;-2.3;-0.5;;;;;;;;;;;;;;;;;60.7;54;;;;;;
BER;01.09.1867 00:00;8.1;20.1;13.8;-0.3;-1.1;0.7;;;;;;;;;;;;;;;;;91.3;105;;;;;;
BER;01.10.1867 00:00;1.8;11;6;-3.5;-3.7;-3;;;;;;;;;;;;;;;;;132.9;154;;;;;;
BER;01.11.1867 00:00;-3.7;4.8;0.4;-3.8;-4.7;-2.9;;;;;;;;;;;;;;;;;15;20;;;;;;
BER;01.12.1867 00:00;-6.4;-0.2;-3.2;-4.1;-4.3;-4;;;;;;;;;;;;;;;;;78.8;100;;;;;;
BER;01.01.1868 00:00;-6.8;0;-3.5;-3.7;-3.9;-3.4;;;;;;;;;;;;;;;;;33;55;;;;;;
BER;01.02.1868 00:00;-2.7;6.9;1.4;0.3;0.1;1.7;;;;;;;;;;;;;;;;;10.1;18;;;;;;
BER;01.03.1868 00:00;-1.9;7;2;-3.2;-2.2;-3.3;;;;;;;;;;;;;;;;;46.2;71;;;;;;
BER;01.04.1868 00:00;1.4;12.4;6.8;-2.2;-2;-2.1;;;;;;;;;;;;;;;;;83.3;107;;;;;;
BER;01.05.1868 00:00;9.4;24.1;17;3.8;1.8;5.5;;;;;;;;;;;;;;;;;44.7;40;;;;;;
BER;01.06.1868 00:00;9.7;21.9;16.6;-0.3;-1.6;-0.6;;;;;;;;;;;;;;;;;89.2;88;;;;;;
BER;01.07.1868 00:00;11.2;23.7;17.8;-1;-1.8;-0.9;;;;;;;;;;;;;;;;;95.8;89;;;;;;
BER;01.08.1868 00:00;10.7;22.7;16.9;-1.5;-2.2;-1.5;;;;;;;;;;;;;;;;;119.4;106;;;;;;
BER;01.09.1868 00:00;9.1;21.2;15.1;1;-0.1;1.8;;;;;;;;;;;;;;;;;118.2;136;;;;;;
BER;01.10.1868 00:00;4.1;12.4;7.9;-1.6;-1.4;-1.6;;;;;;;;;;;;;;;;;92.7;107;;;;;;
BER;01.11.1868 00:00;-3.5;3.5;-0.2;-4.4;-4.5;-4.2;;;;;;;;;;;;;;;;;36.5;47;;;;;;
BER;01.12.1868 00:00;0.8;7.3;3.9;3;2.9;3.5;;;;;;;;;;;;;;;;;178.1;227;;;;;;
BER;01.01.1869 00:00;-5.2;0.7;-2.4;-2.6;-2.3;-2.7;;;;;;;;;;;;;;;;;29.1;48;;;;;;
BER;01.02.1869 00:00;0.3;8.9;3.6;2.5;3.1;3.7;;;;;;;;;;;;;;;;;42.3;76;;;;;;
BER;01.03.1869 00:00;-3.7;3.3;-0.6;-5.8;-4;-7;;;;;;;;;;;;;;;;;59.7;92;;;;;;
BER;01.04.1869 00:00;2.9;15.5;9.4;0.4;-0.5;1;;;;;;;;;;;;;;;;;17.8;23;;;;;;
BER;01.05.1869 00:00;7.6;19;13;-0.2;0;0.4;;;;;;;;;;;;;;;;;140;125;;;;;;
BER;01.06.1869 00:00;6.2;18.4;13;-3.9;-5.1;-4.1;;;;;;;;;;;;;;;;;74.4;73;;;;;;
BER;01.07.1869 00:00;12.2;25.5;19.5;0.7;-0.8;0.9;;;;;;;;;;;;;;;;;81.5;75;;;;;;
BER;01.08.1869 00:00;9.2;20.7;15.2;-3.2;-3.7;-3.5;;;;;;;;;;;;;;;;;101.6;90;;;;;;
BER;01.09.1869 00:00;7.1;20.3;13.7;-0.4;-2.1;0.9;;;;;;;;;;;;;;;;;73.2;84;;;;;;
BER;01.10.1869 00:00;1.1;10.8;5.6;-3.9;-4.4;-3.2;;;;;;;;;;;;;;;;;99;114;;;;;;
BER;01.11.1869 00:00;-1;6.7;3.1;-1.1;-2;-1;;;;;;;;;;;;;;;;;101.4;132;;;;;;
BER;01.12.1869 00:00;-5.5;0.2;-2.8;-3.7;-3.4;-3.6;;;;;;;;;;;;;;;;;92.2;117;;;;;;
BER;01.01.1870 00:00;-5.7;0.6;-2.8;-3;-2.8;-2.8;;;;;;;;;;;;;;;;;30.4;50;;;;;;
BER;01.02.1870 00:00;-6.4;1.9;-2.9;-4;-3.6;-3.3;;;;;;;;;;;;;;;;;7.1;13;;;;;;
BER;01.03.1870 00:00;-2.5;5;0.9;-4.3;-2.8;-5.3;;;;;;;;;;;;;;;;;92.6;143;;;;;;
BER;01.04.1870 00:00;1;13.7;7.6;-1.4;-2.4;-0.8;;;;;;;;;;;;;;;;;46.7;60;;;;;;
BER;01.05.1870 00:00;6.4;19.7;13.5;0.3;-1.2;1.1;;;;;;;;;;;;;;;;;55.7;50;;;;;;
BER;01.06.1870 00:00;9;22.6;16.7;-0.2;-2.3;0.1;;;;;;;;;;;;;;;;;46.7;46;;;;;;
BER;01.07.1870 00:00;11.7;25.4;19.1;0.3;-1.3;0.8;;;;;;;;;;;;;;;;;96.9;90;;;;;;
BER;01.08.1870 00:00;9.1;19.5;14.7;-3.7;-3.8;-4.7;;;;;;;;;;;;;;;;;98.2;87;;;;;;
BER;01.09.1870 00:00;5.7;17.6;11.7;-2.4;-3.5;-1.8;;;;;;;;;;;;;;;;;121;139;;;;;;
BER;01.10.1870 00:00;3;12.8;7.7;-1.8;-2.5;-1.2;;;;;;;;;;;;;;;;;271.9;314;;;;;;
BER;01.11.1870 00:00;-0.4;5;2.1;-2.1;-1.4;-2.7;;;;;;;;;;;;;;;;;77;100;;;;;;
BER;01.12.1870 00:00;-7.6;-2.2;-5.2;-6.1;-5.5;-6;;;;;;;;;;;;;;;;;68.7;88;;;;;;
BER;01.01.1871 00:00;-9.8;-2.8;-6.3;-6.5;-6.9;-6.2;;;;;;;;;;;;;;;;;43.1;71;;;;;;
BER;01.02.1871 00:00;-3.5;5.8;0.1;-1;-0.7;0.6;;;;;;;;;;;;;;;;;42.2;76;;;;;;
BER;01.03.1871 00:00;-1;8.4;2.9;-2.3;-1.3;-1.9;;;;;;;;;;;;;;;;;43.1;66;;;;;;
BER;01.04.1871 00:00;3.2;13.5;8.4;-0.6;-0.2;-1;;;;;;;;;;;;;;;;;100.8;129;;;;;;
BER;01.05.1871 00:00;3.9;17.3;11.5;-1.7;-3.7;-1.3;;;;;;;;;;;;;;;;;21.2;19;;;;;;
BER;01.06.1871 00:00;6.2;17.1;12.2;-4.7;-5.1;-5.4;;;;;;;;;;;;;;;;;83.4;82;;;;;;
BER;01.07.1871 00:00;10.5;23.7;18.5;-0.3;-2.5;-0.9;;;;;;;;;;;;;;;;;108.9;101;;;;;;
BER;01.08.1871 00:00;9.9;22.9;17;-1.4;-3;-1.3;;;;;;;;;;;;;;;;;51.9;46;;;;;;
BER;01.09.1871 00:00;9;21.1;15.2;1.1;-0.2;1.7;;;;;;;;;;;;;;;;;42.9;49;;;;;;
BER;01.10.1871 00:00;2.2;10.3;6;-3.5;-3.3;-3.7;;;;;;;;;;;;;;;;;82.4;95;;;;;;
BER;01.11.1871 00:00;-3;1.6;-0.6;-4.8;-4;-6.1;;;;;;;;;;;;;;;;;26.1;34;;;;;;
BER;01.12.1871 00:00;-12.1;-4.2;-8.3;-9.2;-10;-8;;;;;;;;;;;;;;;;;7.7;10;;;;;;
BER;01.01.1872 00:00;-4.1;2.2;-1.1;-1.3;-1.2;-1.2;;;;;;;;;;;;;;;;;43.5;72;;;;;;
BER;01.02.1872 00:00;-3.4;5;-0.2;-1.3;-0.6;-0.2;;;;;;;;;;;;;;;;;50.1;90;;;;;;
BER;01.03.1872 00:00;-0.2;10.3;4.5;-0.7;-0.5;0;;;;;;;;;;;;;;;;;26.9;41;;;;;;
BER;01.04.1872 00:00;2.7;13.5;8.3;-0.7;-0.7;-1;;;;;;;;;;;;;;;;;61.5;79;;;;;;
BER;01.05.1872 00:00;5.5;15.5;10.7;-2.5;-2.1;-3.1;;;;;;;;;;;;;;;;;154.7;138;;;;;;
BER;01.06.1872 00:00;8.9;19.5;15.1;-1.8;-2.4;-3;;;;;;;;;;;;;;;;;120.3;119;;;;;;
BER;01.07.1872 00:00;11.8;23.3;18.5;-0.3;-1.2;-1.3;;;;;;;;;;;;;;;;;99.2;92;;;;;;
BER;01.08.1872 00:00;9.7;20.3;15.5;-2.9;-3.2;-3.9;;;;;;;;;;;;;;;;;137.3;122;;;;;;
BER;01.09.1872 00:00;8.3;20.6;14.3;0.2;-0.9;1.2;;;;;;;;;;;;;;;;;38.9;45;;;;;;
BER;01.10.1872 00:00;4.4;12.8;8.4;-1.1;-1.1;-1.2;;;;;;;;;;;;;;;;;88.8;103;;;;;;
BER;01.11.1872 00:00;1.5;9.1;5.2;1;0.5;1.4;;;;;;;;;;;;;;;;;64.5;84;;;;;;
BER;01.12.1872 00:00;-1.1;4.6;1.3;0.4;1;0.8;;;;;;;;;;;;;;;;;68.1;87;;;;;;
BER;01.01.1873 00:00;-2.9;3.5;-0.2;-0.4;0;0.1;;;;;;;;;;;;;;;;;28.2;47;;;;;;
BER;01.02.1873 00:00;-4;2.9;-1;-2.1;-1.2;-2.3;;;;;;;;;;;;;;;;;25.2;45;;;;;;
BER;01.03.1873 00:00;1;10.4;5.5;0.3;0.7;0.1;;;;;;;;;;;;;;;;;88.2;136;;;;;;
BER;01.04.1873 00:00;1.3;10.9;6.2;-2.8;-2.1;-3.6;;;;;;;;;;;;;;;;;93.9;120;;;;;;
BER;01.05.1873 00:00;4.3;15.4;10.1;-3.1;-3.3;-3.2;;;;;;;;;;;;;;;;;64;57;;;;;;
BER;01.06.1873 00:00;8.6;20.6;15.6;-1.3;-2.7;-1.9;;;;;;;;;;;;;;;;;59.3;58;;;;;;
BER;01.07.1873 00:00;12.1;25.6;19.4;0.6;-0.9;1;;;;;;;;;;;;;;;;;95.1;88;;;;;;
BER;01.08.1873 00:00;11;24.4;18.4;0;-1.9;0.2;;;;;;;;;;;;;;;;;53.1;47;;;;;;
BER;01.09.1873 00:00;6.8;17.9;12.7;-1.4;-2.4;-1.5;;;;;;;;;;;;;;;;;64.8;74;;;;;;
BER;01.10.1873 00:00;4.3;13.1;8.5;-1;-1.2;-0.9;;;;;;;;;;;;;;;;;99.6;115;;;;;;
BER;01.11.1873 00:00;0;6.6;3.1;-1.1;-1;-1.1;;;;;;;;;;;;;;;;;53.9;70;;;;;;
BER;01.12.1873 00:00;-5.4;0.4;-2.5;-3.4;-3.3;-3.4;;;;;;;;;;;;;;;;;29.3;37;;;;;;
BER;01.01.1874 00:00;-5.1;2;-1.8;-2;-2.2;-1.4;;;;;;;;;;;;;;;;;20.9;35;;;;;;
BER;01.02.1874 00:00;-4.8;4.1;-1.1;-2.2;-2;-1.1;;;;;;;;;;;;;;;;;23.9;43;;;;;;
BER;01.03.1874 00:00;-1.6;8.6;3.2;-2;-1.9;-1.7;;;;;;;;;;;;;;;;;31.5;49;;;;;;
BER;01.04.1874 00:00;3.4;15.1;9.3;0.3;0;0.6;;;;;;;;;;;;;;;;;86.2;111;;;;;;
BER;01.05.1874 00:00;2.6;14.1;8.7;-4.5;-5;-4.5;;;;;;;;;;;;;;;;;119.4;106;;;;;;
BER;01.06.1874 00:00;9.4;21.2;16.1;-0.8;-1.9;-1.3;;;;;;;;;;;;;;;;;116.4;115;;;;;;
BER;01.07.1874 00:00;13.2;24.9;19.9;1.1;0.2;0.3;;;;;;;;;;;;;;;;;112;104;;;;;;
BER;01.08.1874 00:00;9.1;20.2;15.2;-3.2;-3.8;-4;;;;;;;;;;;;;;;;;58.2;52;;;;;;
BER;01.09.1874 00:00;8.4;20.9;14.7;0.6;-0.8;1.5;;;;;;;;;;;;;;;;;36.6;42;;;;;;
BER;01.10.1874 00:00;2.7;14.5;8.3;-1.2;-2.8;0.5;;;;;;;;;;;;;;;;;43.5;50;;;;;;
BER;01.11.1874 00:00;-3.6;3.6;0.3;-3.9;-4.6;-4.1;;;;;;;;;;;;;;;;;130;169;;;;;;
BER;01.12.1874 00:00;-5.7;0;-3.1;-4;-3.6;-3.8;;;;;;;;;;;;;;;;;128.9;164;;;;;;
BER;01.01.1875 00:00;-1.9;4;0.7;0.5;1;0.6;;;;;;;;;;;;;;;;;116.5;193;;;;;;
BER;01.02.1875 00:00;-6.7;-0.2;-3.6;-4.7;-3.9;-5.4;;;;;;;;;;;;;;;;;16.6;30;;;;;;
BER;01.03.1875 00:00;-2.2;6.5;1.9;-3.3;-2.5;-3.8;;;;;;;;;;;;;;;;;19.2;30;;;;;;
BER;01.04.1875 00:00;0.7;13.9;7.7;-1.3;-2.7;-0.6;;;;;;;;;;;;;;;;;44.7;57;;;;;;
BER;01.05.1875 00:00;7.2;20.3;14.5;1.3;-0.4;1.7;;;;;;;;;;;;;;;;;135.9;121;;;;;;
BER;01.06.1875 00:00;10.2;20.8;16.3;-0.6;-1.1;-1.7;;;;;;;;;;;;;;;;;102.2;101;;;;;;
BER;01.07.1875 00:00;10.2;20.4;16;-2.8;-2.8;-4.2;;;;;;;;;;;;;;;;;190.3;176;;;;;;
BER;01.08.1875 00:00;11.3;23.5;18;-0.4;-1.6;-0.7;;;;;;;;;;;;;;;;;120.2;107;;;;;;
BER;01.09.1875 00:00;8.9;20.4;14.6;0.5;-0.3;1;;;;;;;;;;;;;;;;;71.2;82;;;;;;
BER;01.10.1875 00:00;3.6;11.5;7.3;-2.2;-1.9;-2.5;;;;;;;;;;;;;;;;;104.8;121;;;;;;
BER;01.11.1875 00:00;-0.5;5.7;2.8;-1.4;-1.5;-2;;;;;;;;;;;;;;;;;178.2;232;;;;;;
BER;01.12.1875 00:00;-6.5;-1.5;-3.9;-4.8;-4.4;-5.3;;;;;;;;;;;;;;;;;5.8;7;;;;;;
BER;01.01.1876 00:00;-5.6;-0.7;-3.3;-3.5;-2.7;-4.1;;;;;;;;;;;;;;;;;27.9;46;;;;;;
BER;01.02.1876 00:00;-2.1;4.8;1.1;0;0.7;-0.4;;;;;;;;;;;;;;;;;168.3;303;;;;;;
BER;01.03.1876 00:00;-0.2;7.7;3.4;-1.8;-0.5;-2.6;;;;;;;;;;;;;;;;;277.9;428;;;;;;
BER;01.04.1876 00:00;2;12.4;7.1;-1.9;-1.4;-2.1;;;;;;;;;;;;;;;;;131;168;;;;;;
BER;01.05.1876 00:00;3.1;14.6;8.8;-4.4;-4.5;-4;;;;;;;;;;;;;;;;;81.6;73;;;;;;
BER;01.06.1876 00:00;8.8;20.9;15;-1.9;-2.5;-1.6;;;;;;;;;;;;;;;;;198.3;195;;;;;;
BER;01.07.1876 00:00;11.3;24.1;18;-0.8;-1.7;-0.5;;;;;;;;;;;;;;;;;50.8;47;;;;;;
BER;01.08.1876 00:00;11.2;24;17.3;-1.1;-1.7;-0.2;;;;;;;;;;;;;;;;;95.6;85;;;;;;
BER;01.09.1876 00:00;6.2;17.7;11.9;-2.2;-3;-1.7;;;;;;;;;;;;;;;;;161.5;186;;;;;;
BER;01.10.1876 00:00;5.2;15.5;10.1;0.6;-0.3;1.5;;;;;;;;;;;;;;;;;5.9;7;;;;;;
BER;01.11.1876 00:00;-2.2;5.9;2.1;-2.1;-3.2;-1.8;;;;;;;;;;;;;;;;;74.4;97;;;;;;
BER;01.12.1876 00:00;-1.2;5.4;2.1;1.2;0.9;1.6;;;;;;;;;;;;;;;;;80.7;103;;;;;;
BER;01.01.1877 00:00;-2.6;5;1;0.8;0.3;1.6;;;;;;;;;;;;;;;;;86.5;143;;;;;;
BER;01.02.1877 00:00;-0.3;6.7;2.8;1.7;2.5;1.5;;;;;;;;;;;;;;;;;171.3;309;;;;;;
BER;01.03.1877 00:00;-2;6.6;2.2;-3;-2.3;-3.7;;;;;;;;;;;;;;;;;113.4;175;;;;;;
BER;01.04.1877 00:00;1.7;12.7;7.1;-1.9;-1.7;-1.8;;;;;;;;;;;;;;;;;121.3;156;;;;;;
BER;01.05.1877 00:00;4.2;15.1;9.7;-3.5;-3.4;-3.5;;;;;;;;;;;;;;;;;166.5;148;;;;;;
BER;01.06.1877 00:00;10.7;24.7;18;1.1;-0.6;2.2;;;;;;;;;;;;;;;;;166.3;164;;;;;;
BER;01.07.1877 00:00;10.5;22.4;16.7;-2.1;-2.5;-2.2;;;;;;;;;;;;;;;;;130.9;121;;;;;;
BER;01.08.1877 00:00;11.4;23.9;17.6;-0.8;-1.5;-0.3;;;;;;;;;;;;;;;;;101.6;90;;;;;;
BER;01.09.1877 00:00;5.7;17;11.2;-2.9;-3.5;-2.4;;;;;;;;;;;;;;;;;40.4;46;;;;;;
BER;01.10.1877 00:00;0;11.2;5.5;-4;-5.5;-2.8;;;;;;;;;;;;;;;;;31.3;36;;;;;;
BER;01.11.1877 00:00;0.6;8.5;4.6;0.4;-0.4;0.8;;;;;;;;;;;;;;;;;135.5;176;;;;;;
BER;01.12.1877 00:00;-3;2.9;0.2;-0.7;-0.9;-0.9;;;;;;;;;;;;;;;;;78;99;;;;;;
BER;01.01.1878 00:00;-6.3;0.5;-2.9;-3.1;-3.4;-2.9;;;;;;;;;;;;;;;;;84.3;140;;;;;;
BER;01.02.1878 00:00;-3;5;0.2;-0.9;-0.2;-0.2;;;;;;;;;;;;;;;;;21.5;39;;;;;;
BER;01.03.1878 00:00;-1.3;7.2;2.6;-2.6;-1.6;-3.1;;;;;;;;;;;;;;;;;53.3;82;;;;;;
BER;01.04.1878 00:00;2.7;12.7;7.5;-1.5;-0.7;-1.8;;;;;;;;;;;;;;;;;128.5;165;;;;;;
BER;01.05.1878 00:00;6.9;19.4;13.1;-0.1;-0.7;0.8;;;;;;;;;;;;;;;;;128.5;114;;;;;;
BER;01.06.1878 00:00;8.8;20.5;14.9;-2;-2.5;-2;;;;;;;;;;;;;;;;;144.8;143;;;;;;
BER;01.07.1878 00:00;10.1;22.3;16.7;-2.1;-2.9;-2.3;;;;;;;;;;;;;;;;;91.3;85;;;;;;
BER;01.08.1878 00:00;10.7;21.7;16.1;-2.3;-2.2;-2.5;;;;;;;;;;;;;;;;;145.3;129;;;;;;
BER;01.09.1878 00:00;7.6;18.3;12.9;-1.2;-1.6;-1.1;;;;;;;;;;;;;;;;;52.7;61;;;;;;
BER;01.10.1878 00:00;3.8;13.5;8.4;-1.1;-1.7;-0.5;;;;;;;;;;;;;;;;;86.8;100;;;;;;
BER;01.11.1878 00:00;-2.5;4.4;1;-3.2;-3.5;-3.3;;;;;;;;;;;;;;;;;66.9;87;;;;;;
BER;01.12.1878 00:00;-9;-0.8;-4.2;-5.1;-6.9;-4.6;;;;;;;;;;;;;;;;;120.3;153;;;;;;
BER;01.01.1879 00:00;-5.7;0.8;-2.7;-2.9;-2.8;-2.6;;;;;;;;;;;;;;;;;58.4;97;;;;;;
BER;01.02.1879 00:00;-1.9;4.1;0.7;-0.4;0.9;-1.1;;;;;;;;;;;;;;;;;120.3;217;;;;;;
BER;01.03.1879 00:00;-1;9.4;3.7;-1.5;-1.3;-0.9;;;;;;;;;;;;;;;;;22.8;35;;;;;;
BER;01.04.1879 00:00;0.8;10;5.2;-3.8;-2.6;-4.5;;;;;;;;;;;;;;;;;78.9;101;;;;;;
BER;01.05.1879 00:00;2.5;12.9;7.7;-5.5;-5.1;-5.7;;;;;;;;;;;;;;;;;109;97;;;;;;
BER;01.06.1879 00:00;8.8;21.7;15.6;-1.3;-2.5;-0.8;;;;;;;;;;;;;;;;;78.1;77;;;;;;
BER;01.07.1879 00:00;8.3;20.1;14.4;-4.4;-4.7;-4.5;;;;;;;;;;;;;;;;;179.4;166;;;;;;
BER;01.08.1879 00:00;11.6;23.6;17.7;-0.7;-1.3;-0.6;;;;;;;;;;;;;;;;;105.8;94;;;;;;
BER;01.09.1879 00:00;8.4;18.3;13;-1.1;-0.8;-1.1;;;;;;;;;;;;;;;;;96;110;;;;;;
BER;01.10.1879 00:00;1.8;10.8;5.9;-3.6;-3.7;-3.2;;;;;;;;;;;;;;;;;80.3;93;;;;;;
BER;01.11.1879 00:00;-4.5;2.5;-0.9;-5.1;-5.5;-5.2;;;;;;;;;;;;;;;;;79.3;103;;;;;;
BER;01.12.1879 00:00;-14.8;-6.1;-10.5;-11.4;-12.7;-9.9;;;;;;;;;;;;;;;;;33;42;;;;;;
BER;01.01.1880 00:00;-10.2;-2.7;-6.6;-6.8;-7.3;-6.1;;;;;;;;;;;;;;;;;22.6;37;;;;;;
BER;01.02.1880 00:00;-4.7;5.3;-0.6;-1.7;-1.9;0.1;;;;;;;;;;;;;;;;;32.2;58;;;;;;
BER;01.03.1880 00:00;0.1;12.7;5.9;0.7;-0.2;2.4;;;;;;;;;;;;;;;;;9.6;15;;;;;;
BER;01.04.1880 00:00;3.2;13.3;7.9;-1.1;-0.2;-1.2;;;;;;;;;;;;;;;;;89.8;115;;;;;;
BER;01.05.1880 00:00;4.1;16.3;10.3;-2.9;-3.5;-2.3;;;;;;;;;;;;;;;;;24.8;22;;;;;;
BER;01.06.1880 00:00;7.8;19.2;13.6;-3.3;-3.5;-3.3;;;;;;;;;;;;;;;;;144.3;142;;;;;;
BER;01.07.1880 00:00;12.2;24;18.1;-0.7;-0.8;-0.6;;;;;;;;;;;;;;;;;113.5;105;;;;;;
BER;01.08.1880 00:00;10.4;21.2;15.5;-2.9;-2.5;-3;;;;;;;;;;;;;;;;;146.5;130;;;;;;
BER;01.09.1880 00:00;8.3;19.2;13.4;-0.7;-0.9;-0.2;;;;;;;;;;;;;;;;;82.5;95;;;;;;
BER;01.10.1880 00:00;3.9;13.3;8.2;-1.3;-1.6;-0.7;;;;;;;;;;;;;;;;;178.1;206;;;;;;
BER;01.11.1880 00:00;0.1;6.6;3.6;-0.6;-0.9;-1.1;;;;;;;;;;;;;;;;;36.3;47;;;;;;
BER;01.12.1880 00:00;0.1;6.6;3.6;2.7;2.2;2.8;;;;;;;;;;;;;;;;;60.7;77;;;;;;
BER;01.01.1881 00:00;-7.9;-1.3;-4.6;-4.8;-5;-4.7;;;;;;;;;;;;;;;;;42.5;70;;;;;;
BER;01.02.1881 00:00;-2.1;6.5;1.7;0.6;0.7;1.3;;;;;;;;;;;;;;;;;39.3;71;;;;;;
BER;01.03.1881 00:00;0.1;10.6;4.8;-0.4;-0.2;0.3;;;;;;;;;;;;;;;;;63.6;98;;;;;;
BER;01.04.1881 00:00;1.9;11.8;6.7;-2.3;-1.5;-2.7;;;;;;;;;;;;;;;;;88.9;114;;;;;;
BER;01.05.1881 00:00;4.4;16.6;10.5;-2.7;-3.2;-2;;;;;;;;;;;;;;;;;39.8;35;;;;;;
BER;01.06.1881 00:00;8.1;20.7;14.6;-2.3;-3.2;-1.8;;;;;;;;;;;;;;;;;83.2;82;;;;;;
BER;01.07.1881 00:00;12.2;26.9;19.9;1.1;-0.8;2.3;;;;;;;;;;;;;;;;;60.3;56;;;;;;
BER;01.08.1881 00:00;10.9;22.8;16.8;-1.6;-2;-1.4;;;;;;;;;;;;;;;;;182.9;163;;;;;;
BER;01.09.1881 00:00;6.3;16.4;11.2;-2.9;-2.9;-3;;;;;;;;;;;;;;;;;204.8;235;;;;;;
BER;01.10.1881 00:00;0.6;8.5;4.4;-5.1;-4.9;-5.5;;;;;;;;;;;;;;;;;58.5;68;;;;;;
BER;01.11.1881 00:00;-0.6;8.4;3.9;-0.3;-1.6;0.7;;;;;;;;;;;;;;;;;48.5;63;;;;;;
BER;01.12.1881 00:00;-4.7;1.9;-1.2;-2.1;-2.6;-1.9;;;;;;;;;;;;;;;;;30.7;39;;;;;;
BER;01.01.1882 00:00;-5.4;0.7;-2.6;-2.8;-2.5;-2.7;;;;;;;;;;;;;;;;;7.8;13;;;;;;
BER;01.02.1882 00:00;-4;4.8;-0.3;-1.4;-1.2;-0.4;;;;;;;;;;;;;;;;;21.7;39;;;;;;
BER;01.03.1882 00:00;0;11.8;5.4;0.2;-0.3;1.5;;;;;;;;;;;;;;;;;25.5;39;;;;;;
BER;01.04.1882 00:00;1.6;13;7.3;-1.7;-1.8;-1.5;;;;;;;;;;;;;;;;;65.7;84;;;;;;
BER;01.05.1882 00:00;5.2;18;11.8;-1.4;-2.4;-0.6;;;;;;;;;;;;;;;;;67.4;60;;;;;;
BER;01.06.1882 00:00;7.7;20.1;14.1;-2.8;-3.6;-2.4;;;;;;;;;;;;;;;;;150.3;148;;;;;;
BER;01.07.1882 00:00;9;20.9;15.1;-3.7;-4;-3.7;;;;;;;;;;;;;;;;;139;129;;;;;;
BER;01.08.1882 00:00;8.7;20.3;14.5;-3.9;-4.2;-3.9;;;;;;;;;;;;;;;;;104.7;93;;;;;;
BER;01.09.1882 00:00;6.8;15.7;11.1;-3;-2.4;-3.7;;;;;;;;;;;;;;;;;205.8;237;;;;;;
BER;01.10.1882 00:00;4.5;13.3;8.7;-0.8;-1;-0.7;;;;;;;;;;;;;;;;;131.3;152;;;;;;
BER;01.11.1882 00:00;0.2;8;4.2;0;-0.8;0.3;;;;;;;;;;;;;;;;;129.4;168;;;;;;
BER;01.12.1882 00:00;-3.2;2.9;0.1;-0.8;-1.1;-0.9;;;;;;;;;;;;;;;;;96;122;;;;;;
BER;01.01.1883 00:00;-3.2;2.1;-0.7;-0.9;-0.3;-1.3;;;;;;;;;;;;;;;;;35;58;;;;;;
BER;01.02.1883 00:00;-1.1;6.9;2.1;1;1.7;1.7;;;;;;;;;;;;;;;;;36.7;66;;;;;;
BER;01.03.1883 00:00;-4.4;4.4;-0.4;-5.6;-4.7;-5.9;;;;;;;;;;;;;;;;;48.8;75;;;;;;
BER;01.04.1883 00:00;1.3;12.1;6.8;-2.2;-2.1;-2.4;;;;;;;;;;;;;;;;;35.9;46;;;;;;
BER;01.05.1883 00:00;6;18;12;-1.2;-1.6;-0.6;;;;;;;;;;;;;;;;;120;107;;;;;;
BER;01.06.1883 00:00;8.8;20;14.4;-2.5;-2.5;-2.5;;;;;;;;;;;;;;;;;168.6;166;;;;;;
BER;01.07.1883 00:00;9.9;21.4;15.4;-3.4;-3.1;-3.2;;;;;;;;;;;;;;;;;146;135;;;;;;
BER;01.08.1883 00:00;9.2;22.2;15.8;-2.6;-3.7;-2;;;;;;;;;;;;;;;;;80.8;72;;;;;;
BER;01.09.1883 00:00;6.7;17.8;12.2;-1.9;-2.5;-1.6;;;;;;;;;;;;;;;;;101.7;117;;;;;;
BER;01.10.1883 00:00;2.4;12.1;6.9;-2.6;-3.1;-1.9;;;;;;;;;;;;;;;;;79.8;92;;;;;;
BER;01.11.1883 00:00;0.2;7.4;3.9;-0.3;-0.8;-0.3;;;;;;;;;;;;;;;;;79.1;103;;;;;;
BER;01.12.1883 00:00;-4.3;1.6;-1;-1.9;-2.2;-2.2;;;;;;;;;;;;;;;;;56.1;71;;;;;;
BER;01.01.1884 00:00;-1.9;4.6;0.9;0.7;1;1.2;;;;;;;;;;;;;;;;;18.3;30;;;;;;
BER;01.02.1884 00:00;-1.5;6.4;1.6;0.5;1.3;1.2;;;;;;;;;;;;;;;;;66.5;120;;;;;;
BER;01.03.1884 00:00;-0.3;11.3;5.1;-0.1;-0.6;1;;;;;;;;;;;;;;;;;9;14;;;;;;
BER;01.04.1884 00:00;1.2;12.2;6.6;-2.4;-2.2;-2.3;;;;;;;;;;;;;;;;;31.1;40;;;;;;
BER;01.05.1884 00:00;6.9;18.9;12.9;-0.3;-0.7;0.3;;;;;;;;;;;;;;;;;116;103;;;;;;
BER;01.06.1884 00:00;6.8;17.4;12.4;-4.5;-4.5;-5.1;;;;;;;;;;;;;;;;;62.2;61;;;;;;
BER;01.07.1884 00:00;11.2;23.8;17.5;-1.3;-1.8;-0.8;;;;;;;;;;;;;;;;;174.7;162;;;;;;
BER;01.08.1884 00:00;10.5;23.3;16.6;-1.8;-2.4;-0.9;;;;;;;;;;;;;;;;;117.3;104;;;;;;
BER;01.09.1884 00:00;7.8;19;13;-1.1;-1.4;-0.4;;;;;;;;;;;;;;;;;63.4;73;;;;;;
BER;01.10.1884 00:00;2.7;12;7;-2.5;-2.8;-2;;;;;;;;;;;;;;;;;33.4;39;;;;;;
BER;01.11.1884 00:00;-2.5;4.7;1.1;-3.1;-3.5;-3;;;;;;;;;;;;;;;;;14.3;19;;;;;;
BER;01.12.1884 00:00;-3.8;3;-0.1;-1;-1.7;-0.8;;;;;;;;;;;;;;;;;72.7;93;;;;;;
BER;01.01.1885 00:00;-8.2;-1.4;-5;-5.2;-5.3;-4.8;;;;;;;;;;;;;;;;;5.2;9;;;;;;
BER;01.02.1885 00:00;-1;7.7;2.7;1.6;1.8;2.5;;;;;;;;;;;;;;;;;109.4;197;;;;;;
BER;01.03.1885 00:00;-0.7;7.9;3.1;-2.1;-1;-2.4;;;;;;;;;;;;;;;;;56;86;;;;;;
BER;01.04.1885 00:00;2.7;14;8.4;-0.6;-0.7;-0.5;;;;;;;;;;;;;;;;;16.4;21;;;;;;
BER;01.05.1885 00:00;3.6;15.3;9.3;-3.9;-4;-3.3;;;;;;;;;;;;;;;;;130.2;116;;;;;;
BER;01.06.1885 00:00;9.5;23.1;16.5;-0.4;-1.8;0.6;;;;;;;;;;;;;;;;;56.6;56;;;;;;
BER;01.07.1885 00:00;11.3;24.2;18.3;-0.5;-1.7;-0.4;;;;;;;;;;;;;;;;;38.2;35;;;;;;
BER;01.08.1885 00:00;9.4;22.4;16;-2.4;-3.5;-1.8;;;;;;;;;;;;;;;;;104;93;;;;;;
BER;01.09.1885 00:00;6.4;18.3;12.1;-2;-2.8;-1.1;;;;;;;;;;;;;;;;;143.7;165;;;;;;
BER;01.10.1885 00:00;2.3;11.2;6.5;-3;-3.2;-2.8;;;;;;;;;;;;;;;;;173.5;201;;;;;;
BER;01.11.1885 00:00;0.5;6.4;3.5;-0.7;-0.5;-1.3;;;;;;;;;;;;;;;;;42.7;56;;;;;;
BER;01.12.1885 00:00;-5.1;2.1;-1.1;-2;-3;-1.7;;;;;;;;;;;;;;;;;57;73;;;;;;
BER;01.01.1886 00:00;-6.7;0.5;-2.9;-3.1;-3.8;-2.9;;;;;;;;;;;;;;;;;61.8;102;;;;;;
BER;01.02.1886 00:00;-6.1;0.7;-3.3;-4.4;-3.3;-4.5;;;;;;;;;;;;;;;;;37.7;68;;;;;;
BER;01.03.1886 00:00;-3.2;7.9;2.1;-3.1;-3.5;-2.4;;;;;;;;;;;;;;;;;44.4;68;;;;;;
BER;01.04.1886 00:00;3;14.4;8.7;-0.3;-0.4;-0.1;;;;;;;;;;;;;;;;;65.4;84;;;9988;93;;
BER;01.05.1886 00:00;4.5;18.1;11.6;-1.6;-3.1;-0.5;;;;;;;;;;;;;;;;;75.1;67;;;15824;134;;
BER;01.06.1886 00:00;8.3;19.1;13.6;-3.3;-3;-3.4;;;;;;;;;;;;;;;;;119.4;118;;;9197;69;;
BER;01.07.1886 00:00;10.2;23.9;17.6;-1.2;-2.8;-0.7;;;;;;;;;;;;;;;;;104.4;97;;;18634;127;;
BER;01.08.1886 00:00;10.4;22.4;16.4;-2;-2.5;-1.8;;;;;;;;;;;;;;;;;140;125;;;14419;105;;
BER;01.09.1886 00:00;9.3;21.3;15;0.9;0.1;1.9;;;;;;;;;;;;;;;;;32;37;;;14349;136;;
BER;01.10.1886 00:00;4.5;13.5;8.8;-0.7;-1;-0.5;;;;;;;;;;;;;;;;;121;140;;;7083;99;;
BER;01.11.1886 00:00;0.3;7.2;3.8;-0.4;-0.7;-0.5;;;;;;;;;;;;;;;;;77.6;101;;;5323;134;;
BER;01.12.1886 00:00;-4.3;2.6;-0.4;-1.3;-2.2;-1.2;;;;;;;;;;;;;;;;;114.7;146;;;1968;62;;
BER;01.01.1887 00:00;-8.3;-1.8;-5.2;-5.4;-5.4;-5.2;;;;;;;;;;;;;;;;;8.3;14;;;3101;78;;
BER;01.02.1887 00:00;-7.7;1.7;-3.5;-4.6;-4.9;-3.5;;;;;;;;;;;;;;;;;6;11;;;9266;164;;
BER;01.03.1887 00:00;-4.1;5.4;0.2;-5;-4.4;-4.9;;;;;;;;;;;;;;;;;105.1;162;;;6937;76;;
BER;01.04.1887 00:00;0.3;12.7;6.8;-2.2;-3.1;-1.8;;;;;;;;;;;;;;;;;51.7;66;;;11760;109;;
BER;01.05.1887 00:00;3.7;14.5;8.9;-4.3;-3.9;-4.1;;;;;;;;;;;;;;;;;122.6;109;;;9096;77;;
BER;01.06.1887 00:00;8.6;22.7;16.6;-0.3;-2.7;0.2;;;;;;;;;;;;;;;;;70.9;70;;;20793;156;;
BER;01.07.1887 00:00;11.9;25;19;0.2;-1.1;0.4;;;;;;;;;;;;;;;;;66.1;61;;;16951;115;;
BER;01.08.1887 00:00;9.3;22.5;16;-2.4;-3.6;-1.7;;;;;;;;;;;;;;;;;119;106;;;17134;125;;
BER;01.09.1887 00:00;6;17.4;11.6;-2.5;-3.2;-2;;;;;;;;;;;;;;;;;64.3;74;;;11178;106;;
BER;01.10.1887 00:00;-0.6;8.9;4.1;-5.4;-6.1;-5.1;;;;;;;;;;;;;;;;;61.3;71;;;7747;108;;
BER;01.11.1887 00:00;-2;4.7;1.4;-2.8;-3;-3;;;;;;;;;;;;;;;;;45.7;59;;;3431;87;;
BER;01.12.1887 00:00;-5.3;0.6;-2.1;-3;-3.2;-3.2;;;;;;;;;;;;;;;;;85.9;109;;;3101;97;;
BER;01.01.1888 00:00;-7.2;-1.1;-4.2;-4.4;-4.3;-4.5;;;;;;;;;;;;;;;;;18.5;31;;;4203;106;;
BER;01.02.1888 00:00;-5.2;1;-2.4;-3.5;-2.4;-4.2;;;;;;;;;;;;;;;;;70.9;128;;;2532;45;;
BER;01.03.1888 00:00;-2.6;6.2;1.4;-3.8;-2.9;-4.1;;;;;;;;;;;;;;;;;128.9;199;;;6026;66;;
BER;01.04.1888 00:00;0.7;9.7;5.3;-3.7;-2.7;-4.8;;;;;;;;;;;;;;;;;110.4;142;;;5475;51;;
BER;01.05.1888 00:00;5.8;19.2;12.8;-0.4;-1.8;0.6;;;;;;;;;;;;;;;;;62.4;56;;;17387;147;;
BER;01.06.1888 00:00;8.7;21.8;15.5;-1.4;-2.6;-0.7;;;;;;;;;;;;;;;;;152.6;150;;;12906;97;;
BER;01.07.1888 00:00;9;20.4;14.8;-4;-4;-4.2;;;;;;;;;;;;;;;;;128.9;119;;;12938;88;;
BER;01.08.1888 00:00;8.8;20.8;14.8;-3.6;-4.1;-3.4;;;;;;;;;;;;;;;;;161.8;144;;;13659;100;;
BER;01.09.1888 00:00;8;18.5;13.2;-0.9;-1.2;-0.9;;;;;;;;;;;;;;;;;132.9;153;;;9165;87;;
BER;01.10.1888 00:00;-0.4;10.4;4.7;-4.8;-5.9;-3.6;;;;;;;;;;;;;;;;;191.9;222;;;10735;150;;
BER;01.11.1888 00:00;-0.5;6.2;3;-1.2;-1.5;-1.5;;;;;;;;;;;;;;;;;49.4;64;;;3139;79;;
BER;01.12.1888 00:00;-5.4;0.9;-2.2;-3.1;-3.3;-2.9;;;;;;;;;;;;;;;;;14.4;18;;;4545;143;;
BER;01.01.1889 00:00;-6.7;-0.9;-3.8;-4;-3.8;-4.3;;;;;;;;;;;;;;;;;8.7;14;;;3715;94;;
BER;01.02.1889 00:00;-5.8;1.4;-2.5;-3.6;-3;-3.8;;;;;;;;;;;;;;;;;75.6;136;;;3665;65;;
BER;01.03.1889 00:00;-3.9;5;0.3;-4.9;-4.2;-5.3;;;;;;;;;;;;;;;;;38.6;59;;;5026;55;;
BER;01.04.1889 00:00;1.3;11.2;6.2;-2.8;-2.1;-3.3;;;;;;;;;;;;;;;;;32.3;41;;;10026;93;;
BER;01.05.1889 00:00;7.1;18.5;12.8;-0.4;-0.5;-0.1;;;;;;;;;;;;;;;;;61.8;55;;;10045;85;;
BER;01.06.1889 00:00;10.8;21.7;16.2;-0.7;-0.5;-0.8;;;;;;;;;;;;;;;;;194.4;192;;;9627;72;;
BER;01.07.1889 00:00;9.7;22.5;16.4;-2.4;-3.3;-2.1;;;;;;;;;;;;;;;;;121.4;112;;;16444;112;;
BER;01.08.1889 00:00;9.5;21.2;15.2;-3.2;-3.4;-3;;;;;;;;;;;;;;;;;104.3;93;;;13830;101;;
BER;01.09.1889 00:00;5.5;17.3;11.3;-2.8;-3.7;-2.1;;;;;;;;;;;;;;;;;89.7;103;;;11482;109;;
BER;01.10.1889 00:00;3.1;11.4;7.1;-2.4;-2.4;-2.6;;;;;;;;;;;;;;;;;187.8;217;;;4488;63;;
BER;01.11.1889 00:00;-1.7;4.9;1.8;-2.4;-2.7;-2.8;;;;;;;;;;;;;;;;;50;65;;;3602;91;;
BER;01.12.1889 00:00;-7.4;-2.1;-4.3;-5.2;-5.3;-5.9;;;;;;;;;;;;;;;;;30;38;;;1772;56;;
BER;01.01.1890 00:00;-3.6;2.8;-0.6;-0.8;-0.7;-0.6;;;;;;;;;;;;;;;;;48.7;81;;;4633;117;;
BER;01.02.1890 00:00;-7.3;-0.4;-4.2;-5.3;-4.5;-5.6;;;;;;;;;;;;;;;;;11.1;20;;;4659;82;;
BER;01.03.1890 00:00;-1.9;8;2.7;-2.5;-2.2;-2.3;;;;;;;;;;;;;;;;;23.1;36;;;11779;130;;
BER;01.04.1890 00:00;1.4;12.1;6.6;-2.4;-2;-2.4;;;;;;;;;;;;;;;;;59;76;;;10551;98;;
BER;01.05.1890 00:00;6.2;18.5;12.5;-0.7;-1.4;-0.1;;;;;;;;;;;;;;;;;111.6;99;;;12754;108;;
BER;01.06.1890 00:00;7.9;20.2;14.5;-2.4;-3.4;-2.3;;;;;;;;;;;;;;;;;114.4;113;;;13254;99;;
BER;01.07.1890 00:00;9.3;21.2;15.4;-3.4;-3.7;-3.4;;;;;;;;;;;;;;;;;103.9;96;;;14330;97;;
BER;01.08.1890 00:00;9.7;21.6;15.6;-2.8;-3.2;-2.6;;;;;;;;;;;;;;;;;251.4;224;;;13090;96;;
BER;01.09.1890 00:00;5.8;17.5;11.8;-2.3;-3.4;-1.9;;;;;;;;;;;;;;;;;29;33;;;14128;134;;
BER;01.10.1890 00:00;0.8;11.7;5.9;-3.6;-4.7;-2.3;;;;;;;;;;;;;;;;;99.4;115;;;9741;136;;
BER;01.11.1890 00:00;-1.6;5.8;2.3;-1.9;-2.6;-1.9;;;;;;;;;;;;;;;;;57.1;74;;;4899;124;;
BER;01.12.1890 00:00;-8.5;-3.9;-5.9;-6.8;-6.4;-7.7;;;;;;;;;;;;;;;;;10.1;13;;;690;22;;
BER;01.01.1891 00:00;-11.8;-3.6;-7.2;-7.4;-8.9;-7;;;;;;;;;;;;;;;;;26.2;43;;;5475;138;;
BER;01.02.1891 00:00;-8.3;2.4;-3.3;-4.4;-5.5;-2.8;;;;;;;;;;;;;;;;;3.1;6;;;10994;194;;
BER;01.03.1891 00:00;-2.3;7;2.1;-3.1;-2.6;-3.3;;;;;;;;;;;;;;;;;49.6;76;;;7406;82;;
BER;01.04.1891 00:00;-0.1;9.9;5.1;-3.9;-3.5;-4.6;;;;;;;;;;;;;;;;;69.2;89;;;7994;74;;
BER;01.05.1891 00:00;5.3;17;11.3;-1.9;-2.3;-1.6;;;;;;;;;;;;;;;;;71.1;63;;;8887;75;;
BER;01.06.1891 00:00;8.1;21;15.1;-1.8;-3.2;-1.5;;;;;;;;;;;;;;;;;124.8;123;;;12096;91;;
BER;01.07.1891 00:00;9.9;21.3;15.9;-2.9;-3.1;-3.3;;;;;;;;;;;;;;;;;170.8;158;;;11577;79;;
BER;01.08.1891 00:00;8.7;21.1;15;-3.4;-4.2;-3.1;;;;;;;;;;;;;;;;;94.8;84;;;14343;105;;
BER;01.09.1891 00:00;6.6;19.4;13.1;-1;-2.6;0;;;;;;;;;;;;;;;;;82.3;95;;;14159;135;;
BER;01.10.1891 00:00;3.3;13.9;8.4;-1.1;-2.2;-0.1;;;;;;;;;;;;;;;;;97.5;113;;;9735;136;;
BER;01.11.1891 00:00;-2.2;5.5;1.9;-2.3;-3.2;-2.2;;;;;;;;;;;;;;;;;97.2;126;;;4791;121;;
BER;01.12.1891 00:00;-3.9;3;-0.1;-1;-1.8;-0.8;;;;;;;;;;;;;;;;;88.8;113;;;5190;163;;
BER;01.01.1892 00:00;-6;0.3;-2.5;-2.7;-3.1;-3.1;;;;;;;;;;;;;;;;;46.4;77;;;2481;63;;
BER;01.02.1892 00:00;-3.7;4.5;0.2;-0.9;-0.9;-0.7;;;;;;;;;;;;;;;;;41.2;74;;;4532;80;;
BER;01.03.1892 00:00;-5.1;5.1;-0.1;-5.3;-5.4;-5.2;;;;;;;;;;;;;;;;;28.5;44;;;7317;81;;
BER;01.04.1892 00:00;1.9;13.3;7.6;-1.4;-1.5;-1.2;;;;;;;;;;;;;;;;;50.6;65;;;11456;106;;
BER;01.05.1892 00:00;5.2;17.7;11.7;-1.5;-2.4;-0.9;;;;;;;;;;;;;;;;;32.1;29;;;15299;129;;
BER;01.06.1892 00:00;9.8;21.3;15.7;-1.2;-1.5;-1.2;;;;;;;;;;;;;;;;;89;88;;;12640;95;;
BER;01.07.1892 00:00;10.2;22.3;16.6;-2.2;-2.8;-2.3;;;;;;;;;;;;;;;;;91.3;85;;;16924;115;;
BER;01.08.1892 00:00;11;24;17.3;-1.1;-1.9;-0.2;;;;;;;;;;;;;;;;;62;55;;;18134;133;;
BER;01.09.1892 00:00;8.2;19.1;13.4;-0.7;-1;-0.3;;;;;;;;;;;;;;;;;110.3;127;;;11393;108;;
BER;01.10.1892 00:00;2.8;11.8;7.1;-2.4;-2.7;-2.2;;;;;;;;;;;;;;;;;134.7;156;;;4899;69;;
BER;01.11.1892 00:00;1.4;8.2;5;0.8;0.4;0.5;;;;;;;;;;;;;;;;;37.8;49;;;3019;76;;
BER;01.12.1892 00:00;-6.7;-0.1;-2.9;-3.8;-4.6;-3.9;;;;;;;;;;;;;;;;;18;23;;;1291;41;;
BER;01.01.1893 00:00;-10.9;-3.8;-7;-7.2;-8;-7.2;;;;;;;;;;;;;;;;;38.8;64;;;4462;113;;
BER;01.02.1893 00:00;-2.7;4.5;0.5;-0.6;0.1;-0.7;;;;;;;;;;;;;;;;;74.7;135;;;4291;76;;
BER;01.03.1893 00:00;-0.8;10.6;4.8;-0.4;-1.1;0.3;;;;;;;;;;;;;;;;;27.6;43;;;14697;162;;
BER;01.04.1893 00:00;3.2;17.7;10.9;1.9;-0.2;3.2;;;;;;;;;;;;;;;;;0;0;;;19780;184;;
BER;01.05.1893 00:00;5.7;18.3;12.2;-1;-1.9;-0.3;;;;;;;;;;;;;;;;;30.4;27;;;15261;129;;
BER;01.06.1893 00:00;8.9;21.6;15.9;-1;-2.4;-0.9;;;;;;;;;;;;;;;;;82.1;81;;;16773;126;;
BER;01.07.1893 00:00;11.3;22.2;17;-1.8;-1.7;-2.4;;;;;;;;;;;;;;;;;126.3;117;;;13387;91;;
BER;01.08.1893 00:00;11;24.2;17.8;-0.6;-1.9;0;;;;;;;;;;;;;;;;;25.8;23;;;20166;148;;
BER;01.09.1893 00:00;7.8;19;13.4;-0.7;-1.4;-0.4;;;;;;;;;;;;;;;;;116.6;134;;;10254;98;;
BER;01.10.1893 00:00;4;14.6;9.2;-0.3;-1.5;0.6;;;;;;;;;;;;;;;;;64;74;;;10267;144;;
BER;01.11.1893 00:00;-1.5;5.1;2;-2.2;-2.5;-2.6;;;;;;;;;;;;;;;;;81.7;106;;;2551;64;;
BER;01.12.1893 00:00;-4.8;0.7;-1.7;-2.6;-2.7;-3.1;;;;;;;;;;;;;;;;;22;28;;;3064;96;;
BER;01.01.1894 00:00;-7.1;-0.1;-3.6;-3.8;-4.2;-3.5;;;;;;;;;;;;;;;;;31.5;52;;;3108;78;;
BER;01.02.1894 00:00;-3.7;5.1;0.3;-0.8;-0.9;-0.1;;;;;;;;;;;;;;;;;13.1;24;;;7583;134;;
BER;01.03.1894 00:00;-1.3;9.4;3.9;-1.3;-1.6;-0.9;;;;;;;;;;;;;;;;;38.9;60;;;12476;137;;
BER;01.04.1894 00:00;3.9;15.1;9.4;0.4;0.5;0.6;;;;;;;;;;;;;;;;;57.1;73;;;11317;105;;
BER;01.05.1894 00:00;5.9;15.9;10.7;-2.5;-1.7;-2.7;;;;;;;;;;;;;;;;;109.2;97;;;9811;83;;
BER;01.06.1894 00:00;8.6;20.4;14.8;-2.1;-2.7;-2.1;;;;;;;;;;;;;;;;;56.4;56;;;15115;113;;
BER;01.07.1894 00:00;11.1;23.3;17.5;-1.3;-1.9;-1.3;;;;;;;;;;;;;;;;;101.6;94;;;16128;110;;
BER;01.08.1894 00:00;10.3;21.7;16.1;-2.3;-2.6;-2.5;;;;;;;;;;;;;;;;;78.4;70;;;13779;101;;
BER;01.09.1894 00:00;6.9;17.3;11.9;-2.2;-2.3;-2.1;;;;;;;;;;;;;;;;;76.4;88;;;8950;85;;
BER;01.10.1894 00:00;3.6;12.6;8.2;-1.3;-1.9;-1.4;;;;;;;;;;;;;;;;;111.2;129;;;7133;100;;
BER;01.11.1894 00:00;-0.5;6.7;3.4;-0.8;-1.5;-1;;;;;;;;;;;;;;;;;48.3;63;;;3519;89;;
BER;01.12.1894 00:00;-5.1;1.1;-1.6;-2.5;-3;-2.7;;;;;;;;;;;;;;;;;36.9;47;;;3437;108;;
BER;01.01.1895 00:00;-9.7;-3;-6.2;-6.4;-6.8;-6.4;;;;;;;;;;;;;;;;;73.2;121;;;3070;77;;
BER;01.02.1895 00:00;-13.1;-3.3;-8.1;-9.2;-10.3;-8.5;;;;;;;;;;;;;;;;;34.1;61;;;5659;100;;
BER;01.03.1895 00:00;-4.1;6;0.8;-4.4;-4.4;-4.3;;;;;;;;;;;;;;;;;70.2;108;;;7007;77;;
BER;01.04.1895 00:00;3.4;13.9;8.7;-0.3;0;-0.6;;;;;;;;;;;;;;;;;62.9;81;;;12919;120;;
BER;01.05.1895 00:00;6.1;17.5;11.6;-1.6;-1.5;-1.1;;;;;;;;;;;;;;;;;52.1;46;;;13071;111;;
BER;01.06.1895 00:00;9.8;21;15.6;-1.3;-1.5;-1.5;;;;;;;;;;;;;;;;;72.8;72;;;14640;110;;
BER;01.07.1895 00:00;11.1;23.3;17.4;-1.4;-1.9;-1.3;;;;;;;;;;;;;;;;;135.3;125;;;17658;120;;
BER;01.08.1895 00:00;10.7;22.5;16.5;-1.9;-2.2;-1.7;;;;;;;;;;;;;;;;;121.8;108;;;16824;123;;
BER;01.09.1895 00:00;9.4;23.5;16.1;2;0.2;4.1;;;;;;;;;;;;;;;;;17.2;20;;;16518;157;;
BER;01.10.1895 00:00;2.3;12.5;7.2;-2.3;-3.2;-1.5;;;;;;;;;;;;;;;;;104.8;121;;;8148;114;;
BER;01.11.1895 00:00;1.6;9.2;5.7;1.5;0.6;1.5;;;;;;;;;;;;;;;;;108.8;141;;;3138;79;;
BER;01.12.1895 00:00;-2.5;3.2;0.8;-0.1;-0.4;-0.6;;;;;;;;;;;;;;;;;100.8;128;;;2142;67;;
BER;01.01.1896 00:00;-5.8;0.1;-2.8;-3;-2.9;-3.3;;;;;;;;;;;;;;;;;10.9;18;;;3588;91;;
BER;01.02.1896 00:00;-5.4;2.1;-2.2;-3.3;-2.6;-3.1;;;;;;;;;;;;;;;;;4.6;8;;;5454;96;;
BER;01.03.1896 00:00;1.4;10.7;5.9;0.7;1.1;0.4;;;;;;;;;;;;;;;;;97.3;150;;;6792;75;;
BER;01.04.1896 00:00;0.3;10.2;5.5;-3.5;-3.1;-4.3;;;;;;;;;;;;;;;;;101.5;130;;;8058;75;;
BER;01.05.1896 00:00;3.9;15.3;10;-3.2;-3.7;-3.3;;;;;;;;;;;;;;;;;37.5;33;;;12846;109;;
BER;01.06.1896 00:00;9.1;20.7;15.3;-1.6;-2.2;-1.8;;;;;;;;;;;;;;;;;163.9;161;;;11130;83;;
BER;01.07.1896 00:00;10.8;23.3;17.4;-1.4;-2.2;-1.3;;;;;;;;;;;;;;;;;127.4;118;;;14550;99;;
BER;01.08.1896 00:00;8.3;19.3;13.8;-4.6;-4.6;-4.9;;;;;;;;;;;;;;;;;132.6;118;;;10242;75;;
BER;01.09.1896 00:00;7.6;17.7;12.6;-1.5;-1.6;-1.7;;;;;;;;;;;;;;;;;196.7;226;;;9582;91;;
BER;01.10.1896 00:00;2.3;11;6.6;-2.9;-3.2;-3;;;;;;;;;;;;;;;;;166.4;192;;;5502;77;;
BER;01.11.1896 00:00;-2;3.9;1.3;-2.9;-3;-3.8;;;;;;;;;;;;;;;;;46.6;61;;;3288;83;;
BER;01.12.1896 00:00;-3.8;1.3;-0.6;-1.5;-1.7;-2.5;;;;;;;;;;;;;;;;;23.8;30;;;666;21;;
BER;01.01.1897 00:00;-5.5;0.1;-2.5;-2.7;-2.6;-3.3;;;;;;;;;;;;;;;;;21.2;35;;;1967;50;;
BER;01.02.1897 00:00;-0.3;7.8;3.3;2.2;2.5;2.6;;;;;;;;;;;;;;;;;94.8;171;;;4536;80;;
BER;01.03.1897 00:00;1.8;11;6.1;0.9;1.5;0.7;;;;;;;;;;;;;;;;;68.2;105;;;7020;77;;
BER;01.04.1897 00:00;2.1;12.6;7.4;-1.6;-1.3;-1.9;;;;;;;;;;;;;;;;;86.3;111;;;8178;76;;
BER;01.05.1897 00:00;4.5;15.9;10.2;-3;-3.1;-2.7;;;;;;;;;;;;;;;;;105.1;94;;;12120;102;;
BER;01.06.1897 00:00;10.3;23.1;17.3;0.4;-1;0.6;;;;;;;;;;;;;;;;;65.6;65;;;16242;122;;
BER;01.07.1897 00:00;11.2;23.5;17.8;-1;-1.8;-1.1;;;;;;;;;;;;;;;;;102.4;95;;;15360;104;;
BER;01.08.1897 00:00;10.5;22.5;16.6;-1.8;-2.4;-1.7;;;;;;;;;;;;;;;;;156.6;139;;;12744;93;;
BER;01.09.1897 00:00;6.9;17;12.1;-2;-2.3;-2.4;;;;;;;;;;;;;;;;;141.4;163;;;7854;75;;
BER;01.10.1897 00:00;1.8;11.2;6.5;-3;-3.7;-2.8;;;;;;;;;;;;;;;;;2;2;;;7302;102;;
BER;01.11.1897 00:00;-2;6.2;2.3;-1.9;-3;-1.5;;;;;;;;;;;;;;;;;13.2;17;;;4716;119;;
BER;01.12.1897 00:00;-4.7;1.6;-1.3;-2.2;-2.6;-2.2;;;;;;;;;;;;;;;;;39.8;51;;;3060;96;;
BER;01.01.1898 00:00;-4;2.1;-0.8;-1;-1.1;-1.3;;;;;;;;;;;;;;;;;13.2;22;;;2898;73;;
BER;01.02.1898 00:00;-3.8;3.8;0;-1.1;-1;-1.4;;;;;;;;;;;;;;;;;61.8;111;;;5004;88;;
BER;01.03.1898 00:00;-1.6;6.8;2.5;-2.7;-1.9;-3.5;;;;;;;;;;;;;;;;;22.9;35;;;5910;65;;
BER;01.04.1898 00:00;2.9;12.7;7.6;-1.4;-0.5;-1.8;;;;;;;;;;;;;;;;;121.1;155;;;8424;78;;
BER;01.05.1898 00:00;5.8;15.9;10.7;-2.5;-1.8;-2.7;;;;;;;;;;;;;;;;;94.7;84;;;8322;70;;
BER;01.06.1898 00:00;8.1;19.2;13.9;-3;-3.2;-3.3;;;;;;;;;;;;;;;;;136.2;134;;;11052;83;;
BER;01.07.1898 00:00;9.3;21.6;15.9;-2.9;-3.7;-3;;;;;;;;;;;;;;;;;103.5;96;;;16176;110;;
BER;01.08.1898 00:00;10.6;24.9;18.1;-0.3;-2.3;0.7;;;;;;;;;;;;;;;;;28.8;26;;;18054;132;;
BER;01.09.1898 00:00;7.8;21.7;14.7;0.6;-1.4;2.3;;;;;;;;;;;;;;;;;9.7;11;;;14244;135;;
BER;01.10.1898 00:00;5.4;14.2;9.7;0.2;-0.1;0.2;;;;;;;;;;;;;;;;;110.3;128;;;6048;85;;
BER;01.11.1898 00:00;1.3;7.2;4.4;0.2;0.3;-0.5;;;;;;;;;;;;;;;;;93.5;122;;;2490;63;;
BER;01.12.1898 00:00;-4.4;2;-0.9;-1.8;-2.3;-1.8;;;;;;;;;;;;;;;;;31.5;40;;;3732;117;;
BER;01.01.1899 00:00;-1.3;4.1;1.3;1.1;1.6;0.7;;;;;;;;;;;;;;;;;83.3;138;;;2268;57;;
BER;01.02.1899 00:00;-3.3;8;1.7;0.6;-0.5;2.8;;;;;;;;;;;;;;;;;30.1;54;;;10350;183;;
BER;01.03.1899 00:00;-2.5;9.5;3.6;-1.6;-2.8;-0.8;;;;;;;;;;;;;;;;;9.3;14;;;10260;113;;
BER;01.04.1899 00:00;1.4;11.9;6.8;-2.2;-2;-2.6;;;;;;;;;;;;;;;;;134;172;;;7680;71;;
BER;01.05.1899 00:00;5.2;16.8;10.9;-2.3;-2.4;-1.8;;;;;;;;;;;;;;;;;73.2;65;;;13134;111;;
BER;01.06.1899 00:00;8.2;21.1;15.2;-1.7;-3.1;-1.4;;;;;;;;;;;;;;;;;79.1;78;;;15726;118;;
BER;01.07.1899 00:00;10.6;22.5;17.2;-1.6;-2.4;-2.1;;;;;;;;;;;;;;;;;53.9;50;;;16050;109;;
BER;01.08.1899 00:00;10.5;24.8;17.9;-0.5;-2.4;0.6;;;;;;;;;;;;;;;;;44.1;39;;;18438;135;;
BER;01.09.1899 00:00;7.2;18.6;12.9;-1.2;-2;-0.8;;;;;;;;;;;;;;;;;112.6;129;;;9228;88;;
BER;01.10.1899 00:00;2.7;14;8.2;-1.3;-2.8;0;;;;;;;;;;;;;;;;;97.2;112;;;8964;125;;
BER;01.11.1899 00:00;-1.5;6.9;2.9;-1.3;-2.5;-0.8;;;;;;;;;;;;;;;;;25.2;33;;;7152;181;;
BER;01.12.1899 00:00;-6.6;-0.9;-3.4;-4.3;-4.5;-4.7;;;;;;;;;;;;;;;;;51.7;66;;;2922;92;;
BER;01.01.1900 00:00;-2.4;2.7;0.1;-0.1;0.5;-0.7;;;;;;;;;;;;;;;;;119.5;198;;;2682;68;;
BER;01.02.1900 00:00;-1.4;5.9;1.9;0.8;1.4;0.7;;;;;;;;;;;;;;;;;87.8;158;;;3540;63;;
BER;01.03.1900 00:00;-4.8;4.2;-0.3;-5.5;-5.1;-6.1;;;;;;;;;;;;;;;;;52.2;80;;;7176;79;;
BER;01.04.1900 00:00;1.4;11.9;6.6;-2.4;-2;-2.6;;;;;;;;;;;;;;;;;46.5;60;;;10272;95;;
BER;01.05.1900 00:00;4.9;15.7;10.5;-2.7;-2.7;-2.9;;;;;;;;;;;;;;;;;91.5;81;;;11400;96;;
BER;01.06.1900 00:00;9.6;22.1;16.2;-0.7;-1.7;-0.4;;;;;;;;;;;;;;;;;80.7;80;;;15756;118;;
BER;01.07.1900 00:00;11.6;25.1;18.7;-0.1;-1.4;0.5;;;;;;;;;;;;;;;;;99.7;92;;;16283;111;;
BER;01.08.1900 00:00;9.5;21.4;15.4;-3;-3.4;-2.8;;;;;;;;;;;;;;;;;151.8;135;;;14460;106;;
BER;01.09.1900 00:00;8.9;21;14.7;0.6;-0.3;1.6;;;;;;;;;;;;;;;;;40.1;46;;;11784;112;;
BER;01.10.1900 00:00;3;14.1;8.3;-1.2;-2.5;0.1;;;;;;;;;;;;;;;;;60.8;70;;;9306;130;;
BER;01.11.1900 00:00;0.2;6.7;3.8;-0.4;-0.8;-1;;;;;;;;;;;;;;;;;56.4;73;;;2406;61;;
BER;01.12.1900 00:00;-2.2;3.7;0.8;-0.1;-0.1;-0.1;;;;;;;;;;;;;;;;;70.6;90;;;2682;84;;
BER;01.01.1901 00:00;-6;0.5;-2.9;-3.1;-3.1;-2.9;;;;;;;;;;;;;;;;;29.4;49;;;4506;114;;
BER;01.02.1901 00:00;-11.4;0;-5.6;-6.7;-8.6;-5.2;;;;;;;;;;;;;;;;;21.6;39;;;6378;113;;
BER;01.03.1901 00:00;-2.8;5.4;1.3;-3.9;-3.1;-4.9;;;;;;;;;;;;;;;;;76.3;118;;;5052;56;;
BER;01.04.1901 00:00;2.2;13.3;7.8;-1.2;-1.2;-1.2;;;;;;;;;;;;;;;;;184.5;237;;;9408;87;;
BER;01.05.1901 00:00;4.9;18.9;12.3;-0.9;-2.7;0.3;;;;;;;;;;;;;;;;;17;15;;;16536;140;;
BER;01.06.1901 00:00;9.3;21.6;15.6;-1.3;-2;-0.9;;;;;;;;;;;;;;;;;172.6;170;;;14298;107;;
BER;01.07.1901 00:00;10.6;23.3;17.5;-1.3;-2.4;-1.3;;;;;;;;;;;;;;;;;125.6;116;;;16163;110;;
BER;01.08.1901 00:00;9.8;21.4;15.6;-2.8;-3.1;-2.8;;;;;;;;;;;;;;;;;82.9;74;;;13698;100;;
BER;01.09.1901 00:00;8.8;18.3;13.3;-0.8;-0.4;-1.1;;;;;;;;;;;;;;;;;138.9;160;;;8466;81;;
BER;01.10.1901 00:00;3.7;12.2;7.6;-1.9;-1.8;-1.8;;;;;;;;;;;;;;;;;58.1;67;;;4818;67;;
BER;01.11.1901 00:00;-3.2;4;0.1;-4.1;-4.2;-3.7;;;;;;;;;;;;;;;;;47.9;62;;;3918;99;;
BER;01.12.1901 00:00;-4.8;2.4;-0.8;-1.7;-2.7;-1.4;;;;;;;;;;;;;;;;;66.1;84;;;2868;90;;
BER;01.01.1902 00:00;-4;3.1;-0.6;-0.8;-1.1;-0.3;;;;;;;;;;;;;;;;;45.4;75;;;5136;130;;
BER;01.02.1902 00:00;-4.5;2.6;-1.3;-2.4;-1.7;-2.6;;;;;;;;;;;;;;;;;92.4;166;;;3072;54;;
BER;01.03.1902 00:00;-1.1;9;3.6;-1.6;-1.4;-1.3;;;;;;;;;;;;;;;;;108;166;;;8141;90;;
BER;01.04.1902 00:00;4.4;15.4;9.6;0.6;1;0.9;;;;;;;;;;;;;;;;;84.2;108;;;9546;89;;
BER;01.05.1902 00:00;2.6;12.7;7.6;-5.6;-5;-5.9;;;;;;;;;;;;;;;;;131;117;;;6540;55;;
BER;01.06.1902 00:00;8;20.1;14.3;-2.6;-3.3;-2.4;;;;;;;;;;;;;;;;;49.7;49;;;13200;99;;
BER;01.07.1902 00:00;10.3;24.3;17.8;-1;-2.7;-0.3;;;;;;;;;;;;;;;;;91.7;85;;;17772;121;;
BER;01.08.1902 00:00;10.1;21.7;15.6;-2.8;-2.8;-2.5;;;;;;;;;;;;;;;;;154.5;138;;;12624;92;;
BER;01.09.1902 00:00;7.7;18.4;12.6;-1.5;-1.5;-1;;;;;;;;;;;;;;;;;102.7;118;;;9264;88;;
BER;01.10.1902 00:00;3.4;11.2;7.2;-2.3;-2.1;-2.8;;;;;;;;;;;;;;;;;93.3;108;;;4158;58;;
BER;01.11.1902 00:00;-1.8;4.3;1.4;-2.8;-2.8;-3.4;;;;;;;;;;;;;;;;;35.7;46;;;3246;82;;
BER;01.12.1902 00:00;-5.2;1.3;-1.6;-2.5;-3.1;-2.5;;;;;;;;;;;;;;;;;56.1;71;;;2328;73;;
BER;01.01.1903 00:00;-5.7;2;-2.3;-2.5;-2.8;-1.4;;;;;;;;;;;;;;;;;37.3;62;;;4200;106;;
BER;01.02.1903 00:00;-5.1;6.3;0.6;-0.5;-2.3;1.1;;;;;;;;;;;;;;;;;52;94;;;6990;123;;
BER;01.03.1903 00:00;-0.6;11;4.6;-0.6;-0.9;0.7;;;;;;;;;;;;;;;;;50;77;;;9894;109;;
BER;01.04.1903 00:00;-0.6;9;4;-5;-4;-5.5;;;;;;;;;;;;;;;;;51.2;66;;;5520;51;;
BER;01.05.1903 00:00;5.1;18.2;11.9;-1.3;-2.5;-0.4;;;;;;;;;;;;;;;;;76.4;68;;;15533;131;;
BER;01.06.1903 00:00;7.9;19;13.6;-3.3;-3.4;-3.5;;;;;;;;;;;;;;;;;93.8;92;;;9294;70;;
BER;01.07.1903 00:00;9.9;21.5;15.6;-3.2;-3.1;-3.1;;;;;;;;;;;;;;;;;182.7;169;;;13128;89;;
BER;01.08.1903 00:00;9.4;22.7;16;-2.4;-3.5;-1.5;;;;;;;;;;;;;;;;;117.6;105;;;15713;115;;
BER;01.09.1903 00:00;7.7;19.5;13.3;-0.8;-1.5;0.1;;;;;;;;;;;;;;;;;49;56;;;11346;108;;
BER;01.10.1903 00:00;3.7;14.2;8.7;-0.8;-1.8;0.2;;;;;;;;;;;;;;;;;122;141;;;7680;107;;
BER;01.11.1903 00:00;0.1;5.7;3.1;-1.1;-0.9;-2;;;;;;;;;;;;;;;;;96.3;125;;;1902;48;;
BER;01.12.1903 00:00;-4.9;-0.8;-2.6;-3.5;-2.8;-4.6;;;;;;;;;;;;;;;;;49.9;64;;;1134;36;;
BER;01.01.1904 00:00;-6.5;-0.3;-3.3;-3.5;-3.6;-3.7;;;;;;;;;;;;;;;;;22.8;38;;;1944;49;;
BER;01.02.1904 00:00;-1.9;4.3;0.8;-0.3;0.9;-0.9;;;;;;;;;;;;;;;;;143.6;259;;;4410;78;;
BER;01.03.1904 00:00;-1.4;7.9;3.1;-2.1;-1.7;-2.4;;;;;;;;;;;;;;;;;41.3;64;;;5634;62;;
BER;01.04.1904 00:00;3.4;14.5;9.1;0.1;0;0;;;;;;;;;;;;;;;;;78.9;101;;;8046;75;;
BER;01.05.1904 00:00;6.5;19.5;12.9;-0.3;-1.1;0.9;;;;;;;;;;;;;;;;;131.1;117;;;13710;116;;
BER;01.06.1904 00:00;9.7;22.3;16.2;-0.7;-1.6;-0.2;;;;;;;;;;;;;;;;;121;119;;;13752;103;;
BER;01.07.1904 00:00;11.6;27;19.9;1.1;-1.4;2.4;;;;;;;;;;;;;;;;;38.6;36;;;19086;130;;
BER;01.08.1904 00:00;10.5;24.9;17.6;-0.8;-2.4;0.7;;;;;;;;;;;;;;;;;90.7;81;;;16266;119;;
BER;01.09.1904 00:00;6.7;16.7;11.4;-2.7;-2.5;-2.7;;;;;;;;;;;;;;;;;90.8;104;;;8340;79;;
BER;01.10.1904 00:00;3.4;12.8;8;-1.5;-2.1;-1.2;;;;;;;;;;;;;;;;;27.2;31;;;6672;93;;
BER;01.11.1904 00:00;-2.8;6.3;1.6;-2.6;-3.8;-1.4;;;;;;;;;;;;;;;;;31;40;;;5766;146;;
BER;01.12.1904 00:00;-3.5;2.4;-0.2;-1.1;-1.4;-1.4;;;;;;;;;;;;;;;;;64.7;82;;;2424;76;;
BER;01.01.1905 00:00;-8.3;-0.3;-4.2;-4.4;-5.4;-3.7;;;;;;;;;;;;;;;;;37.8;63;;;5814;147;;
BER;01.02.1905 00:00;-4.1;4;-0.5;-1.6;-1.3;-1.2;;;;;;;;;;;;;;;;;15.7;28;;;7386;130;;
BER;01.03.1905 00:00;-0.6;8.9;4;-1.2;-0.9;-1.4;;;;;;;;;;;;;;;;;124.7;192;;;6408;71;;
BER;01.04.1905 00:00;1.8;13.2;7.7;-1.3;-1.6;-1.3;;;;;;;;;;;;;;;;;149.8;192;;;8928;83;;
BER;01.05.1905 00:00;4.4;15.9;10.1;-3.1;-3.2;-2.7;;;;;;;;;;;;;;;;;109.4;97;;;10842;92;;
BER;01.06.1905 00:00;9.3;22.7;15.8;-1.1;-2;0.2;;;;;;;;;;;;;;;;;113.9;112;;;13680;102;;
BER;01.07.1905 00:00;11.9;26.6;19.6;0.8;-1.1;2;;;;;;;;;;;;;;;;;76.6;71;;;19686;134;;
BER;01.08.1905 00:00;10.9;22.7;16.2;-2.2;-2;-1.5;;;;;;;;;;;;;;;;;255.6;228;;;12882;94;;
BER;01.09.1905 00:00;8.7;18.3;13;-1.1;-0.5;-1.1;;;;;;;;;;;;;;;;;135.8;156;;;7572;72;;
BER;01.10.1905 00:00;-1;9;3.5;-6;-6.5;-5;;;;;;;;;;;;;;;;;90;104;;;6846;96;;
BER;01.11.1905 00:00;-1.8;6.3;2.2;-2;-2.8;-1.4;;;;;;;;;;;;;;;;;109;142;;;3396;86;;
BER;01.12.1905 00:00;-3.5;1.2;-0.9;-1.8;-1.4;-2.6;;;;;;;;;;;;;;;;;42.8;55;;;2310;73;;
BER;01.01.1906 00:00;-3.8;2.8;-0.9;-1.1;-0.9;-0.6;;;;;;;;;;;;;;;;;57.8;96;;;4350;110;;
BER;01.02.1906 00:00;-4.2;2.6;-1.5;-2.6;-1.4;-2.6;;;;;;;;;;;;;;;;;63.2;114;;;4872;86;;
BER;01.03.1906 00:00;-1.8;7.8;2.3;-2.9;-2.1;-2.5;;;;;;;;;;;;;;;;;53.9;83;;;9720;107;;
BER;01.04.1906 00:00;1.6;12.4;6.9;-2.1;-1.8;-2.1;;;;;;;;;;;;;;;;;38.6;49;;;10122;94;;
BER;01.05.1906 00:00;6;17.8;11.8;-1.4;-1.6;-0.8;;;;;;;;;;;;;;;;;102.4;91;;;12504;106;;
BER;01.06.1906 00:00;8.2;21.4;14.7;-2.2;-3.1;-1.1;;;;;;;;;;;;;;;;;86.1;85;;;16392;123;;
BER;01.07.1906 00:00;10.5;23.7;17.7;-1.1;-2.5;-0.9;;;;;;;;;;;;;;;;;101.9;94;;;14928;101;;
BER;01.08.1906 00:00;10.4;25.3;17.7;-0.7;-2.5;1.1;;;;;;;;;;;;;;;;;31.3;28;;;17634;129;;
BER;01.09.1906 00:00;5.9;20.3;12.6;-1.5;-3.3;0.9;;;;;;;;;;;;;;;;;30.2;35;;;14772;140;;
BER;01.10.1906 00:00;4.4;16.3;9.8;0.3;-1.1;2.3;;;;;;;;;;;;;;;;;55.1;64;;;9768;137;;
BER;01.11.1906 00:00;0.4;7.2;3.8;-0.4;-0.6;-0.5;;;;;;;;;;;;;;;;;65.9;86;;;3408;86;;
BER;01.12.1906 00:00;-6.6;-0.4;-3.4;-4.3;-4.5;-4.2;;;;;;;;;;;;;;;;;89.4;114;;;2760;87;;
BER;01.01.1907 00:00;-5.7;0.6;-2.8;-3;-2.8;-2.8;;;;;;;;;;;;;;;;;67.9;113;;;2778;70;;
BER;01.02.1907 00:00;-6.9;0.2;-3.6;-4.7;-4.1;-5;;;;;;;;;;;;;;;;;42.1;76;;;4722;83;;
BER;01.03.1907 00:00;-2.9;7.2;2.1;-3.1;-3.2;-3.1;;;;;;;;;;;;;;;;;47.2;73;;;10572;116;;
BER;01.04.1907 00:00;0.9;11.5;5.9;-3.1;-2.5;-3;;;;;;;;;;;;;;;;;78.7;101;;;8496;79;;
BER;01.05.1907 00:00;5.6;18.6;12.2;-1;-2;0;;;;;;;;;;;;;;;;;91.4;81;;;11370;96;;
BER;01.06.1907 00:00;8.9;20.2;14.7;-2.2;-2.4;-2.3;;;;;;;;;;;;;;;;;170.2;168;;;13398;100;;
BER;01.07.1907 00:00;8.5;21.2;15.2;-3.6;-4.5;-3.4;;;;;;;;;;;;;;;;;96.7;90;;;15186;103;;
BER;01.08.1907 00:00;10.2;24.4;17.1;-1.3;-2.7;0.2;;;;;;;;;;;;;;;;;74;66;;;17796;130;;
BER;01.09.1907 00:00;7.8;19.7;13.5;-0.6;-1.4;0.3;;;;;;;;;;;;;;;;;68.9;79;;;10662;101;;
BER;01.10.1907 00:00;4.2;14.2;8.8;-0.7;-1.3;0.2;;;;;;;;;;;;;;;;;75.3;87;;;6606;92;;
BER;01.11.1907 00:00;-0.1;7.7;3.7;-0.5;-1.1;0;;;;;;;;;;;;;;;;;21.8;28;;;3456;87;;
BER;01.12.1907 00:00;-1.5;5;1.4;0.5;0.6;1.2;;;;;;;;;;;;;;;;;106.8;136;;;4296;135;;
BER;01.01.1908 00:00;-6.8;-1.1;-4.5;-4.7;-3.9;-4.5;;;;;;;;;;;;;;;;;26;43;;;3228;81;;
BER;01.02.1908 00:00;-3.8;3.7;-0.6;-1.7;-1;-1.5;;;;;;;;;;;;;;;;;86;155;;;5520;97;;
BER;01.03.1908 00:00;-1.7;7;1.9;-3.3;-2;-3.3;;;;;;;;;;;;;;;;;45.1;69;;;6144;68;;
BER;01.04.1908 00:00;0.3;10.3;5.3;-3.7;-3.1;-4.2;;;;;;;;;;;;;;;;;60.7;78;;;9060;84;;
BER;01.05.1908 00:00;6.1;20.1;13.4;0.2;-1.5;1.5;;;;;;;;;;;;;;;;;128.8;115;;;14922;126;;
BER;01.06.1908 00:00;9.6;23.2;17.1;0.2;-1.7;0.7;;;;;;;;;;;;;;;;;89.2;88;;;16620;124;;
BER;01.07.1908 00:00;9.9;23;16.7;-2.1;-3.1;-1.6;;;;;;;;;;;;;;;;;176.5;163;;;15906;108;;
BER;01.08.1908 00:00;8.6;21.2;14.8;-3.6;-4.3;-3;;;;;;;;;;;;;;;;;92.8;83;;;16092;118;;
BER;01.09.1908 00:00;7;18.3;12.2;-1.9;-2.2;-1.1;;;;;;;;;;;;;;;;;123.5;142;;;9234;88;;
BER;01.10.1908 00:00;2.8;13.7;7.4;-2.1;-2.7;-0.3;;;;;;;;;;;;;;;;;12.3;14;;;9756;137;;
BER;01.11.1908 00:00;-2.1;4.9;1.2;-3;-3.1;-2.8;;;;;;;;;;;;;;;;;52.1;68;;;2946;74;;
BER;01.12.1908 00:00;-3.9;1.5;-1.4;-2.3;-1.8;-2.3;;;;;;;;;;;;;;;;;49.2;63;;;2856;90;;
BER;01.01.1909 00:00;-8.1;-0.6;-4.3;-4.5;-5.2;-4;;;;;;;;;;;;;;;;;24.7;41;;;3426;86;;
BER;01.02.1909 00:00;-7.1;0.9;-3.3;-4.4;-4.3;-4.3;;;;;;;;;;;;;;;;;16.8;30;;;7116;126;;
BER;01.03.1909 00:00;-4.2;5.7;0.5;-4.7;-4.5;-4.6;;;;;;;;;;;;;;;;;73.4;113;;;6078;67;;
BER;01.04.1909 00:00;2.2;15.5;8.8;-0.2;-1.2;1;;;;;;;;;;;;;;;;;68.7;88;;;13590;126;;
BER;01.05.1909 00:00;4.4;18.2;11.5;-1.7;-3.2;-0.4;;;;;;;;;;;;;;;;;44.3;39;;;16602;140;;
BER;01.06.1909 00:00;7.8;19.3;13.5;-3.4;-3.5;-3.2;;;;;;;;;;;;;;;;;161.8;159;;;11892;89;;
BER;01.07.1909 00:00;9;21;14.9;-3.9;-4;-3.6;;;;;;;;;;;;;;;;;121.7;113;;;13122;89;;
BER;01.08.1909 00:00;9.8;22.3;15.8;-2.6;-3.1;-1.9;;;;;;;;;;;;;;;;;88.9;79;;;14088;103;;
BER;01.09.1909 00:00;6.5;18;12.1;-2;-2.7;-1.4;;;;;;;;;;;;;;;;;60.2;69;;;9984;95;;
BER;01.10.1909 00:00;4.7;14.5;9.2;-0.3;-0.8;0.5;;;;;;;;;;;;;;;;;116.6;135;;;7596;106;;
BER;01.11.1909 00:00;-2.1;4.7;1.2;-3;-3.1;-3;;;;;;;;;;;;;;;;;39.9;52;;;4626;117;;
BER;01.12.1909 00:00;-2;4.2;1.1;0.2;0.1;0.4;;;;;;;;;;;;;;;;;156.5;199;;;2808;88;;
BER;01.01.1910 00:00;-3.6;2.6;-0.7;-0.9;-0.7;-0.8;;;;;;;;;;;;;;;;;174.4;289;;;3150;79;;
BER;01.02.1910 00:00;-2.9;5;0.2;-0.9;-0.1;-0.2;;;;;;;;;;;;;;;;;55.9;101;;;6204;110;;
BER;01.03.1910 00:00;-0.9;8.8;3.3;-1.9;-1.2;-1.5;;;;;;;;;;;;;;;;;27.3;42;;;8670;96;;
BER;01.04.1910 00:00;1.6;11.7;6.5;-2.5;-1.8;-2.8;;;;;;;;;;;;;;;;;86.6;111;;;8111;75;;
BER;01.05.1910 00:00;4.6;15.6;10.2;-3;-3;-3;;;;;;;;;;;;;;;;;100.5;89;;;10320;87;;
BER;01.06.1910 00:00;9.4;20.7;15.1;-1.8;-1.9;-1.8;;;;;;;;;;;;;;;;;172.1;170;;;12954;97;;
BER;01.07.1910 00:00;9.4;20.5;15.1;-3.7;-3.6;-4.1;;;;;;;;;;;;;;;;;188.6;175;;;13914;95;;
BER;01.08.1910 00:00;9.8;22;15.7;-2.7;-3.1;-2.2;;;;;;;;;;;;;;;;;89.1;79;;;14448;106;;
BER;01.09.1910 00:00;6.1;15.8;10.9;-3.2;-3.1;-3.6;;;;;;;;;;;;;;;;;76.5;88;;;7974;76;;
BER;01.10.1910 00:00;4.4;13.5;8.7;-0.8;-1.1;-0.5;;;;;;;;;;;;;;;;;32;37;;;6780;95;;
BER;01.11.1910 00:00;-1.7;5.7;2.1;-2.1;-2.7;-2;;;;;;;;;;;;;;;;;188.9;246;;;3804;96;;
BER;01.12.1910 00:00;-1.2;3.9;1.4;0.5;0.9;0.1;;;;;;;;;;;;;;;;;77.3;98;;;2004;63;;
BER;01.01.1911 00:00;-8.7;-1.9;-5.5;-5.7;-5.8;-5.3;;;;;;;;;;;;;;;;;15.8;26;;;4308;109;;
BER;01.02.1911 00:00;-4.3;4.3;-0.4;-1.5;-1.5;-0.9;;;;;;;;;;;;;;;;;50.1;90;;;6504;115;;
BER;01.03.1911 00:00;-1.4;8.6;3.2;-2;-1.7;-1.7;;;;;;;;;;;;;;;;;68.4;105;;;7062;78;;
BER;01.04.1911 00:00;0.7;11.6;6.4;-2.6;-2.7;-2.9;;;;;;;;;;;;;;;;;39.7;51;;;11628;108;;
BER;01.05.1911 00:00;6.3;17.4;11.9;-1.3;-1.3;-1.2;;;;;;;;;;;;;;;;;124.3;111;;;11556;98;;
BER;01.06.1911 00:00;8.5;20.5;14.7;-2.2;-2.8;-2;;;;;;;;;;;;;;;;;117;115;;;13914;104;;
BER;01.07.1911 00:00;11.6;27.1;20.3;1.5;-1.4;2.5;;;;;;;;;;;;;;;;;1.2;1;;;22170;151;;
BER;01.08.1911 00:00;11.6;27.8;20.1;1.7;-1.3;3.6;;;;;;;;;;;;;;;;;45.3;40;;;19410;142;;
BER;01.09.1911 00:00;8.4;22.4;15.1;1;-0.8;3;;;;;;;;;;;;;;;;;71.1;82;;;11994;114;;
BER;01.10.1911 00:00;3.5;12.8;8.1;-1.4;-2;-1.2;;;;;;;;;;;;;;;;;65.6;76;;;6816;95;;
BER;01.11.1911 00:00;0.7;8.4;4.6;0.4;-0.3;0.7;;;;;;;;;;;;;;;;;64.9;84;;;4890;124;;
BER;01.12.1911 00:00;-1.2;4.8;1.8;0.9;0.9;1;;;;;;;;;;;;;;;;;104.6;133;;;2388;75;;
BER;01.01.1912 00:00;-2.9;2.4;-0.3;-0.5;0;-1;;;;;;;;;;;;;;;;;55.4;92;;;2988;75;;
BER;01.02.1912 00:00;-1.5;8.3;2.8;1.7;1.3;3.1;;;;;;;;;;;;;;;;;60.9;110;;;7998;141;;
BER;01.03.1912 00:00;1;11;5.7;0.5;0.7;0.7;;;;;;;;;;;;;;;;;81.9;126;;;8502;94;;
BER;01.04.1912 00:00;0.8;12.2;6.5;-2.5;-2.6;-2.3;;;;;;;;;;;;;;;;;27.6;35;;;10476;97;;
BER;01.05.1912 00:00;6.3;18.6;12.6;-0.6;-1.3;0;;;;;;;;;;;;;;;;;89.9;80;;;12060;102;;
BER;01.06.1912 00:00;9.2;20.6;15.1;-1.8;-2.1;-1.9;;;;;;;;;;;;;;;;;128.1;126;;;12942;97;;
BER;01.07.1912 00:00;9.7;21.7;16.1;-2.7;-3.3;-2.9;;;;;;;;;;;;;;;;;135.1;125;;;12114;82;;
BER;01.08.1912 00:00;8;18.5;12.9;-5.5;-4.9;-5.7;;;;;;;;;;;;;;;;;213.6;190;;;7566;55;;
BER;01.09.1912 00:00;2.7;13.5;8.1;-6;-6.5;-5.9;;;;;;;;;;;;;;;;;28.7;33;;;5520;53;;
BER;01.10.1912 00:00;2.5;11.4;6.4;-3.1;-3;-2.6;;;;;;;;;;;;;;;;;163.2;189;;;4908;69;;
BER;01.11.1912 00:00;-2.7;4.1;0.6;-3.6;-3.7;-3.6;;;;;;;;;;;;;;;;;53.5;70;;;4296;109;;
BER;01.12.1912 00:00;-3.7;3.3;-0.3;-1.2;-1.6;-0.5;;;;;;;;;;;;;;;;;38.1;49;;;4176;131;;
BER;01.01.1913 00:00;-2.2;3.5;0.5;0.3;0.7;0.1;;;;;;;;;;;;;;;;;66.1;110;;;2370;60;;
BER;01.02.1913 00:00;-4.5;5.1;-0.2;-1.3;-1.7;-0.1;;;;;;;;;;;;;;;;;29.6;53;;;8646;153;;
BER;01.03.1913 00:00;-0.6;11.5;4.9;-0.3;-0.9;1.2;;;;;;;;;;;;;;;;;106.6;164;;;8298;91;;
BER;01.04.1913 00:00;1.7;12.4;7.1;-1.9;-1.7;-2.1;;;;;;;;;;;;;;;;;78.4;101;;;8208;76;;
BER;01.05.1913 00:00;5.2;17.7;11.5;-1.7;-2.4;-0.9;;;;;;;;;;;;;;;;;84.7;75;;;11724;99;;
BER;01.06.1913 00:00;8.8;20.4;14.6;-2.3;-2.5;-2.1;;;;;;;;;;;;;;;;;57.1;56;;;10764;81;;
BER;01.07.1913 00:00;8.6;19.6;14.2;-4.6;-4.4;-5;;;;;;;;;;;;;;;;;96.1;89;;;10560;72;;
BER;01.08.1913 00:00;9.2;21.5;15.5;-2.9;-3.7;-2.7;;;;;;;;;;;;;;;;;74.7;67;;;13512;99;;
BER;01.09.1913 00:00;6.9;17.8;12;-2.1;-2.3;-1.6;;;;;;;;;;;;;;;;;140.1;161;;;8010;76;;
BER;01.10.1913 00:00;3.3;14.6;8.8;-0.7;-2.2;0.6;;;;;;;;;;;;;;;;;40.2;46;;;7086;99;;
BER;01.11.1913 00:00;2.2;9.3;5.9;1.7;1.2;1.6;;;;;;;;;;;;;;;;;131;170;;;1572;40;;
BER;01.12.1913 00:00;-3.6;2.8;-0.3;-1.2;-1.5;-1;;;;;;;;;;;;;;;;;49;62;;;3132;98;;
BER;01.01.1914 00:00;-8.7;-2.2;-5.6;-5.8;-5.8;-5.6;;;;;;;;;;;;;;;;;47;78;;;2454;62;;
BER;01.02.1914 00:00;-4.2;6.2;0.5;-0.6;-1.4;1;;;;;;;;;;;;;;;;;33.5;60;;;5706;101;;
BER;01.03.1914 00:00;0.4;8.9;4.2;-1;0.1;-1.4;;;;;;;;;;;;;;;;;156.8;242;;;5370;59;;
BER;01.04.1914 00:00;2.9;16.1;9.6;0.6;-0.5;1.6;;;;;;;;;;;;;;;;;66.4;85;;;12108;113;;
BER;01.05.1914 00:00;4.7;15;9.8;-3.4;-2.9;-3.6;;;;;;;;;;;;;;;;;139.4;124;;;6834;58;;
BER;01.06.1914 00:00;7.6;19.7;13.8;-3.1;-3.7;-2.8;;;;;;;;;;;;;;;;;96.9;95;;;12288;92;;
BER;01.07.1914 00:00;9.5;21.3;15.3;-3.5;-3.5;-3.3;;;;;;;;;;;;;;;;;179.2;166;;;11166;76;;
BER;01.08.1914 00:00;9.9;22.2;16;-2.4;-3;-2;;;;;;;;;;;;;;;;;170.4;152;;;13344;98;;
BER;01.09.1914 00:00;7.1;18.3;12.5;-1.6;-2.1;-1.1;;;;;;;;;;;;;;;;;58.2;67;;;9990;95;;
BER;01.10.1914 00:00;2.2;12.6;7.4;-2.1;-3.3;-1.4;;;;;;;;;;;;;;;;;36.3;42;;;7386;103;;
BER;01.11.1914 00:00;-1.5;5.5;2;-2.2;-2.5;-2.2;;;;;;;;;;;;;;;;;60.5;79;;;4680;118;;
BER;01.12.1914 00:00;-1.8;5.1;1.7;0.8;0.3;1.3;;;;;;;;;;;;;;;;;69.1;88;;;3905;123;;
BER;01.01.1915 00:00;-3.8;2;-0.8;-1;-0.9;-1.4;;;;;;;;;;;;;;;;;74.9;124;;;2526;64;;
BER;01.02.1915 00:00;-3.9;3.3;-0.5;-1.6;-1.1;-1.9;;;;;;;;;;;;;;;;;54.5;98;;;3528;62;;
BER;01.03.1915 00:00;-1.3;6.7;2.1;-3.1;-1.6;-3.6;;;;;;;;;;;;;;;;;95.4;147;;;5346;59;;
BER;01.04.1915 00:00;0.8;11.5;6;-3;-2.6;-3;;;;;;;;;;;;;;;;;85.1;109;;;9606;89;;
BER;01.05.1915 00:00;8.3;19.2;13.8;0.6;0.7;0.6;;;;;;;;;;;;;;;;;99;88;;;11364;96;;
BER;01.06.1915 00:00;10.8;22.9;16.7;-0.2;-0.5;0.4;;;;;;;;;;;;;;;;;150.3;148;;;13788;103;;
BER;01.07.1915 00:00;9.7;21.9;16;-2.8;-3.3;-2.7;;;;;;;;;;;;;;;;;167;155;;;13890;94;;
BER;01.08.1915 00:00;9.1;21.5;15.2;-3.2;-3.8;-2.7;;;;;;;;;;;;;;;;;110.4;98;;;15330;112;;
BER;01.09.1915 00:00;5.7;16.6;11;-3.1;-3.5;-2.8;;;;;;;;;;;;;;;;;88.7;102;;;8322;79;;
BER;01.10.1915 00:00;1.9;10.1;5.8;-3.7;-3.6;-3.9;;;;;;;;;;;;;;;;;17.3;20;;;3582;50;;
BER;01.11.1915 00:00;-2.8;3.7;0.6;-3.6;-3.8;-4;;;;;;;;;;;;;;;;;106.4;138;;;4266;108;;
BER;01.12.1915 00:00;0.2;6.9;3.6;2.7;2.3;3.1;;;;;;;;;;;;;;;;;106.5;136;;;2400;75;;
BER;01.01.1916 00:00;-1.5;5.8;1.7;1.5;1.4;2.4;;;;;;;;;;;;;;;;;33.2;55;;;5718;144;;
BER;01.02.1916 00:00;-2.5;4.9;0.8;-0.3;0.3;-0.3;;;;;;;;;;;;;;;;;102.1;184;;;4212;74;;
BER;01.03.1916 00:00;-0.8;8.3;3.4;-1.8;-1.1;-2;;;;;;;;;;;;;;;;;84.9;131;;;4704;52;;
BER;01.04.1916 00:00;1.8;12.6;7.4;-1.6;-1.6;-1.9;;;;;;;;;;;;;;;;;95.8;123;;;9660;90;;
BER;01.05.1916 00:00;6.4;18.5;12.5;-0.7;-1.2;-0.1;;;;;;;;;;;;;;;;;71.6;64;;;11172;94;;
BER;01.06.1916 00:00;7.3;18.3;12.6;-4.3;-4;-4.2;;;;;;;;;;;;;;;;;189;186;;;9930;74;;
BER;01.07.1916 00:00;9.9;21.8;15.7;-3.1;-3.1;-2.8;;;;;;;;;;;;;;;;;175.1;162;;;11712;80;;
BER;01.08.1916 00:00;9.8;22;15.8;-2.6;-3.1;-2.2;;;;;;;;;;;;;;;;;126;112;;;14364;105;;
BER;01.09.1916 00:00;5.6;16.7;10.8;-3.3;-3.6;-2.7;;;;;;;;;;;;;;;;;58.6;67;;;8352;79;;
BER;01.10.1916 00:00;3.3;13.6;7.9;-1.6;-2.2;-0.4;;;;;;;;;;;;;;;;;87.9;102;;;7901;111;;
BER;01.11.1916 00:00;-0.8;6.3;2.9;-1.3;-1.8;-1.4;;;;;;;;;;;;;;;;;99.7;130;;;3558;90;;
BER;01.12.1916 00:00;-2.9;3;0.4;-0.5;-0.8;-0.8;;;;;;;;;;;;;;;;;148.8;190;;;1374;43;;
BER;01.01.1917 00:00;-5.4;-1;-3.2;-3.4;-2.5;-4.4;;;;;;;;;;;;;;;;;34.7;58;;;1962;50;;
BER;01.02.1917 00:00;-7.1;1.5;-3.3;-4.4;-4.3;-3.7;;;;;;;;;;;;;;;;;14.5;26;;;5280;93;;
BER;01.03.1917 00:00;-3.1;5.4;0.8;-4.4;-3.4;-4.9;;;;;;;;;;;;;;;;;124.6;192;;;5052;56;;
BER;01.04.1917 00:00;-0.3;9.1;4.4;-4.6;-3.7;-5.4;;;;;;;;;;;;;;;;;72.7;93;;;8820;82;;
BER;01.05.1917 00:00;8.6;20.7;14.7;1.5;1;2.1;;;;;;;;;;;;;;;;;79.7;71;;;12060;102;;
BER;01.06.1917 00:00;10.6;23.6;17.1;0.2;-0.7;1.1;;;;;;;;;;;;;;;;;111.7;110;;;16242;122;;
BER;01.07.1917 00:00;10.8;22.7;16.9;-1.9;-2.2;-1.9;;;;;;;;;;;;;;;;;95.9;89;;;14310;97;;
BER;01.08.1917 00:00;9.8;21.7;15.4;-3;-3.1;-2.5;;;;;;;;;;;;;;;;;119.6;107;;;13134;96;;
BER;01.09.1917 00:00;8.9;21.6;14.8;0.7;-0.3;2.2;;;;;;;;;;;;;;;;;46.6;54;;;13224;126;;
BER;01.10.1917 00:00;2.2;11.5;6.4;-3.1;-3.3;-2.5;;;;;;;;;;;;;;;;;152;176;;;4866;68;;
BER;01.11.1917 00:00;-1.5;6.7;2.6;-1.6;-2.5;-1;;;;;;;;;;;;;;;;;74.4;97;;;4668;118;;
BER;01.12.1917 00:00;-9.3;-2.7;-5.7;-6.6;-7.2;-6.5;;;;;;;;;;;;;;;;;20.5;26;;;3066;96;;
BER;01.01.1918 00:00;-5.9;3.2;-1.7;-1.9;-3;-0.2;;;;;;;;;;;;;;;;;45.9;76;;;5088;128;;
BER;01.02.1918 00:00;-4.1;5;-0.1;-1.2;-1.3;-0.2;;;;;;;;;;;;;;;;;26.3;47;;;6876;121;;
BER;01.03.1918 00:00;-2.3;9.7;3;-2.2;-2.6;-0.6;;;;;;;;;;;;;;;;;55.3;85;;;11268;124;;
BER;01.04.1918 00:00;2.3;12.2;7;-2;-1.1;-2.3;;;;;;;;;;;;;;;;;83.1;107;;;4434;41;;
BER;01.05.1918 00:00;6.8;19.8;13.3;0.1;-0.8;1.2;;;;;;;;;;;;;;;;;43.7;39;;;15012;127;;
BER;01.06.1918 00:00;6.5;19.1;13.1;-3.8;-4.8;-3.4;;;;;;;;;;;;;;;;;162;160;;;14214;106;;
BER;01.07.1918 00:00;10.3;23;16.9;-1.9;-2.7;-1.6;;;;;;;;;;;;;;;;;29;27;;;16638;113;;
BER;01.08.1918 00:00;9.5;23.1;16.1;-2.3;-3.4;-1.1;;;;;;;;;;;;;;;;;65.6;58;;;15090;110;;
BER;01.09.1918 00:00;7.8;19.4;13;-1.1;-1.4;0;;;;;;;;;;;;;;;;;237.6;273;;;8556;81;;
BER;01.10.1918 00:00;2.2;11;6.2;-3.3;-3.3;-3;;;;;;;;;;;;;;;;;54.8;63;;;6504;91;;
BER;01.11.1918 00:00;-0.7;6.3;2.7;-1.5;-1.7;-1.4;;;;;;;;;;;;;;;;;29.3;38;;;4164;105;;
BER;01.12.1918 00:00;-1;6.5;2.6;1.7;1.1;2.7;;;;;;;;;;;;;;;;;138.7;177;;;3168;100;;
BER;01.01.1919 00:00;-3.3;2.2;-0.7;-0.9;-0.4;-1.2;;;;;;;;;;;;;;;;;29.3;49;;;2424;61;;
BER;01.02.1919 00:00;-5.5;3.6;-1.6;-2.7;-2.7;-1.6;;;;;;;;;;;;;;;;;111.4;201;;;4488;79;;
BER;01.03.1919 00:00;-0.5;8.6;3.2;-2;-0.8;-1.7;;;;;;;;;;;;;;;;;102.5;158;;;6420;71;;
BER;01.04.1919 00:00;0.3;9;4.2;-4.8;-3.1;-5.5;;;;;;;;;;;;;;;;;104.1;133;;;5910;55;;
BER;01.05.1919 00:00;4.7;18.3;11.9;-1.3;-2.9;-0.3;;;;;;;;;;;;;;;;;40.7;36;;;16392;139;;
BER;01.06.1919 00:00;8.9;21.6;15.7;-1.2;-2.4;-0.9;;;;;;;;;;;;;;;;;81.5;80;;;16434;123;;
BER;01.07.1919 00:00;8.2;19.4;14;-4.8;-4.8;-5.2;;;;;;;;;;;;;;;;;118.1;109;;;11118;76;;
BER;01.08.1919 00:00;10.7;25.5;18.3;-0.1;-2.2;1.3;;;;;;;;;;;;;;;;;29.4;26;;;18504;135;;
BER;01.09.1919 00:00;9;21.5;15.1;1;-0.2;2.1;;;;;;;;;;;;;;;;;48.5;56;;;13278;126;;
BER;01.10.1919 00:00;1.2;8.5;4.8;-4.7;-4.3;-5.5;;;;;;;;;;;;;;;;;56.1;65;;;5196;73;;
BER;01.11.1919 00:00;-2.2;4.4;1.3;-2.9;-3.2;-3.3;;;;;;;;;;;;;;;;;127.6;166;;;2850;72;;
BER;01.12.1919 00:00;-2.5;3.9;1;0.1;-0.4;0.1;;;;;;;;;;;;;;;;;147.3;188;;;2496;78;;
BER;01.01.1920 00:00;-1.9;5.3;1.9;1.7;1;1.9;;;;;;;;;;;;;;;;;87.4;145;;;5040;127;;
BER;01.02.1920 00:00;-3.2;7.3;2;0.9;-0.4;2.1;;;;;;;;;;;;;;;;;9.4;17;;;9474;167;;
BER;01.03.1920 00:00;-0.8;11.1;5.2;0;-1.1;0.8;;;;;;;;;;;;;;;;;45;69;;;9870;109;;
BER;01.04.1920 00:00;2.1;12.7;7.8;-1.2;-1.3;-1.8;;;;;;;;;;;;;;;;;83.8;107;;;6066;56;;
BER;01.05.1920 00:00;7.9;20;14.2;1;0.3;1.4;;;;;;;;;;;;;;;;;93.7;83;;;11646;98;;
BER;01.06.1920 00:00;8.6;20.1;14.9;-2;-2.7;-2.4;;;;;;;;;;;;;;;;;88.5;87;;;12174;91;;
BER;01.07.1920 00:00;9.6;23.5;16.9;-1.9;-3.4;-1.1;;;;;;;;;;;;;;;;;93.3;86;;;15228;103;;
BER;01.08.1920 00:00;8.5;21;14.6;-3.8;-4.4;-3.2;;;;;;;;;;;;;;;;;92.1;82;;;14058;103;;
BER;01.09.1920 00:00;7.7;18.5;12.9;-1.2;-1.5;-0.9;;;;;;;;;;;;;;;;;121.8;140;;;7488;71;;
BER;01.10.1920 00:00;3.7;12;7.8;-1.7;-1.8;-2;;;;;;;;;;;;;;;;;8.5;10;;;4068;57;;
BER;01.11.1920 00:00;-2.6;6;1.7;-2.5;-3.6;-1.7;;;;;;;;;;;;;;;;;6.5;8;;;3540;89;;
BER;01.12.1920 00:00;-4.4;2.2;-0.6;-1.5;-2.3;-1.6;;;;;;;;;;;;;;;;;40.6;52;;;702;22;;
BER;01.01.1921 00:00;-1;7;2.8;2.6;1.9;3.6;;;;;;;;;;;;;;;;;31.1;52;;;4788;121;;
BER;01.02.1921 00:00;-4.5;5.4;0;-1.1;-1.7;0.2;;;;;;;;;;;;;;;;;5.5;10;;;8226;145;;
BER;01.03.1921 00:00;-1.8;11.9;4.8;-0.4;-2.1;1.6;;;;;;;;;;;;;;;;;19.8;31;;;12150;134;;
BER;01.04.1921 00:00;-0.1;12.4;6.3;-2.7;-3.5;-2.1;;;;;;;;;;;;;;;;;58.5;75;;;8664;81;;
BER;01.05.1921 00:00;6.6;19.2;12.6;-0.6;-1;0.6;;;;;;;;;;;;;;;;;163;145;;;10374;88;;
BER;01.06.1921 00:00;8.6;22.4;15.8;-1.1;-2.7;-0.1;;;;;;;;;;;;;;;;;68.7;68;;;16002;120;;
BER;01.07.1921 00:00;11.2;26.6;19.3;0.5;-1.8;2;;;;;;;;;;;;;;;;;42;39;;;19026;129;;
BER;01.08.1921 00:00;9.8;23.5;16.4;-2;-3.1;-0.7;;;;;;;;;;;;;;;;;149.1;133;;;13896;102;;
BER;01.09.1921 00:00;8.1;20.7;14.3;0.2;-1.1;1.3;;;;;;;;;;;;;;;;;101.6;117;;;12408;118;;
BER;01.10.1921 00:00;4.2;17.4;10.4;0.9;-1.3;3.4;;;;;;;;;;;;;;;;;24.5;28;;;12564;176;;
BER;01.11.1921 00:00;-3.4;2.3;-0.1;-4.3;-4.4;-5.4;;;;;;;;;;;;;;;;;40.5;53;;;1997;50;;
BER;01.12.1921 00:00;-3.7;2.9;-0.1;-1;-1.6;-0.9;;;;;;;;;;;;;;;;;21.1;27;;;2502;79;;
BER;01.01.1922 00:00;-4.6;1.5;-1.4;-1.6;-1.7;-1.9;;;;;;;;;;;;;;;;;78.5;130;;;1680;42;;
BER;01.02.1922 00:00;-4.3;3.7;-0.3;-1.4;-1.5;-1.5;;;;;;;;;;;;;;;;;84.9;153;;;5148;91;;
BER;01.03.1922 00:00;-1;9.3;3.8;-1.4;-1.3;-1;;;;;;;;;;;;;;;;;90.3;139;;;6144;68;;
BER;01.04.1922 00:00;0.6;10.2;5.3;-3.7;-2.8;-4.3;;;;;;;;;;;;;;;;;182.6;234;;;4920;46;;
BER;01.05.1922 00:00;7.4;21.2;14.5;1.3;-0.2;2.6;;;;;;;;;;;;;;;;;46.5;41;;;16656;141;;
BER;01.06.1922 00:00;9.5;22.1;15.6;-1.3;-1.8;-0.4;;;;;;;;;;;;;;;;;144.2;142;;;13098;98;;
BER;01.07.1922 00:00;8.7;22.3;15.6;-3.2;-4.3;-2.3;;;;;;;;;;;;;;;;;141.5;131;;;14316;97;;
BER;01.08.1922 00:00;9.5;22.6;15.6;-2.8;-3.4;-1.6;;;;;;;;;;;;;;;;;159.1;142;;;13332;98;;
BER;01.09.1922 00:00;5.5;16;10.7;-3.4;-3.7;-3.4;;;;;;;;;;;;;;;;;86.1;99;;;8021;76;;
BER;01.10.1922 00:00;2.1;9.8;6;-3.5;-3.4;-4.2;;;;;;;;;;;;;;;;;110.9;128;;;3504;49;;
BER;01.11.1922 00:00;-2.4;4.8;1.3;-2.9;-3.4;-2.9;;;;;;;;;;;;;;;;;81.6;106;;;4104;104;;
BER;01.12.1922 00:00;-4.1;2.1;-0.7;-1.6;-2;-1.7;;;;;;;;;;;;;;;;;103.7;132;;;3444;108;;
BER;01.01.1923 00:00;-4.5;1.2;-1.4;-1.6;-1.6;-2.2;;;;;;;;;;;;;;;;;34.7;58;;;3294;83;;
BER;01.02.1923 00:00;-1.1;5.4;2.1;1;1.7;0.2;;;;;;;;;;;;;;;;;90.9;164;;;3066;54;;
BER;01.03.1923 00:00;0;8.4;4.1;-1.1;-0.3;-1.9;;;;;;;;;;;;;;;;;37;57;;;5730;63;;
BER;01.04.1923 00:00;2;13.1;7.5;-1.5;-1.4;-1.4;;;;;;;;;;;;;;;;;61.4;79;;;8352;78;;
BER;01.05.1923 00:00;4.5;17.8;11.3;-1.9;-3.1;-0.8;;;;;;;;;;;;;;;;;144.4;128;;;13410;113;;
BER;01.06.1923 00:00;5.9;17.5;11.8;-5.1;-5.4;-5;;;;;;;;;;;;;;;;;64.9;64;;;10878;81;;
BER;01.07.1923 00:00;11.9;26.1;19.6;0.8;-1.1;1.5;;;;;;;;;;;;;;;;;57.3;53;;;17514;119;;
BER;01.08.1923 00:00;9.8;24.8;17.3;-1.1;-3.1;0.6;;;;;;;;;;;;;;;;;81.6;73;;;17352;127;;
BER;01.09.1923 00:00;6.4;19.2;12.7;-1.4;-2.8;-0.2;;;;;;;;;;;;;;;;;76.5;88;;;12000;114;;
BER;01.10.1923 00:00;5.4;15;9.9;0.4;-0.1;1;;;;;;;;;;;;;;;;;215.3;249;;;6462;90;;
BER;01.11.1923 00:00;-0.9;5.8;2.7;-1.5;-1.9;-1.9;;;;;;;;;;;;;;;;;152.2;198;;;2994;76;;
BER;01.12.1923 00:00;-3.1;2.5;-0.1;-1;-1;-1.3;;;;;;;;;;;;;;;;;124.6;159;;;1740;55;;
BER;01.01.1924 00:00;-6.3;0.3;-3;-3.2;-3.4;-3.1;;;;;;;;;;;;;;;;;42.2;70;;;4038;102;;
BER;01.02.1924 00:00;-5.9;0.4;-2.7;-3.8;-3.1;-4.8;;;;;;;;;;;;;;;;;16.2;29;;;4092;72;;
BER;01.03.1924 00:00;-2.1;7.7;2.8;-2.4;-2.4;-2.6;;;;;;;;;;;;;;;;;52.5;81;;;10308;114;;
BER;01.04.1924 00:00;2.3;12.4;7.5;-1.5;-1.1;-2.1;;;;;;;;;;;;;;;;;94.9;122;;;7871;73;;
BER;01.05.1924 00:00;7.3;18.8;12.9;-0.3;-0.3;0.2;;;;;;;;;;;;;;;;;164.2;146;;;11454;97;;
BER;01.06.1924 00:00;8.9;20.5;14.9;-2;-2.4;-2;;;;;;;;;;;;;;;;;113.1;111;;;13554;102;;
BER;01.07.1924 00:00;11;22.9;17;-1.8;-2;-1.7;;;;;;;;;;;;;;;;;99;92;;;13236;90;;
BER;01.08.1924 00:00;8.1;19.2;13.1;-5.3;-4.8;-5;;;;;;;;;;;;;;;;;103.4;92;;;9822;72;;
BER;01.09.1924 00:00;7.3;18.8;12.8;-1.3;-1.9;-0.6;;;;;;;;;;;;;;;;;84.1;97;;;9978;95;;
BER;01.10.1924 00:00;3.6;13;8.3;-1.2;-1.9;-1;;;;;;;;;;;;;;;;;93.5;108;;;7704;108;;
BER;01.11.1924 00:00;-0.2;6.3;3.2;-1;-1.2;-1.4;;;;;;;;;;;;;;;;;2.5;3;;;3186;80;;
BER;01.12.1924 00:00;-4.2;2;-0.8;-1.7;-2.1;-1.8;;;;;;;;;;;;;;;;;20;25;;;2472;78;;
BER;01.01.1925 00:00;-2.9;3.7;0.4;0.2;0;0.3;;;;;;;;;;;;;;;;;43.9;73;;;5238;132;;
BER;01.02.1925 00:00;-1.7;6.2;2.1;1;1.1;1;;;;;;;;;;;;;;;;;53.7;97;;;6486;115;;
BER;01.03.1925 00:00;-3.1;4.7;0.8;-4.4;-3.4;-5.6;;;;;;;;;;;;;;;;;15.9;24;;;6150;68;;
BER;01.04.1925 00:00;2.7;12.4;7.4;-1.6;-0.7;-2.1;;;;;;;;;;;;;;;;;100.9;129;;;7356;68;;
BER;01.05.1925 00:00;5.8;17.7;11.5;-1.7;-1.8;-0.9;;;;;;;;;;;;;;;;;164.5;146;;;12618;107;;
BER;01.06.1925 00:00;9.1;21.9;15.9;-1;-2.2;-0.6;;;;;;;;;;;;;;;;;70.6;70;;;18924;142;;
BER;01.07.1925 00:00;10.5;22.4;16.3;-2.5;-2.5;-2.2;;;;;;;;;;;;;;;;;108.6;101;;;14070;96;;
BER;01.08.1925 00:00;10;22;15.5;-2.9;-2.9;-2.2;;;;;;;;;;;;;;;;;103.8;92;;;14346;105;;
BER;01.09.1925 00:00;5.7;16.1;10.6;-3.5;-3.5;-3.3;;;;;;;;;;;;;;;;;125;144;;;10470;100;;
BER;01.10.1925 00:00;4.1;14;8.9;-0.6;-1.4;0;;;;;;;;;;;;;;;;;27.9;32;;;7871;110;;
BER;01.11.1925 00:00;-1.6;3.9;1.4;-2.8;-2.6;-3.8;;;;;;;;;;;;;;;;;63.5;83;;;1710;43;;
BER;01.12.1925 00:00;-4.6;2.7;-0.5;-1.4;-2.5;-1.1;;;;;;;;;;;;;;;;;134.5;171;;;3330;105;;
BER;01.01.1926 00:00;-4.4;2.3;-1;-1.2;-1.5;-1.1;;;;;;;;;;;;;;;;;77.2;128;;;4446;112;;
BER;01.02.1926 00:00;0.1;8;4.1;3;2.9;2.8;;;;;;;;;;;;;;;;;41.6;75;;;5340;94;;
BER;01.03.1926 00:00;-0.2;8.7;4.1;-1.1;-0.5;-1.6;;;;;;;;;;;;;;;;;56.4;87;;;6102;67;;
BER;01.04.1926 00:00;3.1;15;8.8;-0.2;-0.3;0.5;;;;;;;;;;;;;;;;;43.9;56;;;11742;109;;
BER;01.05.1926 00:00;4.6;15.8;9.9;-3.3;-3;-2.8;;;;;;;;;;;;;;;;;179.3;160;;;9600;81;;
BER;01.06.1926 00:00;7.3;18.2;12.6;-4.3;-4;-4.3;;;;;;;;;;;;;;;;;131.1;129;;;11202;84;;
BER;01.07.1926 00:00;10.6;21.8;16.1;-2.7;-2.4;-2.8;;;;;;;;;;;;;;;;;118.2;109;;;12900;88;;
BER;01.08.1926 00:00;9.9;23.2;16.4;-2;-3;-1;;;;;;;;;;;;;;;;;52.5;47;;;17178;126;;
BER;01.09.1926 00:00;8.8;21.7;15;0.9;-0.4;2.3;;;;;;;;;;;;;;;;;65.1;75;;;14472;138;;
BER;01.10.1926 00:00;3.8;13.6;8.5;-1;-1.7;-0.4;;;;;;;;;;;;;;;;;149.3;173;;;7584;106;;
BER;01.11.1926 00:00;0.5;8.7;4.6;0.4;-0.5;1;;;;;;;;;;;;;;;;;90.8;118;;;4440;112;;
BER;01.12.1926 00:00;-4.6;0.7;-1.8;-2.7;-2.5;-3.1;;;;;;;;;;;;;;;;;19.1;24;;;1500;47;;
BER;01.01.1927 00:00;-3.4;2.1;-0.6;-0.8;-0.5;-1.3;;;;;;;;;;;;;;;;;60.2;100;;;2952;74;;
BER;01.02.1927 00:00;-5;3.5;-1;-2.1;-2.2;-1.7;;;;;;;;;;;;;;;;;59.7;108;;;6354;112;;
BER;01.03.1927 00:00;0;9.2;4.3;-0.9;-0.3;-1.1;;;;;;;;;;;;;;;;;101.9;157;;;7548;83;;
BER;01.04.1927 00:00;2.9;13.8;8.2;-0.8;-0.5;-0.7;;;;;;;;;;;;;;;;;89.9;115;;;9630;90;;
BER;01.05.1927 00:00;6.4;19.1;12.8;-0.4;-1.2;0.5;;;;;;;;;;;;;;;;;96;85;;;14850;126;;
BER;01.06.1927 00:00;9;21.1;15.1;-1.8;-2.3;-1.4;;;;;;;;;;;;;;;;;143.2;141;;;13626;102;;
BER;01.07.1927 00:00;11.1;23.2;17.1;-1.7;-1.9;-1.4;;;;;;;;;;;;;;;;;130;120;;;13998;95;;
BER;01.08.1927 00:00;10.2;21.7;15.5;-2.9;-2.7;-2.5;;;;;;;;;;;;;;;;;224.5;200;;;12678;93;;
BER;01.09.1927 00:00;8.5;18.9;13.1;-1;-0.7;-0.5;;;;;;;;;;;;;;;;;108.5;125;;;8724;83;;
BER;01.10.1927 00:00;3.1;13;7.8;-1.7;-2.4;-1;;;;;;;;;;;;;;;;;28.8;33;;;9672;135;;
BER;01.11.1927 00:00;-0.7;6.2;3;-1.2;-1.7;-1.5;;;;;;;;;;;;;;;;;61.6;80;;;4314;109;;
BER;01.12.1927 00:00;-4;1.5;-1.1;-2;-1.9;-2.3;;;;;;;;;;;;;;;;;43.2;55;;;1368;43;;
BER;01.01.1928 00:00;-2.2;4;0.9;0.7;0.7;0.6;;;;;;;;;;;;;;;;;63.4;105;;;3816;96;;
BER;01.02.1928 00:00;-2.3;6.5;2;0.9;0.5;1.3;;;;;;;;;;;;;;;;;59.7;108;;;8388;148;;
BER;01.03.1928 00:00;-0.2;8.8;4.2;-1;-0.5;-1.5;;;;;;;;;;;;;;;;;65.7;101;;;6030;66;;
BER;01.04.1928 00:00;1.8;12.9;7.3;-1.7;-1.6;-1.6;;;;;;;;;;;;;;;;;73.1;94;;;8976;83;;
BER;01.05.1928 00:00;3.9;15.5;9.8;-3.4;-3.7;-3.1;;;;;;;;;;;;;;;;;111.6;99;;;11934;101;;
BER;01.06.1928 00:00;9.1;21.8;15.4;-1.5;-2.2;-0.7;;;;;;;;;;;;;;;;;77.2;76;;;14982;112;;
BER;01.07.1928 00:00;12.5;27.6;20.3;1.5;-0.5;3;;;;;;;;;;;;;;;;;93.2;86;;;21264;145;;
BER;01.08.1928 00:00;11.7;25;17.9;-0.5;-1.2;0.8;;;;;;;;;;;;;;;;;116.4;104;;;14244;104;;
BER;01.09.1928 00:00;7.7;18.6;12.7;-1.4;-1.5;-0.8;;;;;;;;;;;;;;;;;109.9;126;;;8502;81;;
BER;01.10.1928 00:00;3.1;12.9;7.8;-1.7;-2.4;-1.1;;;;;;;;;;;;;;;;;107.4;124;;;6588;92;;
BER;01.11.1928 00:00;1.4;8.5;4.9;0.7;0.4;0.8;;;;;;;;;;;;;;;;;101.3;132;;;3882;98;;
BER;01.12.1928 00:00;-3.6;1.9;-0.5;-1.4;-1.5;-1.9;;;;;;;;;;;;;;;;;48.9;62;;;1770;56;;
BER;01.01.1929 00:00;-8.8;-2.5;-5.5;-5.7;-5.9;-5.9;;;;;;;;;;;;;;;;;10.4;17;;;3186;80;;
BER;01.02.1929 00:00;-12.4;-2.4;-7.3;-8.4;-9.6;-7.6;;;;;;;;;;;;;;;;;19.2;35;;;6366;112;;
BER;01.03.1929 00:00;-2.5;8.8;3.1;-2.1;-2.8;-1.5;;;;;;;;;;;;;;;;;14.1;22;;;11982;132;;
BER;01.04.1929 00:00;0.2;10.4;5.2;-3.8;-3.2;-4.1;;;;;;;;;;;;;;;;;75.2;96;;;8622;80;;
BER;01.05.1929 00:00;6.2;18.3;12.3;-0.9;-1.4;-0.3;;;;;;;;;;;;;;;;;71.8;64;;;11844;100;;
BER;01.06.1929 00:00;10.2;22;16.1;-0.8;-1.1;-0.5;;;;;;;;;;;;;;;;;76.5;75;;;13836;104;;
BER;01.07.1929 00:00;11.5;24.5;18.2;-0.6;-1.5;-0.1;;;;;;;;;;;;;;;;;102.1;95;;;16800;114;;
BER;01.08.1929 00:00;10.8;22.1;16.3;-2.1;-2.1;-2.1;;;;;;;;;;;;;;;;;93.5;83;;;12654;93;;
BER;01.09.1929 00:00;9.5;22.9;16;1.9;0.3;3.5;;;;;;;;;;;;;;;;;45.7;53;;;15983;152;;
BER;01.10.1929 00:00;4.1;13.6;8.8;-0.7;-1.4;-0.4;;;;;;;;;;;;;;;;;114.2;132;;;5640;79;;
BER;01.11.1929 00:00;-0.5;6.8;3.5;-0.7;-1.5;-0.9;;;;;;;;;;;;;;;;;52.3;68;;;4140;105;;
BER;01.12.1929 00:00;-0.8;5.5;2.8;1.9;1.3;1.7;;;;;;;;;;;;;;;;;129.5;165;;;4626;145;;
BER;01.01.1930 00:00;-1.6;4.1;1.4;1.2;1.3;0.7;;;;;;;;;;;;;;;;;37.2;62;;;3690;93;;
BER;01.02.1930 00:00;-3.6;3.4;-0.1;-1.2;-0.8;-1.8;;;;;;;;;;;;;;;;;25.5;46;;;5202;92;;
BER;01.03.1930 00:00;0;9.4;4.6;-0.6;-0.3;-0.9;;;;;;;;;;;;;;;;;68.4;105;;;6660;73;;
BER;01.04.1930 00:00;2.9;13.1;8.1;-0.9;-0.5;-1.4;;;;;;;;;;;;;;;;;147;188;;;8130;76;;
BER;01.05.1930 00:00;5.7;15.5;10.5;-2.7;-1.9;-3.1;;;;;;;;;;;;;;;;;132.9;118;;;7212;61;;
BER;01.06.1930 00:00;11.6;23.8;17.8;0.9;0.3;1.3;;;;;;;;;;;;;;;;;104.9;103;;;15090;113;;
BER;01.07.1930 00:00;10.4;21.4;15.9;-2.9;-2.6;-3.2;;;;;;;;;;;;;;;;;227;210;;;11202;76;;
BER;01.08.1930 00:00;10.6;22.4;16.2;-2.2;-2.3;-1.8;;;;;;;;;;;;;;;;;141.4;126;;;13800;101;;
BER;01.09.1930 00:00;9.1;19.2;13.8;-0.3;-0.1;-0.2;;;;;;;;;;;;;;;;;77.3;89;;;8238;78;;
BER;01.10.1930 00:00;3.6;12.9;8.1;-1.4;-1.9;-1.1;;;;;;;;;;;;;;;;;170.7;197;;;6318;88;;
BER;01.11.1930 00:00;1.6;10;5.7;1.5;0.6;2.3;;;;;;;;;;;;;;;;;115.1;150;;;4980;126;;
BER;01.12.1930 00:00;-2;2.9;0.6;-0.3;0.1;-0.9;;;;;;;;;;;;;;;;;44.1;56;;;2466;77;;
BER;01.01.1931 00:00;-3.6;2.4;-0.5;-0.7;-0.7;-1;;;;;;;;;;;;;;;;;94.1;156;;;4098;103;;
BER;01.02.1931 00:00;-5.4;2.1;-1.6;-2.7;-2.6;-3.1;;;;;;;;;;;;;;;;;60.2;108;;;4716;83;;
BER;01.03.1931 00:00;-4.6;5.7;0.5;-4.7;-4.9;-4.6;;;;;;;;;;;;;;;;;129.5;200;;;9102;100;;
BER;01.04.1931 00:00;1.5;12.1;6.9;-2.1;-1.9;-2.4;;;;;;;;;;;;;;;;;53.9;69;;;9354;87;;
BER;01.05.1931 00:00;7.8;20.4;14.2;1;0.2;1.8;;;;;;;;;;;;;;;;;105.7;94;;;11196;95;;
BER;01.06.1931 00:00;11;23.8;17.6;0.7;-0.3;1.3;;;;;;;;;;;;;;;;;124;122;;;14808;111;;
BER;01.07.1931 00:00;10.4;22;16.2;-2.6;-2.6;-2.6;;;;;;;;;;;;;;;;;178.1;165;;;12306;84;;
BER;01.08.1931 00:00;9.7;19.9;14.5;-3.9;-3.2;-4.3;;;;;;;;;;;;;;;;;203.8;181;;;9708;71;;
BER;01.09.1931 00:00;3.7;14.4;8.9;-5.2;-5.5;-5;;;;;;;;;;;;;;;;;69.6;80;;;8808;84;;
BER;01.10.1931 00:00;2;13.1;7.1;-2.4;-3.5;-0.9;;;;;;;;;;;;;;;;;77.3;89;;;10986;154;;
BER;01.11.1931 00:00;1.3;8.1;4.7;0.5;0.3;0.4;;;;;;;;;;;;;;;;;17.6;23;;;4458;113;;
BER;01.12.1931 00:00;-4.5;1.3;-1.3;-2.2;-2.4;-2.5;;;;;;;;;;;;;;;;;23.8;30;;;5010;157;;
BER;01.01.1932 00:00;-3.7;2.4;-0.7;-0.9;-0.8;-1;;;;;;;;;;;;;;;;;32.9;55;;;3930;99;;
BER;01.02.1932 00:00;-8.2;0;-3.9;-5;-5.4;-5.2;;;;;;;;;;;;;;;;;1.3;2;;;9486;168;;
BER;01.03.1932 00:00;-3.3;5.7;1.3;-3.9;-3.6;-4.6;;;;;;;;;;;;;;;;;83.3;128;;;6708;74;;
BER;01.04.1932 00:00;0.8;11.3;6.2;-2.8;-2.6;-3.2;;;;;;;;;;;;;;;;;60;77;;;9342;87;;
BER;01.05.1932 00:00;5.6;17.4;11;-2.2;-2;-1.2;;;;;;;;;;;;;;;;;180.9;161;;;10482;89;;
BER;01.06.1932 00:00;8.3;20.1;14.2;-2.7;-3;-2.4;;;;;;;;;;;;;;;;;116.7;115;;;12498;94;;
BER;01.07.1932 00:00;10.9;21.4;16;-2.8;-2.1;-3.2;;;;;;;;;;;;;;;;;149.3;138;;;9588;65;;
BER;01.08.1932 00:00;12.4;25.9;18.6;0.2;-0.5;1.7;;;;;;;;;;;;;;;;;129.1;115;;;15732;115;;
BER;01.09.1932 00:00;10.4;21.6;15.5;1.4;1.2;2.2;;;;;;;;;;;;;;;;;60.2;69;;;9462;90;;
BER;01.10.1932 00:00;3.8;13.1;8.3;-1.2;-1.7;-0.9;;;;;;;;;;;;;;;;;98;113;;;5454;76;;
BER;01.11.1932 00:00;0.7;7;4.1;-0.1;-0.3;-0.7;;;;;;;;;;;;;;;;;31.8;41;;;3306;84;;
BER;01.12.1932 00:00;-3.2;2.3;-0.4;-1.3;-1.1;-1.5;;;;;;;;;;;;;;;;;13.7;17;;;1818;57;;
BER;01.01.1933 00:00;-6.1;-0.8;-3.3;-3.5;-3.2;-4.2;;;;;;;;;;;;;;;;;13.1;22;;;2712;68;;
BER;01.02.1933 00:00;-3.8;4;-0.1;-1.2;-1;-1.2;;;;;;;;;;;;;;;;;53.2;96;;;5388;95;;
BER;01.03.1933 00:00;-0.8;9.1;4.1;-1.1;-1.1;-1.2;;;;;;;;;;;;;;;;;66.5;102;;;9438;104;;
BER;01.04.1933 00:00;2.5;14.4;8.4;-0.6;-0.9;-0.1;;;;;;;;;;;;;;;;;30.6;39;;;10842;101;;
BER;01.05.1933 00:00;5.3;15.9;10.6;-2.6;-2.3;-2.7;;;;;;;;;;;;;;;;;130.2;116;;;9978;84;;
BER;01.06.1933 00:00;7.4;18.1;12.7;-4.2;-3.9;-4.4;;;;;;;;;;;;;;;;;163.3;161;;;10398;78;;
BER;01.07.1933 00:00;11.4;24.5;18.2;-0.6;-1.6;-0.1;;;;;;;;;;;;;;;;;94.5;88;;;17874;121;;
BER;01.08.1933 00:00;11.4;25.3;18.2;-0.2;-1.5;1.1;;;;;;;;;;;;;;;;;32.4;29;;;16962;124;;
BER;01.09.1933 00:00;8.4;20.1;13.8;-0.3;-0.8;0.7;;;;;;;;;;;;;;;;;120.2;138;;;10338;98;;
BER;01.10.1933 00:00;4.4;13.4;8.5;-1;-1.1;-0.6;;;;;;;;;;;;;;;;;89.3;103;;;5790;81;;
BER;01.11.1933 00:00;-0.6;5.1;2.4;-1.8;-1.6;-2.6;;;;;;;;;;;;;;;;;39.3;51;;;1830;46;;
BER;01.12.1933 00:00;-7.7;-2.4;-4.8;-5.7;-5.6;-6.2;;;;;;;;;;;;;;;;;6;8;;;2088;66;;
BER;01.01.1934 00:00;-4.4;0.8;-1.7;-1.9;-1.5;-2.6;;;;;;;;;;;;;;;;;48.7;81;;;2208;56;;
BER;01.02.1934 00:00;-4.9;4;-0.9;-2;-2.1;-1.2;;;;;;;;;;;;;;;;;5.3;10;;;10098;178;;
BER;01.03.1934 00:00;-0.9;7.2;3.1;-2.1;-1.2;-3.1;;;;;;;;;;;;;;;;;67.3;104;;;5604;62;;
BER;01.04.1934 00:00;4;16.2;10.1;1.1;0.6;1.7;;;;;;;;;;;;;;;;;35.2;45;;;11412;106;;
BER;01.05.1934 00:00;7.4;20.5;13.9;0.7;-0.2;1.9;;;;;;;;;;;;;;;;;19.8;18;;;14844;125;;
BER;01.06.1934 00:00;9.2;22;15.7;-1.2;-2.1;-0.5;;;;;;;;;;;;;;;;;188.7;186;;;13950;104;;
BER;01.07.1934 00:00;11.3;24.5;18.2;-0.6;-1.7;-0.1;;;;;;;;;;;;;;;;;88.2;82;;;17568;119;;
BER;01.08.1934 00:00;10.4;21.6;15.6;-2.8;-2.5;-2.6;;;;;;;;;;;;;;;;;144.3;128;;;11754;86;;
BER;01.09.1934 00:00;9.1;21.4;14.6;0.5;-0.1;2;;;;;;;;;;;;;;;;;57.7;66;;;12576;120;;
BER;01.10.1934 00:00;2.9;13.2;7.9;-1.6;-2.6;-0.8;;;;;;;;;;;;;;;;;92;106;;;8484;119;;
BER;01.11.1934 00:00;-1.3;5.2;2.1;-2.1;-2.3;-2.5;;;;;;;;;;;;;;;;;44.3;58;;;4836;122;;
BER;01.12.1934 00:00;0.3;6.1;3.5;2.6;2.4;2.3;;;;;;;;;;;;;;;;;59.2;75;;;2148;67;;
BER;01.01.1935 00:00;-5.9;0;-2.7;-2.9;-3;-3.4;;;;;;;;;;;;;;;;;32;53;;;3156;80;;
BER;01.02.1935 00:00;-2.1;4.8;1;-0.1;0.7;-0.4;;;;;;;;;;;;;;;;;140.3;253;;;4014;71;;
BER;01.03.1935 00:00;-2.1;7.6;2.6;-2.6;-2.4;-2.7;;;;;;;;;;;;;;;;;63.9;98;;;10626;117;;
BER;01.04.1935 00:00;2.5;11.6;7.1;-1.9;-0.9;-2.9;;;;;;;;;;;;;;;;;125.9;161;;;5982;56;;
BER;01.05.1935 00:00;4.4;16.2;10.3;-2.9;-3.2;-2.4;;;;;;;;;;;;;;;;;75.8;67;;;11664;99;;
BER;01.06.1935 00:00;10.7;23.4;17.1;0.2;-0.6;0.9;;;;;;;;;;;;;;;;;137.5;135;;;16170;121;;
BER;01.07.1935 00:00;11.8;24.8;18.5;-0.3;-1.2;0.2;;;;;;;;;;;;;;;;;81.6;76;;;18402;125;;
BER;01.08.1935 00:00;9.7;22.4;15.8;-2.6;-3.2;-1.8;;;;;;;;;;;;;;;;;99.6;89;;;13104;96;;
BER;01.09.1935 00:00;8.3;20.3;13.8;-0.3;-0.9;0.9;;;;;;;;;;;;;;;;;129;148;;;12924;123;;
BER;01.10.1935 00:00;4.6;11.6;8.2;-1.3;-0.9;-2.4;;;;;;;;;;;;;;;;;153.9;178;;;2886;40;;
BER;01.11.1935 00:00;0.9;7.6;4.4;0.2;-0.1;-0.1;;;;;;;;;;;;;;;;;59.7;78;;;4272;108;;
BER;01.12.1935 00:00;-4.3;1.6;-1.4;-2.3;-2.2;-2.2;;;;;;;;;;;;;;;;;118;150;;;1614;51;;
BER;01.01.1936 00:00;-0.3;5.8;2.9;2.7;2.6;2.4;;;;;;;;;;;;;;;;;93.9;156;;;2568;65;;
BER;01.02.1936 00:00;-2;4.4;0.9;-0.2;0.8;-0.8;;;;;;;;;;;;;;;;;101.3;183;;;5304;94;;
BER;01.03.1936 00:00;0.5;11.1;5.4;0.2;0.2;0.8;;;;;;;;;;;;;;;;;36.4;56;;;9924;109;;
BER;01.04.1936 00:00;2.1;12;6.9;-2.1;-1.3;-2.5;;;;;;;;;;;;;;;;;125.7;161;;;6594;61;;
BER;01.05.1936 00:00;6.9;18;12.3;-0.9;-0.7;-0.6;;;;;;;;;;;;;;;;;121.7;108;;;12450;105;;
BER;01.06.1936 00:00;9.8;19.6;14.7;-2.2;-1.5;-2.9;;;;;;;;;;;;;;;;;143;141;;;8814;66;;
BER;01.07.1936 00:00;11.1;21.2;15.8;-3;-1.9;-3.4;;;;;;;;;;;;;;;;;214.4;199;;;10932;74;;
BER;01.08.1936 00:00;10.6;21.8;16.2;-2.2;-2.3;-2.4;;;;;;;;;;;;;;;;;61.5;55;;;14010;102;;
BER;01.09.1936 00:00;9;17.9;13.2;-0.9;-0.2;-1.5;;;;;;;;;;;;;;;;;170.5;196;;;7901;75;;
BER;01.10.1936 00:00;0.6;9.3;4.9;-4.6;-4.9;-4.7;;;;;;;;;;;;;;;;;60.3;70;;;6456;90;;
BER;01.11.1936 00:00;0.1;5.7;3.1;-1.1;-0.9;-2;;;;;;;;;;;;;;;;;57.9;75;;;1818;46;;
BER;01.12.1936 00:00;-2.4;3.1;0.5;-0.4;-0.3;-0.7;;;;;;;;;;;;;;;;;34;43;;;2886;91;;
BER;01.01.1937 00:00;-2.5;4.1;0.7;0.5;0.4;0.7;;;;;;;;;;;;;;;;;62.2;103;;;4836;122;;
BER;01.02.1937 00:00;-0.3;6.4;2.8;1.7;2.5;1.2;;;;;;;;;;;;;;;;;115.5;208;;;3084;54;;
BER;01.03.1937 00:00;-1;6.5;2.5;-2.7;-1.3;-3.8;;;;;;;;;;;;;;;;;177.9;274;;;6012;66;;
BER;01.04.1937 00:00;2.7;12.4;7.6;-1.4;-0.7;-2.1;;;;;;;;;;;;;;;;;110.9;142;;;8670;81;;
BER;01.05.1937 00:00;7.6;19.1;13.6;0.4;0;0.5;;;;;;;;;;;;;;;;;73.7;66;;;12720;108;;
BER;01.06.1937 00:00;10.5;21.5;16;-0.9;-0.8;-1;;;;;;;;;;;;;;;;;156.4;154;;;12054;90;;
BER;01.07.1937 00:00;11.5;23.3;17.7;-1.1;-1.5;-1.3;;;;;;;;;;;;;;;;;86.7;80;;;15006;102;;
BER;01.08.1937 00:00;11.1;22.7;16.8;-1.6;-1.8;-1.5;;;;;;;;;;;;;;;;;84.9;76;;;12636;92;;
BER;01.09.1937 00:00;7.8;17.2;12.3;-1.8;-1.4;-2.2;;;;;;;;;;;;;;;;;127.2;146;;;7584;72;;
BER;01.10.1937 00:00;3.7;13;8.1;-1.4;-1.8;-1;;;;;;;;;;;;;;;;;21.1;24;;;7200;101;;
BER;01.11.1937 00:00;-1.4;5.8;2.2;-2;-2.4;-1.9;;;;;;;;;;;;;;;;;44;57;;;4788;121;;
BER;01.12.1937 00:00;-4.7;0.9;-1.6;-2.5;-2.6;-2.9;;;;;;;;;;;;;;;;;71.1;91;;;2994;94;;
BER;01.01.1938 00:00;-3.2;2.7;-0.2;-0.4;-0.3;-0.7;;;;;;;;;;;;;;;;;77.3;128;;;2022;51;;
BER;01.02.1938 00:00;-4;3.4;-0.7;-1.8;-1.2;-1.8;;;;;;;;;;;;;;;;;11.2;20;;;5550;98;;
BER;01.03.1938 00:00;-0.1;12.9;6.1;0.9;-0.4;2.6;;;;;;;;;;;;;;;;;24.7;38;;;15168;167;;
BER;01.04.1938 00:00;-0.6;11;5.1;-3.9;-4;-3.5;;;;;;;;;;;;;;;;;20;26;;;14754;137;;
BER;01.05.1938 00:00;5;16.2;10.5;-2.7;-2.6;-2.4;;;;;;;;;;;;;;;;;97.1;86;;;10386;88;;
BER;01.06.1938 00:00;10.4;22.5;16.5;-0.4;-0.9;0;;;;;;;;;;;;;;;;;168.8;166;;;15443;116;;
BER;01.07.1938 00:00;10.6;22.3;16.5;-2.3;-2.4;-2.3;;;;;;;;;;;;;;;;;225.4;209;;;14460;98;;
BER;01.08.1938 00:00;11;21.9;16.2;-2.2;-1.9;-2.3;;;;;;;;;;;;;;;;;162.5;145;;;12372;91;;
BER;01.09.1938 00:00;8.9;19;13.7;-0.4;-0.3;-0.4;;;;;;;;;;;;;;;;;83.4;96;;;9834;94;;
BER;01.10.1938 00:00;3.8;12.9;8.1;-1.4;-1.7;-1.1;;;;;;;;;;;;;;;;;54.9;63;;;7410;104;;
BER;01.11.1938 00:00;0.5;10;4.9;0.7;-0.5;2.3;;;;;;;;;;;;;;;;;51.4;67;;;7038;178;;
BER;01.12.1938 00:00;-6.2;0.4;-2.6;-3.5;-4.1;-3.4;;;;;;;;;;;;;;;;;41.3;53;;;2220;70;;
BER;01.01.1939 00:00;-3.2;3.2;-0.1;-0.3;-0.3;-0.2;;;;;;;;;;;;;;;;;50.9;84;;;3174;80;;
BER;01.02.1939 00:00;-3.9;4.3;-0.1;-1.2;-1.1;-0.9;;;;;;;;;;;;;;;;;16.6;30;;;6228;110;;
BER;01.03.1939 00:00;-2.8;5.4;1;-4.2;-3.1;-4.9;;;;;;;;;;;;;;;;;67.2;104;;;6666;73;;
BER;01.04.1939 00:00;3.7;14.4;9;0;0.3;-0.1;;;;;;;;;;;;;;;;;79.3;102;;;8952;83;;
BER;01.05.1939 00:00;4.6;12.8;8.7;-4.5;-3;-5.8;;;;;;;;;;;;;;;;;181.2;161;;;5082;43;;
BER;01.06.1939 00:00;9;20.5;15.1;-1.8;-2.3;-2;;;;;;;;;;;;;;;;;139.7;138;;;11250;84;;
BER;01.07.1939 00:00;10.2;21.2;15.8;-3;-2.8;-3.4;;;;;;;;;;;;;;;;;126.6;117;;;14328;97;;
BER;01.08.1939 00:00;11.2;21.6;16.4;-2;-1.7;-2.6;;;;;;;;;;;;;;;;;56.7;50;;;11634;85;;
BER;01.09.1939 00:00;7.8;16.9;12.1;-2;-1.4;-2.5;;;;;;;;;;;;;;;;;95;109;;;7638;73;;
BER;01.10.1939 00:00;3.5;10.3;7;-2.5;-2;-3.7;;;;;;;;;;;;;;;;;174.1;201;;;2976;42;;
BER;01.11.1939 00:00;2;8.7;5.6;1.4;1;1;;;;;;;;;;;;;;;;;79.8;104;;;3528;89;;
BER;01.12.1939 00:00;-4.2;0.8;-1.4;-2.3;-2.1;-3;;;;;;;;;;;;;;;;;41.8;53;;;2058;65;;
BER;01.01.1940 00:00;-9.1;-3.1;-5.8;-6;-6.2;-6.5;;;;;;;;;;;;;;;;;28;46;;;2544;64;;
BER;01.02.1940 00:00;-3.6;4.3;0.1;-1;-0.8;-0.9;;;;;;;;;;;;;;;;;32.3;58;;;3474;61;;
BER;01.03.1940 00:00;-0.6;8.9;3.8;-1.4;-0.9;-1.4;;;;;;;;;;;;;;;;;72;111;;;8526;94;;
BER;01.04.1940 00:00;2.5;13.8;7.9;-1.1;-0.9;-0.7;;;;;;;;;;;;;;;;;90;115;;;9372;87;;
BER;01.05.1940 00:00;5.8;17.4;11.6;-1.6;-1.8;-1.2;;;;;;;;;;;;;;;;;67.5;60;;;13188;111;;
BER;01.06.1940 00:00;8.9;19.3;14.5;-2.4;-2.4;-3.2;;;;;;;;;;;;;;;;;116.3;115;;;12330;92;;
BER;01.07.1940 00:00;9.9;20.7;15.4;-3.4;-3.1;-3.9;;;;;;;;;;;;;;;;;213.4;198;;;12498;85;;
BER;01.08.1940 00:00;9.6;20.4;15.1;-3.3;-3.3;-3.8;;;;;;;;;;;;;;;;;72.2;64;;;14892;109;;
BER;01.09.1940 00:00;8.1;18.8;13.3;-0.8;-1.1;-0.6;;;;;;;;;;;;;;;;;202.4;233;;;10320;98;;
BER;01.10.1940 00:00;4;11.6;7.6;-1.9;-1.5;-2.4;;;;;;;;;;;;;;;;;50.5;58;;;4092;57;;
BER;01.11.1940 00:00;0.7;7.2;4.2;0;-0.3;-0.5;;;;;;;;;;;;;;;;;154.7;201;;;4230;107;;
BER;01.12.1940 00:00;-8.1;-2.3;-4.9;-5.8;-6;-6.1;;;;;;;;;;;;;;;;;46.5;59;;;1572;49;;
BER;01.01.1941 00:00;-6.4;-1;-3.7;-3.9;-3.5;-4.4;;;;;;;;;;;;;;;;;35.5;59;;;1452;37;;
BER;01.02.1941 00:00;-3.5;4.1;-0.1;-1.2;-0.7;-1.1;;;;;;;;;;;;;;;;;25.9;47;;;4200;74;;
BER;01.03.1941 00:00;-0.5;9.7;4.2;-1;-0.8;-0.6;;;;;;;;;;;;;;;;;82.7;127;;;9366;103;;
BER;01.04.1941 00:00;0.8;11;5.9;-3.1;-2.6;-3.5;;;;;;;;;;;;;;;;;68.6;88;;;8892;83;;
BER;01.05.1941 00:00;2.7;13.5;8.2;-5;-4.9;-5.1;;;;;;;;;;;;;;;;;127.3;113;;;9540;81;;
BER;01.06.1941 00:00;9.5;21.3;15.8;-1.1;-1.8;-1.2;;;;;;;;;;;;;;;;;96.6;95;;;14310;107;;
BER;01.07.1941 00:00;12;24.2;18.2;-0.6;-1;-0.4;;;;;;;;;;;;;;;;;65.2;60;;;15593;106;;
BER;01.08.1941 00:00;9.9;20.7;15.1;-3.3;-3;-3.5;;;;;;;;;;;;;;;;;165.4;147;;;11334;83;;
BER;01.09.1941 00:00;6.4;17.4;12.1;-2;-2.8;-2;;;;;;;;;;;;;;;;;15.6;18;;;11022;105;;
BER;01.10.1941 00:00;2.7;11.1;7;-2.5;-2.8;-2.9;;;;;;;;;;;;;;;;;48.2;56;;;5112;72;;
BER;01.11.1941 00:00;-0.7;5.3;2.5;-1.7;-1.7;-2.4;;;;;;;;;;;;;;;;;36.3;47;;;2142;54;;
BER;01.12.1941 00:00;-4.2;2;-1.1;-2;-2.1;-1.8;;;;;;;;;;;;;;;;;25.5;32;;;4344;136;;
BER;01.01.1942 00:00;-9.1;-2.9;-6;-6.2;-6.2;-6.3;;;;;;;;;;;;;;;;;63.1;105;;;2886;73;;
BER;01.02.1942 00:00;-7.6;-1.1;-4.6;-5.7;-4.8;-6.3;;;;;;;;;;;;;;;;;8.5;15;;;2910;51;;
BER;01.03.1942 00:00;-0.1;9.2;3.9;-1.3;-0.4;-1.1;;;;;;;;;;;;;;;;;39.1;60;;;6942;76;;
BER;01.04.1942 00:00;3;13.2;7.8;-1.2;-0.4;-1.3;;;;;;;;;;;;;;;;;63.3;81;;;10968;102;;
BER;01.05.1942 00:00;5.9;18.2;11.8;-1.4;-1.7;-0.4;;;;;;;;;;;;;;;;;86.2;77;;;11928;101;;
BER;01.06.1942 00:00;9.5;21.2;15.7;-1.2;-1.8;-1.3;;;;;;;;;;;;;;;;;128.5;127;;;16896;127;;
BER;01.07.1942 00:00;11;22.7;16.7;-2.1;-2;-1.9;;;;;;;;;;;;;;;;;110;102;;;13956;95;;
BER;01.08.1942 00:00;11;23.2;16.8;-1.6;-1.9;-1;;;;;;;;;;;;;;;;;59.3;53;;;14490;106;;
BER;01.09.1942 00:00;9.8;21;14.8;0.7;0.6;1.6;;;;;;;;;;;;;;;;;120.6;139;;;12582;120;;
BER;01.10.1942 00:00;5.8;15.9;10.2;0.7;0.3;1.9;;;;;;;;;;;;;;;;;59;68;;;8994;126;;
BER;01.11.1942 00:00;-1.3;4.1;1.2;-3;-2.3;-3.6;;;;;;;;;;;;;;;;;29.4;38;;;3636;92;;
BER;01.12.1942 00:00;-3.3;2.9;-0.5;-1.4;-1.2;-0.9;;;;;;;;;;;;;;;;;23.5;30;;;2922;92;;
BER;01.01.1943 00:00;-4;2.3;-1.3;-1.5;-1.1;-1.1;;;;;;;;;;;;;;;;;53.5;89;;;4692;118;;
BER;01.02.1943 00:00;-2.3;6;1;-0.1;0.5;0.8;;;;;;;;;;;;;;;;;37.7;68;;;7650;135;;
BER;01.03.1943 00:00;0.2;11.1;5.4;0.2;-0.1;0.8;;;;;;;;;;;;;;;;;41.8;64;;;9624;106;;
BER;01.04.1943 00:00;3;15.2;9;0;-0.4;0.7;;;;;;;;;;;;;;;;;42.8;55;;;12612;117;;
BER;01.05.1943 00:00;6.9;18.9;12.9;-0.3;-0.7;0.3;;;;;;;;;;;;;;;;;95.1;85;;;13362;113;;
BER;01.06.1943 00:00;8.9;19.7;14.3;-2.6;-2.4;-2.8;;;;;;;;;;;;;;;;;122.2;120;;;13764;103;;
BER;01.07.1943 00:00;11.2;23.9;17.4;-1.4;-1.8;-0.7;;;;;;;;;;;;;;;;;124.8;116;;;16158;110;;
BER;01.08.1943 00:00;12.5;25.4;18.5;0.1;-0.4;1.2;;;;;;;;;;;;;;;;;54.9;49;;;15918;116;;
BER;01.09.1943 00:00;9.3;19.1;13.7;-0.4;0.1;-0.3;;;;;;;;;;;;;;;;;142.8;164;;;7890;75;;
BER;01.10.1943 00:00;5.8;15;9.8;0.3;0.3;1;;;;;;;;;;;;;;;;;3;3;;;8166;114;;
BER;01.11.1943 00:00;-1.1;5.5;1.9;-2.3;-2.1;-2.2;;;;;;;;;;;;;;;;;55.6;72;;;3594;91;;
BER;01.12.1943 00:00;-2.6;2.1;-0.3;-1.2;-0.5;-1.7;;;;;;;;;;;;;;;;;16.7;21;;;1752;55;;
BER;01.01.1944 00:00;-3;3.6;-0.3;-0.5;-0.1;0.2;;;;;;;;;;;;;;;;;38;63;;;4878;123;;
BER;01.02.1944 00:00;-5.6;0.5;-3.1;-4.2;-2.8;-4.7;;;;;;;;;;;;;;;;;45.5;82;;;2772;49;;
BER;01.03.1944 00:00;-3;5.5;0.9;-4.3;-3.3;-4.8;;;;;;;;;;;;;;;;;8.9;14;;;6924;76;;
BER;01.04.1944 00:00;3.9;15.4;9.6;0.6;0.5;0.9;;;;;;;;;;;;;;;;;53.8;69;;;10764;100;;
BER;01.05.1944 00:00;5.4;17.7;11.7;-1.5;-2.2;-0.9;;;;;;;;;;;;;;;;;40.4;36;;;14082;119;;
BER;01.06.1944 00:00;8.7;19.8;14.1;-2.8;-2.6;-2.7;;;;;;;;;;;;;;;;;101.4;100;;;12840;96;;
BER;01.07.1944 00:00;11.1;22.6;16.9;-1.9;-1.9;-2;;;;;;;;;;;;;;;;;143.1;133;;;13350;91;;
BER;01.08.1944 00:00;13.4;26.2;19.7;1.3;0.5;2;;;;;;;;;;;;;;;;;90.1;80;;;16302;119;;
BER;01.09.1944 00:00;8.1;17.3;12.2;-1.9;-1.1;-2.1;;;;;;;;;;;;;;;;;151.7;174;;;7512;71;;
BER;01.10.1944 00:00;3.5;10.8;6.8;-2.7;-2;-3.2;;;;;;;;;;;;;;;;;89.1;103;;;4914;69;;
BER;01.11.1944 00:00;-0.6;6.6;2.8;-1.4;-1.6;-1.1;;;;;;;;;;;;;;;;;155.3;202;;;3582;90;;
BER;01.12.1944 00:00;-4.1;1.5;-1.6;-2.5;-2;-2.3;;;;;;;;;;;;;;;;;98.4;125;;;2844;89;;
BER;01.01.1945 00:00;-10.4;-2.9;-6.9;-7.1;-7.5;-6.3;;;;;;;;;;;;;;;;;34.2;57;;;2238;56;;
BER;01.02.1945 00:00;-1.1;7.3;2.4;1.3;1.7;2.1;;;;;;;;;;;;;;;;;40.9;74;;;5694;101;;
BER;01.03.1945 00:00;0.7;10.7;5.2;0;0.4;0.4;;;;;;;;;;;;;;;;;41.3;64;;;9486;105;;
BER;01.04.1945 00:00;3.8;16.2;9.7;0.7;0.4;1.7;;;;;;;;;;;;;;;;;41.4;53;;;14178;132;;
BER;01.05.1945 00:00;7.7;20.7;13.9;0.7;0.1;2.1;;;;;;;;;;;;;;;;;109.8;98;;;15360;130;;
BER;01.06.1945 00:00;10.6;24.3;17.6;0.7;-0.7;1.8;;;;;;;;;;;;;;;;;82.8;82;;;18348;137;;
BER;01.07.1945 00:00;11.6;25.6;18.8;0;-1.4;1;;;;;;;;;;;;;;;;;49.4;46;;;18144;123;;
BER;01.08.1945 00:00;10.8;22.2;16.3;-2.1;-2.1;-2;;;;;;;;;;;;;;;;;146.7;131;;;12462;91;;
BER;01.09.1945 00:00;9;19.9;13.9;-0.2;-0.2;0.5;;;;;;;;;;;;;;;;;82.6;95;;;12078;115;;
BER;01.10.1945 00:00;3.2;13.4;7.6;-1.9;-2.3;-0.6;;;;;;;;;;;;;;;;;38.9;45;;;8778;123;;
BER;01.11.1945 00:00;-1;4.3;1.4;-2.8;-2;-3.4;;;;;;;;;;;;;;;;;21.6;28;;;2628;66;;
BER;01.12.1945 00:00;-3.3;2.7;-0.6;-1.5;-1.2;-1.1;;;;;;;;;;;;;;;;;63.4;81;;;2106;66;;
BER;01.01.1946 00:00;-5.9;0.2;-3.3;-3.5;-3;-3.2;;;;;;;;;;;;;;;;;40.8;68;;;3732;94;;
BER;01.02.1946 00:00;0.1;6.3;2.7;1.6;2.9;1.1;;;;;;;;;;;;;;;;;49.4;89;;;3582;63;;
BER;01.03.1946 00:00;0.4;9.8;4.6;-0.6;0.1;-0.5;;;;;;;;;;;;;;;;;25.5;39;;;8111;89;;
BER;01.04.1946 00:00;4.4;16.6;10.2;1.2;1;2.1;;;;;;;;;;;;;;;;;39;50;;;11700;109;;
BER;01.05.1946 00:00;7.2;18.6;12.4;-0.8;-0.4;0;;;;;;;;;;;;;;;;;113;101;;;10812;91;;
BER;01.06.1946 00:00;9.2;19.6;14.3;-2.6;-2.1;-2.9;;;;;;;;;;;;;;;;;208;205;;;10458;78;;
BER;01.07.1946 00:00;11.7;23.9;18;-0.8;-1.3;-0.7;;;;;;;;;;;;;;;;;123.7;115;;;15792;107;;
BER;01.08.1946 00:00;10.5;22.5;16;-2.4;-2.4;-1.7;;;;;;;;;;;;;;;;;141.4;126;;;14304;105;;
BER;01.09.1946 00:00;8.4;19.8;13.7;-0.4;-0.8;0.4;;;;;;;;;;;;;;;;;123.9;142;;;11880;113;;
BER;01.10.1946 00:00;2.9;11.6;6.8;-2.7;-2.6;-2.4;;;;;;;;;;;;;;;;;41.6;48;;;5928;83;;
BER;01.11.1946 00:00;-0.6;6.7;2.7;-1.5;-1.6;-1;;;;;;;;;;;;;;;;;37.5;49;;;4452;112;;
BER;01.12.1946 00:00;-4.2;0.3;-2.3;-3.2;-2.1;-3.5;;;;;;;;;;;;;;;;;27.4;35;;;1122;35;;
BER;01.01.1947 00:00;-6.9;-0.6;-3.9;-4.1;-4;-4;;;;;;;;;;;;;;;;;50.2;83;;;4332;109;;
BER;01.02.1947 00:00;-5.1;1.1;-2.4;-3.5;-2.3;-4.1;;;;;;;;;;;;;;;;;29.4;53;;;2946;52;;
BER;01.03.1947 00:00;-0.4;8.6;4;-1.2;-0.7;-1.7;;;;;;;;;;;;;;;;;131.7;203;;;4254;47;;
BER;01.04.1947 00:00;4.1;16.8;10.5;1.5;0.7;2.3;;;;;;;;;;;;;;;;;24.1;31;;;13086;122;;
BER;01.05.1947 00:00;7.8;19.5;14;0.8;0.2;0.9;;;;;;;;;;;;;;;;;45.8;41;;;10308;87;;
BER;01.06.1947 00:00;10.6;23.9;17.7;0.8;-0.7;1.4;;;;;;;;;;;;;;;;;68.2;67;;;16956;127;;
BER;01.07.1947 00:00;12.2;26.2;19.8;1;-0.8;1.6;;;;;;;;;;;;;;;;;91.8;85;;;16728;114;;
BER;01.08.1947 00:00;12.8;27;20.3;1.9;-0.1;2.8;;;;;;;;;;;;;;;;;17.3;15;;;18324;134;;
BER;01.09.1947 00:00;9.2;23.7;16.3;2.2;0;4.3;;;;;;;;;;;;;;;;;31.7;36;;;14154;135;;
BER;01.10.1947 00:00;3.9;14;8.7;-0.8;-1.6;0;;;;;;;;;;;;;;;;;25.4;29;;;8424;118;;
BER;01.11.1947 00:00;1.8;9.9;5.7;1.5;0.8;2.2;;;;;;;;;;;;;;;;;103.9;135;;;5124;129;;
BER;01.12.1947 00:00;-2.4;3.2;0.8;-0.1;-0.3;-0.6;;;;;;;;;;;;;;;;;53.3;68;;;2394;75;;
BER;01.01.1948 00:00;-0.8;5.2;2.4;2.2;2.1;1.8;;;;;;;;;;;;;;;;;129.2;214;;;2916;74;;
BER;01.02.1948 00:00;-2.7;5.4;0.8;-0.3;0.1;0.2;;;;;;;;;;;;;;;;;32.3;58;;;4962;88;;
BER;01.03.1948 00:00;1.2;13.9;7.4;2.2;0.9;3.6;;;;;;;;;;;;;;;;;6.5;10;;;14850;164;;
BER;01.04.1948 00:00;2.8;14.1;8.6;-0.4;-0.6;-0.4;;;;;;;;;;;;;;;;;66.6;85;;;11226;104;;
BER;01.05.1948 00:00;7;18.5;13.3;0.1;-0.6;-0.1;;;;;;;;;;;;;;;;;66.5;59;;;13680;116;;
BER;01.06.1948 00:00;8.8;20.3;14.9;-2;-2.5;-2.2;;;;;;;;;;;;;;;;;125.8;124;;;12312;92;;
BER;01.07.1948 00:00;9.2;19.9;14.9;-3.9;-3.8;-4.7;;;;;;;;;;;;;;;;;193.2;179;;;9540;65;;
BER;01.08.1948 00:00;11.1;21.8;16.2;-2.2;-1.8;-2.4;;;;;;;;;;;;;;;;;136.2;121;;;11058;81;;
BER;01.09.1948 00:00;7.5;19;13.1;-1;-1.7;-0.4;;;;;;;;;;;;;;;;;65.4;75;;;11580;110;;
BER;01.10.1948 00:00;4.3;14.1;8.8;-0.7;-1.2;0.1;;;;;;;;;;;;;;;;;37.9;44;;;7350;103;;
BER;01.11.1948 00:00;-0.2;6.9;3.2;-1;-1.2;-0.8;;;;;;;;;;;;;;;;;55.2;72;;;4386;111;;
BER;01.12.1948 00:00;-4;2.3;-0.8;-1.7;-1.9;-1.5;;;;;;;;;;;;;;;;;29.3;37;;;3918;123;;
BER;01.01.1949 00:00;-4.1;2.7;-0.9;-1.1;-1.2;-0.7;;;;;;;;;;;;;;;;;34.3;57;;;6222;157;;
BER;01.02.1949 00:00;-4.1;6.4;0.4;-0.7;-1.3;1.2;;;;;;;;;;;;;;;;;10.6;19;;;10734;190;;
BER;01.03.1949 00:00;-2.8;7.4;2.1;-3.1;-3.1;-2.9;;;;;;;;;;;;;;;;;56.8;88;;;10464;115;;
BER;01.04.1949 00:00;4.5;17.6;10.9;1.9;1.1;3.1;;;;;;;;;;;;;;;;;82.2;105;;;12204;113;;
BER;01.05.1949 00:00;5.7;15.2;10.5;-2.7;-1.9;-3.4;;;;;;;;;;;;;;;;;102.5;91;;;7092;60;;
BER;01.06.1949 00:00;8.8;21.4;15.7;-1.2;-2.5;-1.1;;;;;;;;;;;;;;;;;39.6;39;;;18378;138;;
BER;01.07.1949 00:00;11.4;26.6;19.7;0.9;-1.6;2;;;;;;;;;;;;;;;;;17.4;16;;;20004;136;;
BER;01.08.1949 00:00;11.2;24.8;18.1;-0.3;-1.7;0.6;;;;;;;;;;;;;;;;;74.5;66;;;15090;110;;
BER;01.09.1949 00:00;11.4;23.1;16.9;2.8;2.2;3.7;;;;;;;;;;;;;;;;;61.1;70;;;11820;112;;
BER;01.10.1949 00:00;5.7;16.1;10.5;1;0.2;2.1;;;;;;;;;;;;;;;;;17;20;;;10062;141;;
BER;01.11.1949 00:00;-0.5;5.7;2.8;-1.4;-1.5;-2;;;;;;;;;;;;;;;;;70.1;91;;;3174;80;;
BER;01.12.1949 00:00;-1.4;5;1.8;0.9;0.7;1.2;;;;;;;;;;;;;;;;;66.7;85;;;2598;82;;
BER;01.01.1950 00:00;-4.3;2.3;-1.2;-1.4;-1.4;-1.1;;;;;;;;;;;;;;;;;43.8;73;;;3438;87;;
BER;01.02.1950 00:00;-1.7;6.8;2.3;1.2;1.1;1.6;;;;;;;;;;;;;;;;;55;99;;;5094;90;;
BER;01.03.1950 00:00;-0.3;10.3;4.8;-0.4;-0.6;0;;;;;;;;;;;;;;;;;14.4;22;;;11526;127;;
BER;01.04.1950 00:00;1.7;11.4;6.4;-2.6;-1.7;-3.1;;;;;;;;;;;;;;;;;117.3;150;;;7218;67;;
BER;01.05.1950 00:00;7.8;20.3;13.8;0.6;0.2;1.7;;;;;;;;;;;;;;;;;120.9;108;;;14106;119;;
BER;01.06.1950 00:00;10.9;24.8;18.1;1.2;-0.4;2.3;;;;;;;;;;;;;;;;;87.2;86;;;17646;132;;
BER;01.07.1950 00:00;13.2;26.5;19.9;1.1;0.2;1.9;;;;;;;;;;;;;;;;;73.7;68;;;17064;116;;
BER;01.08.1950 00:00;11.4;23.2;17.1;-1.3;-1.5;-1;;;;;;;;;;;;;;;;;137.1;122;;;13464;99;;
BER;01.09.1950 00:00;8.2;18.3;13;-1.1;-1;-1.1;;;;;;;;;;;;;;;;;122.8;141;;;8658;82;;
BER;01.10.1950 00:00;4;12.8;8.1;-1.4;-1.5;-1.2;;;;;;;;;;;;;;;;;37.8;44;;;7710;108;;
BER;01.11.1950 00:00;0.6;7.6;4.4;0.2;-0.4;-0.1;;;;;;;;;;;;;;;;;270.5;352;;;2298;58;;
BER;01.12.1950 00:00;-4.8;0.1;-2.2;-3.1;-2.7;-3.7;;;;;;;;;;;;;;;;;41.3;53;;;1824;57;;
BER;01.01.1951 00:00;-3.2;2.7;0;-0.2;-0.3;-0.7;;;;;;;;;;;;;;;;;66.4;110;;;2556;64;;
BER;01.02.1951 00:00;-1.3;4.4;1.2;0.1;1.5;-0.8;;;;;;;;;;;;;;;;;108.5;195;;;4308;76;;
BER;01.03.1951 00:00;-1;7.2;2.9;-2.3;-1.3;-3.1;;;;;;;;;;;;;;;;;104.7;161;;;5694;63;;
BER;01.04.1951 00:00;2.5;13.4;7.7;-1.3;-0.9;-1.1;;;;;;;;;;;;;;;;;116.9;150;;;10236;95;;
BER;01.05.1951 00:00;5.9;16.5;11.2;-2;-1.7;-2.1;;;;;;;;;;;;;;;;;75.2;67;;;8910;75;;
BER;01.06.1951 00:00;9.6;20.5;15.1;-1.8;-1.7;-2;;;;;;;;;;;;;;;;;95.8;94;;;11820;89;;
BER;01.07.1951 00:00;11.3;23.5;17.7;-1.1;-1.7;-1.1;;;;;;;;;;;;;;;;;151;140;;;16458;112;;
BER;01.08.1951 00:00;11;21.8;16.1;-2.3;-1.9;-2.4;;;;;;;;;;;;;;;;;162;144;;;11448;84;;
BER;01.09.1951 00:00;9.1;19.3;14;-0.1;-0.1;-0.1;;;;;;;;;;;;;;;;;57.2;66;;;9252;88;;
BER;01.10.1951 00:00;3.7;11.9;7.6;-1.9;-1.8;-2.1;;;;;;;;;;;;;;;;;66;76;;;6330;89;;
BER;01.11.1951 00:00;1.6;8.4;4.9;0.7;0.6;0.7;;;;;;;;;;;;;;;;;113.3;147;;;3702;94;;
BER;01.12.1951 00:00;-4;2.8;-0.6;-1.5;-1.9;-1;;;;;;;;;;;;;;;;;60.9;78;;;5718;180;;
BER;01.01.1952 00:00;-5.2;0.9;-2.1;-2.3;-2.3;-2.5;;;;;;;;;;;;;;;;;92;153;;;3426;86;;
BER;01.02.1952 00:00;-5.4;1.9;-1.8;-2.9;-2.6;-3.3;;;;;;;;;;;;;;;;;74;133;;;4902;87;;
BER;01.03.1952 00:00;1;9.1;4.9;-0.3;0.7;-1.2;;;;;;;;;;;;;;;;;99.9;154;;;6312;70;;
BER;01.04.1952 00:00;3.8;15.2;9.6;0.6;0.4;0.7;;;;;;;;;;;;;;;;;66.9;86;;;11406;106;;
BER;01.05.1952 00:00;6.8;18.7;13.2;0;-0.8;0.1;;;;;;;;;;;;;;;;;69.5;62;;;16373;138;;
BER;01.06.1952 00:00;10.9;23.1;17.2;0.3;-0.4;0.6;;;;;;;;;;;;;;;;;87.5;86;;;15786;118;;
BER;01.07.1952 00:00;13;27.2;20.5;1.7;0;2.6;;;;;;;;;;;;;;;;;32.3;30;;;18588;126;;
BER;01.08.1952 00:00;11.7;24.4;17.8;-0.6;-1.2;0.2;;;;;;;;;;;;;;;;;148.1;132;;;14442;106;;
BER;01.09.1952 00:00;6.4;15.3;10.4;-3.7;-2.8;-4.1;;;;;;;;;;;;;;;;;120.2;138;;;7176;68;;
BER;01.10.1952 00:00;4;12.1;7.9;-1.6;-1.5;-1.9;;;;;;;;;;;;;;;;;177;205;;;5160;72;;
BER;01.11.1952 00:00;-1;5.6;2.5;-1.7;-2;-2.1;;;;;;;;;;;;;;;;;157.6;205;;;2400;61;;
BER;01.12.1952 00:00;-2.5;2.1;-0.1;-1;-0.4;-1.7;;;;;;;;;;;;;;;;;109.1;139;;;1254;39;;
BER;01.01.1953 00:00;-7;-1.3;-4;-4.2;-4.1;-4.7;;;;;;;;;;;;;;;;;25.9;43;;;2958;75;;
BER;01.02.1953 00:00;-5;2.3;-1.6;-2.7;-2.2;-2.9;;;;;;;;;;;;;;;;;30.5;55;;;5280;93;;
BER;01.03.1953 00:00;-1.2;11;4.6;-0.6;-1.5;0.7;;;;;;;;;;;;;;;;;4.5;7;;;14472;159;;
BER;01.04.1953 00:00;3.2;14.9;9;0;-0.2;0.4;;;;;;;;;;;;;;;;;76.7;98;;;10764;100;;
BER;01.05.1953 00:00;7;20.1;13.7;0.5;-0.6;1.5;;;;;;;;;;;;;;;;;83.6;74;;;14016;118;;
BER;01.06.1953 00:00;9;18.9;14.2;-2.7;-2.3;-3.6;;;;;;;;;;;;;;;;;138;136;;;8580;64;;
BER;01.07.1953 00:00;11.6;23.3;17.4;-1.4;-1.4;-1.3;;;;;;;;;;;;;;;;;117.6;109;;;13704;93;;
BER;01.08.1953 00:00;10.8;23.2;17;-1.4;-2.1;-1;;;;;;;;;;;;;;;;;71.2;63;;;15276;112;;
BER;01.09.1953 00:00;8.7;19.8;14.1;0;-0.5;0.4;;;;;;;;;;;;;;;;;93.1;107;;;10464;100;;
BER;01.10.1953 00:00;5.4;14.2;9.6;0.1;-0.1;0.2;;;;;;;;;;;;;;;;;34.2;40;;;6384;89;;
BER;01.11.1953 00:00;-1.5;5;1.8;-2.4;-2.5;-2.7;;;;;;;;;;;;;;;;;33.2;43;;;3618;91;;
BER;01.12.1953 00:00;-1.6;4;1.2;0.3;0.5;0.2;;;;;;;;;;;;;;;;;20.2;26;;;1992;63;;
BER;01.01.1954 00:00;-5.7;-0.4;-3;-3.2;-2.8;-3.8;;;;;;;;;;;;;;;;;76.7;127;;;1848;47;;
BER;01.02.1954 00:00;-4.9;1.6;-1.9;-3;-2.1;-3.6;;;;;;;;;;;;;;;;;83.3;150;;;3942;70;;
BER;01.03.1954 00:00;0.3;11;5.3;0.1;0;0.7;;;;;;;;;;;;;;;;;29.4;45;;;9972;110;;
BER;01.04.1954 00:00;1.4;10.8;6.1;-2.9;-2;-3.7;;;;;;;;;;;;;;;;;67;86;;;7104;66;;
BER;01.05.1954 00:00;5.2;17.2;11.4;-1.8;-2.4;-1.4;;;;;;;;;;;;;;;;;55.2;49;;;12084;102;;
BER;01.06.1954 00:00;9.6;21.1;15.7;-1.2;-1.7;-1.4;;;;;;;;;;;;;;;;;120.3;119;;;12570;94;;
BER;01.07.1954 00:00;9.5;20.9;15.5;-3.3;-3.5;-3.7;;;;;;;;;;;;;;;;;92.1;85;;;12378;84;;
BER;01.08.1954 00:00;9.5;20.8;15.2;-3.2;-3.4;-3.4;;;;;;;;;;;;;;;;;203;181;;;10890;80;;
BER;01.09.1954 00:00;8.7;19.5;14;-0.1;-0.5;0.1;;;;;;;;;;;;;;;;;178;205;;;9450;90;;
BER;01.10.1954 00:00;3.7;14.4;8.6;-0.9;-1.8;0.4;;;;;;;;;;;;;;;;;72.6;84;;;8550;120;;
BER;01.11.1954 00:00;0.5;8;4.5;0.3;-0.5;0.3;;;;;;;;;;;;;;;;;57.1;74;;;5076;128;;
BER;01.12.1954 00:00;-1.1;4.3;1.7;0.8;1;0.5;;;;;;;;;;;;;;;;;96.9;123;;;2562;80;;
BER;01.01.1955 00:00;-3.3;2.6;-0.4;-0.6;-0.4;-0.8;;;;;;;;;;;;;;;;;154.5;256;;;1158;29;;
BER;01.02.1955 00:00;-3.2;3.5;-0.1;-1.2;-0.4;-1.7;;;;;;;;;;;;;;;;;107;193;;;2406;42;;
BER;01.03.1955 00:00;-3;6.5;1.4;-3.8;-3.3;-3.8;;;;;;;;;;;;;;;;;30;46;;;8214;91;;
BER;01.04.1955 00:00;1.7;14.3;8.2;-0.8;-1.7;-0.2;;;;;;;;;;;;;;;;;18.8;24;;;14136;131;;
BER;01.05.1955 00:00;5.1;17;11.2;-2;-2.5;-1.6;;;;;;;;;;;;;;;;;129.8;115;;;13530;114;;
BER;01.06.1955 00:00;9.3;20.5;15.1;-1.8;-2;-2;;;;;;;;;;;;;;;;;163.2;161;;;11796;88;;
BER;01.07.1955 00:00;11.6;22;16.7;-2.1;-1.4;-2.6;;;;;;;;;;;;;;;;;158;146;;;11694;79;;
BER;01.08.1955 00:00;10.2;21.4;15.7;-2.7;-2.7;-2.8;;;;;;;;;;;;;;;;;115.3;103;;;13074;96;;
BER;01.09.1955 00:00;7.7;17.8;12.6;-1.5;-1.5;-1.6;;;;;;;;;;;;;;;;;75.7;87;;;9366;89;;
BER;01.10.1955 00:00;2.3;11.9;6.8;-2.7;-3.2;-2.1;;;;;;;;;;;;;;;;;24;28;;;7338;103;;
BER;01.11.1955 00:00;-1.8;5;1.8;-2.4;-2.8;-2.7;;;;;;;;;;;;;;;;;10.7;14;;;3995;101;;
BER;01.12.1955 00:00;-0.6;5.7;2.6;1.7;1.5;1.9;;;;;;;;;;;;;;;;;102.7;131;;;3570;112;;
BER;01.01.1956 00:00;-2.2;3.6;0.6;0.4;0.7;0.2;;;;;;;;;;;;;;;;;96.3;160;;;2538;64;;
BER;01.02.1956 00:00;-13.6;-5.1;-9.4;-10.5;-10.8;-10.3;;;;;;;;;;;;;;;;;4.7;8;;;5988;106;;
BER;01.03.1956 00:00;-1.2;8.5;3.5;-1.7;-1.5;-1.8;;;;;;;;;;;;;;;;;31.7;49;;;9120;100;;
BER;01.04.1956 00:00;0.8;11.2;5.9;-3.1;-2.6;-3.3;;;;;;;;;;;;;;;;;99;127;;;9726;90;;
BER;01.05.1956 00:00;6.2;18.5;12.6;-0.6;-1.4;-0.1;;;;;;;;;;;;;;;;;114.5;102;;;14322;121;;
BER;01.06.1956 00:00;7.8;18.1;13.2;-3.7;-3.5;-4.4;;;;;;;;;;;;;;;;;75.7;75;;;10914;82;;
BER;01.07.1956 00:00;10.5;22.2;16.3;-2.5;-2.5;-2.4;;;;;;;;;;;;;;;;;177.7;165;;;14640;99;;
BER;01.08.1956 00:00;9.6;19.9;14.4;-4;-3.3;-4.3;;;;;;;;;;;;;;;;;206.7;184;;;10068;74;;
BER;01.09.1956 00:00;9.1;20.1;14.3;0.2;-0.1;0.7;;;;;;;;;;;;;;;;;67.6;78;;;11904;113;;
BER;01.10.1956 00:00;2.6;11.2;6.6;-2.9;-2.9;-2.8;;;;;;;;;;;;;;;;;119.4;138;;;6150;86;;
BER;01.11.1956 00:00;-1.8;3.8;1.1;-3.1;-2.8;-3.9;;;;;;;;;;;;;;;;;32.8;43;;;2460;62;;
BER;01.12.1956 00:00;-3.7;3.1;-0.6;-1.5;-1.6;-0.7;;;;;;;;;;;;;;;;;17.6;22;;;5472;172;;
BER;01.01.1957 00:00;-6.9;0.9;-3.2;-3.4;-4;-2.5;;;;;;;;;;;;;;;;;30;50;;;5814;147;;
BER;01.02.1957 00:00;-0.2;6.8;2.8;1.7;2.6;1.6;;;;;;;;;;;;;;;;;153;276;;;5034;89;;
BER;01.03.1957 00:00;2.2;13.9;7.5;2.3;1.9;3.6;;;;;;;;;;;;;;;;;24.9;38;;;10920;120;;
BER;01.04.1957 00:00;2.5;13.1;7.9;-1.1;-0.9;-1.4;;;;;;;;;;;;;;;;;32.9;42;;;9030;84;;
BER;01.05.1957 00:00;3.8;14.6;9.1;-4.1;-3.8;-4;;;;;;;;;;;;;;;;;84.1;75;;;10242;87;;
BER;01.06.1957 00:00;9.9;21.3;15.6;-1.3;-1.4;-1.2;;;;;;;;;;;;;;;;;148.6;146;;;12252;92;;
BER;01.07.1957 00:00;11.2;22.9;17.2;-1.6;-1.8;-1.7;;;;;;;;;;;;;;;;;117.4;109;;;13032;89;;
BER;01.08.1957 00:00;10.2;21.2;15.7;-2.7;-2.7;-3;;;;;;;;;;;;;;;;;86.8;77;;;14100;103;;
BER;01.09.1957 00:00;7.5;18.5;12.6;-1.5;-1.7;-0.9;;;;;;;;;;;;;;;;;139.5;160;;;9696;92;;
BER;01.10.1957 00:00;2.5;14.2;7.8;-1.7;-3;0.2;;;;;;;;;;;;;;;;;33.1;38;;;11298;158;;
BER;01.11.1957 00:00;0.1;6.1;3.2;-1;-0.9;-1.6;;;;;;;;;;;;;;;;;31.1;40;;;1860;47;;
BER;01.12.1957 00:00;-4;1.9;-1;-1.9;-1.9;-1.9;;;;;;;;;;;;;;;;;43.4;55;;;3720;117;;
BER;01.01.1958 00:00;-4.3;1.9;-1.3;-1.5;-1.4;-1.5;;;;;;;;;;;;;;;;;77.4;128;;;3258;82;;
BER;01.02.1958 00:00;-1.6;7;2.3;1.2;1.2;1.8;;;;;;;;;;;;;;;;;105.8;191;;;4938;87;;
BER;01.03.1958 00:00;-3.9;5.2;0.6;-4.6;-4.2;-5.1;;;;;;;;;;;;;;;;;56.6;87;;;8184;90;;
BER;01.04.1958 00:00;0.1;10.2;5.2;-3.8;-3.3;-4.3;;;;;;;;;;;;;;;;;66.4;85;;;8442;78;;
BER;01.05.1958 00:00;7.9;20.3;14.1;0.9;0.3;1.7;;;;;;;;;;;;;;;;;105.1;94;;;12594;106;;
BER;01.06.1958 00:00;8.7;20;14.6;-2.3;-2.6;-2.5;;;;;;;;;;;;;;;;;151.1;149;;;13770;103;;
BER;01.07.1958 00:00;11.6;23.4;17.4;-1.4;-1.4;-1.2;;;;;;;;;;;;;;;;;97.8;91;;;15803;107;;
BER;01.08.1958 00:00;11.8;23.6;17.3;-1.1;-1.1;-0.6;;;;;;;;;;;;;;;;;158.2;141;;;14442;106;;
BER;01.09.1958 00:00;9.9;21.2;15.3;1.2;0.7;1.8;;;;;;;;;;;;;;;;;73.2;84;;;11718;111;;
BER;01.10.1958 00:00;4.2;10.9;7.1;-2.4;-1.3;-3.1;;;;;;;;;;;;;;;;;101.1;117;;;4716;66;;
BER;01.11.1958 00:00;0.4;4.8;2.6;-1.6;-0.6;-2.9;;;;;;;;;;;;;;;;;41.4;54;;;1056;27;;
BER;01.12.1958 00:00;-1.5;3.5;1.1;0.2;0.6;-0.3;;;;;;;;;;;;;;;;;68.6;87;;;2082;65;;
BER;01.01.1959 00:00;-4.3;2.2;-1.1;-1.3;-1.4;-1.2;28;4.9;0;-0.6;10;0;9.5;950.2;-10.7;-4;0;655.8;;;17;;107;177;;;4500;114;0;
BER;01.02.1959 00:00;-3;6.4;0.9;-0.2;-0.2;1.2;27;5.1;0;-0.4;4;0;14.5;963.9;-5.9;10.9;0;533.5;;;1;;2.2;4;;;9570;169;0;
BER;01.03.1959 00:00;2.4;11.3;6.5;1.3;2.1;1;7;7.7;0;1.1;0;0;16.7;950.8;-1.6;-1;0;420.3;;;13;;103.8;160;;;7062;78;0;
BER;01.04.1959 00:00;2.6;14.3;8.3;-0.7;-0.8;-0.2;4;7.9;0;-0.1;0;0;22.8;947.6;-3.6;-2.1;0;322;;;13;;113.2;145;;;12078;112;0;
BER;01.05.1959 00:00;6.8;18.3;12.7;-0.5;-0.8;-0.3;0;10.2;0;-0.8;0;0;23.9;950.1;1.1;-1.4;0;111.6;;;7;;55.1;49;;;15546;131;0;
BER;01.06.1959 00:00;10.6;21.2;15.7;-1.2;-0.7;-1.3;0;13.1;8;-0.7;0;0;27;954.8;3.8;1.9;0;54.9;;;11;;126.7;125;;;12720;95;3.9;
BER;01.07.1959 00:00;12.7;25.5;19.3;0.5;-0.3;0.9;0;14.8;22;-0.3;0;0;30.4;953.9;8.4;0.7;3;8.3;;;7;;42.3;39;;;18438;125;57.2;
BER;01.08.1959 00:00;10.8;22.4;16.3;-2.1;-2.1;-1.8;0;14;6;-1.4;0;0;26.8;953.8;6.4;0.5;0;0;;;7;;67.5;60;;;14730;108;5.6;
BER;01.09.1959 00:00;9;20.7;14.4;0.3;-0.2;1.3;0;13.2;3;0.4;0;0;25.4;954.3;5.2;0.9;0;31;;;4;;37.4;43;;;12474;119;0;
BER;01.10.1959 00:00;3.8;12.9;7.6;-1.9;-1.7;-1.1;2;9.5;0;-0.8;0;0;19.7;954.2;-1.2;1.3;0;383.8;;;9;;84.3;97;;;7440;104;0;
BER;01.11.1959 00:00;-1.3;4.8;1.4;-2.8;-2.3;-2.9;19;6.1;0;-1.3;2;0;11;950;-4.7;-1.9;0;556.5;;;6;;39.7;52;;;2910;74;0;
BER;01.12.1959 00:00;-1.4;4.3;1.3;0.4;0.7;0.5;23;6.1;0;0.3;1;0;10.9;944.9;-6.6;-8.8;0;579.9;;;13;;135.1;172;;;3816;120;0;
BER;01.01.1960 00:00;-4.6;1.6;-1.5;-1.7;-1.7;-1.8;23;5.1;0;-0.4;10;0;8.3;950.9;-17.1;-3.3;0;668.4;;;8;;46.7;77;;;4902;124;0;
BER;01.02.1960 00:00;-2.1;5.6;1.4;0.3;0.7;0.4;19;5.7;0;0.2;2;0;15.7;947.3;-11.4;-5.7;0;538.7;;;12;;82.7;149;;;6204;110;0;
BER;01.03.1960 00:00;1.3;9.9;5.3;0.1;1;-0.4;13;6.9;0;0.3;0;0;16.9;946;-3.5;-5.8;0;455.9;;;7;;48.3;74;;;7632;84;0;
BER;01.04.1960 00:00;2.5;12.7;7.4;-1.6;-0.9;-1.8;5;7.6;0;-0.4;0;0;19.3;951.9;-1.4;2.2;0;368.9;;;8;;41.1;53;;;11010;102;0;
BER;01.05.1960 00:00;6.9;19.3;13.2;0;-0.7;0.7;3;10.9;1;-0.1;0;0;25.9;952.3;-1.8;0.8;0;75.6;;;8;;85.8;76;;;16212;137;0;
BER;01.06.1960 00:00;10.2;21.7;16.2;-0.7;-1.1;-0.8;0;13.9;5;0.1;0;0;28.1;954.2;4.6;1.3;0;8.7;;;10;;58.1;57;;;14868;111;11.1;
BER;01.07.1960 00:00;9.6;20.1;15;-3.8;-3.4;-4.5;0;12.4;1;-2.7;0;0;26.2;952.3;5.8;-0.9;0;0;;;15;;122.8;114;;;11898;81;0.1;
BER;01.08.1960 00:00;10.4;21.5;15.7;-2.7;-2.5;-2.7;0;13.4;6;-2;0;0;27.8;951.2;6.6;-2.1;0;0;;;14;;185.9;166;;;12822;94;8.7;
BER;01.09.1960 00:00;6.7;16.1;11;-3.1;-2.5;-3.3;0;11.4;0;-1.4;0;0;23.9;951.2;2.4;-2.2;0;210;;;13;;141.6;163;;;7710;73;0;
BER;01.10.1960 00:00;3.6;11.7;7.1;-2.4;-1.9;-2.3;5;9;0;-1.3;0;0;18.8;944.6;-2.2;-8.3;0;386.5;;;16;;95.2;110;;;6036;84;0;
BER;01.11.1960 00:00;1.5;8.6;4.9;0.7;0.5;0.9;7;7.6;0;0.2;0;0;13.8;948.4;-2.7;-3.5;0;452.7;;;16;;111.6;145;;;4482;113;0;
BER;01.12.1960 00:00;-3.1;1.9;-0.5;-1.4;-1;-1.9;27;5.3;0;-0.5;11;0;12.3;945;-10;-8.7;0;634.6;;;9;;50.6;64;;;2484;78;0;
BER;01.01.1961 00:00;-3.6;1.6;-0.9;-1.1;-0.7;-1.8;30;5.2;0;-0.3;8;0;9.3;950.4;-7.5;-3.8;0;648.1;;;13;;83.3;138;;;1686;43;0;400.1
BER;01.02.1961 00:00;0.4;9.3;4.3;3.2;3.2;4.1;15;6.6;0;1.1;0;0;16.1;958.8;-2.1;5.8;0;440.7;;;11;;64.5;116;;;7344;130;0;216.7
BER;01.03.1961 00:00;0.4;12.3;5.9;0.7;0.1;2;14;6.7;0;0.1;0;0;19.6;959.6;-4.2;7.8;0;439.6;;;6;;32.2;50;;;13530;149;0;191.6
BER;01.04.1961 00:00;5.5;15.5;10.3;1.3;2.1;1;0;10.1;0;2.1;0;0;22.2;947.1;1.3;-2.6;0;236.9;;;17;;113.2;145;;;8682;81;0;60.9
BER;01.05.1961 00:00;5.5;15.8;10.7;-2.5;-2.1;-2.8;2;9.9;0;-1.1;0;0;24.5;950.6;-0.8;-0.9;0;217;;;14;;64.2;57;;;10800;91;0;65
BER;01.06.1961 00:00;10.2;21.2;15.8;-1.1;-1.1;-1.3;0;14.3;9;0.5;0;0;28.7;952.9;5.2;0;0;55.8;;;9;;132.1;130;;;13122;98;20;7.8
BER;01.07.1961 00:00;10.3;21.6;16;-2.8;-2.7;-3;0;13.6;6;-1.5;0;0;29.6;953.4;6.8;0.2;0;8.1;;;11;;126.4;117;;;15174;103;14.3;0.1
BER;01.08.1961 00:00;10.3;22.3;16.2;-2.2;-2.6;-1.9;0;14.1;9;-1.3;0;0;29.3;956;5.5;2.7;0;26;;;11;;111.5;99;;;15042;110;11.1;2
BER;01.09.1961 00:00;10.9;23.3;16.6;2.5;1.7;3.9;0;15.2;10;2.4;0;0;28.5;954.9;5.3;1.5;0;16.6;;;5;;43.9;50;;;12528;119;9.1;0.6
BER;01.10.1961 00:00;5.2;14.1;9;-0.5;-0.3;0.1;4;10.4;0;0.1;0;0;20.2;951.3;-1.4;-1.6;0;301.9;;;10;;86.5;100;;;7902;111;0;101.9
BER;01.11.1961 00:00;0;6;2.8;-1.4;-1;-1.7;16;6.5;0;-0.9;0;0;10.9;948;-3.7;-3.9;0;515.5;;;5;;32.7;43;;;2466;62;0;275.5
BER;01.12.1961 00:00;-2.5;3.6;0.6;-0.3;-0.4;-0.2;21;6.1;0;0.3;10;0;15.1;950;-11.6;-3.7;0;601.9;;;14;;111.6;142;;;3072;96;0;353.9
BER;01.01.1962 00:00;-2.3;3.9;0.4;0.2;0.6;0.5;22;5.3;0;-0.2;5;0;10.5;954;-10.2;-0.2;0;608.8;;;12;;124.8;207;;;4434;112;0;360.8
BER;01.02.1962 00:00;-3.8;3;-0.5;-1.6;-1;-2.2;25;4.8;0;-0.7;6;0;8.8;954.9;-11.2;1.9;0;573.9;;;11;;52.7;95;;;4722;83;0;349.9
BER;01.03.1962 00:00;-2.9;4.7;0.8;-4.4;-3.2;-5.6;24;5.2;0;-1.4;2;0;14.7;944.4;-8.2;-7.4;0;597.5;;;13;;73.7;114;;;8064;89;0;349.5
BER;01.04.1962 00:00;2.2;13;7.6;-1.4;-1.2;-1.5;11;7.5;0;-0.5;0;0;23.4;950;-2.2;0.3;0;321.5;;;9;;65.8;84;;;11472;107;0;145.5
BER;01.05.1962 00:00;4.9;15.5;10.1;-3.1;-2.7;-3.1;2;9.2;1;-1.8;0;0;26.9;951.6;-3;0.1;0;253.7;;;15;;126.7;113;;;9948;84;0.8;77.7
BER;01.06.1962 00:00;8.4;20.7;14.8;-2.1;-2.9;-1.8;2;11.6;7;-2.2;0;0;29.9;956.1;-0.9;3.2;0;88.9;;;5;;42.4;42;;;18390;138;16.8;24.9
BER;01.07.1962 00:00;10.5;22;16.6;-2.2;-2.5;-2.6;0;12.9;9;-2.2;0;0;31.3;953.4;1.7;0.2;1;29.4;;;9;;48.4;45;;;14400;98;19.6;5.4
BER;01.08.1962 00:00;11.6;25.2;18.4;0;-1.3;1;0;14.5;14;-0.9;0;0;31.6;954.8;8.6;1.5;3;0;;;10;;64.1;57;;;18786;137;29.9;0
BER;01.09.1962 00:00;7.6;19.4;13.1;-1;-1.6;0;1;11.9;7;-0.9;0;0;30.8;953.4;-0.1;0;1;152.3;;;8;;52.5;60;;;11724;112;8.7;40.3
BER;01.10.1962 00:00;3.9;13.9;8.4;-1.1;-1.6;-0.1;2;9.6;0;-0.7;0;0;22.6;955.3;-2.3;2.4;0;331.3;;;3;;16.3;19;;;9276;130;0;123.3
BER;01.11.1962 00:00;-2.4;5.5;1.1;-3.1;-3.4;-2.2;22;5.8;0;-1.6;2;0;16.1;947.8;-9.6;-4.1;0;565.4;;;3;;17.4;23;;;3690;93;0;325.4
BER;01.12.1962 00:00;-6.8;-0.7;-3.8;-4.7;-4.7;-4.5;29;4.4;0;-1.4;14;0;9;950.1;-15.6;-3.6;0;737.7;;;15;;95.7;122;;;1662;52;0;489.7
BER;01.01.1963 00:00;-10;-4.1;-7.1;-7.3;-7.1;-7.5;31;3.5;0;-2;21;0;4.9;950;-23.2;-4.2;0;841.8;;;11;;79.3;132;;;3924;99;0;593.8
BER;01.02.1963 00:00;-8.9;-1;-5;-6.1;-6.1;-6.2;28;3.8;0;-1.7;14;0;5.7;943.1;-19.2;-9.9;0;700.1;;;10;;65.8;119;;;5220;92;0;476.1
BER;01.03.1963 00:00;-2.6;7.2;2.1;-3.1;-2.9;-3.1;20;5.7;0;-0.9;2;0;11.6;951;-13.5;-0.8;0;556.8;;;15;;111.1;171;;;8388;92;0;308.8
BER;01.04.1963 00:00;3.7;13.4;8.6;-0.4;0.3;-1.1;4;8.5;0;0.5;0;0;20.9;947.9;-2.6;-1.8;0;328.6;;;9;;39.7;51;;;8022;75;0;104.6
BER;01.05.1963 00:00;5.8;16.5;11.1;-2.1;-1.8;-2.1;1;10.1;0;-0.9;0;0;23.8;951.9;-0.9;0.4;0;219.2;;;7;;60.2;54;;;11988;101;0;59.2
BER;01.06.1963 00:00;9.7;20.3;14.7;-2.2;-1.6;-2.2;0;13.4;3;-0.4;0;0;30;950.8;6.6;-2.1;1;37.8;;;18;;145;143;;;10590;79;6.8;5.8
BER;01.07.1963 00:00;11.9;24;18.1;-0.7;-1.1;-0.6;0;15.1;12;0;0;0;28.9;954.6;8.6;1.4;0;0;;;7;;93.3;86;;;16830;114;24.5;0
BER;01.08.1963 00:00;10.4;20.6;15.3;-3.1;-2.5;-3.6;0;13.5;6;-1.9;0;0;28.5;950.7;3.4;-2.6;0;65.4;;;19;;133.5;119;;;10470;77;8.9;9.4
BER;01.09.1963 00:00;9.1;19.1;13.8;-0.3;-0.1;-0.3;0;13;0;0.2;0;0;24.9;954;3.6;0.6;0;79.9;;;9;;59.1;68;;;8640;82;0;15.9
BER;01.10.1963 00:00;3.6;13.4;8.1;-1.4;-1.9;-0.6;4;9.1;0;-1.2;0;0;19.4;956.1;-2.5;3.2;0;369.7;;;4;;38.7;45;;;8298;116;0;121.7
BER;01.11.1963 00:00;2.3;10.4;6;1.8;1.3;2.7;6;7.8;0;0.4;0;0;15;947.1;-2.2;-4.8;0;420.5;;;15;;134.3;175;;;5076;128;0;180.5
BER;01.12.1963 00:00;-6.5;-0.4;-3.6;-4.5;-4.4;-4.2;31;4.2;0;-1.6;17;0;7.7;951.5;-13.5;-2.2;0;732.1;;;0;;0.4;1;;;3690;116;0;484.1
BER;01.01.1964 00:00;-6.6;-1.5;-3.9;-4.1;-3.7;-4.9;31;4.2;0;-1.3;22;0;3.3;962.7;-9.6;8.5;0;743.2;;;3;;11.9;20;;;1530;39;0;495.2
BER;01.02.1964 00:00;-1.9;6.2;1.6;0.5;0.9;1;23;5.8;0;0.3;1;0;15;951.7;-8.2;-1.3;0;533.3;;;6;;19.9;36;;;6210;110;0;301.3
BER;01.03.1964 00:00;-1;6.1;2.3;-2.9;-1.3;-4.2;17;6.6;0;0;3;0;12.5;946.2;-9.3;-5.6;0;550.3;;;17;;103.3;159;;;2850;31;0;302.3
BER;01.04.1964 00:00;3.4;14;8.8;-0.2;0;-0.5;4;8.4;0;0.4;0;0;21.2;950.4;-0.8;0.7;0;311.2;;;11;;81;104;;;9618;89;0;103.2
BER;01.05.1964 00:00;7.4;19.4;13.6;0.4;-0.2;0.8;0;11.1;2;0.1;0;0;26.2;953.8;3.4;2.3;0;107;;;15;;119.2;106;;;12960;110;1.1;11
BER;01.06.1964 00:00;10.6;22.4;16.4;-0.5;-0.7;-0.1;0;13.2;9;-0.6;0;0;28.6;952.7;6.7;-0.2;0;0;;;12;;90.5;89;;;14382;108;9.3;0
BER;01.07.1964 00:00;12;25.7;19.2;0.4;-1;1.1;0;13.8;18;-1.3;0;0;32.1;954.9;7.3;1.7;7;9.4;;;6;;36.2;34;;;19314;131;57.1;1.4
BER;01.08.1964 00:00;10.5;22.2;16.2;-2.2;-2.4;-2;0;13.7;8;-1.7;0;0;30;952.9;6;-0.4;1;17.6;;;9;;130.2;116;;;13140;96;18.2;1.6
BER;01.09.1964 00:00;8.3;19.6;13.7;-0.4;-0.9;0.2;0;12.8;4;0;0;0;26.7;956.5;1.2;3.1;0;70;;;6;;66.3;76;;;11172;106;0.7;14
BER;01.10.1964 00:00;3.8;10.7;6.7;-2.8;-1.7;-3.3;3;8.7;0;-1.6;0;0;19;951.4;-1.6;-1.5;0;360.6;;;10;;117;135;;;4200;59;0;168.6
BER;01.11.1964 00:00;1.5;6.8;4.1;-0.1;0.5;-0.9;9;7.3;0;-0.1;0;0;14.1;954.8;-2.5;2.9;0;476.9;;;8;;48.1;63;;;1656;42;0;236.9
BER;01.12.1964 00:00;-4.3;0.8;-1.7;-2.6;-2.2;-3;30;5;0;-0.8;12;0;5.1;949.9;-15;-3.8;0;673.7;;;7;;32.3;41;;;1512;47;0;425.7
BER;01.01.1965 00:00;-2.9;3;-0.1;-0.3;0;-0.4;27;5.2;0;-0.3;4;0;13.7;948.1;-9.3;-6.1;0;624.5;;;13;;64;106;;;2610;66;0;376.5
BER;01.02.1965 00:00;-7;0.5;-3.2;-4.3;-4.2;-4.7;28;3.7;0;-1.8;9;0;6.7;954.5;-12.5;1.5;0;649.9;;;5;;15.2;27;;;7698;136;0;425.9
BER;01.03.1965 00:00;-1.2;7.9;3.3;-1.9;-1.5;-2.4;14;6.3;0;-0.3;2;0;18.5;951.3;-13.8;-0.5;0;517.8;;;12;;118.2;182;;;7998;88;0;269.8
BER;01.04.1965 00:00;1.5;10.9;6.1;-2.9;-1.9;-3.6;6;7.7;0;-0.3;0;0;18.7;948;-2;-1.7;0;416.9;;;21;;125.2;161;;;6630;62;0;176.9
BER;01.05.1965 00:00;6;16.6;11.3;-1.9;-1.6;-2;0;10.4;2;-0.6;0;0;25.6;951.2;1.5;-0.3;0;217.2;;;15;;113;101;;;10656;90;0;49.2
BER;01.06.1965 00:00;10.2;21.2;15.8;-1.1;-1.1;-1.3;0;14.1;11;0.3;0;0;31.8;952.5;4.1;-0.4;2;96;;;16;;93.4;92;;;12030;90;26.2;16
BER;01.07.1965 00:00;10.2;21;15.4;-3.4;-2.8;-3.6;0;13.6;4;-1.5;0;0;28.7;951.8;4.2;-1.4;0;35.8;;;15;;240.8;223;;;10860;74;7.3;3.8
BER;01.08.1965 00:00;9.9;21.6;15.5;-2.9;-3;-2.6;0;13.3;6;-2.1;0;0;29.1;952.7;6.4;-0.6;0;49.5;;;10;;110.1;98;;;11646;85;8.6;1.5
BER;01.09.1965 00:00;6.3;16.2;11;-3.1;-2.9;-3.2;0;11.3;0;-1.5;0;0;23.7;949.7;2.7;-3.7;0;216.8;;;15;;176.5;203;;;8328;79;0;48.8
BER;01.10.1965 00:00;4.3;12.5;7.9;-1.6;-1.2;-1.5;1;10.2;0;-0.1;0;0;18;955.8;-0.8;2.9;0;366.6;;;3;;27.9;32;;;6234;87;0;126.6
BER;01.11.1965 00:00;-0.2;6.5;3;-1.2;-1.2;-1.2;15;6.8;0;-0.6;2;0;17.8;945.4;-11.1;-6.5;0;508.2;;;20;;144;187;;;2148;54;0;268.2
BER;01.12.1965 00:00;-1.1;5.4;2.3;1.4;1;1.6;25;6.2;0;0.4;0;0;11.9;946;-5.9;-7.7;0;550;;;21;;143.5;183;;;2472;78;0;302
BER;01.01.1966 00:00;-5.9;0.6;-2.7;-2.9;-3;-2.8;24;4.6;0;-0.9;14;0;11.3;948.3;-17.8;-5.9;0;705.7;;;12;;61.6;102;;;3834;97;0;457.7
BER;01.02.1966 00:00;1;9.1;4.7;3.6;3.8;3.9;9;7.3;0;1.8;0;0;12.9;944.7;-3.3;-8.3;0;428.5;;;14;;120.9;218;;;4200;74;0;204.5
BER;01.03.1966 00:00;-1.2;7.7;3.2;-2;-1.5;-2.6;24;5.7;0;-0.9;0;0;13.4;954.6;-5.3;2.8;0;521.8;;;10;;55.3;85;;;8928;98;0;273.8
BER;01.04.1966 00:00;4.2;14.2;9.1;0.1;0.8;-0.3;2;9.2;0;1.2;0;0;18.6;947.3;-2;-2.4;0;310.7;;;13;;107.7;138;;;8334;77;0;86.7
BER;01.05.1966 00:00;6.7;18.3;12.6;-0.6;-0.9;-0.3;0;10.7;2;-0.3;0;0;25.4;953.1;1.8;1.6;0;143.2;;;11;;106.8;95;;;13752;116;0;39.2
BER;01.06.1966 00:00;10.6;22.2;16.7;-0.2;-0.7;-0.3;0;13.5;11;-0.3;0;0;29.1;952.7;4.8;-0.2;0;25.4;;;8;;64.6;64;;;15078;113;17.5;1.4
BER;01.07.1966 00:00;9.8;21;15.7;-3.1;-3.2;-3.6;0;12.9;4;-2.2;0;0;29.4;951.3;5.8;-1.9;0;27.7;;;9;;82;76;;;12822;87;11;3.7
BER;01.08.1966 00:00;9.8;20.6;15.1;-3.3;-3.1;-3.6;0;13.5;5;-1.9;0;0;31.7;952;3.8;-1.3;2;47.8;;;12;;187.3;167;;;10716;78;15;7.8
BER;01.09.1966 00:00;9.3;20.3;14.4;0.3;0.1;0.9;0;13.5;7;0.7;0;0;28.2;954.2;5;0.8;0;47.4;;;6;;49.1;56;;;11214;107;4.3;7.4
BER;01.10.1966 00:00;7.1;14.9;10.6;1.1;1.6;0.9;2;11.8;0;1.5;0;0;23.3;946.1;-2.5;-6.8;0;220.8;;;9;;60.7;70;;;5928;83;0;76.8
BER;01.11.1966 00:00;-2;4.7;1.2;-3;-3;-3;25;5.7;0;-1.7;0;0;13.1;949.4;-8.8;-2.5;0;564.4;;;13;;72.4;94;;;2898;73;0;324.4
BER;01.12.1966 00:00;-2.3;4;0.9;0;-0.2;0.2;24;5.6;0;-0.2;3;0;11.2;949.5;-10.5;-4.2;0;592.9;;;19;;98.6;126;;;2070;65;0;344.9
BER;01.01.1967 00:00;-4.1;2.1;-1.1;-1.3;-1.2;-1.3;26;5.2;0;-0.3;9;0;10.5;954.9;-15.2;0.7;0;656;;;9;;65.3;108;;;3378;85;0;408
BER;01.02.1967 00:00;-2.1;6.3;1.9;0.8;0.7;1.1;17;5.6;0;0.1;3;0;14.4;953.5;-10.7;0.5;0;505.6;;;7;;42.1;76;;;6384;113;0;281.6
BER;01.03.1967 00:00;1.2;9.9;5.2;0;0.9;-0.4;11;7;0;0.4;0;0;16.3;955.1;-3.2;3.3;0;459.9;;;13;;98.6;152;;;7314;81;0;211.9
BER;01.04.1967 00:00;1.1;12;6.6;-2.4;-2.3;-2.5;12;7.3;0;-0.7;0;0;19.9;949.4;-3.5;-0.3;0;384.1;;;6;;28.1;36;;;10560;98;0;160.1
BER;01.05.1967 00:00;5.7;17.2;11.4;-1.8;-1.9;-1.4;2;10.2;1;-0.8;0;0;25.4;949.9;-3.1;-1.6;0;208.8;;;18;;139.9;124;;;11568;98;0.8;56.8
BER;01.06.1967 00:00;8.2;19.9;14.4;-2.5;-3.1;-2.6;0;12.4;6;-1.4;0;0;28.9;955.2;3.7;2.3;0;113.7;;;9;;65.3;64;;;14052;105;17.2;25.7
BER;01.07.1967 00:00;12.9;25.3;19.3;0.5;-0.1;0.7;0;15.9;17;0.8;0;0;30.8;955;7.4;1.8;2;0;;;7;;49;45;;;17412;118;50;0
BER;01.08.1967 00:00;11.2;22.8;16.9;-1.5;-1.7;-1.4;0;14.7;9;-0.7;0;0;29.5;953.2;6.3;-0.1;0;0;;;9;;65.7;59;;;13038;95;10;0
BER;01.09.1967 00:00;8;18.4;12.8;-1.3;-1.2;-1;0;12.3;1;-0.5;0;0;27.2;951.8;3.8;-1.6;0;158.5;;;12;;74.3;85;;;8370;80;1.7;30.5
BER;01.10.1967 00:00;5.8;17.1;10.8;1.3;0.3;3.1;2;10.6;0;0.3;0;0;23.7;953.2;-1.2;0.3;0;217.6;;;6;;52.7;61;;;11718;164;0;57.6
BER;01.11.1967 00:00;0;6.9;3.3;-0.9;-1;-0.8;15;7;0;-0.4;0;0;11.8;952.5;-6.1;0.6;0;500.1;;;9;;94.1;122;;;3030;77;0;260.1
BER;01.12.1967 00:00;-5.6;1.1;-2;-2.9;-3.5;-2.7;26;4.6;0;-1.2;12;0;9.7;952.2;-15.2;-1.5;0;681.7;;;12;;77.3;98;;;3714;117;0;433.7
BER;01.01.1968 00:00;-4.8;1.8;-1.5;-1.7;-1.9;-1.6;30;4.9;0;-0.6;10;0;8.9;952.5;-17.7;-1.7;0;667.2;;;16;;96.8;161;;;3630;92;0;419.2
BER;01.02.1968 00:00;-2.2;4;0.9;-0.2;0.6;-1.2;23;5.7;0;0.2;1;0;10.4;946.7;-6.9;-6.3;0;554.3;;;14;;61.3;110;;;4686;83;0;322.3
BER;01.03.1968 00:00;-0.7;9.4;4.5;-0.7;-1;-0.9;19;6.1;0;-0.5;0;0;19.8;952.2;-7.1;0.4;0;482.5;;;7;;36;55;;;8778;97;0;234.5
BER;01.04.1968 00:00;2.8;14.5;8.8;-0.2;-0.6;0;7;8.7;2;0.7;0;0;25.9;950.2;-3.8;0.5;0;292.1;;;11;;97;124;;;11664;108;0;124.1
BER;01.05.1968 00:00;5.8;16.3;10.9;-2.3;-1.8;-2.3;1;10.4;0;-0.6;0;0;22.9;950.5;-1.3;-1;0;217.7;;;13;;85;76;;;10656;90;0;57.7
BER;01.06.1968 00:00;9.2;20.5;15.1;-1.8;-2.1;-2;0;12.5;4;-1.3;0;0;30.4;953;4.4;0.1;2;50.2;;;10;;50.7;50;;;14388;108;18.1;2.2
BER;01.07.1968 00:00;10.8;22.5;16.7;-2.1;-2.2;-2.1;0;14.3;10;-0.8;0;0;30.9;954.7;5.9;1.5;2;18.7;;;13;;136.6;126;;;14766;100;29.5;2.7
BER;01.08.1968 00:00;10.1;19.5;14.6;-3.8;-2.8;-4.7;0;14;1;-1.4;0;0;25.2;951;6.1;-2.3;0;25.7;;;16;;253.8;226;;;9840;72;0.6;1.7
BER;01.09.1968 00:00;7.7;17.5;12.3;-1.8;-1.5;-1.9;0;12.2;0;-0.6;0;0;21.2;951.7;3.4;-1.7;0;104.5;;;15;;185;213;;;9294;88;0;16.5
BER;01.10.1968 00:00;6.3;15.4;10.2;0.7;0.8;1.4;0;11.2;0;0.9;0;0;22.8;955.8;1.7;2.9;0;264.2;;;5;;25.5;29;;;7242;101;0;64.2
BER;01.11.1968 00:00;0.2;5.7;2.8;-1.4;-0.8;-2;13;7;0;-0.4;3;0;16.6;948.6;-4.8;-3.3;0;515.9;;;6;;54.5;71;;;1494;38;0;275.9
BER;01.12.1968 00:00;-3.6;1.1;-1.3;-2.2;-1.5;-2.7;29;5.1;0;-0.7;14;0;8.1;946.5;-11.3;-7.2;0;659.9;;;10;;68.5;87;;;2310;73;0;411.9
BER;01.01.1969 00:00;-3.6;2.3;-0.5;-0.7;-0.7;-1.1;27;5.3;0;-0.2;7;0;7.3;950.2;-12.6;-4;0;637.8;;;6;;37.1;62;;;3486;88;0;389.8
BER;01.02.1969 00:00;-5.4;1.9;-1.8;-2.9;-2.6;-3.3;25;4.6;0;-0.9;11;0;7.7;943.8;-12.4;-9.2;0;609.2;;;12;;50.4;91;;;4188;74;0;385.2
BER;01.03.1969 00:00;-0.2;7.1;3.5;-1.7;-0.5;-3.2;17;6.7;0;0.1;0;0;13;945.7;-4.6;-6.1;0;512.4;;;9;;44.4;68;;;4608;51;0;264.4
BER;01.04.1969 00:00;2.2;12.1;7.2;-1.8;-1.2;-2.4;9;8;0;0;0;0;21.4;950.6;-2.9;0.9;0;363.8;;;13;;91.9;118;;;8112;75;0;147.8
BER;01.05.1969 00:00;6.8;18.8;13;-0.2;-0.8;0.2;0;11;3;0;0;0;27.9;949.8;1.3;-1.7;0;144.3;;;13;;70.7;63;;;13044;110;4;32.3
BER;01.06.1969 00:00;8.1;17.9;12.9;-4;-3.2;-4.6;0;12.2;0;-1.6;0;0;24.1;950.7;2.9;-2.2;0;132.9;;;16;;155.4;153;;;10602;79;0.1;36.9
BER;01.07.1969 00:00;11.9;23.8;18.1;-0.7;-1.1;-0.8;0;15.8;18;0.7;0;0;29.9;957.2;6;4;0;40;;;11;;101.6;94;;;16638;113;48.3;8
BER;01.08.1969 00:00;10.6;21.3;15.9;-2.5;-2.3;-2.9;0;14.2;11;-1.2;0;0;28.3;952.7;4.2;-0.6;0;68.1;;;15;;108.3;96;;;12402;91;19.2;12.1
BER;01.09.1969 00:00;9.1;19.4;13.8;-0.3;-0.1;0;0;13.6;0;0.8;0;0;23.8;953.2;5.2;-0.2;0;43.6;;;6;;60.9;70;;;9708;92;0;3.6
BER;01.10.1969 00:00;4.3;14.8;9.2;-0.3;-1.2;0.8;0;10.1;0;-0.2;0;0;18.3;957.9;0.1;5;0;327.5;;;1;;5.5;6;;;10104;141;0;87.5
BER;01.11.1969 00:00;-0.4;8.4;3.9;-0.3;-1.4;0.7;17;6.7;0;-0.7;1;0;15.9;947.8;-8.7;-4.1;0;483.3;;;14;;90.4;118;;;5802;147;0;243.3
BER;01.12.1969 00:00;-7;-1.9;-4.2;-5.1;-4.9;-5.7;31;3.9;0;-1.9;22;0;5.5;947.7;-13.3;-6;0;750;;;9;;52.4;67;;;2088;66;0;502
BER;01.01.1970 00:00;-4.6;1;-1.7;-1.9;-1.7;-2.4;27;5.1;0;-0.4;12;0;7.7;945.2;-14.1;-9;0;674.5;;;8;0;48;80;;;2454;62;0;426.5
BER;01.02.1970 00:00;-2.9;3.6;0.5;-0.6;-0.1;-1.6;21;5.4;0;-0.1;6;0;11.1;946.6;-12.7;-6.4;0;546.3;;;19;0;140;252;;;2496;44;0;322.3
BER;01.03.1970 00:00;-3;5.4;1.3;-3.9;-3.3;-4.9;25;5.5;0;-1.1;2;0;12.4;947.2;-10.2;-4.6;0;582;;;13;0;77.7;120;;;7476;82;0;334
BER;01.04.1970 00:00;0.9;9.9;5.2;-3.8;-2.5;-4.6;14;7.3;0;-0.7;0;0;22.5;950.7;-5.1;1;0;425.1;;;21;0;130.7;168;;;7668;71;0;209.1
BER;01.05.1970 00:00;5.3;16;10.9;-2.3;-2.3;-2.6;0;9.9;0;-1.1;0;0;22.8;951.6;0.6;0.1;0;212.5;;;12;0;63.2;56;;;10260;87;0;52.5
BER;01.06.1970 00:00;10.9;22.1;16.5;-0.4;-0.4;-0.4;0;14.2;7;0.4;0;0;28.3;953.3;5.8;0.4;0;27.6;;;15;0;95.9;94;;;13254;99;11.5;3.6
BER;01.07.1970 00:00;11.1;22.8;17.2;-1.6;-1.9;-1.8;0;14.2;12;-0.9;0;0;29.5;953.6;4;0.4;0;31;;;7;0;78.4;73;;;13908;95;33;7
BER;01.08.1970 00:00;11.6;22.6;17;-1.4;-1.3;-1.6;0;15.4;9;0;0;0;31.4;952.5;5.9;-0.8;1;26.5;;;15;0;183.5;163;;;11106;81;22.6;2.5
BER;01.09.1970 00:00;8.5;20.5;14;-0.1;-0.7;1.1;0;13.2;1;0.4;0;0;25.3;955.5;2.9;2.1;0;71.9;;;7;0;56.5;65;;;12474;119;0.2;7.9
BER;01.10.1970 00:00;3.3;13;7.6;-1.9;-2.2;-1;4;9.2;0;-1.1;0;0;19;956.1;-2.2;3.2;0;353.4;;;9;0;53;61;;;7572;106;0;137.4
BER;01.11.1970 00:00;0.7;8.5;4.5;0.3;-0.3;0.8;12;7.1;0;-0.3;0;0;20;952.2;-4.2;0.3;0;457.7;;;10;0;109.5;142;;;4230;107;0;225.7
BER;01.12.1970 00:00;-3.8;1.3;-1.2;-2.1;-1.7;-2.5;25;4.9;0;-0.9;10;0;10.5;954.9;-12.2;1.2;0;658.6;;;7;0;22.7;29;;;2304;72;0;410.6
BER;01.01.1971 00:00;-6.9;0.4;-3.5;-3.7;-4;-3;27;4.3;0;-1.2;12;0;7.9;948.3;-18;-5.9;0;727.2;;;6;0;42.9;71;;;5430;137;0;479.2
BER;01.02.1971 00:00;-3.3;3.2;-0.5;-1.6;-0.5;-2;24;4.7;0;-0.8;4;0;8;954;-8.4;1;0;574;;;8;0;28;50;;;6378;113;0;350
BER;01.03.1971 00:00;-4.1;4.2;-0.2;-5.4;-4.4;-6.1;27;5;0;-1.6;7;0;13.7;947.6;-14.4;-4.2;0;626.1;;;10;0;41;63;;;6198;68;0;378.1
BER;01.04.1971 00:00;4.1;16.8;10.4;1.4;0.7;2.3;3;8.3;0;0.3;0;0;24;946.4;-1.3;-3.3;0;241.8;;;8;0;65.1;83;;;12678;118;0;65.8
BER;01.05.1971 00:00;8.1;18.9;13.3;0.1;0.5;0.3;0;11.6;3;0.6;0;0;27.2;947.6;3.9;-3.9;0;134;;;12;0;110.1;98;;;9732;82;0.2;30
BER;01.06.1971 00:00;8.8;19.1;13.7;-3.2;-2.5;-3.4;0;12.2;2;-1.6;0;0;25.2;950.2;4.9;-2.7;0;85;;;15;0;144.9;143;;;10818;81;0;13
BER;01.07.1971 00:00;11.9;25.2;18.7;-0.1;-1.1;0.6;0;15.3;17;0.2;0;0;30.9;954.4;5.9;1.2;2;0;;;6;0;84.9;79;;;19716;134;40.3;0
BER;01.08.1971 00:00;12.5;23.6;17.8;-0.6;-0.4;-0.6;0;16.7;13;1.3;0;0;29.9;952.5;8.6;-0.8;0;0;;;11;0;167.1;149;;;13512;99;30.5;0
BER;01.09.1971 00:00;6.8;18.6;12.6;-1.5;-2.4;-0.8;0;11.8;0;-1;0;0;24.4;957;0.2;3.6;0;103.2;;;5;0;57.6;66;;;13752;131;0;23.2
BER;01.10.1971 00:00;4.2;14.8;9;-0.5;-1.3;0.8;2;10;0;-0.3;0;0;22;960.6;-1;7.7;0;310.9;;;2;0;35.8;41;;;9990;140;0;94.9
BER;01.11.1971 00:00;-1.4;5.4;1.8;-2.4;-2.4;-2.3;18;6;0;-1.4;4;0;14.2;949.7;-10.6;-2.2;0;546.3;;;7;0;98.4;128;;;4788;121;0;306.3
BER;01.12.1971 00:00;-3.1;2.6;-0.4;-1.3;-1;-1.2;28;5.4;0;-0.4;4;0;9.3;960.5;-9;6.8;0;631.8;;;3;0;22.9;29;;;3696;116;0;383.8
BER;01.01.1972 00:00;-3.2;1.4;-1.1;-1.3;-0.3;-2;29;5;0;-0.5;10;0;7.1;948.1;-8.2;-6.1;0;651.6;;;5;0;20.6;34;;;2622;66;0;403.6
BER;01.02.1972 00:00;-1.1;6.2;2.2;1.1;1.7;1;19;6;0;0.5;1;0;10.2;946.2;-9.9;-6.8;0;514.7;;;5;0;18;32;;;4404;78;0;282.7
BER;01.03.1972 00:00;0.4;11.1;5.6;0.4;0.1;0.8;13;6.4;0;-0.2;0;0;17.7;949;-2.9;-2.8;0;444.9;;;7;0;36.7;57;;;9084;100;0;196.9
BER;01.04.1972 00:00;2.3;11.4;6.7;-2.3;-1.1;-3.1;6;7.7;0;-0.3;0;0;21.4;946.7;-2.8;-3;0;384.7;;;15;0;103.1;132;;;6192;58;0;160.7
BER;01.05.1972 00:00;6.3;15.8;10.9;-2.3;-1.3;-2.8;0;9.7;0;-1.3;0;0;22.3;949.7;0;-1.8;0;207.1;;;16;0;94.4;84;;;8142;69;0;55.1
BER;01.06.1972 00:00;8.5;18.9;13.9;-3;-2.8;-3.6;0;12.1;2;-1.7;0;0;26;951.6;2.3;-1.3;0;89.9;;;14;0;171.2;169;;;11508;86;1.3;17.9
BER;01.07.1972 00:00;11.1;21.8;16.6;-2.2;-1.9;-2.8;0;14.7;9;-0.4;0;0;28.6;953.7;5.3;0.5;0;24.8;;;12;0;85.8;79;;;11496;78;16.3;0.8
BER;01.08.1972 00:00;10.2;21.2;15.7;-2.7;-2.7;-3;0;13.6;8;-1.8;0;0;29.2;953.9;4.7;0.6;0;29.7;;;10;0;46;41;;;12216;89;19;5.7
BER;01.09.1972 00:00;5;16.1;10.4;-3.7;-4.2;-3.3;0;9.9;0;-2.9;0;0;23.1;953.4;0;0;0;247.5;;;5;0;27.2;31;;;10326;98;0;71.5
BER;01.10.1972 00:00;2;11.7;6.6;-2.9;-3.5;-2.3;7;8;0;-2.3;0;0;18.6;953.9;-1.6;1;0;415.5;;;6;0;40.1;46;;;7710;108;0;167.5
BER;01.11.1972 00:00;0.4;8.1;3.8;-0.4;-0.6;0.4;12;7;0;-0.4;0;0;15.1;954.5;-7.6;2.6;0;486.1;;;12;0;219.4;285;;;6030;152;0;246.1
BER;01.12.1972 00:00;-4.5;0.9;-1.9;-2.8;-2.4;-2.9;27;4.9;0;-0.9;15;0;8.8;958.5;-9.9;4.8;0;680.4;;;6;0;38.5;49;;;4002;126;0;432.4
BER;01.01.1973 00:00;-3.7;0.6;-1.7;-1.9;-0.8;-2.8;30;4.7;0;-0.8;13;0;6;956.3;-8.5;2.1;0;672.3;;;5;0;28;46;;;1386;35;0;424.3
BER;01.02.1973 00:00;-3.8;2;-1.3;-2.4;-1;-3.2;27;4.7;0;-0.8;2;0;7.1;950.6;-10.2;-2.4;0;595.1;;;9;0;53.1;96;;;4848;86;0;371.1
BER;01.03.1973 00:00;-1.9;7.6;2.6;-2.6;-2.2;-2.7;22;5.4;0;-1.2;0;0;16.8;956.6;-10.3;4.8;0;539;;;1;0;6.8;10;;;8058;89;0;291
BER;01.04.1973 00:00;0.3;9.4;4.8;-4.2;-3.1;-5.1;16;6.3;0;-1.7;0;0;20;949.9;-4.4;0.2;0;447.2;;;11;0;69.2;89;;;8226;76;0;215.2
BER;01.05.1973 00:00;7.4;18.6;12.9;-0.3;-0.2;0;0;10.9;0;-0.1;0;0;24.2;952.6;1.6;1.1;0;115.4;;;13;0;99.1;88;;;12312;104;0;27.4
BER;01.06.1973 00:00;10;20.9;15.7;-1.2;-1.3;-1.6;0;13.8;7;0;0;0;26.5;954.1;4.3;1.2;0;58.3;;;12;0;226.9;224;;;12840;96;10.1;10.3
BER;01.07.1973 00:00;11.4;21.8;16.8;-2;-1.6;-2.8;0;14.4;5;-0.7;0;0;29.4;951.1;6.6;-2.1;0;9.1;;;14;0;150;139;;;12762;87;17;1.1
BER;01.08.1973 00:00;12.9;24.4;18.5;0.1;0;0.2;0;16.4;17;1;0;0;28.9;955.4;9.6;2.1;0;0;;;9;0;67.4;60;;;12960;95;37.5;0
BER;01.09.1973 00:00;9.1;20.3;14.4;0.3;-0.1;0.9;0;13.5;8;0.7;0;0;28.2;953.6;2.9;0.2;0;94.5;;;7;0;63.7;73;;;11106;106;9.2;22.5
BER;01.10.1973 00:00;3.2;11.3;7;-2.5;-2.3;-2.7;7;8.9;0;-1.4;0;0;19.8;954.7;-3.9;1.8;0;389.2;;;8;0;89.6;104;;;6300;88;0;157.2
BER;01.11.1973 00:00;-1;6.9;2.8;-1.4;-2;-0.8;19;6.6;0;-0.8;3;0;13.3;957.5;-7.7;5.6;0;516.4;;;10;0;52.8;69;;;5154;130;0;276.4
BER;01.12.1973 00:00;-3.9;2.4;-0.8;-1.7;-1.8;-1.4;27;5.3;0;-0.5;8;0;10.3;951.5;-15.9;-2.2;0;646;;;8;0;43.7;56;;;2340;74;0;398
BER;01.01.1974 00:00;-1.1;4.5;1.7;1.5;1.8;1.1;23;6.3;0;0.8;2;0;13.7;956;-4.8;1.8;0;565.3;;;11;0;35.7;59;;;2580;65;0;317.3
BER;01.02.1974 00:00;-0.3;5.3;2.2;1.1;2.5;0.1;15;6.2;0;0.7;0;0;13.1;946.1;-3.3;-6.9;0;498.6;;;9;0;56;101;;;2310;41;0;274.6
BER;01.03.1974 00:00;1.9;10.8;6.1;0.9;1.6;0.5;14;7.5;0;0.9;0;0;20.3;949;-4.5;-2.8;0;415.2;;;8;0;40.6;63;;;5664;62;0;183.2
BER;01.04.1974 00:00;2;13.4;7.9;-1.1;-1.4;-1.1;7;7.1;0;-0.9;0;0;19.2;946.8;-2.9;-2.9;0;364.3;;;5;0;38.9;50;;;11610;108;0;124.3
BER;01.05.1974 00:00;5.7;16.1;11.1;-2.1;-1.9;-2.5;0;9.7;0;-1.3;0;0;23.3;949.6;0.4;-1.9;0;193.4;;;14;0;120;107;;;10362;88;0;65.4
BER;01.06.1974 00:00;8.5;19.2;14;-2.9;-2.8;-3.3;0;12.2;2;-1.6;0;0;25.9;951.2;3.2;-1.7;0;62.3;;;12;0;124.2;122;;;12792;96;0.2;14.3
BER;01.07.1974 00:00;10.5;22.5;16.7;-2.1;-2.5;-2.1;0;13.4;10;-1.7;0;0;29.4;954.6;6.5;1.4;0;27;;;12;0;72.8;67;;;15618;106;15.9;3
BER;01.08.1974 00:00;11.9;23.7;17.9;-0.5;-1;-0.5;0;15.4;10;0;0;0;32.5;953.5;5.9;0.2;3;25.7;;;8;0;62.6;56;;;13302;97;38.3;1.7
BER;01.09.1974 00:00;8;17.9;12.8;-1.3;-1.2;-1.5;0;12.4;0;-0.4;0;0;24.9;951.2;0.2;-2.2;0;136.9;;;10;0;79.3;91;;;8802;84;0.1;40.9
BER;01.10.1974 00:00;0.8;7.2;3.7;-5.8;-4.7;-6.8;9;7;0;-3.3;0;0;10.9;948.6;-2.1;-4.3;0;504.2;;;19;0;132.8;154;;;2394;33;0;256.2
BER;01.11.1974 00:00;0.2;6.7;3.2;-1;-0.8;-1;13;6.9;0;-0.5;0;0;12.4;951.6;-3.6;-0.3;0;504.3;;;16;0;106.9;139;;;1914;48;0;264.3
BER;01.12.1974 00:00;0.2;6.1;3.1;2.2;2.3;2.3;15;6.4;0;0.6;0;0;14.3;959.5;-6.1;5.8;0;523.4;;;13;0;59.6;76;;;3852;121;0;275.4
BER;01.01.1975 00:00;-0.6;4.9;2;1.8;2.3;1.5;19;6.3;0;0.8;4;0;9.6;955.7;-4;1.5;0;556.1;;;11;0;70.1;116;;;2670;67;0;308.1
BER;01.02.1975 00:00;-2.3;5.9;1.3;0.2;0.5;0.7;23;5.4;0;-0.1;1;0;12.1;957;-5;4;0;524.4;;;2;0;20.1;36;;;8082;143;0;300.4
BER;01.03.1975 00:00;-0.7;6.2;2.6;-2.6;-1;-4.1;21;6.3;0;-0.3;2;0;13;943.6;-8.1;-8.2;0;539.9;;;14;0;60.7;94;;;3804;42;0;291.9
BER;01.04.1975 00:00;2.6;12.3;7.5;-1.5;-0.8;-2.2;10;7.7;0;-0.3;0;0;21.4;950.5;-4.8;0.8;0;327.1;;;13;0;67.9;87;;;8970;83;0;143.1
BER;01.05.1975 00:00;6.5;17;11.7;-1.5;-1.1;-1.6;0;11;4;0;0;0;27.3;949.7;0.8;-1.8;0;209.4;;;12;0;78.9;70;;;9054;77;1.7;49.4
BER;01.06.1975 00:00;8.5;19;13.9;-3;-2.8;-3.5;0;13;4;-0.8;0;0;27.4;952.6;2.5;-0.3;0;98.6;;;13;0;105.5;104;;;10986;82;4.6;26.6
BER;01.07.1975 00:00;11.2;23.1;17.4;-1.4;-1.8;-1.5;0;15.2;12;0.1;0;0;30.4;953.5;6.1;0.3;1;17.8;;;9;0;113.8;105;;;16044;109;21.6;1.8
BER;01.08.1975 00:00;11.8;22.5;17.2;-1.2;-1.1;-1.7;0;15.3;12;-0.1;0;0;30.4;953.8;7.1;0.5;1;36.7;;;12;0;134.6;120;;;11286;83;33.4;4.7
BER;01.09.1975 00:00;10.2;20.2;14.8;0.7;1;0.8;0;14.2;1;1.4;0;0;25.8;953.5;5.8;0.1;0;44.8;;;9;0;117.8;135;;;7536;72;0;4.8
BER;01.10.1975 00:00;2.7;10.8;6.5;-3;-2.8;-3.2;4;8.4;0;-1.9;0;0;19.9;956.2;-1.3;3.3;0;405.8;;;5;0;58.4;68;;;6894;96;0;173.8
BER;01.11.1975 00:00;0.8;6.8;3.8;-0.4;-0.2;-0.9;12;6.8;0;-0.6;2;0;14.6;951.9;-8.2;0;0;487.6;;;14;0;99.7;130;;;3420;86;0;247.6
BER;01.12.1975 00:00;-4;0.7;-1.5;-2.4;-1.9;-3.1;28;4.9;0;-0.9;9;0;5.8;957.5;-10.6;3.8;0;668;;;2;0;8.8;11;;;2868;90;0;420
BER;01.01.1976 00:00;-2.8;3.5;0.4;0.2;0.1;0.1;21;5.4;0;-0.1;7;0;8.8;955.2;-14.3;1;0;606;;;6;0;22.3;37;;;4080;103;0;358
BER;01.02.1976 00:00;-2.7;4;0.5;-0.6;0.1;-1.2;28;5.7;0;0.2;7;0;14;953.8;-10.9;0.8;0;565.6;;;7;0;30.4;55;;;5058;89;0;333.6
BER;01.03.1976 00:00;-2.1;8;2.9;-2.3;-2.4;-2.3;22;5.9;0;-0.7;3;0;17.8;952.3;-10.7;0.5;0;530.9;;;6;0;18.7;29;;;9612;106;0;282.9
BER;01.04.1976 00:00;1.6;12.7;7.4;-1.6;-1.8;-1.8;11;7.4;0;-0.6;0;0;20;949;-2.9;-0.7;0;332;;;5;0;36.8;47;;;12582;117;0;140
BER;01.05.1976 00:00;6.8;19;13.2;0;-0.8;0.4;1;10.5;3;-0.5;0;0;26.1;952;-1.4;0.5;0;121.5;;;10;0;67.4;60;;;14274;121;0.3;25.5
BER;01.06.1976 00:00;10.6;24.2;18.1;1.2;-0.7;1.7;0;13.1;18;-0.7;0;0;29.8;955.1;4.3;2.2;0;40.1;;;4;0;27.9;27;;;19596;147;43.6;8.1
BER;01.07.1976 00:00;12.4;24.5;18.5;-0.3;-0.6;-0.1;0;15.3;17;0.2;0;0;31;952.7;6.9;-0.5;4;26.6;;;13;0;179.4;166;;;13692;93;48.5;2.6
BER;01.08.1976 00:00;9.4;21.5;15.7;-2.7;-3.5;-2.7;0;13.1;4;-2.3;0;0;26.4;954.1;5.8;0.8;0;8;;;7;0;24.8;22;;;14202;104;0.4;0
BER;01.09.1976 00:00;7.1;17;11.9;-2.2;-2.1;-2.4;0;11.6;0;-1.2;0;0;22.2;951.7;2.7;-1.7;0;157.5;;;11;0;105;121;;;7464;71;0;29.5
BER;01.10.1976 00:00;5.6;13.9;9.5;0;0.1;-0.1;1;10.2;0;-0.1;0;0;21.1;945.2;-0.5;-7.7;0;273.4;;;8;0;46.4;54;;;6726;94;0;89.4
BER;01.11.1976 00:00;0.7;6.3;3.6;-0.6;-0.3;-1.4;12;6.6;0;-0.8;0;0;10.8;952.6;-3.3;0.7;0;494.5;;;8;0;52.3;68;;;3048;77;0;254.5
BER;01.12.1976 00:00;-4.9;0.2;-2.2;-3.1;-2.8;-3.6;29;4.7;0;-1.1;15;0;8;945.9;-13.1;-7.8;0;689.2;;;12;0;113.9;145;;;2760;87;0;441.2
BER;01.01.1977 00:00;-3.3;2.2;-0.7;-0.9;-0.4;-1.2;28;5.3;0;-0.2;4;0;7.6;948.4;-11.3;-5.8;0;640.9;;;12;0;92.1;153;;;1680;42;0;392.9
BER;01.02.1977 00:00;0.5;7.3;3.8;2.7;3.3;2.1;11;6.8;0;1.3;0;0;13.6;946.8;-7.2;-6.2;0;454;;;15;0;129.3;233;;;3936;70;0;230
BER;01.03.1977 00:00;2;11.1;6.4;1.2;1.7;0.8;7;7.9;0;1.3;1;0;18.4;954.2;-4.2;2.4;0;420.4;;;11;0;64;99;;;6576;72;0;172.4
BER;01.04.1977 00:00;1.5;10.6;6;-3;-1.9;-3.9;15;7.7;0;-0.3;0;0;21.9;950.8;-3.8;1.1;0;405.3;;;17;0;199.1;255;;;5964;55;0;181.3
BER;01.05.1977 00:00;5.5;16.1;10.8;-2.4;-2.1;-2.5;1;10.1;0;-0.9;0;0;24.2;949.5;-0.2;-2;0;185.9;;;15;0;111.9;100;;;9264;78;0;57.9
BER;01.06.1977 00:00;9;19.9;14.5;-2.4;-2.3;-2.6;0;12.8;1;-1;0;0;25.9;950.5;4;-2.4;0;16.8;;;15;0;136.6;135;;;10428;78;0;0.8
BER;01.07.1977 00:00;11.2;22.1;16.8;-2;-1.8;-2.5;0;14.3;8;-0.8;0;0;27.8;950.9;6.9;-2.3;0;16.3;;;15;0;188.6;175;;;13152;89;12.1;0.3
BER;01.08.1977 00:00;10.4;20.8;15.6;-2.8;-2.5;-3.4;0;13.9;3;-1.5;0;0;25.9;950.2;7;-3.1;0;0;;;12;0;99.1;88;;;11100;81;2.4;0
BER;01.09.1977 00:00;6.9;17.7;12.2;-1.9;-2.3;-1.7;0;11.5;1;-1.3;0;0;26;957.2;0.5;3.8;0;156.4;;;4;0;11.1;13;;;10020;95;0;44.4
BER;01.10.1977 00:00;5.5;13.9;9.4;-0.1;0;-0.1;0;10.4;0;0.1;0;0;21.7;954.9;0.8;2;0;285.8;;;11;0;98.8;114;;;5328;75;0;85.8
BER;01.11.1977 00:00;0.8;7.8;4.1;-0.1;-0.2;0.1;15;6.7;0;-0.7;3;0;19;950;-5.3;-1.9;0;472.4;;;14;0;91.7;119;;;3708;94;0;240.4
BER;01.12.1977 00:00;-2.3;3.2;0.4;-0.5;-0.2;-0.6;24;5.7;0;-0.1;6;0;12.6;955.4;-8;1.7;0;607.1;;;11;0;62.4;79;;;2676;84;0;359.1
BER;01.01.1978 00:00;-2.9;1.7;-0.7;-0.9;0;-1.7;28;4.9;0;-0.6;6;0;6.5;947.8;-8.8;-6.4;0;641.6;;;12;0;58.7;97;;;2527;64;0;393.6
BER;01.02.1978 00:00;-3.3;3.1;-0.2;-1.3;-0.5;-2.1;23;5.3;0;-0.2;7;0;12.9;942.8;-11.5;-10.2;0;565.4;;;14;0;109.2;197;;;2594;46;0;341.4
BER;01.03.1978 00:00;0.4;8.7;4.4;-0.8;0.1;-1.6;14;6.5;0;-0.1;0;0;17;949.6;-3.5;-2.2;0;483.3;;;16;0;114.7;177;;;5624;62;0;235.3
BER;01.04.1978 00:00;1.7;11.1;6.3;-2.7;-1.7;-3.4;9;7.2;0;-0.8;0;0;17.7;944.6;-3.8;-5.1;0;410.9;;;8;0;63;81;;;7572;70;0;170.9
BER;01.05.1978 00:00;6.2;15.1;10.5;-2.7;-1.4;-3.5;0;10.1;0;-0.9;0;0;22.4;949.4;0.3;-2.1;0;226.8;;;19;0;115.2;102;;;7326;62;0;66.8
BER;01.06.1978 00:00;8.6;19.7;14.1;-2.8;-2.7;-2.8;0;12.3;2;-1.5;0;0;26;951.2;4.1;-1.7;0;95.2;;;13;0;126.9;125;;;11161;84;2;15.2
BER;01.07.1978 00:00;10.6;21.4;16.1;-2.7;-2.4;-3.2;0;14.5;8;-0.6;0;0;29.1;953.3;6.3;0.1;0;28;;;12;0;119;110;;;12050;82;12.1;4
BER;01.08.1978 00:00;9.7;20.8;15.1;-3.3;-3.2;-3.4;0;14.5;5;-0.9;0;0;26.8;954.3;5.6;1;0;38.5;;;11;0;147.7;132;;;12637;92;4;6.5
BER;01.09.1978 00:00;7.2;19.3;12.9;-1.2;-2;-0.1;0;12.3;0;-0.5;0;0;24.7;955.5;1.8;2.1;0;105.1;;;8;0;48.8;56;;;12448;118;0;17.1
BER;01.10.1978 00:00;3.4;12.7;7.5;-2;-2.1;-1.3;2;9.3;0;-1;0;0;19.8;957.4;-0.7;4.5;0;386.7;;;3;0;43.4;50;;;8577;120;0;138.7
BER;01.11.1978 00:00;-1.1;5.4;1.7;-2.5;-2.1;-2.3;18;6.1;0;-1.3;3;0;12.2;961.4;-6.1;9.5;0;549.6;;;5;0;19.2;25;;;3990;101;0;309.6
BER;01.12.1978 00:00;-2.1;4;1;0.1;0;0.2;21;5.5;0;-0.3;10;0;10.9;944;-10.3;-9.7;0;590.3;;;10;0;92.4;118;;;2490;78;0;342.3
BER;01.01.1979 00:00;-6.1;-0.1;-3.2;-3.4;-3.2;-3.5;28;4.2;0;-1.3;15;0;4.5;947.7;-16.4;-6.5;0;719.7;;;12;0;144.1;239;;;3306;83;0;471.7
BER;01.02.1979 00:00;-1;4.8;1.6;0.5;1.8;-0.4;16;5.8;0;0.3;1;0;11;944.6;-9.3;-8.4;0;515.1;;;13;0;83.6;151;;;3917;69;0;291.1
BER;01.03.1979 00:00;1.1;8.4;4.4;-0.8;0.8;-1.9;10;6.9;0;0.3;0;0;14.6;945.9;-3.3;-5.9;0;482.1;;;20;0;121.4;187;;;4234;47;0;234.1
BER;01.04.1979 00:00;1.4;10.7;5.7;-3.3;-2;-3.8;11;6.9;0;-1.1;0;0;18.6;947.9;-3;-1.8;0;427.7;;;12;0;101.8;131;;;8487;79;0;187.7
BER;01.05.1979 00:00;5.2;17.4;11.3;-1.9;-2.4;-1.2;6;10.2;3;-0.8;0;0;27.8;952.9;-2.7;1.4;0;181.1;;;13;0;78.1;69;;;12595;106;2.2;69.1
BER;01.06.1979 00:00;10.5;20.8;15.5;-1.4;-0.8;-1.7;0;14.2;3;0.4;0;0;25.7;953.9;4.3;1;0;53.2;;;14;0;162;160;;;11114;83;2.3;13.2
BER;01.07.1979 00:00;11.1;22.8;17.1;-1.7;-1.9;-1.8;0;13.9;11;-1.2;0;0;31.7;955.7;4.3;2.5;1;29.2;;;4;0;48.6;45;;;14049;95;21.7;5.2
BER;01.08.1979 00:00;10.2;21.2;15.5;-2.9;-2.7;-3;0;13.5;7;-1.9;0;0;28.9;951.9;4.2;-1.4;0;60.1;;;14;0;128.1;114;;;11418;84;10.3;4.1
BER;01.09.1979 00:00;8.5;18.8;13.3;-0.8;-0.7;-0.6;0;13;1;0.2;0;0;25.1;955.7;1;2.3;0;113.6;;;8;0;67.5;78;;;11197;106;0;33.6
BER;01.10.1979 00:00;6.3;14;9.7;0.2;0.8;0;0;10.9;0;0.6;0;0;21.5;949.3;0.6;-3.6;0;286.8;;;8;0;85.2;98;;;5399;76;0;78.8
BER;01.11.1979 00:00;-0.2;6.5;2.7;-1.5;-1.2;-1.2;17;6.2;0;-1.2;0;0;14.9;952.5;-5.3;0.6;0;516.9;;;12;0;122.7;160;;;3938;99;0;276.9
BER;01.12.1979 00:00;-0.8;5.9;2.6;1.7;1.3;2.1;19;6;0;0.2;1;0;12.8;950.8;-6.1;-2.9;0;539.2;;;13;0;98.5;125;;;3379;106;0;291.2
BER;01.01.1980 00:00;-4.7;0.9;-2.1;-2.3;-1.8;-2.5;27;4.4;0;-1.1;14;0;9.9;950.2;-11.7;-4;0;684.4;;;10;0;117.5;195;;;2735;69;0;436.4
BER;01.02.1980 00:00;-0.2;7.2;2.9;1.8;2.6;2;18;6.1;0;0.6;0;0;12.2;955.3;-3.9;2.3;0;496.1;;;10;0;53.4;96;;;5655;100;0;264.1
BER;01.03.1980 00:00;0.8;8.5;4.4;-0.8;0.5;-1.8;12;6.4;0;-0.2;0;0;12.7;945.6;-4.5;-6.2;0;484.6;;;13;0;83.3;128;;;5351;59;0;236.6
BER;01.04.1980 00:00;1.3;10.4;5.7;-3.3;-2.1;-4.1;12;6.6;0;-1.4;0;0;18.1;952;-3.5;2.3;0;428.6;;;11;0;41;53;;;7303;68;0;188.6
BER;01.05.1980 00:00;5.4;15.6;10.4;-2.8;-2.2;-3;0;9;0;-2;0;0;22.2;947.5;1.3;-4;0;232.9;;;14;0;99;88;;;9039;76;0;56.9
BER;01.06.1980 00:00;9.2;18.4;13.8;-3.1;-2.1;-4.1;0;11.9;3;-1.9;0;0;28;950.9;4.2;-2;0;92.5;;;16;0;145;143;;;7822;59;5.3;12.5
BER;01.07.1980 00:00;10;20;15;-3.8;-3;-4.6;0;13.2;6;-1.9;0;0;28.8;951.4;3.5;-1.8;0;54.5;;;15;0;140.8;130;;;8935;61;10.2;6.5
BER;01.08.1980 00:00;12.3;22.8;17.5;-0.9;-0.6;-1.4;0;14.9;11;-0.5;0;0;30.3;953.9;4.8;0.6;1;0;;;10;0;116.5;104;;;13670;100;23.6;0
BER;01.09.1980 00:00;8.8;20.6;14.1;0;-0.4;1.2;0;12.8;2;0;0;0;25.4;956.7;4.2;3.3;0;24.7;;;6;0;73.9;85;;;13244;126;0;0.7
BER;01.10.1980 00:00;3.8;12.2;7.7;-1.8;-1.7;-1.8;3;8.9;0;-1.4;0;0;20.3;949.5;-0.9;-3.4;0;346.9;;;11;0;168.8;195;;;6463;90;0;138.9
BER;01.11.1980 00:00;-1.3;5.4;1.9;-2.3;-2.3;-2.3;19;6;0;-1.4;6;0;15.9;951.3;-7.7;-0.6;0;541.9;;;9;0;60.7;79;;;3485;88;0;301.9
BER;01.12.1980 00:00;-5.2;1.7;-1.8;-2.7;-3.1;-2.1;29;4.7;0;-1.1;12;0;10;955.4;-15.7;1.7;0;676;;;12;0;48;61;;;4394;138;0;428
BER;01.01.1981 00:00;-6.3;0.4;-2.7;-2.9;-3.4;-3;28;4.4;0;-1.1;15;0;7.5;956.4;-14;2.2;0;703.1;2.4;133;13;0;72.8;121;52;110;3710;94;0;455.1
BER;01.02.1981 00:00;-5.5;2.1;-1.8;-2.9;-2.7;-3.1;26;4.5;0;-1;5;0;8.4;953.3;-11.3;0.3;0;610.9;1.5;75;6;0;25.7;46;93;113;6511;115;0;386.9
BER;01.03.1981 00:00;2.3;10.8;6.4;1.2;2;0.5;6;7.9;0;1.3;0;0;20.4;947.6;-5;-4.2;0;393.3;1.7;77;16;0;150.4;232;112;82;5521;61;0;177.3
BER;01.04.1981 00:00;4;14.5;9.3;0.3;0.6;0;3;8.4;0;0.4;0;0;21.3;950.7;-2.8;1;0;253.9;1.8;86;4;0;44.6;57;188;100;9573;89;0;93.9
BER;01.05.1981 00:00;6.6;16.8;11.8;-1.4;-1;-1.8;0;10.5;2;-0.5;0;0;26.8;948.5;1.3;-3;0;185.1;1.7;85;15;0;170.1;151;193;86;8241;70;0.1;49.1
BER;01.06.1981 00:00;9.3;21.1;15.4;-1.5;-2;-1.4;0;12.9;7;-0.9;0;0;29.1;953.6;4.7;0.7;0;73;1.7;85;4;0;48.6;48;233;91;10252;77;12.5;9
BER;01.07.1981 00:00;10.2;21.7;16.1;-2.7;-2.8;-2.9;0;14.1;10;-1;0;0;28.7;954.2;5;1;0;44.2;1.5;79;10;0;131.6;122;207;82;10214;69;11.9;4.2
BER;01.08.1981 00:00;10.7;24.1;17.5;-0.9;-2.2;-0.1;0;14.3;11;-1.1;0;0;30.9;954.9;5.2;1.6;2;0;1.6;94;7;0;63.4;56;229;107;15084;110;28;0
BER;01.09.1981 00:00;9.5;18.4;13.8;-0.3;0.3;-1;0;13.4;0;0.6;0;0;23.9;952.8;2;-0.6;0;62.2;1.3;76;14;0;127.3;146;123;78;5167;49;0;14.2
BER;01.10.1981 00:00;4.2;13;8.7;-0.8;-1.3;-1;5;9.5;0;-0.8;0;0;21.2;950.1;-2;-2.8;0;308.2;1.9;119;19;0;148.3;171;84;89;4981;70;0;108.2
BER;01.11.1981 00:00;-0.9;8.3;3.3;-0.9;-1.9;0.6;19;6.5;0;-0.9;0;0;17.9;959.9;-6.6;8;0;500.8;1.6;100;7;0;49.6;64;70;136;7403;187;0;260.8
BER;01.12.1981 00:00;-3.4;2.9;0.2;-0.7;-1.3;-0.9;24;5.5;0;-0.3;6;0;9.9;939.3;-15.4;-14.4;0;614.5;2.4;133;21;0;140.7;179;35;95;1963;62;0;366.5
BER;01.01.1982 00:00;-2.6;3.9;0.7;0.5;0.3;0.5;25;5.8;0;0.3;3;0;10.3;953.7;-8.8;-0.5;0;597.3;1.6;89;12;0;109.6;182;41;87;2915;74;0;349.3
BER;01.02.1982 00:00;-3.1;4.3;0.4;-0.7;-0.3;-0.9;26;5.5;0;0;5;0;11.1;954.1;-11.1;1.1;0;549.3;1.2;60;5;0;19.9;36;74;90;4514;80;0;325.3
BER;01.03.1982 00:00;-0.7;8.1;3.6;-1.6;-1;-2.2;21;6.1;0;-0.5;0;0;15;952.4;-4.1;0.6;0;508.7;2.2;100;13;0;72;111;118;87;6494;72;0;260.7
BER;01.04.1982 00:00;1.2;12.5;7.2;-1.8;-2.2;-2;11;6.9;0;-1.1;0;0;18.4;951.8;-1.8;2.1;0;382.9;2.3;110;5;0;20.4;26;220;117;12927;120;0;142.9
BER;01.05.1982 00:00;5.9;18.4;12.3;-0.9;-1.7;-0.2;0;10.5;0;-0.5;0;0;24.6;955;0;3.5;0;149.9;1.7;85;10;0;101.6;90;240;107;12868;109;0;45.9
BER;01.06.1982 00:00;11;21.4;16.1;-0.8;-0.3;-1.1;0;14.4;7;0.6;0;0;26.3;952.3;7.2;-0.6;0;19.1;1.8;90;14;0;171.9;169;226;89;9768;73;2.3;3.1
BER;01.07.1982 00:00;12.7;24.3;18.8;0;-0.3;-0.3;0;16.6;17;1.5;0;0;29.9;953.4;8;0.2;0;0;1.7;89;10;0;117.4;109;235;94;13082;89;49.8;0
BER;01.08.1982 00:00;11.2;21.5;16.3;-2.1;-1.7;-2.7;0;15.3;4;-0.1;0;0;28.9;953;5.6;-0.3;0;8.9;1.4;82;15;0;200.9;179;180;84;9171;67;7.6;0.9
BER;01.09.1982 00:00;9.8;20.9;15.1;1;0.6;1.5;0;14.4;3;1.6;0;0;26.3;954.8;4.8;1.4;0;43.8;1.3;76;5;0;59.4;68;157;100;11021;105;0.3;3.8
BER;01.10.1982 00:00;5.3;12.3;8.4;-1.1;-0.2;-1.7;0;9.7;0;-0.6;0;0;17.8;949.8;0.1;-3.1;0;359.4;1.8;113;14;0;142.3;165;86;91;4575;64;0;111.4
BER;01.11.1982 00:00;1.2;8.4;4.5;0.3;0.2;0.7;9;7.2;0;-0.2;0;0;14.5;952.6;-2.9;0.7;0;464.1;1.5;94;12;0;57.1;74;53;103;3999;101;0;224.1
BER;01.12.1982 00:00;-0.6;4.7;2.3;1.4;1.5;0.9;18;6.2;0;0.4;2;0;12.4;951.4;-6;-2.3;0;549.6;2.2;122;12;0;104.9;134;34;92;2537;80;0;301.6
BER;01.01.1983 00:00;-2.3;5.2;1.4;1.2;0.6;1.8;23;5.8;0;0.3;1;0;13.1;963.4;-8;9.2;0;576.9;2.3;128;10;0;55.4;92;52;110;5008;126;0;328.9
BER;01.02.1983 00:00;-5.4;1.4;-1.9;-3;-2.6;-3.8;25;4.5;0;-1;10;0;12.2;951.6;-10.9;-1.4;0;612.1;2.2;110;7;0;40.6;73;75;91;3554;63;0;388.1
BER;01.03.1983 00:00;0.3;9.8;4.9;-0.3;0;-0.5;16;6.9;0;0.3;0;0;17.3;952.9;-5.2;1.1;0;468.8;2.1;95;10;0;61.7;95;125;92;7847;86;0;220.8
BER;01.04.1983 00:00;3.5;13.1;8.1;-0.9;0.1;-1.4;4;8.6;0;0.6;0;0;20.7;946.4;-1.3;-3.3;0;326;2.6;124;15;0;85.2;109;159;84;5738;53;0;118
BER;01.05.1983 00:00;5.5;14.4;9.9;-3.3;-2.1;-4.2;0;10.2;0;-0.8;0;0;23.9;947.5;2.2;-4;0;259.7;2.1;105;20;0;161.1;143;168;75;5990;51;0;75.7
BER;01.06.1983 00:00;11.2;21.8;16.6;-0.3;-0.1;-0.7;0;14;6;0.2;0;0;28.8;954.9;4.8;2;0;17.1;1.8;90;8;0;51.9;51;236;93;9866;74;12.8;1.1
BER;01.07.1983 00:00;13.9;28.3;21.5;2.7;0.9;3.7;0;16.8;25;1.7;0;0;34.6;953.8;8.2;0.6;12;0;1.5;79;6;0;35.4;33;287;114;19222;131;104.6;0
BER;01.08.1983 00:00;12;23.7;17.7;-0.7;-0.9;-0.5;0;15.5;13;0.1;0;0;27.7;953.5;7.1;0.2;0;8.7;1.5;88;7;0;68.9;61;205;95;10212;75;12.9;0.7
BER;01.09.1983 00:00;8.4;19.7;14;-0.1;-0.8;0.3;0;13.1;1;0.3;0;0;25.2;954.3;4;0.9;0;59.5;1.7;100;12;0;179.7;207;162;103;10521;100;0;11.5
BER;01.10.1983 00:00;4.5;13.8;8.7;-0.8;-1;-0.2;3;9.9;0;-0.4;0;0;22;958.1;-1.6;5.2;0;320.5;1.7;106;6;0;53.1;61;104;111;8670;121;0;112.5
BER;01.11.1983 00:00;-0.1;5.9;2.5;-1.7;-1.1;-1.8;15;6.6;0;-0.8;0;0;14;953.3;-4.8;1.4;0;523;1.9;119;6;0;83.9;109;50;97;3465;88;0;283
BER;01.12.1983 00:00;-3;3.2;0.1;-0.8;-0.9;-0.6;27;5.5;0;-0.3;7;0;12.8;953.4;-7.7;-0.3;0;617;1.6;89;7;0;54.4;69;42;114;4450;140;0;369
BER;01.01.1984 00:00;-3.9;3.1;-0.1;-0.3;-1;-0.3;27;5;0;-0.5;4;0;11.4;950.4;-12.5;-3.8;0;622.7;2.6;144;17;0;85.6;142;44;93;2995;76;0;374.7
BER;01.02.1984 00:00;-3.2;1.9;-0.6;-1.7;-0.4;-3.3;23;4.6;0;-0.9;8;0;8.7;953.3;-9.1;0.3;0;597.6;2.9;145;12;0;49.1;88;74;90;4012;71;0;365.6
BER;01.03.1984 00:00;-2.6;6.7;1.9;-3.3;-2.9;-3.6;25;5;0;-1.6;1;0;12.1;948.8;-8.7;-3;0;561.5;2.2;100;9;0;40.8;63;150;110;10183;112;0;313.5
BER;01.04.1984 00:00;1.4;12.3;7;-2;-2;-2.2;11;6.8;0;-1.2;0;0;22.5;951.7;-3.2;2;0;350.3;2.1;100;5;0;46.3;59;199;106;11259;105;0;158.3
BER;01.05.1984 00:00;4.8;13.7;9.4;-3.8;-2.8;-4.9;1;9.1;0;-1.9;0;0;20;943.9;-0.6;-7.6;0;314.4;2.2;110;14;0;110;98;164;73;5252;44;0;82.4
BER;01.06.1984 00:00;9;20.5;15;-1.9;-2.3;-2;0;12;3;-1.8;0;0;26.3;952.9;4.7;0;0;58.9;2.1;105;8;0;84.5;83;259;102;12884;97;1.7;10.9
BER;01.07.1984 00:00;11.1;23.8;17.8;-1;-1.9;-0.8;0;13.7;13;-1.4;0;0;30.6;955;5.5;1.8;2;0;1.9;100;7;0;53.2;49;272;108;16154;110;36.9;0
BER;01.08.1984 00:00;11.5;22.5;16.9;-1.5;-1.4;-1.7;0;14.1;6;-1.3;0;0;30.2;953.6;9;0.3;1;0;1.6;94;9;0;89.6;80;196;91;11415;84;5.5;0
BER;01.09.1984 00:00;8.5;17.6;12.7;-1.4;-0.7;-1.8;0;11.7;4;-1.1;0;0;28.2;949.4;4.7;-4;0;140.3;2.1;124;16;0;252.3;290;136;86;7781;74;3.3;28.3
BER;01.10.1984 00:00;5.1;13.9;9.3;-0.2;-0.4;-0.1;2;10;0;-0.3;0;0;18.9;954.7;-0.4;1.8;0;296.2;1.6;100;7;0;52.9;61;96;102;6804;95;0;88.2
BER;01.11.1984 00:00;1.8;9.7;5.3;1.1;0.8;2;7;7.7;0;0.3;0;0;17.2;947.4;-3.2;-4.5;0;435.4;1.5;94;9;0;59.6;78;54;105;4682;118;0;203.4
BER;01.12.1984 00:00;-1.6;2.7;0.7;-0.2;0.5;-1.1;26;5.8;0;0;3;0;6.7;957.2;-7.8;3.5;0;599.1;1.4;78;8;0;60.9;78;32;86;1823;57;0;351.1
BER;01.01.1985 00:00;-9.7;-2.8;-5.9;-6.1;-6.8;-6.2;30;3.8;0;-1.7;17;0;7;946.5;-21.1;-7.7;0;803.2;1.6;89;10;0;99.8;166;49;104;3260;82;0;555.2
BER;01.02.1985 00:00;-5.5;2.9;-1.4;-2.5;-2.7;-2.3;22;5.1;0;-0.4;9;0;10;954;-16.6;1;0;600.1;1.6;80;10;0;62.8;113;79;96;4345;77;0;376.1
BER;01.03.1985 00:00;-1;6.4;2.6;-2.6;-1.3;-3.9;21;5.8;0;-0.8;0;0;16.2;948.9;-7.9;-2.9;0;538.3;2.3;105;10;0;49.4;76;115;85;5551;61;0;290.3
BER;01.04.1985 00:00;2.8;13.4;8.1;-0.9;-0.6;-1.1;2;7.8;0;-0.2;0;0;21.7;949;-1.7;-0.7;0;335.8;3;143;16;0;116.8;150;188;100;9619;89;0;119.8
BER;01.05.1985 00:00;7;17;12;-1.2;-0.6;-1.6;0;11;3;0;0;0;26;947.3;0.1;-4.2;0;160.2;2.1;105;12;0;140.9;125;194;87;7904;67;0;40.2
BER;01.06.1985 00:00;8.5;19.7;14.2;-2.7;-2.8;-2.8;0;12;5;-1.8;0;0;27.8;951.8;2.8;-1.1;0;56;2.5;125;15;0;137.4;135;244;96;11038;83;2.1;8
BER;01.07.1985 00:00;12.7;25.1;19.1;0.3;-0.3;0.5;0;15.8;17;0.7;0;0;31.7;954.1;8.7;0.9;3;0;1.9;100;7;0;56.6;52;263;105;15535;106;37.7;0
BER;01.08.1985 00:00;10.6;23.7;17.1;-1.3;-2.3;-0.5;0;14.2;14;-1.2;0;0;30.8;953.6;4.5;0.3;1;27.1;1.9;112;10;0;87.1;78;230;107;15396;113;23.2;3.1
BER;01.09.1985 00:00;8.6;22.3;15;0.9;-0.6;2.9;0;13;8;0.2;0;0;26.5;957.4;3.8;4;0;26.4;1.6;94;3;0;35.8;41;189;120;14937;142;0;2.4
BER;01.10.1985 00:00;4.2;15;9.1;-0.4;-1.3;1;4;9.2;1;-1.1;0;0;25.3;958.7;-1.5;5.8;0;304.3;1.5;94;3;0;12.8;15;108;115;9573;134;0;112.3
BER;01.11.1985 00:00;-2;3.8;1;-3.2;-3;-3.9;24;5.6;0;-1.8;13;0;20.5;949.2;-8.1;-2.7;0;563.4;2;125;12;0;109.5;142;42;82;2261;57;0;331.4
BER;01.12.1985 00:00;-1.9;5.7;1.5;0.6;0.2;1.9;26;5.8;0;0;3;0;10.8;954.1;-5.6;0.4;0;572.4;1.4;78;5;0;78.8;100;45;122;4939;155;0;324.4
BER;01.01.1986 00:00;-3.1;3.2;0.1;-0.1;-0.2;-0.2;24;5.2;0;-0.3;5;0;11.6;947.3;-12;-6.9;0;615.6;2.8;156;17;0;103.9;172;47;99;3404;86;0;367.6
BER;01.02.1986 00:00;-7.8;-2;-4.8;-5.9;-5;-7.2;28;3.7;0;-1.8;20;0;5;944.4;-17.1;-8.6;0;695;1.7;85;6;0;52.3;94;69;84;1817;32;0;471
BER;01.03.1986 00:00;-1;7.9;3.3;-1.9;-1.3;-2.4;20;6;0;-0.6;1;0;14.7;951.1;-7.7;-0.7;0;518.5;2.4;109;11;0;65.6;101;134;99;8637;95;0;270.5
BER;01.04.1986 00:00;2.3;9.6;5.8;-3.2;-1.1;-4.9;4;7.6;0;-0.4;1;0;17.9;945.3;-7.7;-4.4;0;426.6;2.2;105;16;0;154.7;198;115;61;3662;34;0;186.6
BER;01.05.1986 00:00;9;19.7;14.3;1.1;1.4;1.1;0;12.3;3;1.3;0;0;26.7;954;3.2;2.5;0;65.4;1.8;90;13;0;162.6;145;209;94;9498;80;3.2;17.4
BER;01.06.1986 00:00;9.9;21.4;15.8;-1.1;-1.4;-1.1;0;13.1;11;-0.7;0;0;30.7;952.6;1.1;-0.3;1;89.4;2;100;8;0;90.1;89;245;96;13191;99;29.4;25.4
BER;01.07.1986 00:00;11.1;23.6;17.7;-1.1;-1.9;-1;0;13.8;14;-1.3;0;0;30.6;954.1;5.7;0.9;2;0;2.1;111;8;0;118.5;110;248;99;14801;101;30.1;0
BER;01.08.1986 00:00;11.3;22.6;16.9;-1.5;-1.6;-1.6;0;14.6;13;-0.8;0;0;31.7;952.5;5.5;-0.8;2;27.1;1.8;106;13;0;156.2;139;207;96;12296;90;23.5;3.1
BER;01.09.1986 00:00;8.1;19.2;13.5;-0.6;-1.1;-0.2;0;12.3;1;-0.5;0;0;25.8;955.8;3.7;2.4;0;58;1.7;100;3;0;35.9;41;161;102;10672;102;1.7;10
BER;01.10.1986 00:00;5.7;15.8;10.2;0.7;0.2;1.8;2;10.4;0;0.1;0;0;23.7;956;-1.3;3.1;0;216.5;1.9;119;8;0;90.1;104;101;107;8306;116;0;72.5
BER;01.11.1986 00:00;0.1;8.9;3.9;-0.3;-0.9;1.2;15;7.1;0;-0.3;0;0;14.7;958.1;-5.1;6.2;0;481;1.4;88;8;0;41.8;54;64;125;6521;165;0;241
BER;01.12.1986 00:00;-2.6;3.7;0.6;-0.3;-0.5;-0.1;20;5.7;0;-0.1;4;0;10.3;956.5;-14.7;2.8;0;601.5;2.3;128;13;0;59.7;76;40;108;3757;118;0;353.5
BER;01.01.1987 00:00;-7.2;-1.9;-4.4;-4.6;-4.3;-5.3;29;4;0;-1.5;21;0;11.4;951.6;-21.5;-2.6;0;755.2;2.1;117;9;0;48;80;39;82;2519;64;0;507.2
BER;01.02.1987 00:00;-1.7;3;0.5;-0.6;1.1;-2.2;19;5.8;0;0.3;7;0;10.5;949.2;-8.5;-3.8;0;546.1;1.5;75;12;0;85.7;154;55;67;2001;35;0;322.1
BER;01.03.1987 00:00;-3;5.1;1.1;-4.1;-3.3;-5.2;23;5.2;0;-1.4;3;0;14.1;951.6;-8.6;-0.2;0;584.9;2.4;109;13;0;80.2;124;122;90;6059;67;0;336.9
BER;01.04.1987 00:00;3.1;14.5;8.8;-0.2;-0.3;0;6;8.2;0;0.2;0;0;22;952.9;-2.5;3.2;0;278.1;1.8;86;10;0;69.7;89;189;100;11056;103;0;110.1
BER;01.05.1987 00:00;4.3;14.1;9.3;-3.9;-3.3;-4.5;0;9.1;0;-1.9;0;0;22.6;951;0;-0.5;0;304.6;2.2;110;20;0;163.8;146;191;85;9413;80;0;96.6
BER;01.06.1987 00:00;9.3;18.5;13.8;-3.1;-2;-4;0;12.8;3;-1;0;0;31.4;952.5;5.7;-0.4;2;98.1;2;100;17;0;259.1;255;203;80;8636;65;9.8;18.1
BER;01.07.1987 00:00;12.8;24;18;-0.8;-0.2;-0.6;0;16;14;0.9;0;0;29.9;952.5;5;-0.7;0;0;1.9;100;14;0;150.6;139;214;85;9607;65;32.8;0
BER;01.08.1987 00:00;11.9;23.8;17.5;-0.9;-1;-0.4;0;14.6;13;-0.8;0;0;31.6;952.9;8.1;-0.4;4;8.1;2.1;124;6;0;70.1;62;203;95;12099;89;27.1;0.1
BER;01.09.1987 00:00;10.7;23;16.3;2.2;1.5;3.6;0;14.1;14;1.3;0;0;31.4;954.7;1.1;1.3;2;47.8;1.6;94;5;0;133.1;153;168;107;11764;112;13;15.8
BER;01.10.1987 00:00;7.1;13.8;10;0.5;1.6;-0.2;0;10.9;0;0.6;0;0;22.3;951;2.1;-1.9;0;272;1.6;100;9;0;41.7;48;75;80;4047;57;0;64
BER;01.11.1987 00:00;1.5;7.5;4.2;0;0.5;-0.2;9;7.3;0;-0.1;0;0;13.7;951.7;-2.6;-0.2;0;472.1;1.9;119;13;0;86.3;112;45;88;3145;79;0;232.1
BER;01.12.1987 00:00;-0.9;4.2;1.4;0.5;1.2;0.4;20;6.3;0;0.5;6;0;13.3;955.4;-6;1.7;0;575.2;1.4;78;8;0;46.8;60;30;81;2002;63;0;327.2
BER;01.01.1988 00:00;-0.3;5.9;2.5;2.3;2.6;2.5;18;6.3;0;0.8;0;0;11.9;948.7;-5;-5.5;0;541;2.2;122;13;0;67.7;112;41;87;2806;71;0;293
BER;01.02.1988 00:00;-2.5;5.3;1;-0.1;0.3;0.1;24;5.2;0;-0.3;1;0;10;950.3;-6;-2.7;0;551.4;2.7;135;13;0;60.5;109;82;100;5542;98;0;319.4
BER;01.03.1988 00:00;-0.2;6.6;3.1;-2.1;-0.5;-3.7;11;6.2;0;-0.4;0;0;16.8;949.4;-10.5;-2.4;0;522.7;3.1;141;19;0;144.5;223;98;72;3941;43;0;274.7
BER;01.04.1988 00:00;3.6;14.2;8.9;-0.1;0.2;-0.3;3;8.6;0;0.6;0;0;21.6;949.2;-1.9;-0.5;0;305.2;1.8;86;10;0;48.3;62;175;93;8641;80;0;97.2
BER;01.05.1988 00:00;8.6;18.8;13.5;0.3;1;0.2;0;11.9;1;0.9;0;0;25.5;948.5;1.8;-3;0;75.2;1.9;95;16;0;133;118;207;93;8754;74;0;11.2
BER;01.06.1988 00:00;9.9;20.5;15.1;-1.8;-1.4;-2;0;12.6;0;-1.2;0;0;24.3;950.4;6.1;-2.5;0;32.8;1.8;90;9;0;141.2;139;244;96;11613;87;0;8.8
BER;01.07.1988 00:00;11.9;23.7;17.8;-1;-1.1;-0.9;0;14.2;10;-0.9;0;0;31.1;952.9;9.2;-0.3;3;0;2.1;111;15;0;95.7;89;255;102;14700;100;21.1;0
BER;01.08.1988 00:00;11.9;23.7;17.9;-0.5;-1;-0.5;0;15;16;-0.4;0;0;29.9;952.1;7.6;-1.2;0;8.1;1.8;106;10;0;122.1;109;208;97;13336;98;39.7;0.1
BER;01.09.1988 00:00;8.8;18.8;13.7;-0.4;-0.4;-0.6;0;12.3;0;-0.5;0;0;24.7;955.2;3.2;1.8;0;79.7;2.1;124;10;0;72.9;84;149;95;9478;90;0.5;15.7
BER;01.10.1988 00:00;6.9;14.5;10.3;0.8;1.4;0.5;1;10.9;0;0.6;0;0;21.4;953.6;-0.9;0.7;0;249.6;1.7;106;11;0;145.2;168;76;81;4985;70;0;65.6
BER;01.11.1988 00:00;-1.1;5.8;2.1;-2.1;-2.1;-1.9;20;6.4;0;-1;5;0;13.3;956.6;-10.8;4.7;0;535.2;1.4;88;6;0;34.9;45;51;99;4100;104;0;295.2
BER;01.12.1988 00:00;-0.8;4.4;1.9;1;1.3;0.6;21;6.1;0;0.3;2;0;12.3;959.1;-6.4;5.4;0;561.2;2;111;10;0;69.7;89;34;92;3034;95;0;313.2
BER;01.01.1989 00:00;-2.9;3.1;-0.4;-0.6;0;-0.3;28;5.4;0;-0.1;5;0;9.2;965.7;-6.3;11.5;0;631.7;1;56;2;0;11.3;19;56;118;5911;149;0;383.7
BER;01.02.1989 00:00;-1.2;7.1;2.2;1.1;1.6;1.9;16;6;0;0.5;0;0;15.9;955.4;-7.4;2.4;0;499.1;1.9;95;10;0;29.3;53;80;97;6406;113;0;275.1
BER;01.03.1989 00:00;2;13;7.3;2.1;1.7;2.7;7;7.1;0;0.5;0;0;21.8;952.6;-2.4;0.8;0;367;2.2;100;9;0;58.2;90;140;103;10848;120;0;151
BER;01.04.1989 00:00;3.3;10.8;6.9;-2.1;-0.1;-3.7;2;8;0;0;0;0;17.9;944.3;-0.8;-5.4;0;393.1;2.2;105;17;0;144.4;185;127;67;4778;44;0;153.1
BER;01.05.1989 00:00;7.2;20.5;13.9;0.7;-0.4;1.9;1;10.4;4;-0.6;0;0;26.3;954.2;-0.1;2.7;0;88.8;2.2;110;7;0;56.9;51;262;117;15930;135;0;16.8
BER;01.06.1989 00:00;9.3;21.1;15.3;-1.6;-2;-1.4;0;11;7;-2.8;0;0;28.2;952.6;4.5;-0.3;0;66.6;2.3;115;7;0;48.1;47;270;106;14657;110;5.6;10.6
BER;01.07.1989 00:00;12;24.2;18.3;-0.5;-1;-0.4;0;15;13;-0.1;0;0;30;955.1;7.6;1.9;1;0;1.8;95;11;0;103;95;234;93;12374;84;25.9;0
BER;01.08.1989 00:00;11;23.6;17.3;-1.1;-1.9;-0.6;0;14.9;12;-0.5;0;0;31.2;952.4;3.9;-0.9;1;34.4;1.6;94;13;0;104.8;93;216;101;14159;104;19;2.4
BER;01.09.1989 00:00;8.4;19;13.5;-0.6;-0.8;-0.4;0;12.6;2;-0.2;0;0;26;954.5;3.4;1.1;0;83.2;1.7;100;7;0;20.3;23;140;89;8766;83;0;11.2
BER;01.10.1989 00:00;4.2;15.8;9.4;-0.1;-1.3;1.8;0;9.5;0;-0.8;0;0;20.9;956.6;0.3;3.7;0;315;1.5;94;8;0;89.2;103;110;117;10579;148;0;83
BER;01.11.1989 00:00;-0.7;6;2.1;-2.1;-1.7;-1.7;18;6.3;0;-1.1;1;0;17;952;-6.7;0.1;0;536.1;1.4;88;6;0;34.7;45;58;113;5663;143;0;296.1
BER;01.12.1989 00:00;-1.9;4.2;1;0.1;0.2;0.4;20;5.7;0;-0.1;14;0;14.9;951;-7.4;-2.7;0;589.9;1.7;94;8;0;61.3;78;34;92;2591;81;0;341.9
BER;01.01.1990 00:00;-3.8;3.5;-0.8;-1;-0.9;0.1;28;5.1;0;-0.4;9;0;12.1;958.5;-8.9;4.3;0;643.7;1.5;83;4;0;34.3;57;54;114;5759;145;0;395.7
BER;01.02.1990 00:00;0.9;10.7;5.3;4.2;3.7;5.5;10;6.9;0;1.4;0;0;17.3;953.3;-3.1;0.3;0;412.5;3.2;160;11;0;109;196;82;100;6948;123;0;188.5
BER;01.03.1990 00:00;1.7;12;6.5;1.3;1.4;1.7;9;7.1;0;0.5;0;0;22.8;962;-4.5;10.2;0;404.6;1.9;86;7;0;36.9;57;133;98;9797;108;0;172.6
BER;01.04.1990 00:00;2.2;11.2;6.8;-2.2;-1.2;-3.3;2;7.4;0;-0.6;0;0;19.5;949.1;-1;-0.6;0;388.3;2;95;15;0;110;141;148;79;6331;59;0;156.3
BER;01.05.1990 00:00;8.1;20.6;14.2;1;0.5;2;0;11.4;0;0.4;0;0;24.2;953.7;3;2.2;0;16.8;1.8;90;13;0;114.8;102;259;116;14710;124;0;0.8
BER;01.06.1990 00:00;9.9;19.9;14.8;-2.1;-1.4;-2.6;0;13.2;6;-0.6;0;0;28.5;951.4;5.8;-1.5;0;37.9;1.8;90;17;0;276.3;272;212;83;9812;73;8.3;5.9
BER;01.07.1990 00:00;11.3;24.5;18.3;-0.5;-1.7;-0.1;0;13.9;18;-1.2;0;0;31.9;954.8;5.6;1.6;3;0;2.1;111;5;0;70.4;65;268;107;16529;112;38.2;0
BER;01.08.1990 00:00;11.7;25.1;18.5;0.1;-1.2;0.9;0;14.3;17;-1.1;0;0;32.2;955.6;6.6;2.3;3;0;1.8;106;6;0;71.8;64;225;105;15883;116;35.2;0
BER;01.09.1990 00:00;8;18.9;13.3;-0.8;-1.2;-0.5;0;11.6;0;-1.2;0;0;23.1;953.9;3.4;0.5;0;57.1;2;118;7;0;121.7;140;163;103;10970;104;0;9.1
BER;01.10.1990 00:00;6.6;15.4;10.6;1.1;1.1;1.4;0;11;0;0.7;0;0;21.7;949.8;1.2;-3.1;0;234.1;1.6;100;13;0;131.9;152;94;100;7083;99;0;66.1
BER;01.11.1990 00:00;1.4;6.4;3.7;-0.5;0.4;-1.3;11;7;0;-0.4;0;0;14.1;950;-4.5;-1.9;0;487.7;2.1;131;15;0;150.6;196;46;90;3029;77;0;247.7
BER;01.12.1990 00:00;-3.4;1.5;-0.8;-1.7;-1.3;-2.3;26;4.9;0;-0.9;10;0;10.9;952.3;-9.9;-1.4;0;646.2;1.8;100;10;0;43.1;55;41;111;3649;115;0;398.2
BER;01.01.1991 00:00;-2.5;2.8;0.1;-0.1;0.4;-0.6;27;5.6;0;0.1;13;0;12.8;958.5;-8.2;4.3;0;616.2;1.9;106;10;0;52;86;34;72;2378;60;0;368.2
BER;01.02.1991 00:00;-6.1;2.9;-1.9;-3;-3.3;-2.3;27;4.8;0;-0.7;10;0;14.6;951.2;-14.7;-1.8;0;612.1;1.6;80;8;0;30.8;55;95;115;6565;116;0;388.1
BER;01.03.1991 00:00;2.6;10.7;6.5;1.3;2.3;0.4;5;8.1;0;1.5;0;0;16.1;948.6;-3;-3.2;0;418.6;1.7;77;6;0;71.6;110;106;78;5586;62;0;170.6
BER;01.04.1991 00:00;1.7;12.6;7.1;-1.9;-1.7;-1.9;10;6.9;0;-1.1;0;0;19.1;950.6;-2.9;0.9;0;386.2;1.9;90;6;0;33.9;43;194;103;10689;99;0;146.2
BER;01.05.1991 00:00;3.9;14.6;9.5;-3.7;-3.7;-4;0;8.4;1;-2.6;0;0;25.6;953.2;0.4;1.7;0;276.3;2;100;10;0;85.5;76;220;98;11799;100;0;100.3
BER;01.06.1991 00:00;9.5;19.4;14.6;-2.3;-1.8;-3.1;0;12.3;4;-1.5;0;0;27.3;951.7;5.2;-1.2;0;81;2.1;105;17;0;172.3;170;223;88;9930;74;7.4;9
BER;01.07.1991 00:00;13.1;25.2;19.3;0.5;0.1;0.6;0;16.1;21;1;0;0;30.3;953;7.7;-0.2;3;0;1.9;100;12;0;72.1;67;263;105;15858;108;51.8;0
BER;01.08.1991 00:00;12.4;26;19.3;0.9;-0.5;1.8;0;15;22;-0.4;0;0;31.2;955.2;7.1;1.9;2;0;1.7;100;1;0;10.5;9;239;111;17222;126;41.3;0
BER;01.09.1991 00:00;10.5;21.8;15.9;1.8;1.3;2.4;0;13.6;10;0.8;0;0;27.2;953;5.5;-0.4;0;28.7;1.7;100;8;0;94.3;108;162;103;11399;108;1.7;4.7
BER;01.10.1991 00:00;3.9;12;7.8;-1.7;-1.6;-2;5;9.2;0;-1.1;0;0;19.4;952.5;-3.7;-0.4;0;363.6;1.7;106;9;0;57.2;66;95;101;7259;102;0;131.6
BER;01.11.1991 00:00;0.4;6.4;3.3;-0.9;-0.6;-1.3;12;6.7;0;-0.7;1;0;15.9;950.9;-2.7;-1;0;500.9;1.9;119;10;0;134.7;175;46;90;3531;89;0;260.9
BER;01.12.1991 00:00;-4.1;1.7;-1.2;-2.1;-2;-2.1;27;4.9;0;-0.9;12;0;10.2;962.6;-10.8;8.9;0;656.3;2.3;128;6;0;53;68;38;103;3619;114;0;408.3
BER;01.01.1992 00:00;-5.6;0.9;-2.5;-2.7;-2.7;-2.5;29;4.5;0;-1;13;0;6.8;962.5;-14.5;8.3;0;698.5;1.5;83;4;0;17.7;29;53;112;4948;125;0;450.5
BER;01.02.1992 00:00;-3.2;5;0.7;-0.4;-0.4;-0.2;23;5.5;0;0;3;0;13;960.2;-10.9;7.2;0;560.5;1.8;90;8;0;62.9;113;87;106;6384;113;0;328.5
BER;01.03.1992 00:00;1;10.2;5.5;0.3;0.7;-0.1;12;6.7;0;0.1;0;0;15.9;952;-1.5;0.2;0;449.4;2.6;118;11;0;72.7;112;115;85;6425;71;0;201.4
BER;01.04.1992 00:00;3;13.2;8.2;-0.8;-0.4;-1.3;3;7.5;0;-0.5;0;0;24.6;948.8;-1;-0.9;0;328.5;2.6;124;11;0;98.3;126;183;97;9770;91;0;128.5
BER;01.05.1992 00:00;7.9;19.7;14.1;0.9;0.3;1.1;0;11.2;3;0.2;0;0;27.5;953.4;1;1.9;0;80.5;2;100;10;0;64.3;57;238;106;13307;112;2.2;16.5
BER;01.06.1992 00:00;10.1;20;15.1;-1.8;-1.2;-2.5;0;13.1;3;-0.7;0;0;26.4;949.4;5.7;-3.5;0;36.1;2;100;16;0;76.1;75;207;81;8278;62;2;4.1
BER;01.07.1992 00:00;12.9;24;18.4;-0.4;-0.1;-0.6;0;16;14;0.9;0;0;31.6;954.1;10.2;0.9;2;0;1.6;84;12;0;118.8;110;229;91;12329;84;42.4;0
BER;01.08.1992 00:00;14.1;26.8;20.4;2;1.2;2.6;0;15.8;19;0.4;0;0;32.7;952.8;9.7;-0.5;11;0;1.9;112;7;0;90.8;81;220;102;14095;103;78.4;0
BER;01.09.1992 00:00;9.4;19.1;14;-0.1;0.2;-0.3;0;12.9;0;0.1;0;0;24;955.6;3.3;2.2;0;56.8;1.6;94;7;0;69.6;80;151;96;9952;95;0;8.8
BER;01.10.1992 00:00;4.7;10.4;7.6;-1.9;-0.8;-3.6;2;9.1;0;-1.2;0;0;17.4;945.2;-3.2;-7.7;0;375.6;2.2;138;13;0;163.1;189;57;61;2440;34;0;135.6
BER;01.11.1992 00:00;2.4;9.1;5.8;1.6;1.4;1.4;3;8.4;0;1;0;0;16.3;954.5;-3.6;2.6;0;426.4;1.9;119;18;0;141.9;185;37;72;2103;53;0;186.4
BER;01.12.1992 00:00;-2;2.9;0.4;-0.5;0.1;-0.9;24;5.7;0;-0.1;8;0;13.2;953.9;-5.6;0.2;0;607.5;1.4;78;7;0;66.1;84;30;81;2597;82;0;359.5
BER;01.01.1993 00:00;-1.4;6.1;2.1;1.9;1.5;2.7;21;6.2;0;0.7;4;0;15;961.3;-10.9;7.1;0;555.7;1.8;100;8;0;19.1;32;49;104;4441;112;0;307.7
BER;01.02.1993 00:00;-4.1;2.3;-1.1;-2.2;-1.3;-2.9;28;4.9;0;-0.6;6;0;9.4;960.8;-12.6;7.8;0;590.9;1.7;85;5;0;7.5;14;82;100;5407;95;0;366.9
BER;01.03.1993 00:00;-1.2;9.1;3.8;-1.4;-1.5;-1.2;22;5.9;0;-0.7;1;0;19.5;955.3;-8.4;3.5;0;503.7;1.8;82;5;0;24.2;37;147;108;10670;118;0;255.7
BER;01.04.1993 00:00;4.3;15.2;9.6;0.6;0.9;0.7;2;8.6;0;0.6;0;0;22.8;947.4;-2;-2.3;0;239.7;1.8;86;11;0;75.6;97;178;94;8796;82;0;87.7
BER;01.05.1993 00:00;8.3;19.5;13.8;0.6;0.7;0.9;0;11.8;2;0.8;0;0;27.5;949.7;3.8;-1.8;0;74.1;1.9;95;14;0;119.2;106;219;98;10254;87;2.8;10.1
BER;01.06.1993 00:00;10.8;21.9;16.4;-0.5;-0.5;-0.6;0;13.9;6;0.1;0;0;29;952.9;6.9;0;0;17.7;2;100;16;0;140.9;139;241;95;12108;91;11.3;1.7
BER;01.07.1993 00:00;11.3;22.5;17.1;-1.7;-1.7;-2.1;0;14;10;-1.1;0;0;31.9;954.4;6.5;1.2;2;27.2;2.2;116;16;0;157.5;146;235;94;12557;85;25.5;3.2
BER;01.08.1993 00:00;12.2;23.8;17.8;-0.6;-0.7;-0.4;0;14.7;15;-0.7;0;0;31.3;954.6;5.1;1.3;2;33.8;1.8;106;10;0;119.5;106;217;101;14356;105;36.6;1.8
BER;01.09.1993 00:00;8.8;17.1;12.8;-1.3;-0.4;-2.3;0;12.3;0;-0.5;0;0;24.5;949.2;3.3;-4.2;0;108.9;1.7;100;16;0;131.6;151;131;83;7154;68;0;20.9
BER;01.10.1993 00:00;5;10.1;7.5;-2;-0.5;-3.9;0;9.3;0;-1;0;0;17.4;949.6;1.1;-3.3;0;387.1;1.7;106;16;0;95.4;110;58;62;2396;34;0;139.1
BER;01.11.1993 00:00;-0.7;4;1.6;-2.6;-1.7;-3.7;17;6.3;0;-1.1;11;0;15.4;953.5;-8.7;1.6;0;552;1.5;94;5;0;26.6;35;41;80;2113;53;0;312
BER;01.12.1993 00:00;0;6.3;3.4;2.5;2.1;2.5;13;6.4;0;0.6;2;0;15.4;949.6;-8.5;-4.1;0;509.5;3.5;194;20;0;123.7;158;35;95;2181;69;0;269.5
BER;01.01.1994 00:00;-0.7;5;2.1;1.9;2.2;1.6;17;6.1;0;0.6;4;0;12.4;951.7;-9.8;-2.5;0;554.2;2.2;122;15;0;84.5;140;46;97;3914;99;0;306.2
BER;01.02.1994 00:00;-1;5.5;2;0.9;1.8;0.3;18;5.9;0;0.4;2;0;12.5;948.9;-6.4;-4.1;0;503.4;1.7;85;8;0;30.2;54;71;86;3414;60;0;279.4
BER;01.03.1994 00:00;4.2;13.1;8.7;3.5;3.9;2.8;2;8;0;1.4;0;0;20.5;956;-1.2;4.2;0;323.2;2.8;127;14;0;59.3;91;129;95;7764;86;0;107.2
BER;01.04.1994 00:00;2.3;10.7;6.6;-2.4;-1.1;-3.8;7;7.7;0;-0.3;0;0;24;947.6;-2.5;-2.1;0;378.3;2.2;105;16;0;117.5;151;141;75;6836;64;0;170.3
BER;01.05.1994 00:00;8.6;17.8;13.1;-0.1;1;-0.8;0;11.8;0;0.8;0;0;22.5;949.2;3.9;-2.3;0;91.9;1.8;90;17;0;178.4;159;187;84;8067;68;0;11.9
BER;01.06.1994 00:00;10.6;22.1;16.4;-0.5;-0.7;-0.4;0;13.6;13;-0.2;0;0;29;955.2;3.2;2.3;0;68.4;2.1;105;11;0;81.2;80;251;99;13140;98;20.3;12.4
BER;01.07.1994 00:00;14.9;27.1;21;2.2;1.9;2.5;0;16.9;24;1.8;0;0;32;953.7;10.8;0.5;6;0;1.5;79;6;0;37.9;35;249;99;14727;100;90.2;0
BER;01.08.1994 00:00;14;25.5;19.5;1.1;1.1;1.3;0;16.1;14;0.7;0;0;33.2;952.4;9.9;-0.9;5;0;2.1;124;12;0;107.5;96;212;99;12910;94;51.4;0
BER;01.09.1994 00:00;9.6;17.3;13.4;-0.7;0.4;-2.1;0;13;1;0.2;0;0;25.1;951.3;2.2;-2.1;0;86.6;1.9;112;12;0;154.2;177;113;72;4846;46;1.3;22.6
BER;01.10.1994 00:00;5.2;14.1;9.2;-0.3;-0.3;0.1;2;9.9;0;-0.4;0;0;20.9;952.4;-1.9;-0.5;0;313.6;1.7;106;9;0;94.8;110;100;106;8057;113;0;97.6
BER;01.11.1994 00:00;4.2;9.8;6.9;2.7;3.2;2.1;2;9.1;0;1.7;0;0;14.3;956;-1;4.1;0;391.1;1.4;88;8;0;39.7;52;42;82;1839;46;0;151.1
BER;01.12.1994 00:00;0.1;5.3;2.8;1.9;2.2;1.5;16;6.6;0;0.8;4;0;13.9;957;-3.8;3.3;0;533.6;2;111;11;0;102.1;130;30;81;2157;68;0;285.6
BER;01.01.1995 00:00;-4.5;2.8;-0.7;-0.9;-1.6;-0.6;23;5.1;0;-0.4;12;0;12.6;953.4;-14.8;-0.8;0;641;3.2;178;16;0;149.3;248;51;108;4832;122;0;393
BER;01.02.1995 00:00;0.4;7.9;4.1;3;3.2;2.7;13;6.9;0;1.4;0;0;13.5;952.3;-4.1;-0.7;0;444.3;2.3;115;17;0;117.9;212;72;87;4498;79;0;220.3
BER;01.03.1995 00:00;-1.7;8;3.3;-1.9;-2;-2.3;23;5.5;0;-1.1;0;0;17.3;951;-7.8;-0.8;0;516.3;3.3;150;13;0;92.3;142;144;106;9480;104;0;268.3
BER;01.04.1995 00:00;3.6;13.4;8.6;-0.4;0.2;-1.1;2;8.2;0;0.2;0;0;21.2;951.3;-0.7;1.6;0;311.7;2.5;119;10;0;56;72;177;94;9688;90;0;103.7
BER;01.05.1995 00:00;6.4;18.1;12.4;-0.8;-1.2;-0.5;1;10.3;2;-0.7;0;0;25.1;951.2;-1.1;-0.3;0;133.3;2;100;14;0;188.7;168;221;99;11793;100;0;37.3
BER;01.06.1995 00:00;9.4;19.7;14.7;-2.2;-1.9;-2.8;0;12.2;6;-1.6;0;0;28.7;952.3;5;-0.6;0;89.6;2;100;11;0;78.9;78;238;93;10914;82;14;9.6
BER;01.07.1995 00:00;14.7;26.5;20.5;1.7;1.7;1.9;0;16.6;21;1.5;0;0;33.1;952.6;10.8;-0.6;6;0;1.9;100;10;0;62.5;58;259;103;15015;102;73.7;0
BER;01.08.1995 00:00;12.8;22.8;17.6;-0.8;-0.1;-1.4;0;15;9;-0.4;0;0;30.9;953;4.4;-0.3;1;38.1;1.8;106;12;0;146.8;131;197;92;11004;81;22;6.1
BER;01.09.1995 00:00;7.2;16.6;11.7;-2.4;-2;-2.8;0;11;0;-1.8;0;0;21.6;950.3;0.3;-3.1;0;171.6;1.8;106;11;0;136.5;157;141;90;7497;71;0;27.6
BER;01.10.1995 00:00;7.3;17.4;11.8;2.3;1.8;3.4;0;12.1;0;1.8;0;0;22.2;958.1;2.4;5.2;0;117.4;0.9;56;4;0;10.8;12;108;115;8986;126;0;29.4
BER;01.11.1995 00:00;-0.2;7.5;3.4;-0.8;-1.2;-0.2;18;6.8;0;-0.6;0;0;16.4;953.3;-6.1;1.4;0;498.3;1.4;88;7;0;57.4;75;59;115;5390;136;0;258.3
BER;01.12.1995 00:00;-3.1;2.1;-0.4;-1.3;-1;-1.7;24;5.5;0;-0.3;12;0;12.7;949.4;-12.6;-4.3;0;631.2;1.5;83;13;0;124.9;159;30;81;1688;53;0;383.2
BER;01.01.1996 00:00;-1.9;1.6;-0.2;-0.4;1;-1.8;25;5.8;0;0.3;12;0;9.5;948.1;-6;-6.1;0;626.9;1;56;4;0;20.4;34;31;66;1060;27;0;378.9
BER;01.02.1996 00:00;-4;2.5;-0.8;-1.9;-1.2;-2.7;26;4.8;0;-0.7;10;0;11.1;947.4;-8.9;-5.6;0;602;2.1;105;11;0;45;81;73;89;3992;70;0;370
BER;01.03.1996 00:00;-1.8;8.3;2.9;-2.3;-2.1;-2;20;5.6;0;-1;1;0;18.8;949.3;-8.1;-2.5;0;527.7;1.6;73;7;0;34.4;53;146;107;9913;109;0;279.7
BER;01.04.1996 00:00;3.4;14.4;8.8;-0.2;0;-0.1;7;8.1;0;0.1;0;0;22.8;950.6;-2.3;0.9;0;288.8;2;95;8;0;50.6;65;186;99;10033;93;0;104.8
BER;01.05.1996 00:00;7.1;17.4;12.1;-1.1;-0.5;-1.2;0;10.7;2;-0.3;0;0;27.8;948.9;2.8;-2.6;0;166;2.3;115;12;0;127.1;113;206;92;10063;85;1.4;38
BER;01.06.1996 00:00;10.7;22.2;16.7;-0.2;-0.6;-0.3;0;13.1;11;-0.7;0;0;29.3;955.6;4.6;2.7;0;29.5;2.3;115;7;0;104.5;103;253;99;13678;102;18.8;5.5
BER;01.07.1996 00:00;10.9;22.4;16.9;-1.9;-2.1;-2.2;0;13.6;9;-1.5;0;0;27.6;954.2;6.5;1;0;9.5;2.3;121;11;0;135.5;125;241;96;14573;99;16.8;1.5
BER;01.08.1996 00:00;11.6;21.8;16.5;-1.9;-1.3;-2.4;0;14.8;6;-0.6;0;0;30.3;952.6;6.6;-0.7;1;0;1.9;112;18;0;184.6;164;192;89;10787;79;7.5;0
BER;01.09.1996 00:00;6;15.4;10.7;-3.4;-3.2;-4;0;10.1;0;-2.7;0;0;21.6;950.8;2.2;-2.6;0;244.8;1.9;112;9;0;47.6;55;138;88;8729;83;0;44.8
BER;01.10.1996 00:00;5.1;12.9;8.9;-0.6;-0.4;-1.1;2;9.7;0;-0.6;0;0;19.1;954.2;-1.1;1.3;0;336.5;1.6;100;14;0;102.2;118;78;83;5489;77;0;96.5
BER;01.11.1996 00:00;0.5;7.2;3.9;-0.3;-0.5;-0.5;9;7;0;-0.4;0;0;16.9;948.5;-8.5;-3.4;0;483;2.2;138;15;0;146.7;191;49;96;3523;89;0;243
BER;01.12.1996 00:00;-2.9;1.8;-0.5;-1.4;-0.8;-2;23;5.6;0;-0.2;9;0;9.3;947.3;-11.9;-6.4;0;637;1.2;67;9;0;53.1;68;31;84;2105;66;0;389
BER;01.01.1997 00:00;-3.8;0.4;-1.8;-2;-0.9;-3;25;5.1;0;-0.4;12;0;6.8;955;-10.4;0.8;0;673.9;0.9;50;6;0;55.4;92;36;76;2144;54;0;425.9
BER;01.02.1997 00:00;-0.8;8.2;3.5;2.4;2;3;19;6.2;0;0.7;1;0;14.6;958.8;-4.8;5.8;0;462.8;3;150;11;0;64.6;116;82;100;6417;113;0;238.8
BER;01.03.1997 00:00;1.2;12.8;6.8;1.6;0.9;2.5;10;7.2;0;0.6;0;0;19.5;959;-2.6;7.2;0;409.4;1.9;86;8;0;24.8;38;145;107;10781;119;0;161.4
BER;01.04.1997 00:00;0.7;13.7;7.5;-1.5;-2.7;-0.8;16;6.3;0;-1.7;0;0;20;953.6;-3.7;3.9;0;366.4;2.7;129;7;0;67.7;87;225;119;15263;142;0;134.4
BER;01.05.1997 00:00;7;18.8;13.2;0;-0.6;0.2;0;10.4;2;-0.6;0;0;26;951.2;2.5;-0.3;0;97.5;2.5;125;8;0;55.6;49;250;112;13630;115;0;25.5
BER;01.06.1997 00:00;10.7;20.3;15.6;-1.3;-0.6;-2.2;0;13.4;5;-0.4;0;0;27.9;947.9;5.7;-5;0;19.4;2;100;17;0;134.8;133;208;82;7896;59;11.6;3.4
BER;01.07.1997 00:00;11.2;21.7;16.5;-2.3;-1.8;-2.9;0;14.4;6;-0.7;0;0;27.2;954.3;7.8;1.1;0;8;1.8;95;15;0;146.5;136;224;89;12474;85;6.3;0
BER;01.08.1997 00:00;13.1;25.4;19.1;0.7;0.2;1.2;0;16.5;22;1.1;0;0;29.2;953.7;8.2;0.4;0;0;1.5;88;8;0;95.3;85;219;102;14304;105;46.4;0
BER;01.09.1997 00:00;9.1;20.6;14.6;0.5;-0.1;1.2;0;13.8;2;1;0;0;27.2;956.9;3.3;3.5;0;35.2;1.4;82;5;0;73.5;84;171;109;12545;119;2.5;3.2
BER;01.10.1997 00:00;4.4;13.2;8.5;-1;-1.1;-0.8;6;9.6;0;-0.7;0;0;23.4;953;-6.1;0.1;0;308.8;1.8;113;6;0;69.7;81;98;104;7723;108;0;132.8
BER;01.11.1997 00:00;0.3;7.5;3.8;-0.4;-0.7;-0.2;16;7.2;0;-0.2;0;0;13.7;945.8;-4.5;-6.1;0;486.5;1.2;75;10;0;44;57;53;103;4493;113;0;246.5
BER;01.12.1997 00:00;-1.1;4.4;1.7;0.8;1;0.6;22;6.1;0;0.3;5;0;12.4;949.5;-6.5;-4.2;0;566.6;1.8;100;11;0;109.5;139;32;86;2196;69;0;318.6
BER;01.01.1998 00:00;-2.1;4.4;1;0.8;0.8;1;22;5.6;0;0.1;10;0;12.2;953.8;-7.3;-0.4;0;589.4;2;111;10;0;62.6;104;46;97;4325;109;0;341.4
BER;01.02.1998 00:00;-2.7;8.7;2.4;1.3;0.1;3.5;23;5.8;0;0.3;1;0;16;960.6;-9.5;7.6;0;494.8;1.5;75;4;0;29.7;54;102;124;9201;162;0;270.8
BER;01.03.1998 00:00;-0.3;9.8;4.9;-0.3;-0.6;-0.5;15;6.1;0;-0.5;0;0;20;957.4;-7;5.6;0;460.8;2.3;105;6;0;42.1;65;129;95;7809;86;0;220.8
BER;01.04.1998 00:00;2.9;12.7;7.7;-1.3;-0.5;-1.8;6;8;0;0;0;0;21;942.7;-2.1;-7;0;341.1;2.2;105;16;0;109.8;141;163;86;6908;64;0;133.1
BER;01.05.1998 00:00;7;20.4;14;0.8;-0.6;1.8;0;10.2;5;-0.8;0;0;28.7;950.9;0.9;-0.6;0;84.7;2.2;110;7;0;33.7;30;259;116;15796;134;2.9;12.7
BER;01.06.1998 00:00;10.5;22.5;16.6;-0.3;-0.8;0;0;13.3;12;-0.5;0;0;29.9;953.7;2.4;0.8;0;38.8;2;100;10;0;67.7;67;249;98;12092;91;21.7;6.8
BER;01.07.1998 00:00;12.9;24.5;18.7;-0.1;-0.1;-0.1;0;14.3;15;-0.8;0;0;32.5;951.8;8.3;-1.4;4;0;2.4;126;9;0;94.1;87;239;95;12851;87;44.2;0
BER;01.08.1998 00:00;12.4;24.7;18.4;0;-0.5;0.5;0;14.2;14;-1.2;0;0;34;954.4;4.3;1.1;7;8.2;2.1;124;5;0;66.3;59;213;99;14354;105;49;0.2
BER;01.09.1998 00:00;9;18.2;13.3;-0.8;-0.2;-1.2;0;12.4;2;-0.4;0;0;26.2;949.6;4.1;-3.8;0;110.1;2.2;129;11;0;105.9;122;130;83;6564;62;1.3;22.1
BER;01.10.1998 00:00;5.7;13.5;9.5;0;0.2;-0.5;0;9.7;0;-0.6;0;0;19.5;952.2;0.5;-0.7;0;298.9;2.6;163;15;0;124.1;143;80;85;4815;67;0;82.9
BER;01.11.1998 00:00;-1.8;4.9;1.5;-2.7;-2.8;-2.8;21;5.9;0;-1.5;3;0;12.5;953.5;-10.2;1.6;0;554.1;1.8;113;11;0;126.7;165;54;105;4118;104;0;314.1
BER;01.12.1998 00:00;-4.7;2.6;-0.9;-1.8;-2.6;-1.2;30;5.1;0;-0.7;9;0;10.5;957.1;-11.7;3.4;0;649.4;1.3;72;6;0;21.6;28;44;119;3969;125;0;401.4
BER;01.01.1999 00:00;-3.3;4.9;0.4;0.2;-0.4;1.5;24;5.4;0;-0.1;3;0;12.9;952.9;-8.6;-1.3;0;606.8;2;111;11;0;43.6;72;58;123;5717;144;0;358.8
BER;01.02.1999 00:00;-4.7;2.4;-1;-2.1;-1.9;-2.8;21;5.2;0;-0.3;8;0;8.6;952.6;-15.6;-0.4;0;588.3;2.7;135;13;0;116.9;211;68;83;3286;58;0;364.3
BER;01.03.1999 00:00;0.7;10.4;5.3;0.1;0.4;0.1;10;6.8;0;0.2;0;0;18.2;948.4;-3.5;-3.4;0;456.4;1.9;86;10;0;54.2;84;127;93;8345;92;0;208.4
BER;01.04.1999 00:00;3.7;13.1;8.2;-0.8;0.3;-1.4;4;8.4;0;0.4;0;0;20.9;950.3;-0.7;0.6;0;333.5;2.2;105;18;0;159;204;161;85;7400;69;0;117.5
BER;01.05.1999 00:00;10.1;20.1;15;1.8;2.5;1.5;0;13.1;5;2.1;0;0;27.5;951.5;6.9;0;0;35.2;1.8;90;13;0;185.6;165;197;88;9714;82;6.9;3.2
BER;01.06.1999 00:00;9.6;20.7;15.1;-1.8;-1.7;-1.8;0;12.5;3;-1.3;0;0;28.1;954.4;4.5;1.5;0;26.6;2;100;13;0;144.4;142;241;95;11806;88;2.7;2.6
BER;01.07.1999 00:00;13.2;24.5;18.8;0;0.2;-0.1;0;15.3;16;0.2;0;0;30.5;952.8;7.7;-0.4;2;0;2;105;8;0;67;62;247;98;14202;97;35.3;0
BER;01.08.1999 00:00;13.3;23.3;18;-0.4;0.4;-0.9;0;16.1;11;0.7;0;0;29.5;951.2;9.4;-2.1;0;0;1.7;100;17;0;160.2;143;195;91;10746;79;27.3;0
BER;01.09.1999 00:00;11.2;21.5;16.1;2;2;2.1;0;14.4;6;1.6;0;0;27.2;950.3;7.9;-3.1;0;0;1.5;88;12;0;161.8;186;160;102;11016;105;2.8;0
BER;01.10.1999 00:00;5.2;13.3;9.1;-0.4;-0.3;-0.7;0;10;0;-0.3;0;0;18.8;953.4;0.1;0.5;0;310.3;1.4;88;9;0;56;65;81;86;5171;72;0;94.3
BER;01.11.1999 00:00;-0.9;4.7;1.7;-2.5;-1.9;-3;17;6.3;0;-1.1;5;0;16.6;956;-11.9;4.1;0;547.8;1.5;94;9;0;69.8;91;46;90;2699;68;0;307.8
BER;01.12.1999 00:00;-2.7;4.7;1.1;0.2;-0.6;0.9;24;5.6;0;-0.2;7;0;12.2;950.8;-12.4;-2.9;0;587;2.5;139;14;0;99.2;126;40;108;3125;98;0;339
BER;01.01.2000 00:00;-3.9;2.4;-0.9;-1.1;-1;-1;27;5.1;0;-0.4;7;0;10.9;959.8;-14.4;5.6;0;645.6;1.6;89;2;0;11.4;19;52;110;4243;107;0;397.6
BER;01.02.2000 00:00;-0.5;7.6;3.2;2.1;2.3;2.4;18;6.4;0;0.9;0;0;15.5;958.7;-4.9;5.7;0;487.4;2;100;14;0;106.3;192;78;95;5456;96;0;255.4
BER;01.03.2000 00:00;1;10.3;5.6;0.4;0.7;0;11;6.6;0;0;0;0;17.8;955.5;-3.8;3.7;0;445.9;2.3;105;8;0;44;68;128;94;8426;93;0;197.9
BER;01.04.2000 00:00;3.3;14.8;9;0;-0.1;0.3;5;8.3;0;0.3;0;0;24.5;944.3;-1.9;-5.4;0;294.7;2.1;100;7;0;52;67;175;93;9464;88;0;102.7
BER;01.05.2000 00:00;8.4;20.5;14.5;1.3;0.8;1.9;0;11.8;5;0.8;0;0;26.7;952.2;3.9;0.7;0;69.8;2.1;105;12;0;95.3;85;227;102;11919;101;1;5.8
BER;01.06.2000 00:00;11.2;23.5;17.4;0.5;-0.1;1;0;13.9;11;0.1;0;0;29.3;956;6.5;3.1;0;0;1.6;80;8;0;126.1;124;272;107;14946;112;20.8;0
BER;01.07.2000 00:00;10.7;20.9;15.9;-2.9;-2.3;-3.7;0;13.6;5;-1.5;0;0;29.6;951;4.9;-2.2;0;44.5;2.1;111;17;0;182.2;169;218;87;10977;75;9.3;4.5
BER;01.08.2000 00:00;12.6;24.7;18.6;0.2;-0.3;0.5;0;15.6;17;0.2;0;0;30.6;954.7;9.5;1.4;1;0;1.4;82;10;0;82.3;73;217;101;14917;109;41.5;0
BER;01.09.2000 00:00;9.1;20.7;14.6;0.5;-0.1;1.3;0;13.1;2;0.3;0;0;26.6;952;5.3;-1.4;0;24.6;1.6;94;8;0;64.7;74;177;112;13323;127;0.6;0.6
BER;01.10.2000 00:00;6.2;13.9;9.8;0.3;0.7;-0.1;0;10.4;0;0.1;0;0;18.3;951.8;0;-1.1;0;308.7;1.4;88;14;0;67.3;78;83;88;5087;71;0;68.7
BER;01.11.2000 00:00;1.5;8.4;4.8;0.6;0.5;0.7;6;7.4;0;0;0;0;12.8;945.9;-3.6;-6;0;455.9;1.5;94;16;0;114.5;149;54;105;4272;108;0;215.9
BER;01.12.2000 00:00;-0.5;6.1;3;2.1;1.6;2.3;15;6.6;0;0.8;0;0;12.5;949;-6.9;-4.7;0;528.3;1.4;78;7;0;37.6;48;36;97;2904;91;0;280.3
BER;01.01.2001 00:00;-2.3;3.8;0.8;0.6;0.6;0.4;26;5.9;0;0.4;2;0;8.8;949;-6.9;-5.2;0;594.6;1.4;78;13;0;125.5;208;42;89;3230;81;0;346.6
BER;01.02.2001 00:00;-1.6;6.8;2.4;1.3;1.2;1.6;17;5.7;0;0.2;0;0;12.9;953.3;-8.4;0.3;0;493.9;2;100;7;0;38.9;70;82;100;5174;91;0;269.9
BER;01.03.2001 00:00;3;10.9;6.8;1.6;2.7;0.6;5;8.3;0;1.7;0;0;17.7;943.6;-5;-8.2;0;400.3;2.4;109;24;0;247.9;382;91;67;3403;37;0;160.3
BER;01.04.2001 00:00;2.2;11;6.5;-2.5;-1.2;-3.5;7;7.5;0;-0.5;0;0;18.1;949.7;-1.6;0;0;389.2;2.2;105;16;0;125.8;161;148;79;5569;52;0;165.2
BER;01.05.2001 00:00;8.7;20.5;14.8;1.6;1.1;1.9;0;12.1;4;1.1;0;0;29.5;951.4;3;-0.1;0;57.1;2;100;9;0;76.7;68;231;103;12298;104;7.3;9.1
BER;01.06.2001 00:00;9.3;20.8;15.2;-1.7;-2;-1.7;0;12.4;7;-1.4;0;0;30;953.9;2.5;1;1;45.9;1.9;95;14;0;141.1;139;258;101;14249;107;11.2;5.9
BER;01.07.2001 00:00;12.7;24.2;18.5;-0.3;-0.3;-0.4;0;15.1;16;0;0;0;29.7;952.4;9.1;-0.8;0;0;1.9;100;9;0;127;118;253;101;15377;105;36.9;0
BER;01.08.2001 00:00;13.5;24.9;19;0.6;0.6;0.7;0;16.1;16;0.7;0;0;30.5;954;7.6;0.7;1;0;1.6;94;12;0;96.2;86;224;104;14875;109;40.6;0
BER;01.09.2001 00:00;7.4;15.8;11.5;-2.6;-1.8;-3.6;0;11.1;0;-1.7;0;0;22.2;951.6;2.5;-1.8;0;174.8;2.1;124;17;0;146.9;169;129;82;6688;64;0;30.8
BER;01.10.2001 00:00;7.8;18.3;12.5;3;2.3;4.3;0;12.3;0;2;0;0;24;955.7;3.5;2.8;0;107.4;1.3;81;10;0;73.8;85;116;123;10611;148;0;19.4
BER;01.11.2001 00:00;-0.5;5.2;2.5;-1.7;-1.5;-2.5;20;6.3;0;-1.1;0;0;11.1;956.7;-3.7;4.8;0;525.7;1.9;119;12;0;56.7;74;44;86;2762;70;0;285.7
BER;01.12.2001 00:00;-4.2;2.1;-0.6;-1.5;-2.1;-1.7;24;5.1;0;-0.7;12;0;11.2;956.7;-14.3;3;0;638;2.5;139;5;0;21.3;27;43;116;3779;119;0;390
BER;01.01.2002 00:00;-4.8;3.4;-1;-1.2;-1.9;0;26;5.1;0;-0.4;12;0;13.4;960.9;-11.4;6.7;0;650.3;1.5;83;4;0;27;45;57;121;4837;122;0;402.3
BER;01.02.2002 00:00;0.7;8.4;4.6;3.5;3.5;3.2;9;6.7;0;1.2;0;0;13.5;952.9;-6.2;-0.1;0;432;3.1;155;12;0;84.6;152;70;85;3958;70;0;208
BER;01.03.2002 00:00;1.2;11.8;6.2;1;0.9;1.5;11;6.9;0;0.3;0;0;17.7;953.3;-4.3;1.5;0;411.1;2.3;105;6;0;66.5;102;153;113;11199;123;0;179.1
BER;01.04.2002 00:00;2.7;14.1;8.4;-0.6;-0.7;-0.4;4;7.3;0;-0.7;0;0;20.6;949.4;-1.6;-0.3;0;341.4;2.1;100;4;0;45.4;58;200;106;11506;107;0;109.4
BER;01.05.2002 00:00;6.8;17.2;12.1;-1.1;-0.8;-1.4;0;10.6;2;-0.4;0;0;26.8;950.5;0.4;-1;0;156.8;1.6;80;14;0;167.5;149;196;88;9692;82;0.6;36.8
BER;01.06.2002 00:00;12;24.5;18.6;1.7;0.7;2;0;14.8;16;1;0;0;32.4;952.8;5;-0.1;6;0;1.7;85;8;0;85.5;84;268;105;15151;113;59.9;0
BER;01.07.2002 00:00;12;22.9;17.9;-0.9;-1;-1.7;0;14.7;10;-0.4;0;0;29.4;952;7.1;-1.2;0;0;2.1;111;13;0;164.1;152;235;94;12549;85;16.8;0
BER;01.08.2002 00:00;11.9;22;16.9;-1.5;-1;-2.2;0;15.3;6;-0.1;0;0;27.6;951.8;8.4;-1.5;0;16.6;1.7;100;13;0;168;150;196;91;10988;80;6.4;0.6
BER;01.09.2002 00:00;7.9;17;12.4;-1.7;-1.3;-2.4;0;12.4;0;-0.4;0;0;23;953.4;1.2;0;0;135.6;1.4;82;10;0;126;145;138;88;7599;72;0;39.6
BER;01.10.2002 00:00;5;13.9;9.4;-0.1;-0.5;-0.1;1;9.8;0;-0.5;0;0;21.2;950.9;-0.6;-2;0;317.2;2;125;17;0;125.7;145;99;105;7437;104;0;85.2
BER;01.11.2002 00:00;2.5;8.1;5.4;1.2;1.5;0.4;3;8.4;0;1;0;0;14.6;946.8;-1.6;-5.1;0;437.2;1.4;88;22;0;183.2;238;40;78;1760;44;0;197.2
BER;01.12.2002 00:00;1;4.9;3.2;2.3;3.1;1.1;12;7.1;0;1.3;3;0;11.3;951;-3.1;-2.7;0;520.7;1.6;89;13;0;72.7;93;22;59;379;12;0;272.7
BER;01.01.2003 00:00;-3.4;1.9;-0.6;-0.8;-0.5;-1.5;24;5.3;0;-0.2;10;0;14.3;951.3;-13.1;-2.9;0;638.4;2.7;150;9;0;42.9;71;38;80;2131;54;0;390.4
BER;01.02.2003 00:00;-6.2;2.4;-1.9;-3;-3.4;-2.8;28;4.2;0;-1.3;11;0;12.4;954.1;-15.4;1.1;0;614.4;1.9;95;2;0;18.8;34;84;102;5628;99;0;390.4
BER;01.03.2003 00:00;0.5;13.3;6.6;1.4;0.2;3;17;6.4;0;-0.2;0;0;19.3;957.3;-3.3;5.5;0;398.2;2;91;6;0;45.6;70;169;124;14036;155;0;166.2
BER;01.04.2003 00:00;2.9;14.5;8.9;-0.1;-0.5;0;5;7.6;0;-0.4;0;0;22.3;950.6;-5.7;0.9;0;265.1;2.3;110;9;0;64.5;83;198;105;12516;116;0;105.1
BER;01.05.2003 00:00;8.6;19.4;14.1;0.9;1;0.8;0;11.9;4;0.9;0;0;26.7;954;0.8;2.5;0;104.5;1.8;90;11;0;77.3;69;220;98;11144;94;2.8;16.5
BER;01.06.2003 00:00;14.6;28.4;21.6;4.7;3.3;5.9;0;16.2;28;2.4;0;0;32.5;952.8;10.5;-0.1;9;0;1.7;85;5;0;54.6;54;308;121;18297;137;99;0
BER;01.07.2003 00:00;13;25.9;19.7;0.9;0;1.3;0;14.8;19;-0.3;0;0;34;953.4;9.3;0.2;6;0;1.8;95;11;0;91.3;85;262;104;16232;110;60.3;0
BER;01.08.2003 00:00;14.2;29.8;21.9;3.5;1.3;5.6;0;15.4;28;0;0;0;36.8;954.2;8.7;0.9;14;0;1.6;94;7;3;77;69;244;114;17625;129;121.9;0
BER;01.09.2003 00:00;8.3;20.3;14.1;0;-0.9;0.9;0;12;4;-0.8;0;0;26.3;956.4;4;3;0;36.2;1.7;100;8;0;48.9;56;178;113;12977;123;0;4.2
BER;01.10.2003 00:00;2.8;10.2;6.5;-3;-2.7;-3.8;8;8.5;0;-1.8;0;0;21.2;949;-4.2;-3.9;0;393.7;1.8;113;15;0;125.6;145;80;85;5172;72;0;177.7
BER;01.11.2003 00:00;0.8;8.9;4.4;0.2;-0.2;1.2;9;7.5;0;0.1;0;0;13.5;952.5;-2.8;0.6;0;466.9;1.1;69;5;0;63;82;59;115;5328;135;0;226.9
BER;01.12.2003 00:00;-2.8;4.2;0.5;-0.4;-0.7;0.4;25;5.4;0;-0.4;3;0;10.9;953.9;-10.1;0.2;0;603.7;1.6;89;6;0;28.3;36;44;119;4900;154;0;355.7
BER;01.01.2004 00:00;-2.5;3.2;0.6;0.4;0.4;-0.2;24;5.6;0;0.1;9;0;12;947.7;-10.4;-6.5;0;599.9;2.6;144;16;0;141.9;235;40;85;1946;49;0;351.9
BER;01.02.2004 00:00;-2.7;5.7;1.1;0;0.1;0.5;25;5.2;0;-0.3;0;0;12.4;954.5;-10;1.5;0;546.7;1.8;90;6;0;42.9;77;89;108;6866;121;0;314.7
BER;01.03.2004 00:00;-0.7;8.5;3.8;-1.4;-1;-1.8;18;6;0;-0.6;1;0;20.7;955.1;-6.8;3.3;0;503.4;1.9;86;8;0;51.3;79;132;97;7607;84;0;255.4
BER;01.04.2004 00:00;3.5;14.3;8.9;-0.1;0.1;-0.2;1;7.8;0;-0.2;0;0;22;948.2;-0.1;-1.5;0;290.4;2.4;114;7;0;42.7;55;185;98;8936;83;0;98.4
BER;01.05.2004 00:00;5.8;17.3;11.9;-1.3;-1.8;-1.3;0;9.3;3;-1.7;0;0;26.8;950.2;2.2;-1.3;0;171.4;2.2;110;11;0;95.6;85;240;107;12953;110;0;43.4
BER;01.06.2004 00:00;10.4;21.5;16.3;-0.6;-0.9;-1;0;13;6;-0.8;0;0;29.4;954.4;7.1;1.5;0;9.3;1.9;95;9;0;110.5;109;237;93;11172;84;14.5;1.3
BER;01.07.2004 00:00;12.2;23.2;17.8;-1;-0.8;-1.4;0;14.7;11;-0.4;0;0;29.4;953.6;7;0.4;0;8.1;1.8;95;15;0;136.6;126;246;98;13649;93;28.8;0.1
BER;01.08.2004 00:00;12.7;23.4;17.9;-0.5;-0.2;-0.8;0;15.7;12;0.3;0;0;30.1;951.3;8.3;-2;1;0;1.7;100;13;0;126.3;112;199;93;10826;79;28.6;0
BER;01.09.2004 00:00;9.1;20.2;14.6;0.5;-0.1;0.8;0;13.1;8;0.3;0;0;26.9;956.6;4;3.2;0;60.6;1.7;100;8;0;46.6;54;166;105;11247;107;2.8;12.6
BER;01.10.2004 00:00;7.2;15;10.8;1.3;1.7;1;0;11.4;0;1.1;0;0;23.8;949;2.4;-3.9;0;215.1;1.2;75;17;0;152.5;176;83;88;5389;75;0;55.1
BER;01.11.2004 00:00;0.4;6.6;3.5;-0.7;-0.6;-1.1;19;6.8;0;-0.6;0;0;12.4;955.6;-5.7;3.7;0;494.7;1.5;94;5;0;15;20;50;97;3672;93;0;254.7
BER;01.12.2004 00:00;-2.3;2.3;0.1;-0.8;-0.2;-1.5;26;5.4;0;-0.4;5;0;9;954.5;-7.9;0.8;0;616.9;1.6;89;7;0;49.6;63;36;97;2959;93;0;368.9
BER;01.01.2005 00:00;-4.8;2.8;-1.1;-1.3;-1.9;-0.6;28;5;0;-0.5;11;0;11.1;958.6;-14.3;4.4;0;653.9;1.9;106;10;0;42.6;71;61;129;6050;153;0;405.9
BER;01.02.2005 00:00;-6.1;1.5;-2.3;-3.4;-3.3;-3.7;26;4.3;0;-1.2;14;0;10.1;951.9;-13.3;-1.1;0;623.6;2.1;105;7;0;31.8;57;93;113;5570;98;0;399.6
BER;01.03.2005 00:00;-0.9;10.1;4.6;-0.6;-1.2;-0.2;15;6.8;0;0.2;4;0;21;951.8;-16;0;0;476.9;1.7;77;7;0;35.6;55;155;114;10501;116;0;228.9
BER;01.04.2005 00:00;3.8;13.2;8.7;-0.3;0.4;-1.3;2;8.2;1;0.2;0;0;25.4;949.8;-0.6;0.1;0;317.6;2;95;12;0;133.2;171;165;88;8000;74;0;109.6
BER;01.05.2005 00:00;7.3;18.7;13.4;0.2;-0.3;0.1;0;11;7;0;0;0;28.6;953.2;1.8;1.7;0;142.5;2;100;14;0;83.3;74;232;104;12489;106;10.2;30.5
BER;01.06.2005 00:00;11.4;24.5;18.2;1.3;0.1;2;0;13.6;14;-0.2;0;0;33.3;954.6;3.7;1.7;5;25.5;2.2;110;7;0;43.5;43;293;115;16701;125;49.5;1.5
BER;01.07.2005 00:00;12.5;24.6;18.6;-0.2;-0.5;0;0;14.5;13;-0.6;0;0;33.2;952.9;7.9;-0.3;6;0;2.1;111;10;0;59.4;55;242;96;13228;90;44.3;0
BER;01.08.2005 00:00;11.3;21.8;16.5;-1.9;-1.6;-2.4;0;13.8;6;-1.6;0;0;28.6;953.7;6.3;0.4;0;0;1.7;100;15;0;141;126;195;91;11531;84;4.7;0
BER;01.09.2005 00:00;10.6;20.3;15.2;1.1;1.4;0.9;0;13.9;8;1.1;0;0;27.5;954.4;3.3;1;0;71;1.7;100;6;0;129.6;149;153;97;9826;93;10.2;15
BER;01.10.2005 00:00;6;15.8;10.3;0.8;0.5;1.8;0;10.7;0;0.4;0;0;19.7;955.2;4.3;2.3;0;293.4;1.1;69;8;0;79.2;92;104;111;9461;132;0;53.4
BER;01.11.2005 00:00;-0.5;7.3;3.2;-1;-1.5;-0.4;16;6.7;0;-0.7;1;0;17.9;952.9;-10.2;1;0;504.4;1.5;94;4;0;21.8;28;65;127;6684;169;0;264.4
BER;01.12.2005 00:00;-4.4;1;-1.3;-2.2;-2.3;-2.8;28;4.6;0;-1.2;11;0;6.5;952.8;-14.9;-0.9;0;659.4;1.8;100;8;0;58.4;74;37;100;2953;93;0;411.4
BER;01.01.2006 00:00;-5.8;0.1;-2.9;-3.1;-2.9;-3.3;30;4.4;0;-1.1;16;0;6.3;956.9;-12.9;2.7;0;709.8;1.4;78;4;0;18.4;31;51;108;4689;118;0;461.8
BER;01.02.2006 00:00;-3.2;2.7;-0.3;-1.4;-0.4;-2.5;22;5;0;-0.5;4;0;10.1;949.2;-8.9;-3.8;0;568.1;2.2;110;7;0;35.8;65;63;77;3485;62;0;344.1
BER;01.03.2006 00:00;-1;7.2;3.1;-2.1;-1.3;-3.1;18;6.3;0;-0.3;4;0;20.6;947;-9.6;-4.8;0;509.1;2.8;127;15;0;157.8;243;118;87;6273;69;0;277.1
BER;01.04.2006 00:00;3.4;13.2;8.3;-0.7;0;-1.3;8;8.3;0;0.3;0;0;21.3;950.6;-2.3;0.9;0;316.2;1.7;81;14;0;208.8;268;167;89;8839;82;0;116.2
BER;01.05.2006 00:00;8;18;13;-0.2;0.4;-0.6;0;11;0;0;0;0;23.7;953.2;0.9;1.7;0;106.3;2.3;115;14;0;181.1;161;192;86;8415;71;0;26.3
BER;01.06.2006 00:00;11;24.2;17.7;0.8;-0.3;1.7;0;13.5;18;-0.3;0;0;30;955.8;2.2;2.9;1;35.5;1.8;90;7;0;40.7;40;291;114;16502;124;39.2;11.5
BER;01.07.2006 00:00;15.1;28.9;22.1;3.3;2.1;4.3;0;16.9;28;1.8;0;0;33.4;955.3;12.1;2.1;15;0;1.7;89;7;0;46.2;43;277;110;18253;124;117.4;0
BER;01.08.2006 00:00;11;19.3;14.8;-3.6;-1.9;-4.9;0;13.2;0;-2.2;0;0;24.1;950.5;7.3;-2.8;0;43.2;2.1;124;18;0;181.8;162;167;78;8226;60;0.2;3.2
BER;01.09.2006 00:00;11.8;21.5;16.4;2.3;2.6;2.1;0;15.4;5;2.6;0;0;27.3;952.5;6.8;-0.9;0;0;1.5;88;7;0;139.9;161;149;95;10162;97;8.4;0
BER;01.10.2006 00:00;7.5;16.8;12;2.5;2;2.8;0;12;0;1.7;0;0;21;952.1;3.3;-0.8;0;158.2;1.6;100;9;0;79.5;92;103;110;9033;126;0;22.2
BER;01.11.2006 00:00;1.1;11.1;5.8;1.6;0.1;3.4;9;7.8;0;0.4;0;0;15.8;955.8;-5;3.9;0;427;1.6;100;10;0;46.5;60;64;125;7448;188;0;187
BER;01.12.2006 00:00;-1.6;4.7;1.4;0.5;0.5;0.9;23;6.1;0;0.3;4;0;13.9;960.3;-6.8;6.6;0;576.8;1.7;94;9;0;79.1;101;43;116;5191;163;0;328.8
BER;01.01.2007 00:00;-0.1;7;3.7;3.5;2.8;3.6;13;6.8;0;1.3;3;0;13.7;957.3;-11.4;3.1;0;506.3;2.4;133;12;0;48.9;81;50;106;4367;110;0;258.3
BER;01.02.2007 00:00;-0.4;8.6;4;2.9;2.4;3.4;16;6.7;0;1.2;0;0;12.7;948.8;-5.2;-4.2;0;448.2;2;100;12;0;112.2;202;78;95;6625;117;0;224.2
BER;01.03.2007 00:00;-0.1;10.3;4.9;-0.3;-0.4;0;19;6.8;0;0.2;0;0;16.4;951.1;-3;-0.7;0;469.1;2;91;16;0;110.2;170;140;103;9691;107;0;221.1
BER;01.04.2007 00:00;4.7;20.2;12.6;3.6;1.3;5.7;2;9.1;3;1.1;0;0;25.8;953.6;-2;3.9;0;138.6;1.8;86;2;0;22;28;243;129;18233;169;0;34.6
BER;01.05.2007 00:00;8.4;19.2;13.9;0.7;0.8;0.6;0;11.7;5;0.7;0;0;26.6;948.8;1.5;-2.7;0;101.5;2.3;115;13;0;173.9;155;216;97;11538;98;4.2;21.5
BER;01.06.2007 00:00;12.3;22;16.9;0;1;-0.5;0;14.6;8;0.8;0;0;28.4;950.2;7.5;-2.7;0;28.4;2.2;110;15;0;183.2;180;234;92;12078;90;15.3;4.4
BER;01.07.2007 00:00;12;22.8;17.3;-1.5;-1;-1.8;0;14.5;12;-0.6;0;0;30.6;952.5;6.1;-0.7;2;25.1;2.1;111;15;0;209.3;194;238;95;14016;95;28.3;1.1
BER;01.08.2007 00:00;12.2;21.9;16.9;-1.5;-0.7;-2.3;0;15.2;8;-0.2;0;0;29.6;951.8;8;-1.5;0;9.6;1.7;100;15;0;207.6;185;193;90;11986;88;16.5;1.6
BER;01.09.2007 00:00;7.4;18.3;12.6;-1.5;-1.8;-1.1;0;11.5;0;-1.3;0;0;24.1;955.5;2.7;2.1;0;112.1;1.9;112;8;0;71.5;82;175;111;12601;120;0;24.1
BER;01.10.2007 00:00;4.6;13.1;8.6;-0.9;-0.9;-0.9;5;9.8;0;-0.5;0;0;22.7;957;-2.5;4.1;0;316.6;1.7;106;4;0;30.5;35;99;105;8478;119;0;124.6
BER;01.11.2007 00:00;-1.1;5.7;2.3;-1.9;-2.1;-2;19;6.2;0;-1.2;4;0;11;954.8;-9.2;2.9;0;530.9;1.9;119;7;0;27.5;36;53;103;4371;110;0;290.9
BER;01.12.2007 00:00;-2.4;2.3;0;-0.9;-0.3;-1.5;20;5.5;0;-0.3;13;0;10;958.3;-8;4.6;0;619.7;2;111;11;0;93.8;119;34;92;2441;77;0;371.7
BER;01.01.2008 00:00;-1.8;5.9;1.9;1.7;1.1;2.5;24;6;0;0.5;2;0;11.5;955.9;-6.2;1.7;0;560.1;1.4;78;12;0;61.7;102;53;112;5802;146;0;312.1
BER;01.02.2008 00:00;-2.3;8;2.6;1.5;0.5;2.8;20;6;0;0.5;0;0;15.7;960.8;-7.8;7.8;0;506;1.7;85;8;0;35.7;64;101;123;10109;179;0;274
BER;01.03.2008 00:00;-0.1;8.3;4.2;-1;-0.4;-2;18;6.1;0;-0.5;0;0;17.2;945.4;-8;-6.4;0;490;2.9;132;11;0;61.7;95;124;91;6382;70;0;242
BER;01.04.2008 00:00;3.1;12;7.5;-1.5;-0.3;-2.5;3;7.9;0;-0.1;0;0;20.7;946.9;-2.8;-2.8;0;361.3;2;95;14;0;123.8;159;153;81;7084;66;0;137.3
BER;01.05.2008 00:00;8.3;20.3;14.3;1.1;0.7;1.7;0;11.6;1;0.6;0;0;29.5;949.3;4;-2.2;0;45.6;1.9;95;10;0;47.5;42;231;103;12973;110;2.8;5.6
BER;01.06.2008 00:00;12;22.3;17.1;0.2;0.7;-0.2;0;14.3;12;0.5;0;0;31.3;952.6;6.6;-0.3;2;26.2;1.8;90;13;0;63.5;63;236;93;12338;92;36.9;2.2
BER;01.07.2008 00:00;12.4;23.7;18.1;-0.7;-0.6;-0.9;0;14.6;14;-0.5;0;0;29.6;952.8;7.6;-0.4;0;0;2;105;10;0;119.1;110;256;102;15787;107;31.3;0
BER;01.08.2008 00:00;12.4;23;17.5;-0.9;-0.5;-1.2;0;15;11;-0.4;0;0;27.9;952.2;6.3;-1.1;0;0;1.7;100;9;0;92.2;82;211;98;13804;101;16.4;0
BER;01.09.2008 00:00;7.8;16.7;12.1;-2;-1.4;-2.7;0;11.8;0;-1;0;0;24.2;953.2;0.8;-0.2;0;188.9;2;118;8;0;107.3;123;145;92;9521;91;0;52.9
BER;01.10.2008 00:00;5.6;13.8;9.6;0.1;0.1;-0.2;2;10.4;0;0.1;0;0;21;954.1;-1;1.2;0;241.6;1.7;106;10;0;117.8;136;93;99;6725;94;0;89.6
BER;01.11.2008 00:00;0.3;7;3.8;-0.4;-0.7;-0.7;11;7.2;0;-0.2;1;0;14;950.6;-8.6;-1.3;0;486.4;1.7;106;6;0;36.6;48;56;109;4597;116;0;246.4
BER;01.12.2008 00:00;-3.4;1.9;-0.4;-1.3;-1.3;-1.9;27;5.2;0;-0.6;7;0;7;952.5;-9.9;-1.2;0;632.9;1.6;89;9;0;78.1;99;34;92;2743;86;0;384.9
BER;01.01.2009 00:00;-5.6;-0.3;-2.9;-3.1;-2.7;-3.7;30;4.5;0;-1;16;0;6.8;949.1;-12.8;-5.1;0;708.4;1.6;89;5;0;40.1;67;46;97;3818;96;0;460.4
BER;01.02.2009 00:00;-4.1;3.1;-0.4;-1.5;-1.3;-2.1;24;5;0;-0.5;5;0;11.4;949.3;-11.1;-3.7;0;571;1.7;85;11;0;50.9;92;85;103;5282;93;0;347
BER;01.03.2009 00:00;-0.2;8.4;4.1;-1.1;-0.5;-1.9;14;6;0;-0.6;0;0;14.2;950.7;-5.7;-1.1;0;494;2.3;105;12;0;94.8;146;122;90;7128;79;0;246
BER;01.04.2009 00:00;4.7;16.8;10.7;1.7;1.3;2.3;0;8.7;0;0.7;0;0;22.4;948.7;1.2;-1;0;207;1.8;86;7;0;19.1;24;201;107;12460;116;0;47
BER;01.05.2009 00:00;9.1;21.2;15.2;2;1.5;2.6;0;12;5;1;0;0;31.4;954.6;1.4;3.1;2;48.1;1.8;90;9;0;73.3;65;238;106;14063;119;14.2;8.1
BER;01.06.2009 00:00;10.6;22.1;16.5;-0.4;-0.7;-0.4;0;13.2;6;-0.6;0;0;29.4;952.1;6.5;-0.8;0;17.4;2.1;105;12;0;89.8;88;266;104;14840;111;11.9;1.4
BER;01.07.2009 00:00;13.5;24.6;18.6;-0.2;0.5;0;0;15.3;18;0.2;0;0;29.7;953.1;9.5;-0.1;0;0;1.8;95;12;0;157.9;146;241;96;13665;93;40.3;0
BER;01.08.2009 00:00;13.8;25.9;19.6;1.2;0.9;1.7;0;16.1;19;0.7;0;0;33.2;954.4;6.3;1.1;6;0;1.6;94;7;0;67.7;60;237;110;16941;124;57.9;0
BER;01.09.2009 00:00;10.4;20.5;15.2;1.1;1.2;1.1;0;13.6;1;0.8;0;0;29.1;955.3;5.2;1.9;0;25.8;1.8;106;5;0;55.4;64;158;100;10781;103;1.8;1.8
BER;01.10.2009 00:00;4.3;13.8;8.9;-0.6;-1.2;-0.2;6;9.7;0;-0.6;0;0;24.9;953.6;-3.3;0.7;0;301.8;1.6;100;6;0;45.3;52;106;113;8545;120;0;117.8
BER;01.11.2009 00:00;2.6;10.3;6.4;2.2;1.6;2.6;4;8.4;0;1;0;0;14.5;948.2;-2.5;-3.7;0;407.8;1.6;100;16;0;130.1;169;50;97;3474;88;0;167.8
BER;01.12.2009 00:00;-2.1;3.1;0.4;-0.5;0;-0.7;22;5.7;0;-0.1;6;0;8.5;944.1;-12.9;-9.6;0;607.7;1.9;106;12;0;134.8;172;33;89;2372;75;0;359.7
BER;01.01.2010 00:00;-5;0.1;-2.3;-2.5;-2.1;-3.3;30;4.6;0;-0.9;14;0;6.6;948;-11.3;-6.2;0;692.6;1.8;100;9;0;31;51;44;93;2749;69;0;444.6
BER;01.02.2010 00:00;-3.9;3.5;-0.2;-1.3;-1.1;-1.7;22;5;0;-0.5;8;0;12.9;941.1;-14.9;-11.9;0;566.5;1.8;90;7;0;53.7;97;81;98;3674;65;0;342.5
BER;01.03.2010 00:00;-0.3;8.9;3.8;-1.4;-0.6;-1.4;15;6.1;0;-0.5;3;0;18.5;951.8;-9.2;0;0;503.3;2.3;105;7;0;47.3;73;133;98;8469;93;0;255.3
BER;01.04.2010 00:00;3.7;15.6;9.4;0.4;0.3;1.1;3;7.8;1;-0.2;0;0;25;952.9;-2.3;3.2;0;279.9;2.3;110;4;0;13.4;17;217;115;13237;123;0;95.9
BER;01.05.2010 00:00;8.1;15.9;11.5;-1.7;0.5;-2.7;0;10.4;2;-0.6;0;0;26.6;949.3;2.6;-2.2;0;210.6;2.1;105;15;0;138.4;123;179;80;7178;61;1.2;50.6
BER;01.06.2010 00:00;11.3;21.9;16.3;-0.6;0;-0.6;0;14;10;0.2;0;0;29.9;950.7;4.3;-2.2;0;44.5;2;100;10;0;82.6;81;234;92;12230;92;19.4;4.5
BER;01.07.2010 00:00;14.5;26.3;20;1.2;1.5;1.7;0;16;19;0.9;0;0;32.9;954.1;8.1;0.9;10;0;1.7;89;12;0;54.1;50;259;103;15997;109;73.4;0
BER;01.08.2010 00:00;12.8;22.1;17.1;-1.3;-0.1;-2.1;0;14.9;8;-0.5;0;0;29.9;952.6;8;-0.7;0;17;1.8;106;17;0;224.4;200;193;90;10544;77;20.7;1
BER;01.09.2010 00:00;8.2;18.7;13;-1.1;-1;-0.7;0;11.6;0;-1.2;0;0;23.7;952.1;3.1;-1.3;0;81.4;1.6;94;9;0;32.7;38;173;110;12258;117;0;17.4
BER;01.10.2010 00:00;4.9;12.6;8.3;-1.2;-0.6;-1.4;6;9.5;0;-0.8;0;0;21.6;949.9;-2.1;-3;0;302;1.8;113;8;0;51.2;59;88;94;6076;85;0;126
BER;01.11.2010 00:00;0.8;8;4.5;0.3;-0.2;0.3;7;7.5;0;0.1;3;0;17.5;943.7;-13.9;-8.2;0;456.7;1.6;100;15;0;82.5;107;53;103;3989;101;0;224.7
BER;01.12.2010 00:00;-5.3;1.6;-1.8;-2.7;-3.2;-2.2;25;4.8;0;-1;10;0;9.4;947;-16.3;-6.7;0;675.4;1.5;83;12;0;103.8;132;41;111;3114;98;0;427.4
BER;01.01.2011 00:00;-2.2;3.6;0.5;0.3;0.7;0.2;22;5.6;0;0.1;9;0;12;953.9;-10.4;-0.3;0;605.7;1.7;94;7;0;34.3;57;48;101;4316;109;0;357.7
BER;01.02.2011 00:00;-1.8;7.3;2;0.9;1;2.1;21;5.7;0;0.2;2;0;13.5;953.2;-8.5;0.2;0;503.8;1.4;70;6;0;30;54;83;101;7180;127;0;279.8
BER;01.03.2011 00:00;0.8;11.3;5.7;0.5;0.5;1;14;6.8;0;0.2;0;0;18.7;954.9;-4.4;3.1;0;444.1;1.8;82;5;0;19.5;30;142;104;11541;127;0;196.1
BER;01.04.2011 00:00;4.7;18.9;11.6;2.6;1.3;4.4;4;8.5;0;0.5;0;0;24;953.2;-1.1;3.5;0;152.5;1.9;90;4;0;17;22;236;125;17268;160;0;40.5
BER;01.05.2011 00:00;8.2;21.8;14.8;1.6;0.6;3.2;0;10.8;8;-0.2;0;0;28.3;954.4;0.9;2.9;0;50.9;1.8;90;8;0;72.6;65;263;118;17359;147;2;10.9
BER;01.06.2011 00:00;11.8;21.8;16.5;-0.4;0.5;-0.7;0;13.7;8;-0.1;0;0;31.5;953.4;6.4;0.5;2;18.7;1.7;85;12;0;111;109;226;89;10846;81;16.4;2.7
BER;01.07.2011 00:00;11.4;21.8;16.4;-2.4;-1.6;-2.8;0;13.1;6;-2;0;0;30;950.3;6.5;-2.9;1;0;1.7;89;13;0;128.4;119;243;97;13479;92;11;0
BER;01.08.2011 00:00;13.5;25.5;19.1;0.7;0.6;1.3;0;15.5;17;0.1;0;0;32.9;952.6;6.8;-0.7;5;0;1.7;100;11;0;67;60;242;113;16549;121;55;0
BER;01.09.2011 00:00;11.3;22.1;16.1;2;2.1;2.7;0;14.3;6;1.5;0;0;28;954.8;5.8;1.4;0;28.4;1.6;94;6;0;90.2;104;177;112;13693;130;9.5;4.4
BER;01.10.2011 00:00;3.9;14.5;8.9;-0.6;-1.6;0.5;4;10;0;-0.3;0;0;23.2;956.8;-3.2;3.9;0;280;1.5;94;6;0;63;73;113;120;10122;142;0;112
BER;01.11.2011 00:00;0.9;8.5;4.1;-0.1;-0.1;0.8;16;7.7;0;0.3;0;0;16.3;956.1;-4.4;4.2;0;477;1.1;69;1;0;3.9;5;61;119;6206;157;0;237
BER;01.12.2011 00:00;-0.1;6.3;3.1;2.2;2;2.5;15;6.6;0;0.8;0;0;11.6;954;-8.5;0.3;0;525.1;2.4;133;23;0;152.5;194;33;89;2321;73;0;277.1
BER;01.01.2012 00:00;-0.7;4.6;2;1.8;2.2;1.2;16;6;0;0.5;3;0;10.1;957.8;-8.6;3.6;0;559.4;2.4;133;11;0;92.5;153;41;87;3802;96;0;311.4
BER;01.02.2012 00:00;-8.7;-0.2;-4.3;-5.4;-5.9;-5.4;28;3.8;0;-1.7;13;0;13.7;959.1;-18.5;6.1;0;706.1;2.1;105;2;0;9.6;17;100;122;7749;137;0;474.1
BER;01.03.2012 00:00;0;14;6.9;1.7;-0.3;3.7;13;6.6;0;0;0;0;20.1;960.3;-4.3;8.5;0;407.3;1.7;77;5;0;22.1;34;178;131;15696;173;0;159.3
BER;01.04.2012 00:00;3.4;13;8.2;-0.8;0;-1.5;4;8.2;1;0.2;0;0;28.2;942.2;-3.4;-7.5;0;327.4;2.2;105;19;0;103.1;132;156;83;7037;65;0;127.4
BER;01.05.2012 00:00;7.3;19.6;13.7;0.5;-0.3;1;1;11;3;0;0;0;27.8;951.7;-1.3;0.2;0;115.6;2.1;105;13;0;81.5;73;250;112;14439;122;1.8;19.6
BER;01.06.2012 00:00;12.4;22.4;17.4;0.5;1.1;-0.1;0;14.7;10;0.9;0;0;30.1;951.6;5.9;-1.3;1;16.2;1.8;90;17;0;136.6;135;249;98;12600;94;28.8;0.2
BER;01.07.2012 00:00;12.6;23.5;17.9;-0.9;-0.4;-1.1;0;14.4;8;-0.7;0;0;32.4;953.1;8.6;-0.1;2;0;1.9;100;11;0;74.4;69;249;99;14284;97;22.1;0
BER;01.08.2012 00:00;13.2;25.7;19.2;0.8;0.3;1.5;0;15.9;19;0.5;0;0;33.5;954.1;8.3;0.8;6;8.8;1.7;100;14;0;110.3;98;233;109;15932;117;50.3;0.8
BER;01.09.2012 00:00;8.9;18.8;13.7;-0.4;-0.3;-0.6;0;13;2;0.2;0;0;25.9;952.9;3.7;-0.5;0;103;1.6;94;10;0;115.5;133;142;90;9085;86;1.1;15
BER;01.10.2012 00:00;5.3;13.9;9.5;0;-0.2;-0.1;6;10.6;0;0.3;0;0;22.4;949.5;-3.8;-3.4;0;246.7;1.5;94;12;0;91.5;106;94;100;7379;103;0;94.7
BER;01.11.2012 00:00;2;8;5;0.8;1;0.3;8;7.9;0;0.5;0;0;15.9;949.7;-2.2;-2.2;0;448.7;1.4;88;13;0;141.3;184;50;97;3367;85;0;208.7
BER;01.12.2012 00:00;-2.6;4.2;1.1;0.2;-0.5;0.4;18;5.9;0;0.1;4;0;12;950.8;-15.7;-2.9;0;585;1.8;100;18;0;149.3;190;40;108;3497;110;0;337
BER;01.01.2013 00:00;-3.5;2.7;0;-0.2;-0.6;-0.7;26;5.4;0;-0.1;8;0;10.9;950.2;-10.4;-4;0;620.9;1.6;89;9;0;47.7;79;47;99;3864;97;0;372.9
BER;01.02.2013 00:00;-4.9;1.4;-1.6;-2.7;-2.1;-3.8;27;4.6;0;-0.9;11;0;9;948.8;-12.4;-4.2;0;604;2.1;105;9;0;57.7;104;82;100;3696;65;0;380
BER;01.03.2013 00:00;-1.4;6.1;2.2;-3;-1.7;-4.2;18;5.8;0;-0.8;1;0;12.8;942.2;-9.2;-9.6;0;552.9;2;91;11;0;68.8;106;106;78;5119;56;0;304.9
BER;01.04.2013 00:00;4.1;13.5;8.6;-0.4;0.7;-1;5;8.5;0;0.5;0;0;23.1;950;-1.3;0.3;0;299.7;2.2;105;10;0;116.1;149;158;84;7746;72;0;123.7
BER;01.05.2013 00:00;6.5;15.2;10.6;-2.6;-1.1;-3.4;0;9.9;0;-1.1;0;0;21.9;948.2;1.5;-3.3;0;225.5;2;100;16;0;126.5;113;183;82;7100;60;0;57.5
BER;01.06.2013 00:00;10.6;21.5;16;-0.9;-0.7;-1;0;12.8;8;-1;0;0;32.1;954.1;4;1.2;3;44.6;1.9;95;10;0;93;92;260;102;13386;100;24.9;4.6
BER;01.07.2013 00:00;14.3;26.4;20.3;1.5;1.3;1.8;0;16;23;0.9;0;0;34.1;955.2;8.3;2;5;0;1.9;100;7;0;107.3;99;282;112;18256;124;67.6;0
BER;01.08.2013 00:00;13;24.1;18.5;0.1;0.1;-0.1;0;15.1;11;-0.3;0;0;31.5;954.5;8.5;1.2;3;0;1.7;100;7;0;57.1;51;240;112;16719;122;39;0
BER;01.09.2013 00:00;10;19.8;14.7;0.6;0.8;0.4;0;13.2;4;0.4;0;0;28.2;953.1;5.8;-0.3;0;35.8;1.7;100;11;0;84.1;97;161;102;10205;97;4.3;3.8
BER;01.10.2013 00:00;7.9;15.3;11.2;1.7;2.4;1.3;0;11.6;0;1.3;0;0;22;953.4;1;0.5;0;194.1;1.6;100;14;0;163;188;89;95;5736;80;0;42.1
BER;01.11.2013 00:00;1.3;6.5;4;-0.2;0.3;-1.2;9;7.1;0;-0.3;2;0;17.9;951.5;-7.4;-0.4;0;465;1.9;119;16;0;124;161;48;94;3431;87;0;241
BER;01.12.2013 00:00;-4.1;4.5;-0.3;-1.2;-2;0.7;29;5.4;0;-0.4;2;0;10.8;958.3;-8.5;4.6;0;627.8;1.1;61;5;0;67.7;86;54;146;7286;229;0;379.8
BER;01.01.2014 00:00;-1.5;5.2;2;1.8;1.4;1.8;21;6.2;0;0.7;0;0;11.1;946.6;-5.2;-7.6;0;559.1;1.2;67;9;0;61.9;103;45;95;3341;84;0;311.1
BER;01.02.2014 00:00;-0.6;7.1;3;1.9;2.2;1.9;17;6.4;0;0.9;0;0;11.4;946.3;-5.2;-6.7;0;475;1.5;75;14;0;86.5;156;79;96;4996;88;0;251
BER;01.03.2014 00:00;0;12.6;6.2;1;-0.3;2.3;17;6.8;0;0.2;0;0;19.7;952.1;-3.4;0.3;0;427.8;1.5;68;5;0;42.5;65;160;118;12787;141;0;179.8
BER;01.04.2014 00:00;4.8;15.6;10.2;1.2;1.4;1.1;3;8.9;0;0.9;0;0;20.7;950.1;-1.6;0.4;0;229.7;1.7;81;11;0;88.3;113;188;100;10997;102;0;61.7
BER;01.05.2014 00:00;6.8;17.2;12;-1.2;-0.8;-1.4;0;10.1;1;-0.9;0;0;25.9;952.1;0;0.6;0;160.6;2.2;110;18;0;125;111;223;100;11281;95;0.1;40.6
BER;01.06.2014 00:00;11;23.6;17.5;0.6;-0.3;1.1;0;13.1;9;-0.7;0;0;31.3;952.8;5.3;-0.1;3;0;2;100;10;0;66.5;66;293;115;17517;131;23.5;0
BER;01.07.2014 00:00;13.1;22.3;17.4;-1.4;0.1;-2.3;0;15.6;8;0.5;0;0;30.1;951.5;7.1;-1.7;2;16.7;1.6;84;18;0;252.4;234;205;82;10018;68;17.8;0.7
BER;01.08.2014 00:00;12;21.3;16.4;-2;-0.9;-2.9;0;14.4;4;-1;0;0;26.5;951.9;7.1;-1.4;0;0;1.6;94;13;0;81.3;72;198;92;9943;73;9.5;0
BER;01.09.2014 00:00;9.8;20.7;14.9;0.8;0.6;1.3;0;13.6;2;0.8;0;0;25.9;953.9;4.1;0.5;0;44.8;1.6;94;5;0;17.4;20;176;112;12598;120;0.5;4.8
BER;01.10.2014 00:00;8.1;16.7;12.1;2.6;2.6;2.7;0;12.2;0;1.9;0;0;21.6;954;0;1.1;0;120.4;1.3;81;13;0;80.3;93;106;113;8811;123;0;40.4
BER;01.11.2014 00:00;3.3;9.1;6;1.8;2.3;1.4;1;8.7;0;1.3;0;0;15.7;947.8;-0.5;-4.1;0;421;1.1;69;8;0;96.6;126;49;96;3755;95;0;181
BER;01.12.2014 00:00;-0.8;5.4;2.4;1.5;1.3;1.6;15;6.3;0;0.5;2;0;13;955.8;-13.4;2.1;0;544.9;1.7;94;8;0;35.1;45;35;95;3319;104;0;296.9
BER;01.01.2015 00:00;-2.4;4.6;1.1;0.9;0.5;1.2;26;5.7;0;0.2;2;0;15.9;954;-11.9;-0.2;0;576.8;1.9;106;14;0;77.3;128;47;99;3884;98;0;336.8
BER;01.02.2015 00:00;-4;3;-0.5;-1.6;-1.2;-2.2;26;4.8;0;-0.7;7;0;10;951;-10.9;-2;0;575;1.7;85;4;0;24.6;44;79;96;5267;93;0;351
BER;01.03.2015 00:00;0.8;11.2;5.9;0.7;0.5;0.9;13;6.7;0;0.1;0;0;17.1;955;-3.7;3.2;0;438.5;2.2;100;8;0;68.6;106;139;102;10596;117;0;190.5
BER;01.04.2015 00:00;2.7;15.4;9.4;0.4;-0.7;0.9;7;7.7;0;-0.3;0;0;22.2;955.6;-3.3;5.9;0;253.9;2.1;100;9;0;80.4;103;212;112;13686;127;0;85.9
BER;01.05.2015 00:00;8.1;19;13.7;0.5;0.5;0.4;0;10.8;3;-0.2;0;0;28.9;952.9;3.7;1.4;0;83.1;1.9;95;12;0;136.4;121;228;102;12365;105;4.1;19.1
BER;01.06.2015 00:00;12.1;23.7;17.9;1;0.8;1.2;0;14;14;0.2;0;0;30.3;955;6.7;2.1;2;0;2.1;105;9;0;75.2;74;279;109;15700;118;28;0
BER;01.07.2015 00:00;15;28.7;22;3.2;2;4.1;0;15.1;22;0;0;0;36.8;953.4;9.1;0.2;16;0;2;105;5;1;40.5;38;284;113;18547;126;125.2;0
BER;01.08.2015 00:00;14.2;25.3;19.6;1.2;1.3;1.1;0;16;16;0.6;0;0;34.9;953;8;-0.3;8;0;1.4;82;10;0;77.7;69;217;101;14466;106;70.7;0
BER;01.09.2015 00:00;7.6;18;12.7;-1.4;-1.6;-1.4;0;11.3;0;-1.5;0;0;23.9;953.4;2.2;0;0;115.6;1.9;112;8;0;61.2;70;160;102;10650;101;0;19.6
BER;01.10.2015 00:00;4.8;12.5;8.5;-1;-0.7;-1.5;1;9.7;0;-0.6;0;0;18.3;953.2;-0.9;0.3;0;326.7;1.6;100;6;0;42.2;49;92;98;6223;87;0;110.7
BER;01.11.2015 00:00;2.4;11.1;6.6;2.4;1.4;3.4;7;8.3;0;0.9;0;0;20.4;957.7;-5.5;5.8;0;393.5;1.8;113;7;0;65.5;85;68;133;6943;175;0;161.5
BER;01.12.2015 00:00;-1.1;6.9;2.4;1.5;1;3.1;19;6.8;0;1;0;0;10.9;964.4;-5.2;10.7;0;544.3;1.1;61;6;0;18.2;23;49;132;6291;198;0;296.3
BER;01.01.2016 00:00;-1.1;5.7;2.3;2.1;1.8;2.3;18;6.3;0;0.8;1;0;11.1;951.2;-14.2;-3;0;549.6;2;111;20;0;138.6;230;49;104;3632;92;0;301.6
BER;01.02.2016 00:00;0.1;6.7;3.5;2.4;2.9;1.5;12;6.6;0;1.1;0;0;16.4;948.8;-3.6;-4.2;0;478.9;2.3;115;16;0;72.4;130;56;68;2668;47;0;246.9
BER;01.03.2016 00:00;-0.3;9.1;4.3;-0.9;-0.6;-1.2;18;6.2;0;-0.4;0;0;19.1;948.9;-4.7;-2.9;0;479.7;2.1;95;6;0;31.1;48;131;96;8176;90;0;239.7
BER;01.04.2016 00:00;3.8;13.4;8.5;-0.5;0.4;-1.1;4;8.6;0;0.6;0;0;20.4;948.7;-1.6;-1;0;306.1;2;95;15;0;121;155;168;89;8260;77;0;106.1
BER;01.05.2016 00:00;7.1;17.5;12.4;-0.8;-0.5;-1.1;0;10.5;1;-0.5;0;0;25.4;949.8;0.4;-1.7;0;158.9;2;100;13;0;159.4;142;217;97;11660;99;0.8;38.9
BER;01.06.2016 00:00;12.1;21.2;16.4;-0.5;0.8;-1.3;0;14.6;5;0.8;0;0;32;951.8;7.5;-1.1;2;0;1.6;80;19;0;147.7;146;220;86;9612;72;20.1;0
BER;01.07.2016 00:00;13.6;25.2;19.4;0.6;0.6;0.6;0;15.8;20;0.7;0;0;32.2;955.1;6.6;1.9;3;9.1;1.6;84;8;0;108.8;101;260;104;16175;110;60.1;1.1
BER;01.08.2016 00:00;13;24.6;18.8;0.4;0.1;0.4;0;15.5;15;0.1;0;0;31.5;956.5;6.9;3.2;4;0;1.6;94;6;0;51.6;46;235;109;16180;118;42;0
BER;01.09.2016 00:00;10.9;21.9;16.1;2;1.7;2.5;0;14.3;10;1.5;0;0;27.3;955.4;4.6;2;0;17.2;1.3;76;5;0;45;52;175;111;13389;127;13.2;1.2
BER;01.10.2016 00:00;3.7;12;7.9;-1.6;-1.8;-2;2;9.3;0;-1;0;0;18;955.6;-2.2;2.7;0;352.9;1.6;100;8;0;86.6;100;95;101;6957;97;0;128.9
BER;01.11.2016 00:00;0.9;7.5;4.2;0;-0.1;-0.2;12;7.4;0;0;0;0;13.8;951.4;-5.8;-0.5;0;475;1.7;106;10;0;93;121;49;96;3112;79;0;235
BER;01.12.2016 00:00;-3.7;2.6;-0.8;-1.7;-1.6;-1.2;29;5.4;0;-0.4;6;0;10.6;964.5;-6.3;10.8;0;644.7;1.3;72;0;0;0.8;1;49;132;5765;181;0;396.7
BER;01.01.2017 00:00;-6.5;-0.8;-3.5;-3.7;-3.6;-4.2;29;4.2;0;-1.3;16;0;7.1;957.1;-15.5;2.9;0;728.8;1.7;94;8;0;43.4;72;48;101;2922;74;0;480.8
BER;01.02.2017 00:00;-0.9;8.2;3.4;2.3;1.9;3;20;6.4;0;0.9;0;0;18.5;953.1;-4.9;0.1;0;464.7;1.9;95;6;0;62.9;113;88;107;6571;116;0;240.7
BER;01.03.2017 00:00;2.1;13.6;7.7;2.5;1.8;3.3;7;7.9;0;1.3;0;0;20;953.2;-2.2;1.4;0;380;2.1;95;11;0;48;74;151;111;10934;120;0;132
BER;01.04.2017 00:00;2.2;14.5;8.6;-0.4;-1.2;0;8;7.3;0;-0.7;0;0;22.9;954.6;-4.1;4.9;0;323.3;2.1;100;8;0;73.9;95;215;114;13947;130;0;107.3
BER;01.05.2017 00:00;8;20;14.1;0.9;0.4;1.4;0;11.3;8;0.3;0;0;29.4;953.1;0;1.6;0;131.2;2;100;9;0;77.7;69;249;111;14180;120;13.1;35.2
BER;01.06.2017 00:00;13.6;25.3;19.5;2.6;2.3;2.8;0;15.4;19;1.6;0;0;32;952.5;4.9;-0.4;4;8;2.1;105;7;0;91.4;90;289;113;16750;125;65;0
BER;01.07.2017 00:00;13.6;25.3;19.3;0.5;0.6;0.7;0;15.4;17;0.3;0;0;31.6;953.3;9.6;0.1;5;0;1.8;95;10;0;61;56;254;101;13508;92;49.4;0
BER;01.08.2017 00:00;12.9;25.3;19.1;0.7;0;1.1;0;16.2;20;0.8;0;0;33;954.7;7.5;1.4;2;8;1.4;82;10;0;99.5;89;221;103;14274;104;56.1;0
BER;01.09.2017 00:00;7.3;17.9;12.5;-1.6;-1.9;-1.5;0;11.5;0;-1.3;0;0;24.8;953.1;1.5;-0.3;0;116.7;1.4;82;9;0;55.4;64;153;97;9226;88;1.1;20.7
BER;01.10.2017 00:00;4.6;16.6;10.3;0.8;-0.9;2.6;2;10;0;-0.3;0;0;22.5;958.4;-1.8;5.5;0;251.6;1.4;88;6;0;35.5;41;120;128;11522;161;0;59.6
BER;01.11.2017 00:00;0.5;7.7;4;-0.2;-0.5;0;13;7;0;-0.4;0;0;15.4;953.3;-4.1;1.4;0;481.3;1.7;106;8;0;67;87;51;99;3697;93;0;241.3
BER;01.12.2017 00:00;-2.1;3.3;0.7;-0.2;0;-0.5;23;5.7;0;-0.1;3;0;11.7;953.2;-8.6;-0.5;0;597.4;1.9;106;17;0;138.4;176;35;95;2847;89;0;349.4
BER;01.01.2018 00:00;1.3;7.5;4.2;4;4.2;4.1;10;7.2;0;1.7;1;0;12.7;952;-3;-2.2;0;488.9;2.5;139;13;0;142.7;237;40;85;2805;71;0;240.9
BER;01.02.2018 00:00;-3.6;1.3;-1.2;-2.3;-0.8;-3.9;26;4.7;0;-0.8;8;0;7.4;948.8;-14.6;-4.2;0;592.8;2.4;120;6;0;37.1;67;63;77;3088;55;0;368.8
BER;01.03.2018 00:00;-0.8;7.3;3.2;-2;-1.1;-3;16;6.4;0;-0.2;1;0;12.8;940.3;-10.7;-11.5;0;520.5;2;91;15;0;94.3;145;112;82;4862;54;0;272.5
BER;01.04.2018 00:00;5;19;12.1;3.1;1.6;4.5;3;9.1;2;1.1;0;0;25.5;949.3;-1.6;-0.4;0;154.5;1.9;90;3;0;20.6;26;227;120;14735;137;0;42.5
BER;01.05.2018 00:00;9.6;19.9;14.6;1.4;2;1.3;0;12.8;3;1.8;0;0;25.2;950.8;5.7;-0.7;0;76;1.8;90;15;0;132.3;118;224;100;11471;97;1.5;12
BER;01.06.2018 00:00;12.3;23.4;18;1.1;1;0.9;0;14.7;7;0.9;0;0;29.4;952.8;6.3;-0.1;0;0;2.2;110;8;0;70.3;69;291;114;16740;125;18.3;0
BER;01.07.2018 00:00;13.8;27.3;20.4;1.6;0.8;2.7;0;15.6;23;0.5;0;0;33.3;952.6;8.8;-0.6;7;0;1.7;89;12;0;88.6;82;282;112;18335;125;71.6;0
BER;01.08.2018 00:00;14.3;27;20.2;1.8;1.4;2.8;0;15.9;23;0.5;0;0;33.1;954.2;7.5;0.9;10;0;1.7;100;9;0;94.3;84;232;108;16008;117;78.5;0
BER;01.09.2018 00:00;9.9;22.6;16;1.9;0.7;3.2;0;13;12;0.2;0;0;29.2;957.2;1.9;3.8;0;38.6;1.6;94;6;0;39.1;45;188;119;14262;136;8.6;6.6
BER;01.10.2018 00:00;5;16.3;10.2;0.7;-0.5;2.3;2;10.2;0;-0.1;0;0;22.3;953.1;-0.9;0.2;0;239.3;1.5;94;3;0;40.3;47;114;121;10531;147;0;71.3
BER;01.11.2018 00:00;1.9;7.8;5;0.8;0.9;0.1;12;8.2;0;0.8;0;0;15.3;951.8;-3;-0.1;0;451.1;1.3;81;9;0;23.9;31;48;94;3020;76;0;211.1
BER;01.12.2018 00:00;0.6;5.6;3.2;2.3;2.7;1.8;16;7;0;1.2;3;0;12.9;957.3;-5.5;3.6;0;521.7;2;111;14;0;123.6;157;34;92;2269;71;0;273.7
BER;01.01.2019 00:00;-2.7;2.8;0.1;-0.1;0.2;-0.6;25;5.1;0;-0.4;3;0;8;952;-6.5;-2.2;0;617.7;1.9;106;8;0;32.5;54;53;112;4480;113;0;369.7
BER;01.02.2019 00:00;-2.8;8.5;2.5;1.4;0;3.3;24;5.7;0;0.2;2;0;17.7;958.8;-9.5;5.8;0;489.2;1.5;75;6;0;43.7;79;115;140;10588;187;0;265.2
BER;01.03.2019 00:00;0.6;11.9;6.2;1;0.3;1.6;14;6.5;0;-0.1;0;0;18.4;955.8;-3.6;4;0;428.5;2.7;123;12;0;63.9;98;149;110;11027;122;0;180.5
BER;01.04.2019 00:00;2.9;14.4;8.6;-0.4;-0.5;-0.1;4;7.9;0;-0.1;0;0;22.5;948.7;-1.6;-1;0;303.2;2;95;7;0;52.6;67;192;102;10712;100;0;111.2
BER;01.05.2019 00:00;5.3;15.5;10.6;-2.6;-2.3;-3.1;3;9.5;0;-1.5;0;0;22.4;950.8;-2.6;-0.7;0;226.3;2;100;14;0;133;118;209;94;10002;85;0;66.3
BER;01.06.2019 00:00;12.3;25;19;2.1;1;2.5;0;15.3;15;1.5;0;0;34.4;953;7.1;0.1;6;8.4;1.8;90;7;0;81.7;80;281;110;16580;124;62.8;0.4
BER;01.07.2019 00:00;14.5;26.8;20.7;1.9;1.5;2.2;0;15.2;20;0.1;0;0;35.4;952.2;10.1;-1;7;0;1.9;100;6;1;73.2;68;274;109;16679;113;83.2;0
BER;01.08.2019 00:00;13.2;24.8;18.8;0.4;0.3;0.6;0;15.7;17;0.3;0;0;31.2;954.2;8.8;0.9;3;0;1.6;94;12;0;124.1;111;223;104;14075;103;39.2;0
BER;01.09.2019 00:00;9.8;20.4;15;0.9;0.6;1;0;12.9;4;0.1;0;0;27.2;955.6;4.6;2.2;0;51.1;1.8;106;7;0;73.8;85;179;114;13179;125;2.8;3.1
BER;01.10.2019 00:00;7;15.3;11.1;1.6;1.5;1.3;0;11.7;0;1.4;0;0;22.6;952.5;2.2;-0.4;0;196.4;1.5;94;16;0;147.6;171;95;101;6935;97;0;36.4
BER;01.11.2019 00:00;1.7;7.8;4.6;0.4;0.7;0.1;12;7.7;0;0.3;0;0;15.5;942.2;-2.9;-9.7;0;453;1.4;88;13;0;89.7;117;46;90;2110;53;0;221
BER;01.12.2019 00:00;-0.2;6.1;3.1;2.2;1.9;2.3;18;6.7;0;0.9;1;0;13;951.4;-3.7;-2.3;0;523.3;2;111;14;0;83.5;106;36;97;2726;86;0;275.3
BER;01.01.2020 00:00;-2.4;5.7;1.3;1.1;0.5;2.3;27;5.9;0;0.4;3;0;13.4;960.6;-6.4;6.4;0;579.2;1.6;89;6;0;42.5;70;63;133;8241;208;0;331.2
BER;01.02.2020 00:00;1;10.4;5.5;4.4;3.8;5.2;14;6.6;0;1.1;0;0;17.6;955.7;-5.2;2.7;0;397.5;2.9;145;13;0;123.3;222;88;107;7086;125;0;189.5
BER;01.03.2020 00:00;0.3;10.6;5.4;0.2;0;0.3;14;6.5;0;-0.1;0;0;18.1;952.1;-4.5;0.3;0;453.7;2.4;109;8;0;51.3;79;156;115;11626;128;0;205.7
BER;01.04.2020 00:00;4.1;18.7;11.5;2.5;0.7;4.2;6;8.2;0;0.2;0;0;22.7;951.9;-4.6;2.2;0;146.7;1.8;86;4;0;47.2;61;243;129;17174;160;0;42.7
BER;01.05.2020 00:00;6.9;19.1;13.4;0.2;-0.7;0.5;0;10.7;1;-0.3;0;0;26.3;954.3;2.9;2.8;0;103.8;2.5;125;8;0;79;70;259;116;15923;135;0.2;23.8
BER;01.06.2020 00:00;11.4;21.6;16.3;-0.6;0.1;-0.9;0;13.7;9;-0.1;0;0;28;950.4;5.8;-2.5;0;16.8;2;100;17;0;148.4;146;247;97;12459;93;15.6;0.8
BER;01.07.2020 00:00;13.1;25.4;19.6;0.8;0.1;0.8;0;14.8;17;-0.3;0;0;33.6;954.1;7.5;0.9;4;0;1.8;95;5;0;67.3;62;283;113;17847;121;53.6;0
BER;01.08.2020 00:00;13.6;24.9;19.1;0.7;0.7;0.7;0;16;16;0.6;0;0;31.6;952;7.7;-1.3;8;8.9;1.5;88;11;0;158.6;141;220;102;13886;102;57;0.9
BER;01.09.2020 00:00;10.5;21.2;15.6;1.5;1.3;1.8;0;14;10;1.2;0;0;28.3;953.5;5.3;0.1;0;66.7;1.6;94;7;0;82.3;95;176;112;12437;118;8.8;18.7
BER;01.10.2020 00:00;5.6;13;9;-0.5;0.1;-1;1;9.9;0;-0.4;0;0;17.8;950.6;-0.3;-2.3;0;340.7;1.6;100;15;0;124.4;144;92;98;5826;82;0;92.7
BER;01.11.2020 00:00;1.8;8.7;5;0.8;0.8;1;12;8;0;0.6;0;0;20.6;959.9;-4.1;8;0;445.5;1.2;75;6;0;38.2;50;53;103;4962;125;0;213.5
BER;01.12.2020 00:00;-0.3;4.4;2.1;1.2;1.8;0.6;17;6.4;0;0.6;0;0;13.4;945.3;-5;-8.4;0;554.4;1.4;78;16;0;74.7;95;32;86;1812;57;0;306.4
BER;01.01.2021 00:00;-2.3;2.9;0.6;0.4;0.6;-0.5;23;5.5;0;0;7;0;10.2;947.7;-8.7;-6.5;0;602.5;1.9;106;15;0;112;186;45;95;3250;82;0;354.5
BER;01.02.2021 00:00;-0.6;8;3.5;2.4;2.2;2.8;15;6.4;0;0.9;4;0;16.8;953.5;-9.9;0.5;0;463.3;1.9;95;7;0;31.4;57;85;103;5675;100;0;239.3
BER;01.03.2021 00:00;-0.1;10.5;5.1;-0.1;-0.4;0.2;16;6.1;0;-0.5;0;0;22.4;957.2;-3.2;5.4;0;453.5;2.2;100;8;0;55.8;86;153;113;10727;118;0;213.5
BER;01.04.2021 00:00;1.6;13.6;7.5;-1.5;-1.8;-0.9;14;6.4;0;-1.6;0;0;22.2;952.7;-3;3;0;346.2;2.4;114;6;0;41.8;54;232;123;14452;134;0;138.2
BER;01.05.2021 00:00;5.9;15.5;10.7;-2.5;-1.7;-3.1;1;9;0;-2;0;0;24.5;950.8;-0.9;-0.7;0;241;2.5;125;15;0;148.9;132;210;94;10629;90;0;57
BER;01.06.2021 00:00;13.5;24.2;18.6;1.7;2.2;1.7;0;15.5;12;1.7;0;0;29.9;954;6.8;1.1;0;0;1.8;90;13;0;212.4;209;267;105;13817;103;33.4;0
BER;01.07.2021 00:00;13.7;23.3;18.2;-0.6;0.7;-1.3;0;16;9;0.9;0;0;28.7;952.4;10.6;-0.8;0;0;1.8;95;17;0;262.9;243;226;90;11643;79;22.5;0
BER;01.08.2021 00:00;12.7;22.4;17.3;-1.1;-0.2;-1.8;0;14.9;7;-0.5;0;0;30.5;953.7;6.3;0.4;4;0;1.7;100;6;0;65.4;58;210;98;12069;88;26.3;0
BER;01.09.2021 00:00;11;21.4;15.9;1.8;1.8;2;0;14.2;6;1.4;0;0;26.1;955.5;6.2;2.1;0;25.2;1.5;88;7;0;46.8;54;179;114;13369;127;1.4;1.2
BER;01.10.2021 00:00;3.8;14.3;8.7;-0.8;-1.7;0.3;3;9.5;0;-0.8;0;0;20.9;955.6;-1.7;2.7;0;325.9;1.5;94;8;0;33.3;38;118;126;10442;146;0;109.9
BER;01.11.2021 00:00;0.6;6.1;3.3;-0.9;-0.4;-1.6;14;7;0;-0.4;0;0;11.1;951.4;-3.3;-0.5;0;500.7;1.7;106;5;0;16.4;21;45;88;3319;84;0;260.7
BER;01.12.2021 00:00;-1.1;3.8;1.4;0.5;1;0;22;6.3;0;0.5;4;0;14.4;951.9;-6.6;-1.8;0;576.7;1.6;89;14;0;109.5;139;32;86;2323;73;0;328.7
BER;01.01.2022 00:00;-2.8;4.5;0.7;0.5;0.1;1.1;27;5.3;0;-0.2;1;0;14.7;960.6;-6.6;6.4;0;598.2;1.8;100;7;0;32;53;64;135;7503;189;0;350.2
BER;01.02.2022 00:00;-1;8.5;3.7;2.6;1.8;3.3;17;5.9;0;0.4;0;0;16.1;957.2;-5.4;4.2;0;456.5;2.3;115;9;0;49.5;89;98;119;8184;145;0;232.5
BER;01.03.2022 00:00;-0.6;12.9;6;0.8;-0.9;2.6;19;6;0;-0.6;0;0;18.7;956;-6.4;4.2;0;433.6;1.7;77;3;0;18.3;28;170;125;14638;161;0;185.6
BER;01.04.2022 00:00;3;14.2;8.7;-0.3;-0.4;-0.3;5;7.9;0;-0.1;0;0;21.3;948.6;-3.7;-1.1;0;313.8;2.4;114;10;0;77.1;99;210;111;12897;120;0;105.8
BER;01.05.2022 00:00;9.7;21.4;15.7;2.5;2.1;2.8;0;12.4;9;1.4;0;0;29.5;953.8;2;2.3;0;53.9;1.9;95;9;0;38.4;34;257;115;15773;133;11.9;5.9
BER;01.06.2022 00:00;12.7;25.6;19.4;2.5;1.4;3.1;0;15.2;18;1.4;0;0;34;952.8;6.5;-0.1;7;0;1.8;90;10;0;126.5;125;271;106;14218;106;55.2;0
BER;01.07.2022 00:00;13.6;27.2;20.6;1.8;0.6;2.6;0;14.8;23;-0.3;0;0;35.1;956.1;8.7;2.9;6;0;1.9;100;8;1;60.4;56;302;120;18712;127;77.3;0
BER;01.08.2022 00:00;13.3;26.7;20;1.6;0.4;2.5;0;15.2;20;-0.2;0;0;34.9;952.5;9.6;-0.8;3;0;2;118;7;0;51.4;46;253;118;16288;119;56.3;0
BER;01.09.2022 00:00;9.5;19;14;-0.1;0.3;-0.4;0;12.8;4;0;0;0;27.2;950.6;2.9;-2.8;0;118.1;1.8;106;15;0;188.7;217;159;101;8624;82;4.5;22.1
BER;01.10.2022 00:00;9.1;18.3;13.3;3.8;3.6;4.3;0;13.2;0;2.9;0;0;21.8;956.9;4.3;4;0;50.9;1.3;81;11;0;81.9;95;108;115;7781;109;0;2.9
BER;01.11.2022 00:00;3.2;9.9;6.6;2.4;2.2;2.2;4;8.7;0;1.3;0;0;16.1;951.5;-1.5;-0.4;0;394.4;1.3;81;12;0;67.7;88;56;109;3647;92;0;162.4
BER;01.12.2022 00:00;-0.4;4.7;2.3;1.4;1.7;0.9;19;6.7;0;0.9;5;0;12.8;950.3;-9.4;-3.4;0;549.1;1.7;94;14;0;103.2;131;34;92;1918;60;0;301.1
BER;01.01.2023 00:00;-1.4;4.7;1.9;1.7;1.5;1.3;16;6;0;0.5;7;0;14.5;953.5;-14.1;-0.7;0;561.9;1.9;106;11;0;68.4;113;39;82;2431;61;0;313.9
BER;01.02.2023 00:00;-1.7;8.2;2.9;1.8;1.1;3;20;5.9;0;0.4;2;0;14.4;961.2;-7.5;8.2;0;478.2;1.8;90;2;0;9.9;18;105;128;9315;164;0;254.2
BER;01.03.2023 00:00;2.1;11.5;6.7;1.5;1.8;1.2;10;7.2;0;0.6;0;0;19.6;948.8;-4.2;-3;0;406.1;2.3;105;14;0;102.3;158;126;93;8036;89;0;166.1
BER;01.04.2023 00:00;3.6;12.5;8.1;-0.9;0.2;-2;3;8.2;0;0.2;0;0;20.4;950.7;-2.9;1;0;333.2;2.2;105;14;0;85.2;109;173;92;8768;81;0;125.2
BER;01.05.2023 00:00;9.2;18.8;13.8;0.6;1.6;0.2;0;11.6;1;0.6;0;0;25.6;952.5;5;1;0;109.9;2.2;110;11;0;85;76;223;100;11086;94;0;13.9
BER;01.06.2023 00:00;12.4;26.2;19.5;2.6;1.1;3.7;0;13.5;23;-0.3;0;0;29.9;951.9;8.2;-1;0;0;1.9;95;5;0;26.4;26;306;120;19482;146;39.5;0
BER;01.07.2023 00:00;14.7;26.3;20.4;1.6;1.7;1.7;0;15.8;21;0.7;0;0;34.5;952.2;10.8;-1;5;0;1.9;100;13;0;97.8;91;260;104;15050;102;71.3;0
BER;01.08.2023 00:00;14.3;26.1;20.1;1.7;1.4;1.9;0;15.8;18;0.4;0;0;35.1;952.3;8.4;-1;11;0;1.7;100;9;1;78.9;70;214;100;12893;94;94.3;0
BER;01.09.2023 00:00;12.2;24.3;17.9;3.8;3;4.9;0;15.3;15;2.5;0;0;29.9;954.3;5.1;0.9;0;16.5;1.4;82;6;0;47.6;55;195;124;15306;146;31.3;0.5
BER;01.10.2023 00:00;7.3;18.3;12.5;3;1.8;4.3;0;11.4;5;1.1;0;0;26;949.8;1;-3.1;0;143.4;1.6;100;11;0;102;118;118;126;10391;145;0;31.4
BER;01.11.2023 00:00;1.9;8.8;5.5;1.3;0.9;1.1;12;7.8;0;0.4;0;0;15.5;947;-2.6;-4.9;0;435.5;2.1;131;20;0;221.6;288;45;88;2882;73;0;195.5
BER;01.12.2023 00:00;0.2;6.3;3.3;2.4;2.3;2.5;15;6.8;0;1;1;0;13.5;953.7;-10.8;0;0;518.4;1.8;100;16;0;154.8;197;39;105;3958;124;0;270.4
BER;01.01.2024 00:00;-1.2;5.3;2.1;1.9;1.7;1.9;19;6.2;0;0.7;8;0;14.1;955;-10.7;0.8;0;554.1;2;111;9;0;79.2;131;48;101;3671;93;0;306.1
BER;01.02.2024 00:00;2.1;10.5;6.2;5.1;4.9;5.3;8;7.7;0;2.2;0;0;15;951.1;-3.3;-1.9;0;399.9;1.5;75;9;0;40.9;74;83;101;5412;96;0;167.9
BER;01.03.2024 00:00;2.4;12.2;7.3;2.1;2.1;1.9;7;8;0;1.4;0;0;18.4;945.3;-2.6;-6.5;0;393.1;1.8;82;15;0;81.7;126;123;91;6455;71;0;145.1
BER;01.04.2024 00:00;3.6;14.9;9.2;0.2;0.2;0.4;4;8.5;1;0.5;0;0;26;952;-1.1;2.3;0;264.1;2;95;9;0;63.8;82;176;93;8561;80;0;112.1
BER;01.05.2024 00:00;8.8;18.6;13.4;0.2;1.2;0;0;11.8;0;0.8;0;0;24.6;949.6;2.4;-1.9;0;82.2;1.7;85;21;0;117.8;105;206;92;9062;77;0;10.2
BER;01.06.2024 00:00;13;22.6;17.6;0.7;1.7;0.1;0;15.1;9;1.3;0;0;29.5;950.9;6.5;-2;0;8.3;1.9;95;10;0;104.1;103;226;89;9583;72;27.8;0.3
BER;01.07.2024 00:00;14.9;25.9;20.2;1.4;1.9;1.3;0;16.9;18;1.8;0;0;33;952.4;10.9;-0.8;5;0;1.6;84;10;0;84.2;78;262;104;14331;97;70.1;0
BER;01.08.2024 00:00;15.1;26.8;20.7;2.3;2.2;2.6;0;17.6;23;2.2;0;0;31.6;952.9;10.1;-0.4;4;0;1.6;94;8;0;89.3;80;241;112;16396;120;81.6;0
BER;01.09.2024 00:00;9.9;18.4;13.9;-0.2;0.7;-1;0;13.4;4;0.6;0;0;30;951.7;3.6;-1.7;1;112.5;1.7;100;12;0;100.1;115;141;90;7853;75;11;24.5
BER;01.10.2024 00:00;8.2;14.9;11.4;1.9;2.7;0.9;0;12.2;0;1.9;0;0;19.5;953.2;2.2;0.3;0;161;1.4;88;9;0;96.2;111;83;88;4683;66;0;33
BER;01.11.2024 00:00;1.6;7.4;4.5;0.3;0.6;-0.3;12;7.7;0;0.3;0;0;13.3;957.2;-9.1;5.3;0;464.7;1.7;106;8;0;83.2;108;53;103;3941;100;0;224.7
BER;01.12.2024 00:00;-1.4;3.6;1;0.1;0.7;-0.2;23;5.9;0;0.1;6;0;10.7;958.7;-6.1;5;0;588.2;1.5;83;8;0;81.1;103;37;100;2546;80;0;340.2
BER;01.01.2025 00:00;-1.7;5.1;1.6;1.4;1.2;1.7;20;5.9;0;0.4;3;0;13;952.7;-7.1;-1.5;0;571.4;1.9;106;13;0;120.4;200;55;116;5178;131;0;323.4
BER;01.02.2025 00:00;-0.3;6;2.6;1.5;2.5;0.8;18;6.4;0;0.9;0;0;12.4;957.4;-4.5;4.4;0;486.6;1.5;75;6;0;31.4;57;70;85;3850;68;0;262.6
BER;01.03.2025 00:00;1.5;11.9;6.5;1.3;1.2;1.6;10;7.1;0;0.5;0;0;17.1;950;-4.1;-1.8;0;419;1.7;77;6;0;21.9;34;144;106;9672;107;0;171
BER;01.04.2025 00:00;3.7;16.8;10.4;1.4;0.3;2.3;3;8.8;0;0.8;0;0;23.5;950.9;-1.6;1.2;0;236.2;1.9;90;8;0;47.6;61;218;116;14240;132;0;60.2
BER;01.05.2025 00:00;7.9;18.6;13.4;0.2;0.3;0;0;10.9;3;-0.1;0;0;28.5;951.9;3.2;0.4;0;101.5;1.8;90;9;0;100.8;90;228;102;12430;105;2.3;21.5
BER;01.06.2025 00:00;13.8;26.7;20.4;3.5;2.5;4.2;0;16;21;2.2;0;0;32.3;955.4;7.8;2.5;7;0;2;100;6;0;53.4;53;294;115;17315;130;76.4;0
BER;01.07.2025 00:00;13.5;25.2;19;0.2;0.5;0.6;0;14.8;15;-0.3;0;0;32.9;952.6;7.1;-0.6;4;0;1.9;100;13;0;130.9;121;254;101;13528;92;47.3;0
BER;01.08.2025 00:00;13.8;25.9;19.7;1.3;0.9;1.7;0;15.8;16;0.4;0;0;34.3;953.1;8.9;-0.2;7;0;1.7;100;11;0;158.9;141;239;111;16054;117;68.5;0
BER;01.09.2025 00:00;10.5;19.4;14.6;0.5;1.3;0;0;13.5;4;0.7;0;0;27.7;954.3;3.9;0.9;0;75;1.5;88;12;0;152.2;175;158;100;9494;90;2.3;11
BER;01.10.2025 00:00;5.8;13.2;9.4;-0.1;0.3;-0.8;0;10.1;0;-0.2;0;0;19.6;953.4;1.2;0.5;0;307.2;2.2;138;11;0;115.7;134;85;90;4728;66;0;83.2
BER;01.11.2025 00:00;0.2;8.7;4.1;-0.1;-0.8;1;13;7.4;0;0;1;0;17.1;950.7;-8.2;-1.2;0;475.6;1.2;75;12;0;114.2;149;67;131;6542;165;0;235.6
BER;01.12.2025 00:00;-0.4;4.4;1.9;1;1.7;0.6;19;6.6;0;0.8;3;0;12.9;953.9;-7.6;0.2;0;559.6;1.3;72;4;0;13.5;17;34;92;2394;75;0;311.6
BER;01.01.2026 00:00;-3.7;3.5;-0.2;-0.4;-0.8;0.1;27;5.3;0;-0.2;4;0;12.2;944.3;-13.8;-9.9;0;627.4;1.4;78;8;0;45.7;76;52;110;4761;120;0;379.4
BER;01.02.2026 00:00;1.3;9.2;5;3.9;4.1;4;7;7.4;0;1.9;0;0;17.4;944.1;-3.8;-8.9;0;419.6;1.8;90;13;0;99.4;179;81;98;5130;91;0;195.6
BER;01.03.2026 00:00;0.2;11.8;5.7;0.5;-0.1;1.5;15;6.9;0;0.3;0;0;16.2;954.2;-4.3;2.4;0;444.8;1.7;77;7;0;49;76;155;114;11885;131;0;196.8
BER;01.04.2026 00:00;4.4;17.9;11.3;2.3;1;3.4;3;8.5;0;0.5;0;0;22.8;954.3;-2.3;4.6;0;156.9;2;95;4;0;13.3;17;232;123;15315;142;0;44.9
BER;01.05.2026 00:00;7.9;20.7;14.5;1.3;0.3;2.1;0;11.1;10;0.1;0;0;30.3;953.1;2.2;1.6;1;127.8;1.7;85;11;0;75.4;67;256;115;14382;122;24.9;31.8
BER;01.06.2026 00:00;13.7;27.5;20.8;3.9;2.4;5;0;14.4;18;0.6;0;3;36.1;955.4;8.3;2.5;14;0;1.8;90;4;4;34.9;34;285;112;15448;116;107.8;0
BER;01.07.2026 00:00;14.8;30.2;22.8;4;1.8;5.6;0;13.4;30;-1.7;0;0;36.5;954.5;9.8;1.3;15;0;2.1;111;5;2;27.7;26;301;120;19856;135;139.5;0
